catalog_id,category,brand,model_name,product_name,color,storage,network,jancode
MG38WQ3L99000,スマートフォン本体,,CMF PHONE 1,CMF PHONE 1 オレンジ 128GB A015,オレンジ,128GB,,
JE9FOK69XU000,スマートフォン本体,,CMF PHONE 1,CMF PHONE 1 ブラック 128GB A015,ブラック,128GB,,
3RFSBOHEP4000,スマートフォン本体,,CMF PHONE 1,CMF PHONE 1 ライトグリーン 128GB A015,ライトグリーン,128GB,,
PQLRIGTRPT000,スマートフォン本体,ASUS,ROG Phone 3 (RAM 12GBモデル),ROG Phone 3 (RAM 12GBモデル) ブラックグレア 512GB ZS661KS-BK512R12,ブラックグレア,512GB,,192876828625
P04HGCIF4V000,スマートフォン本体,ASUS,ROG Phone 3 (RAM 16GBモデル),ROG Phone 3 (RAM 16GBモデル) ブラックグレア 512GB ZS661KS-BK512R16,ブラックグレア,512GB,,192876828632
XKPUK14O3X000,スマートフォン本体,ASUS,ROG Phone 5 (RAM 12GBモデル),ROG Phone 5 (RAM 12GBモデル) ストームホワイト 256GB ZS673KS-WH256R12,ストームホワイト,256GB,,195553165969
EL4C4LYVKD000,スマートフォン本体,ASUS,ROG Phone 5 (RAM 12GBモデル),ROG Phone 5 (RAM 12GBモデル) ファントムブラック 256GB ZS673KS-BK256R12,ファントムブラック,256GB,,195553165914
TMX0D2L710000,スマートフォン本体,ASUS,ROG Phone 5 (RAM 16GBモデル),ROG Phone 5 (RAM 16GBモデル) ストームホワイト 256GB ZS673KS-WH256R16,ストームホワイト,256GB,,195553165976
HAFXRLG7O1000,スマートフォン本体,ASUS,ROG Phone 5 (RAM 16GBモデル),ROG Phone 5 (RAM 16GBモデル) ファントムブラック 256GB ZS673KS-BK256R16,ファントムブラック,256GB,,195553165952
BJJB8VJH4O000,スマートフォン本体,ASUS,ROG Phone 5 Ultimate,ROG Phone 5 Ultimate ストームホワイト 512GB ZS673KS-WH512R18,ストームホワイト,512GB,,195553165983
Q2YFYCS3JS000,スマートフォン本体,ASUS,ROG Phone 5s Pro,ROG Phone 5s Pro ファントムブラック 512GB ZS676KS-BK512R18,ファントムブラック,512GB,,195553503822
2EHM7LTFJG000,スマートフォン本体,ASUS,ROG Phone 5s,ROG Phone 5s ストームホワイト 256GB ZS676KS-WH256R12,ストームホワイト,256GB,,195553503747
RUUTTWK6KW000,スマートフォン本体,ASUS,ROG Phone 5s,ROG Phone 5s ストームホワイト 512GB ZS676KS-WH512R16,ストームホワイト,512GB,,195553503815
OX92JQVTY4000,スマートフォン本体,ASUS,ROG Phone 5s,ROG Phone 5s ファントムブラック 256GB ZS676KS-BK256R12,ファントムブラック,256GB,,195553503723
DXQI1HHWC5000,スマートフォン本体,ASUS,ROG Phone 5s,ROG Phone 5s ファントムブラック 512GB ZS676KS-BK512R16,ファントムブラック,512GB,,195553503730
T3LKK1QYHO000,スマートフォン本体,ASUS,ROG Phone 6 BATMAN Edition,ROG Phone 6 BATMAN Edition ファントムブラック 256GB ROG6SB-BK12R256,ファントムブラック,256GB,,195553931779
W7BMSY6ZJ8000,スマートフォン本体,ASUS,ROG Phone 6 Diablo Immortal Edition,ROG Phone 6 Diablo Immortal Edition ヘルファイアレッド 512GB ROG6SD-BK16R512,ヘルファイアレッド,512GB,,197105008205
3QY4UAYDP1000,スマートフォン本体,ASUS,ROG Phone 6 Pro,ROG Phone 6 Pro ストームホワイト 512GB ROG6P-WH18R512,ストームホワイト,512GB,,195553928014
44WE9NUK7Q000,スマートフォン本体,ASUS,ROG Phone 6,ROG Phone 6 ストームホワイト 256GB ROG6-WH12R256,ストームホワイト,256GB,,195553928021
OSZOZA8K53000,スマートフォン本体,ASUS,ROG Phone 6,ROG Phone 6 ストームホワイト 512GB ROG6-WH16R512,ストームホワイト,512GB,,195553928038
L1BCTNOPZ3000,スマートフォン本体,ASUS,ROG Phone 6,ROG Phone 6 ファントムブラック 256GB ROG6-BK12R256,ファントムブラック,256GB,,195553927994
6GM7HQ3AE5000,スマートフォン本体,ASUS,ROG Phone 6,ROG Phone 6 ファントムブラック 512GB ROG6-BK16R512,ファントムブラック,512GB,,195553928007
1AZF3TLEN1000,スマートフォン本体,ASUS,ROG Phone 7 Ultimate,ROG Phone 7 Ultimate ストームホワイト 512GB ROG7U-WH16R512,ストームホワイト,512GB,,197105238497
YHKQT9SQMW000,スマートフォン本体,ASUS,ROG Phone 7,ROG Phone 7 ストームホワイト 256GB ROG7-WH12R256,ストームホワイト,256GB,,197105238503
BFZRJUOADP000,スマートフォン本体,ASUS,ROG Phone 7,ROG Phone 7 ストームホワイト 512GB ROG7-WH16R512,ストームホワイト,512GB,,197105238480
LKEC5L4BIO000,スマートフォン本体,ASUS,ROG Phone 7,ROG Phone 7 ファントムブラック 256GB ROG7-BK12R256,ファントムブラック,256GB,,197105238466
37JW9TLEAU000,スマートフォン本体,ASUS,ROG Phone 7,ROG Phone 7 ファントムブラック 512GB ROG7-BK16R512,ファントムブラック,512GB,,197105238473
O245I435G9000,スマートフォン本体,ASUS,ROG Phone 8 Pro Edition,ROG Phone 8 Pro Edition ファントムブラック 1000GB ROG8P-BK24R1T,ファントムブラック,1TB,,197105477223
OPT1GSVHOH000,スマートフォン本体,ASUS,ROG Phone 8 Pro,ROG Phone 8 Pro ファントムブラック 512GB ROG8P-BK16R512,ファントムブラック,512GB,,197105477285
GFWBHA06OH000,スマートフォン本体,ASUS,ROG Phone 8,ROG Phone 8 ファントムブラック 256GB ROG8-BK16R256,ファントムブラック,256GB,,
8CR8IL304Z000,スマートフォン本体,ASUS,ROG Phone 8,ROG Phone 8 レベルグレー 256GB ROG8-GY16R256,レベルグレー,256GB,,
L7RKCXUCSK000,スマートフォン本体,ASUS,ROG Phone 9 Pro Edition,ROG Phone 9 Pro Edition ファントムブラック 1TB ROG9PRO-BK24R1T,ファントムブラック,1TB,,
H6D674SPS5000,スマートフォン本体,ASUS,ROG Phone 9,ROG Phone 9 ストームホワイト 256GB ROG9-WH12R256,ストームホワイト,256GB,,
EBP430G4C6000,スマートフォン本体,ASUS,ROG Phone 9,ROG Phone 9 ファントムブラック 256GB ROG9-BK12R256,ファントムブラック,256GB,,
7BYIBRMGQN000,スマートフォン本体,ASUS,ROG Phone II,ROG Phone II マットブラック 1024GB ZS660KL-BK1TR12,マットブラック,1TB,,192876528730
NSUKYWR2MF000,スマートフォン本体,ASUS,ROG Phone,ROG Phone ブラック 512GB ZS600KL-BK512S8,ブラック,512GB,,192876097090
1QH87HMOM1000,スマートフォン本体,ASUS,Smartphone for Snapdragon Insiders,Smartphone for Snapdragon Insiders ミッドナイトブルー 512GB ZS675KW-BL512R16,ミッドナイトブルー,512GB,,
WTPC09XB8R000,スマートフォン本体,ASUS,ZenFone 2 (RAM 2GBモデル),ZenFone 2 (RAM 2GBモデル) グレー 32GB ZE551ML-GY32,グレー,32GB,,889349014400
MC299TEBH4000,スマートフォン本体,ASUS,ZenFone 2 (RAM 2GBモデル),ZenFone 2 (RAM 2GBモデル) ゴールド 32GB ZE551ML-GD32,ゴールド,32GB,,889349014387
7B7I9BVROK000,スマートフォン本体,ASUS,ZenFone 2 (RAM 2GBモデル),ZenFone 2 (RAM 2GBモデル) ブラック 32GB ZE551ML-BK32,ブラック,32GB,,889349014325
NAEBF04Q0E000,スマートフォン本体,ASUS,ZenFone 2 (RAM 2GBモデル),ZenFone 2 (RAM 2GBモデル) レッド 32GB ZE551ML-RD32,レッド,32GB,,889349014363
8THI7OFER3000,スマートフォン本体,ASUS,ZenFone 2 (RAM 4GBモデル),ZenFone 2 (RAM 4GBモデル) グレー 128GB,グレー,128GB,,889349014417
1ZOQFJZ4NH000,スマートフォン本体,ASUS,ZenFone 2 (RAM 4GBモデル),ZenFone 2 (RAM 4GBモデル) グレー 32GB ZE551ML-GY32S4,グレー,32GB,,889349029305
6DWLAB8P0E000,スマートフォン本体,ASUS,ZenFone 2 (RAM 4GBモデル),ZenFone 2 (RAM 4GBモデル) ゴールド 128GB ZE551ML-GD128S4,ゴールド,128GB,,
0VYZ6UU84F000,スマートフォン本体,ASUS,ZenFone 2 (RAM 4GBモデル),ZenFone 2 (RAM 4GBモデル) ゴールド 32GB ZE551ML-GD32S4,ゴールド,32GB,,889349029299
F4VDRC784A000,スマートフォン本体,ASUS,ZenFone 2 (RAM 4GBモデル),ZenFone 2 (RAM 4GBモデル) ゴールド 64GB ZE551ML-GD64S4,ゴールド,64GB,,889349014394
7FZAUWX8TJ000,スマートフォン本体,ASUS,ZenFone 2 (RAM 4GBモデル),ZenFone 2 (RAM 4GBモデル) ブラック 128GB ZE551ML-BK128S4,ブラック,128GB,,
4JM740ELZ2000,スマートフォン本体,ASUS,ZenFone 2 (RAM 4GBモデル),ZenFone 2 (RAM 4GBモデル) ブラック 32GB ZE551ML-BK32S4,ブラック,32GB,,889349029312
BX61UOFL05000,スマートフォン本体,ASUS,ZenFone 2 (RAM 4GBモデル),ZenFone 2 (RAM 4GBモデル) ブラック 64GB ZE551ML-BK64S4,ブラック,64GB,,889349014332
2GG2JJ0HV7000,スマートフォン本体,ASUS,ZenFone 2 (RAM 4GBモデル),ZenFone 2 (RAM 4GBモデル) レッド 128GB ZE551ML-RD128S4,レッド,128GB,,
244QN03Q12000,スマートフォン本体,ASUS,ZenFone 2 (RAM 4GBモデル),ZenFone 2 (RAM 4GBモデル) レッド 32GB ZE551ML-RD32S4,レッド,32GB,,889349029282
WBLTQ5EQ6V000,スマートフォン本体,ASUS,ZenFone 2 (RAM 4GBモデル),ZenFone 2 (RAM 4GBモデル) レッド 64GB ZE551ML-RD64S4,レッド,64GB,,889349014370
02TO7K1H2L000,スマートフォン本体,ASUS,ZenFone 2 Laser ZE601KL,ZenFone 2 Laser ZE601KL グレー 32GB ZE601KL-GY32S3,グレー,32GB,,
EM6GHHYHXR000,スマートフォン本体,ASUS,ZenFone 2 Laser ZE601KL,ZenFone 2 Laser ZE601KL ゴールド 32GB ZE601KL-GD32S3,ゴールド,32GB,,889349123461
CVWWN3VQQH000,スマートフォン本体,ASUS,ZenFone 2 Laser ZE601KL,ZenFone 2 Laser ZE601KL レッド 32GB ZE601KL-RD32S3,レッド,32GB,,
V8YGZ8384X000,スマートフォン本体,ASUS,ZenFone 2 Laser,ZenFone 2 Laser グレー 16GB ZE500KL-GY16,グレー,16GB,,889349178485
QX4QS60I46000,スマートフォン本体,ASUS,ZenFone 2 Laser,ZenFone 2 Laser ゴールド 16GB ZE500KL-GD16,ゴールド,16GB,,
S8NA77J6NO000,スマートフォン本体,ASUS,ZenFone 2 Laser,ZenFone 2 Laser ブラック 16GB ZE500KL-BK16,ブラック,16GB,,889349095867
3LF8QQHPX5000,スマートフォン本体,ASUS,ZenFone 2 Laser,ZenFone 2 Laser ホワイト 16GB ZE500KL-WH16,ホワイト,16GB,,
49MZZU6WE2000,スマートフォン本体,ASUS,ZenFone 2 Laser,ZenFone 2 Laser レッド 16GB ZE500KL-RD16,レッド,16GB,,
9XOZAE5K6Q000,スマートフォン本体,ASUS,ZenFone 2,ZenFone 2 ZE500CL チェリーレッド 16GB,チェリーレッド,16GB,,4712900095906
FJ4UX5P9NE000,スマートフォン本体,ASUS,ZenFone 2,ZenFone 2 チャコール ブラック 16GB ZE551ML-BK16,チャコールブラック,16GB,,
NH93DYR6C8000,スマートフォン本体,ASUS,ZenFone 2,ZenFone 2 パールホワイト 16GB,パールホワイト,16GB,,
0VL8FE0HSN000,スマートフォン本体,ASUS,ZenFone 2,ZenFone 2 ブラック 16GB,ブラック,16GB,,
9BOGX2JL3I000,スマートフォン本体,ASUS,ZenFone 2,ZenFone 2 ホワイト 16GB,ホワイト,16GB,,
KTML70Y9G8000,スマートフォン本体,ASUS,ZenFone 2,ZenFone 2 レッド 16GB ZE551ML-RD16,レッド,16GB,,
LBLZT0FQQM000,スマートフォン本体,ASUS,ZenFone 3 Deluxe ZS570KL,ZenFone 3 Deluxe ZS570KL ゴールド 256GB ZS570KL-GD256S6,ゴールド,256GB,,889349500064
21BGHTCTGM000,スマートフォン本体,ASUS,ZenFone 3 Deluxe ZS570KL,ZenFone 3 Deluxe ZS570KL シルバー 256GB ZS570KL-SL256S6,シルバー,256GB,,889349500088
H5R78ZTCH7000,スマートフォン本体,ASUS,ZenFone 3 Deluxe,ZenFone 3 Deluxe ゴールド 64GB ZS550KL-GD64S4,ゴールド,64GB,,889349459898
ANPTEV24MW000,スマートフォン本体,ASUS,ZenFone 3 Deluxe,ZenFone 3 Deluxe シルバー 64GB ZS550KL-SL64S4,シルバー,64GB,,
6W46GXP9C9000,スマートフォン本体,ASUS,ZenFone 3 Laser,ZenFone 3 Laser ゴールド 32GB ZC551KL-GD32S4,ゴールド,32GB,,889349534656
9O0DF818MV000,スマートフォン本体,ASUS,ZenFone 3 Laser,ZenFone 3 Laser シルバー 32GB ZC551KL-SL32S4,シルバー,32GB,,
V14XT07YDA000,スマートフォン本体,ASUS,ZenFone 3 Max ZC553KL,ZenFone 3 Max ZC553KL グレー 32GB ZC553KL-GY32S3,グレー,32GB,,
NYX9YD5O4O000,スマートフォン本体,ASUS,ZenFone 3 Max ZC553KL,ZenFone 3 Max ZC553KL ゴールド 32GB ZC553KL-GD32S3,ゴールド,32GB,,889349585924
4ZJQ2SR3UN000,スマートフォン本体,ASUS,ZenFone 3 Max ZC553KL,ZenFone 3 Max ZC553KL ピンク 32GB ZC553KL-PK32S3,ピンク,32GB,,889349585948
4M7GB7DJAC000,スマートフォン本体,ASUS,ZenFone 3 Max,ZenFone 3 Max グレー 16GB ZC520TL-GY16,グレー,16GB,,
I6ZWPK46LF000,スマートフォン本体,ASUS,ZenFone 3 Max,ZenFone 3 Max ゴールド 16GB ZC520TL-GD16,ゴールド,16GB,,
SK4EZ330VA000,スマートフォン本体,ASUS,ZenFone 3 Max,ZenFone 3 Max シルバー 16GB ZC520TL-SL16,シルバー,16GB,,
G4TKAYIX9Y000,スマートフォン本体,ASUS,ZenFone 3 Ultra,ZenFone 3 Ultra グレー 32GB ZU680KL-GY32S4,グレー,32GB,,889349562383
GYVRMRIKUL000,スマートフォン本体,ASUS,ZenFone 3 Ultra,ZenFone 3 Ultra シルバー 32GB ZU680KL-SL32S4,シルバー,32GB,,
MVB4L4BDWH000,スマートフォン本体,ASUS,ZenFone 3 Ultra,ZenFone 3 Ultra ローズゴールド 32GB ZU680KL-RG32S4,ローズゴールド,32GB,,889349562390
NH44TZI1D2000,スマートフォン本体,ASUS,ZenFone 3 ZE552KL,ZenFone 3 ZE552KL サファイアブラック 64GB ZE552KL-BK64S4,サファイアブラック,64GB,,889349611555
5ZJ5YTGOU8000,スマートフォン本体,ASUS,ZenFone 3 ZE552KL,ZenFone 3 ZE552KL パールホワイト 64GB ZE552KL-WH64S4,パールホワイト,64GB,,889349611562
4QKS48X54C000,スマートフォン本体,ASUS,ZenFone 3,ZenFone 3 クリスタルゴールド 32GB ZE520KL-GD32S3,クリスタルゴールド,32GB,,889349459973
73RT5J3WE2000,スマートフォン本体,ASUS,ZenFone 3,ZenFone 3 サファイアブラック 32GB ZE520KL-BK32S3,サファイアブラック,32GB,,889349459959
NNFI4NLT4O000,スマートフォン本体,ASUS,ZenFone 3,ZenFone 3 パールホワイト 32GB ZE520KL-WH32S3,パールホワイト,32GB,,889349459966
VK41I6JUN4000,スマートフォン本体,ASUS,ZenFone 4 Max,ZenFone 4 Max サンライトゴールド 32GB ‎ZC520KL-GD32S3,サンライトゴールド,32GB,,889349903544
0X3VOD94LH000,スマートフォン本体,ASUS,ZenFone 4 Max,ZenFone 4 Max ネイビーブラック 32GB ‎ZC520KL-BK32S3,ネイビーブラック,32GB,,889349871102
3KQNI4GY35000,スマートフォン本体,ASUS,ZenFone 4 Max,ZenFone 4 Max ローズピンク 32GB ‎ZC520KL-PK32S3,ローズピンク,32GB,,889349903551
FIPCJE24MT000,スマートフォン本体,ASUS,ZenFone 4 Pro SE,ZenFone 4 Pro SE ピュアブラック 64GB,ピュアブラック,64GB,,
P0DIZSQQMZ000,スマートフォン本体,ASUS,ZenFone 4 Pro SE,ZenFone 4 Pro SE ムーンライトホワイト 64GB,ムーンライトホワイト,64GB,,
C1DU4PD6H5000,スマートフォン本体,ASUS,ZenFone 4 Pro,ZenFone 4 Pro ピュアブラック 128GB ZS551KL-BK128S6,ピュアブラック,128GB,,889349782750
RRI6ULD4DO000,スマートフォン本体,ASUS,ZenFone 4 Pro,ZenFone 4 Pro ピュアブラック 64GB,ピュアブラック,64GB,,
P8N7F1BEM4000,スマートフォン本体,ASUS,ZenFone 4 Pro,ZenFone 4 Pro ムーンライトホワイト 128GB ZS551KL-WH128S6,ムーンライトホワイト,128GB,,889349782767
NON23KC427000,スマートフォン本体,ASUS,ZenFone 4 Pro,ZenFone 4 Pro ムーンライトホワイト 64GB,ムーンライトホワイト,64GB,,
WGGK6M3KBH000,スマートフォン本体,ASUS,ZenFone 4 Selfie Pro,ZenFone 4 Selfie Pro クラシックレッド 64GB ZD552KL-RD64S4,クラシックレッド,64GB,,889349820629
M7KRYWC75T000,スマートフォン本体,ASUS,ZenFone 4 Selfie Pro,ZenFone 4 Selfie Pro サンライトゴールド 64GB ZD552KL-GD64S4,サンライトゴールド,64GB,,889349820612
1P6THLYZ46000,スマートフォン本体,ASUS,ZenFone 4 Selfie Pro,ZenFone 4 Selfie Pro ネイビーブラック 64GB ZD552KL-BK64S4,ネイビーブラック,64GB,,889349820636
I4QSATS2PZ000,スマートフォン本体,ASUS,ZenFone 4 Selfie Pro,ZenFone 4 Selfie Pro ホワイト 64GB,ホワイト,64GB,,
H4VNMH44JL000,スマートフォン本体,ASUS,ZenFone 4 Selfie,ZenFone 4 Selfie サンライトゴールド 64GB ZD553KL-GD64S4,サンライトゴールド,64GB,,
H5J2H4AN59000,スマートフォン本体,ASUS,ZenFone 4 Selfie,ZenFone 4 Selfie ディープシーブラック 64GB ZD553KL-BK64S4,ディープシーブラック,64GB,,
BY6S7AZXV4000,スマートフォン本体,ASUS,ZenFone 4 Selfie,ZenFone 4 Selfie ミントグリーン 64GB ZD553KL,ミントグリーン,64GB,,
BA0HM7CW95000,スマートフォン本体,ASUS,ZenFone 4 Selfie,ZenFone 4 Selfie ローズピンク 64GB ZD553KL-PK64S4,ローズピンク,64GB,,
YUTRI4MQFQ000,スマートフォン本体,ASUS,ZenFone 4,ZenFone 4 ミッドナイトブラック 64GB ZE554KL-BK64S6,ミッドナイトブラック,64GB,,889349782743
KT6662K18E000,スマートフォン本体,ASUS,ZenFone 4,ZenFone 4 ミントグリーン 64GB ZE554KL,ミントグリーン,64GB,,
JRW304G1T1000,スマートフォン本体,ASUS,ZenFone 4,ZenFone 4 ムーンライトホワイト 64GB ZE554KL-WH64S6,ムーンライトホワイト,64GB,,889349799062
FLG64JKD94000,スマートフォン本体,ASUS,ZenFone 5,ZenFone 5 シャイニーブラック 64GB ZE620KL-BK64S6,シャイニーブラック,64GB,,889349979549
6S25HU45NJ000,スマートフォン本体,ASUS,ZenFone 5,ZenFone 5 スペースシルバー 64GB ZE620KL-SL64S6,スペースシルバー,64GB,,889349979556
TIK9K8HR7W000,スマートフォン本体,ASUS,ZenFone 5Q,ZenFone 5Q ミッドナイトブラック 64GB ZC600KL-BK64S4,ミッドナイトブラック,64GB,,889349979563
KEC4MRW6SG000,スマートフォン本体,ASUS,ZenFone 5Q,ZenFone 5Q ムーンライトホワイト 64GB ZC600KL-WH64S4,ムーンライトホワイト,64GB,,889349979570
O4YICYGYKC000,スマートフォン本体,ASUS,ZenFone 5Q,ZenFone 5Q ルージュレッド 64GB ZC600KL-RD64S4,ルージュレッド,64GB,,889349979587
UM0PEJY26N000,スマートフォン本体,ASUS,ZenFone 5Z,ZenFone 5Z シャイニーブラック 128GB ZS620KL-BK128S6,シャイニーブラック,128GB,,192876000717
TD01MDSBPC000,スマートフォン本体,ASUS,ZenFone 5Z,ZenFone 5Z スペースシルバー 128GB ZS620KL-SL128S6,スペースシルバー,128GB,,192876000724
FCVR4TXZW4000,スマートフォン本体,ASUS,ZenFone 6 Edition 30,ZenFone 6 Edition 30 マットブラック 512GB ZS630KL-BK30ASUS,マットブラック,512GB,,
RLM7NB0460000,スマートフォン本体,ASUS,ZenFone 6,ZenFone 6 トワイライトシルバー 128GB ZS630KL-SL128S6,トワイライトシルバー,128GB,,192876340554
0RBY85SMLI000,スマートフォン本体,ASUS,ZenFone 6,ZenFone 6 トワイライトシルバー 256GB ZS630KL-SL256S8,トワイライトシルバー,256GB,,192876340547
J1FMOOMFOH000,スマートフォン本体,ASUS,ZenFone 6,ZenFone 6 ミッドナイトブラック 128GB ZS630KL-BK128S6,ミッドナイトブラック,128GB,,192876329689
DQUENTWTA6000,スマートフォン本体,ASUS,ZenFone 6,ZenFone 6 ミッドナイトブラック 256GB ZS630KL-BK256S8,ミッドナイトブラック,256GB,,192876340530
54IJ840C4H000,スマートフォン本体,ASUS,ZenFone 7 Pro,ZenFone 7 Pro オーロラブラック 256GB ZS671KS-BK256S8,オーロラブラック,256GB,,192876828670
JTG7OA5J6F000,スマートフォン本体,ASUS,ZenFone 7 Pro,ZenFone 7 Pro パステルホワイト 256GB ZS671KS-WH256S8,パステルホワイト,256GB,,192876828687
GX8EB0LLBN000,スマートフォン本体,ASUS,ZenFone 7,ZenFone 7 オーロラブラック 128GB ZS670KS-BK128S8/A,オーロラブラック,128GB,,192876828656
21C48614OP000,スマートフォン本体,ASUS,ZenFone 7,ZenFone 7 パステルホワイト 128GB ZS670KS-WH128S8,パステルホワイト,128GB,,192876828663
VQMTWOXCCT000,スマートフォン本体,ASUS,ZenFone 8 (RAM 16GBモデル),ZenFone 8 (RAM 16GBモデル) オブシディアンブラック 256GB ZS590KS-BK256S16,オブシディアンブラック,256GB,,195553316767
U24NQ3S6UJ000,スマートフォン本体,ASUS,ZenFone 8 (RAM 16GBモデル),ZenFone 8 (RAM 16GBモデル) ホライゾンシルバー 256GB ZS590KS-WH256S16,ホライゾンシルバー,256GB,,195553316828
0687NS5OSN000,スマートフォン本体,ASUS,ZenFone 8 (RAM 16GBモデル),ZenFone 8 (RAM 16GBモデル) ムーンライトホワイト 256GB ZS590KS-WH256S16,ムーンライトホワイト,256GB,,195553316798
5WP7X9IANO000,スマートフォン本体,ASUS,ZenFone 8 (RAM 8GBモデル),ZenFone 8 (RAM 8GBモデル) オブシディアンブラック 128GB ZS590KS-BK128S8,オブシディアンブラック,128GB,,195553316743
2F0NFGUB5A000,スマートフォン本体,ASUS,ZenFone 8 (RAM 8GBモデル),ZenFone 8 (RAM 8GBモデル) オブシディアンブラック 256GB ZS590KS-BK256S8,オブシディアンブラック,256GB,,195553316750
0GPMS7TQD2000,スマートフォン本体,ASUS,ZenFone 8 (RAM 8GBモデル),ZenFone 8 (RAM 8GBモデル) ホライゾンシルバー 128GB ZS590KS-SL128S8,ホライゾンシルバー,128GB,,195553316804
B8IF1MSKCS000,スマートフォン本体,ASUS,ZenFone 8 (RAM 8GBモデル),ZenFone 8 (RAM 8GBモデル) ホライゾンシルバー 256GB ZS590KS-SL256S8,ホライゾンシルバー,256GB,,195553316811
9NH4BY7LUS000,スマートフォン本体,ASUS,ZenFone 8 (RAM 8GBモデル),ZenFone 8 (RAM 8GBモデル) ムーンライトホワイト 128GB ZS590KS-WH128S8,ムーンライトホワイト,128GB,,195553316774
DFIJGJCD77000,スマートフォン本体,ASUS,ZenFone 8 (RAM 8GBモデル),ZenFone 8 (RAM 8GBモデル) ムーンライトホワイト 256GB ZS590KS-WH256S8,ムーンライトホワイト,256GB,,195553316781
I5RJAWC6YL000,スマートフォン本体,ASUS,ZenFone 8 Flip,ZenFone 8 Flip ギャラクティックブラック 128GB ZS672KS-BK128S8,ギャラクティックブラック,128GB,,195553316927
ND3E4A1KH4000,スマートフォン本体,ASUS,ZenFone 8 Flip,ZenFone 8 Flip ギャラクティックブラック 256GB ZS672KS-BK256S8,ギャラクティックブラック,256GB,,195553317023
IFN2TVBE21000,スマートフォン本体,ASUS,ZenFone 8 Flip,ZenFone 8 Flip グレイシアシルバー 128GB ZS672KS-SL128S8,グレイシアシルバー,128GB,,195553317030
3ENCYRD6SB000,スマートフォン本体,ASUS,ZenFone 8 Flip,ZenFone 8 Flip グレイシアシルバー 256GB ZS672KS-SL256S8,グレイシアシルバー,256GB,,195553317047
NC0QMAC357000,スマートフォン本体,ASUS,ZenFone 9 (RAM 16GBモデル),ZenFone 9 (RAM 16GBモデル) ミッドナイトブラック 256GB ZF9-BK16S256,ミッドナイトブラック,256GB,,195553931670
PG4ECB9ZL4000,スマートフォン本体,ASUS,ZenFone 9 (RAM 8GBモデル),ZenFone 9 (RAM 8GBモデル) サンセットレッド 128GB ZF9-RD8S128,サンセットレッド,128GB,,195553931656
ZXM8UBZBU9000,スマートフォン本体,ASUS,ZenFone 9 (RAM 8GBモデル),ZenFone 9 (RAM 8GBモデル) サンセットレッド 256GB ZF9-RD8S256,サンセットレッド,256GB,,
UXCNN6O0J1000,スマートフォン本体,ASUS,ZenFone 9 (RAM 8GBモデル),ZenFone 9 (RAM 8GBモデル) スターリーブルー 128GB ZF9-BL8S128,スターリーブルー,128GB,,195553931663
GNE5T2310P000,スマートフォン本体,ASUS,ZenFone 9 (RAM 8GBモデル),ZenFone 9 (RAM 8GBモデル) スターリーブルー 256GB ZF9-BL8S256,スターリーブルー,256GB,,
2HLGB3O7PZ000,スマートフォン本体,ASUS,ZenFone 9 (RAM 8GBモデル),ZenFone 9 (RAM 8GBモデル) ミッドナイトブラック 128GB ZF9-BK8S128,ミッドナイトブラック,128GB,,195553931618
SDZQXHIT06000,スマートフォン本体,ASUS,ZenFone 9 (RAM 8GBモデル),ZenFone 9 (RAM 8GBモデル) ミッドナイトブラック 256GB ZF9-BK8S256,ミッドナイトブラック,256GB,,195553931625
DGWR4MZXQK000,スマートフォン本体,ASUS,ZenFone 9 (RAM 8GBモデル),ZenFone 9 (RAM 8GBモデル) ムーンライトホワイト 128GB ZF9-WH8S128,ムーンライトホワイト,128GB,,195553931632
IQQ5FXUTPL000,スマートフォン本体,ASUS,ZenFone 9 (RAM 8GBモデル),ZenFone 9 (RAM 8GBモデル) ムーンライトホワイト 256GB ZF9-WH8S256,ムーンライトホワイト,256GB,,195553931649
GZ9414I9D6000,スマートフォン本体,ASUS,ZenFone AR,ZenFone AR ブラック 128GB ZS571KL-BK128S8,ブラック,128GB,,889349703625
BVE6X8T6F7000,スマートフォン本体,ASUS,ZenFone AR,ZenFone AR ブラック 64GB ZS571KL-BK64S6,ブラック,64GB,,889349686966
PCSOHEI0BG000,スマートフォン本体,ASUS,ZenFone C,ZenFone C ZC451CG ゴールド 8GB,ゴールド,8GB,,
FIZ07ISES2000,スマートフォン本体,ASUS,ZenFone C,ZenFone C ZC451CG ブラック 8GB,ブラック,8GB,,
U5V4ZDJNV3000,スマートフォン本体,ASUS,ZenFone C,ZenFone C ZC451CG ホワイト 8GB,ホワイト,8GB,,
MT74BRSBS4000,スマートフォン本体,ASUS,ZenFone C,ZenFone C ZC451CG レッド 8GB,レッド,8GB,,
GGYIF0IUKM000,スマートフォン本体,ASUS,ZenFone Go,ZenFone Go ピンク 16GB ZB551KL-PK16,ピンク,16GB,,
5Q7HIWQKCQ000,スマートフォン本体,ASUS,ZenFone Go,ZenFone Go ブラック 16GB ZB551KL-BK16,ブラック,16GB,,889349364727
MBHQ3J0YTE000,スマートフォン本体,ASUS,ZenFone Go,ZenFone Go ブルー 16GB ‎ZB551KL-BL16,ブルー,16GB,,
C2YZ87I91Z000,スマートフォン本体,ASUS,ZenFone Go,ZenFone Go ホワイト 16GB ZB551KL-WH16,ホワイト,16GB,,
QLI4I2ZDN4000,スマートフォン本体,ASUS,ZenFone Go,ZenFone Go レッド 16GB ZB551KL-RD16,レッド,16GB,,
FD3TJNFNJA000,スマートフォン本体,ASUS,ZenFone Live(L1),ZenFone Live (L1) シマーゴールド 32GB ZA550KL-GD32,シマーゴールド,32GB,,192876160237
4189VA1SLV000,スマートフォン本体,ASUS,ZenFone Live(L1),ZenFone Live (L1) スペースブルー 32GB ZA550KL-BL32,スペースブルー,32GB,,192876160220
WDKWQ8FE5B000,スマートフォン本体,ASUS,ZenFone Live(L1),ZenFone Live (L1) ミッドナイトブラック 32GB ZA550KL-BK32,ミッドナイトブラック,32GB,,192876160213
P9A0IMGI01000,スマートフォン本体,ASUS,ZenFone Live(L1),ZenFone Live (L1) ローズピンク 32GB ZA550KL-PK32,ローズピンク,32GB,,192876160244
XILY433GQT000,スマートフォン本体,ASUS,ZenFone Live,ZenFone Live シャンパンゴールド 16GB ZB501KL-GD16,シャンパンゴールド,16GB,,889349712085
JRD1G40IEC000,スマートフォン本体,ASUS,ZenFone Live,ZenFone Live ネイビーブラック 16GB ZB501KL-BK16,ネイビーブラック,16GB,,889349711576
1Z74447291000,スマートフォン本体,ASUS,ZenFone Live,ZenFone Live ローズピンク 16GB ZB501KL-PK16,ローズピンク,16GB,,889349712092
27VSA28IKC000,スマートフォン本体,ASUS,ZenFone Max (M1),ZenFone Max (M1) サンライトゴールド 32GB ZB555KL-GD32S3,サンライトゴールド,32GB,,889349937259
5HY6FRFW1C000,スマートフォン本体,ASUS,ZenFone Max (M1),ZenFone Max (M1) ディープシーブラック 32GB ZB555KL-BK32S3,ディープシーブラック,32GB,,889349937235
FH0P2GQ54N000,スマートフォン本体,ASUS,ZenFone Max (M1),ZenFone Max (M1) ルビーレッド 32GB ZB555KL-RD32S3,ルビーレッド,32GB,,889349965207
N6ZFN00BGZ000,スマートフォン本体,ASUS,ZenFone Max (M2),ZenFone Max (M2) スペースブルー 32GB ZB633KL-BL32S4,スペースブルー,32GB,,192876197172
26DB5ZR6TU000,スマートフォン本体,ASUS,ZenFone Max (M2),ZenFone Max (M2) スペースブルー 64GB ZB633KL-BL64S4,スペースブルー,64GB,,192876528754
26FE6EGUF4000,スマートフォン本体,ASUS,ZenFone Max (M2),ZenFone Max (M2) ミッドナイトブラック 32GB ZB633KL-BK32S4,ミッドナイトブラック,32GB,,192876165621
54W0KN9KM6000,スマートフォン本体,ASUS,ZenFone Max (M2),ZenFone Max (M2) ミッドナイトブラック 64GB ZB633KL-BK64S4,ミッドナイトブラック,64GB,,192876528747
ADOYNGQJAT000,スマートフォン本体,ASUS,ZenFone Max (M2),ZenFone Max (M2) メテオシルバー 32GB ZB633KL-SL32S4,メテオシルバー,32GB,,192876197189
N8UWF0BDKH000,スマートフォン本体,ASUS,ZenFone Max (M2),ZenFone Max (M2) メテオシルバー 64GB ZB633KL,メテオシルバー,64GB,,
2Z0GX6ADNE000,スマートフォン本体,ASUS,ZenFone Max Plus (M1),ZenFone Max Plus (M1) アズールシルバー 32GB ZB570TL-SL32S4,アズールシルバー,32GB,,889349903186
BYQMTX5XQP000,スマートフォン本体,ASUS,ZenFone Max Plus (M1),ZenFone Max Plus (M1) サンライトゴールド 32GB ZB570TL-GD32S4,サンライトゴールド,32GB,,889349903193
B4NOKXV4F4000,スマートフォン本体,ASUS,ZenFone Max Plus (M1),ZenFone Max Plus (M1) ディープシーブラック 32GB ZB570TL-BK32S4,ディープシーブラック,32GB,,889349903179
FCHS3TX78C000,スマートフォン本体,ASUS,ZenFone Max Pro (M1),ZenFone Max Pro (M1) スペースブルー 32GB ZB602KL-BL32S3,スペースブルー,32GB,,192876126264
01AWWXX4S4000,スマートフォン本体,ASUS,ZenFone Max Pro (M1),ZenFone Max Pro (M1) ディープシーブラック 32GB ZB602KL-BK32S3,ディープシーブラック,32GB,,192876126257
X41EF84K2M000,スマートフォン本体,ASUS,ZenFone Max Pro (M1),ZenFone Max Pro (M1) メテオシルバー 32GB ZB602KL-SL32S3,メテオシルバー,32GB,,192876126271
UABDK4SDJL000,スマートフォン本体,ASUS,ZenFone Max Pro (M2) (RAM 4GBモデル),ZenFone Max Pro (M2) (RAM 4GBモデル) コズミックチタニウム 64GB ZB631KL-TL64S4,コズミックチタニウム,64GB,,192876225196
F99IADGUHN000,スマートフォン本体,ASUS,ZenFone Max Pro(M2),ZenFone Max Pro (M2) (RAM 6GBモデル) ミッドナイトブルー 64GB ZB631KL-BL64S6,ミッドナイトブルー,64GB,,192876586372
N6J4AIX4FQ000,スマートフォン本体,ASUS,ZenFone Max Pro (M2),ZenFone Max Pro (M2) ミッドナイトブルー 64GB ZB631KL-BL64S4,ミッドナイトブルー,64GB,,192876225189
ETDE9OT8N0000,スマートフォン本体,ASUS,ZenFone Max,ZenFone Max ブラック 16GB ZC550KL-BK16,ブラック,16GB,,
QKIHBE2O3I000,スマートフォン本体,ASUS,ZenFone Max,ZenFone Max ホワイト 16GB ZC550KL-WH16,ホワイト,16GB,,
HWEPDO6Q1F000,スマートフォン本体,ASUS,ZenFone Selfie,ZenFone Selfie アクアブルー 16GB ZD551KL-BL16,アクアブルー,16GB,,
JD628N3295000,スマートフォン本体,ASUS,ZenFone Selfie,ZenFone Selfie イリュージョンパープル 16GB ZD551KL-PR16PL,イリュージョンパープル,16GB,,
PZXXWQJG4P000,スマートフォン本体,ASUS,ZenFone Selfie,ZenFone Selfie イリュージョンホワイト 16GB ZD551KL-WH16PL,イリュージョンホワイト,16GB,,889349241141
PS3JXWPDC1000,スマートフォン本体,ASUS,ZenFone Selfie,ZenFone Selfie ピンク 16GB ZD551KL-PK16,ピンク,16GB,,
7EWW6LBZ91000,スマートフォン本体,ASUS,ZenFone Selfie,ZenFone Selfie ホワイト 16GB ZD551KL-WH16,ホワイト,16GB,,889349121085
2CYPECC64I000,スマートフォン本体,ASUS,ZenFone Zoom S,ZenFone Zoom S シルバー 64GB ZE553KL-SL64S4,シルバー,64GB,,
TPU4E5Y6KL000,スマートフォン本体,ASUS,ZenFone Zoom S,ZenFone Zoom S ネイビーブラック 64GB ZE553KL-BK64S4,ネイビーブラック,64GB,,
0H2QVH6DIW000,スマートフォン本体,ASUS,ZenFone Zoom,ZenFone Zoom スタンダードブラック 32GB ZX551ML-BK32S4PL,スタンダードブラック,32GB,,
RKIVSA0IQN000,スマートフォン本体,ASUS,ZenFone Zoom,ZenFone Zoom スタンダードブラック 64GB ZX551ML-BK64S4PL,スタンダードブラック,64GB,,
D7LI7UZIOJ000,スマートフォン本体,ASUS,ZenFone Zoom,ZenFone Zoom スタンダードホワイト 32GB ZX551ML-WH32S4PL,スタンダードホワイト,32GB,,
7KAYK8QJ4L000,スマートフォン本体,ASUS,ZenFone Zoom,ZenFone Zoom スタンダードホワイト 64GB ZX551ML-WH64S4PL,スタンダードホワイト,64GB,,
P5ZCC1MGIG000,スマートフォン本体,ASUS,ZenFone Zoom プレミアムレザー,ZenFone Zoom プレミアムレザー プレミアムレザーブラック 128GB ZX551ML-BK128S4,プレミアムレザーブラック,128GB,,
KTBNJYCXZY000,スマートフォン本体,ASUS,ZenFone Zoom プレミアムレザー,ZenFone Zoom プレミアムレザー プレミアムレザーブラック 64GB ZX551ML-BK64S4,プレミアムレザーブラック,64GB,,
0YRA7YCCOT000,スマートフォン本体,ASUS,ZenFone Zoom プレミアムレザー,ZenFone Zoom プレミアムレザー プレミアムレザーホワイト 128GB ZX551ML-WH128S4,プレミアムレザーホワイト,128GB,,
ICC22BEU47000,スマートフォン本体,ASUS,ZenFone Zoom プレミアムレザー,ZenFone Zoom プレミアムレザー プレミアムレザーホワイト 64GB ZX551ML-WH64S4,プレミアムレザーホワイト,64GB,,
4J4QHCX3CB000,スマートフォン本体,ASUS,ZenFone,ZenFone ゴールド 16GB A500KL-GD16,ゴールド,16GB,,
RRILQCG04P000,スマートフォン本体,ASUS,ZenFone,ZenFone ゴールド 32GB A500KL-GD32,ゴールド,32GB,,
21LZSK645L000,スマートフォン本体,ASUS,ZenFone,ZenFone ブラック 16GB A500KL-BK16,ブラック,16GB,,
RQT1Z3HSH3000,スマートフォン本体,ASUS,ZenFone,ZenFone ブラック 32GB A500KL-BK32,ブラック,32GB,,
P6MAI65PVA000,スマートフォン本体,ASUS,ZenFone,ZenFone ホワイト 16GB A500KL-WH16,ホワイト,16GB,,
F9ZTNLZBTB000,スマートフォン本体,ASUS,ZenFone,ZenFone ホワイト 32GB A500KL-WH32,ホワイト,32GB,,
4BU8K69TUO000,スマートフォン本体,ASUS,ZenFone,ZenFone レッド 16GB A500KL-RD16,レッド,16GB,,
CMRDDHTR8D000,スマートフォン本体,ASUS,ZenFone,ZenFone レッド 32GB A500KL-RD32,レッド,32GB,,
ZO3VWRHOR4000,スマートフォン本体,ASUS,Zenfone 10 (RAM 16GBモデル),Zenfone 10 (RAM 16GBモデル) スターリーブルー 512GB ZF10-BL16S512,スターリーブルー,512GB,,197105270404
20ALW3T44B000,スマートフォン本体,ASUS,Zenfone 10 (RAM 16GBモデル),Zenfone 10 (RAM 16GBモデル) ミッドナイトブラック 512GB ZF10-BK16S512,ミッドナイトブラック,512GB,,197105270374
Q4WAJQWVXL000,スマートフォン本体,ASUS,Zenfone 10 (RAM 8GBモデル),Zenfone 10 (RAM 8GBモデル) エクリプスレッド 128GB ZF10-RD8S128,エクリプスレッド,128GB,,
77DUR17FO1000,スマートフォン本体,ASUS,Zenfone 10 (RAM 8GBモデル),Zenfone 10 (RAM 8GBモデル) エクリプスレッド 256GB ZF10-RD8S256,エクリプスレッド,256GB,,197105270428
TN67R27K13000,スマートフォン本体,ASUS,Zenfone 10 (RAM 8GBモデル),Zenfone 10 (RAM 8GBモデル) オーロラグリーン 128GB ZF10-GR8S128,オーロラグリーン,128GB,,
RZRD0MN980000,スマートフォン本体,ASUS,Zenfone 10 (RAM 8GBモデル),Zenfone 10 (RAM 8GBモデル) オーロラグリーン 256GB ZF10-GR8S256,オーロラグリーン,256GB,,197105270411
L445ZVHDGF000,スマートフォン本体,ASUS,Zenfone 10 (RAM 8GBモデル),Zenfone 10 (RAM 8GBモデル) コメットホワイト 128GB ZF10-WH8S128,コメットホワイト,128GB,,
VP32BEISDK000,スマートフォン本体,ASUS,Zenfone 10 (RAM 8GBモデル),Zenfone 10 (RAM 8GBモデル) コメットホワイト 256GB ZF10-WH8S256,コメットホワイト,256GB,,197105270435
TG3BEGMV34000,スマートフォン本体,ASUS,Zenfone 10 (RAM 8GBモデル),Zenfone 10 (RAM 8GBモデル) スターリーブルー 128GB ZF10-BL8S128,スターリーブルー,128GB,,
Q3LF043D8Z000,スマートフォン本体,ASUS,Zenfone 10 (RAM 8GBモデル),Zenfone 10 (RAM 8GBモデル) スターリーブルー 256GB ZF10-BL8S256,スターリーブルー,256GB,,197105270442
RBDS3HWVJA000,スマートフォン本体,ASUS,Zenfone 10 (RAM 8GBモデル),Zenfone 10 (RAM 8GBモデル) ミッドナイトブラック 128GB ZF10-BK8S128,ミッドナイトブラック,128GB,,197105270381
KX7FT8B4X3000,スマートフォン本体,ASUS,Zenfone 10 (RAM 8GBモデル),Zenfone 10 (RAM 8GBモデル) ミッドナイトブラック 256GB ZF10-BK8S256,ミッドナイトブラック,256GB,,197105270398
4508XO4455000,スマートフォン本体,ASUS,Zenfone 11 Ultra,Zenfone 11 Ultra エターナルブラック 256GB ZF11U-BK12S256,エターナルブラック,256GB,,
02C12XG34K000,スマートフォン本体,ASUS,Zenfone 11 Ultra,Zenfone 11 Ultra エターナルブラック 512GB ZF11U-BK16S512,エターナルブラック,512GB,,
1DIQ74YV1Z000,スマートフォン本体,ASUS,Zenfone 11 Ultra,Zenfone 11 Ultra スカイラインブルー 256GB ZF11U-BL12S256,スカイラインブルー,256GB,,
NORQZKWGFI000,スマートフォン本体,ASUS,Zenfone 11 Ultra,Zenfone 11 Ultra スカイラインブルー 512GB ZF11U-BL16S512,スカイラインブルー,512GB,,
SQ12K4CECL000,スマートフォン本体,ASUS,Zenfone 11 Ultra,Zenfone 11 Ultra デザートサンド 256GB ZF11U-OR12S256,デザートサンド,256GB,,
DW1LOB4IK3000,スマートフォン本体,ASUS,Zenfone 11 Ultra,Zenfone 11 Ultra ミスティグレー 256GB ZF11U-GY12S256,ミスティグレー,256GB,,
B61HT94DNM000,スマートフォン本体,ASUS,Zenfone 12 Ultra,Zenfone 12 Ultra エボニーブラック 256GB ZF12U-BK12S256,エボニーブラック,256GB,,197105915701
3TE6MXX4KB000,スマートフォン本体,ASUS,Zenfone 12 Ultra,Zenfone 12 Ultra エボニーブラック 512GB ZF12U-BK16S512,エボニーブラック,512GB,,197105915718
B3LHESIXOG000,スマートフォン本体,ASUS,Zenfone 12 Ultra,Zenfone 12 Ultra サクラホワイト 256GB ZF12U-WH12S256,サクラホワイト,256GB,,197105915749
EXZAVJMHTB000,スマートフォン本体,ASUS,Zenfone 12 Ultra,Zenfone 12 Ultra サクラホワイト 512GB ZF12U-WH16S512,サクラホワイト,512GB,,197105915756
34K0BEHOE9000,スマートフォン本体,ASUS,Zenfone 12 Ultra,Zenfone 12 Ultra セージグリーン 256GB ZF12U-GR12S256,セージグリーン,256GB,,197105915725
UPP014JR4B000,スマートフォン本体,ASUS,Zenfone 12 Ultra,Zenfone 12 Ultra セージグリーン 512GB ZF12U-GR16S512,セージグリーン,512GB,,197105915732
BXRNYTMRY1000,スマートフォン本体,Apple,iPhone (初代),iPhone (初代) シルバー 16GB MB384LL/A,シルバー,16GB,,
XW9WHB96A2000,スマートフォン本体,Apple,iPhone (初代),iPhone (初代) シルバー 4GB MA501LL/A,シルバー,4GB,,
43GMAKJ5IA000,スマートフォン本体,Apple,iPhone (初代),iPhone (初代) シルバー 8GB MA712LL/A,シルバー,8GB,,
1NVUGY6BEG000,スマートフォン本体,Apple,iPhone 11 Pro Max,iPhone 11 Pro Max ゴールド 256GB MWHL2J/A,ゴールド,256GB,,4549995083750
5VXIH02VYQ000,スマートフォン本体,Apple,iPhone 11 Pro Max,iPhone 11 Pro Max ゴールド 512GB MWHQ2J/A,ゴールド,512GB,,4549995083873
BSNM61U828000,スマートフォン本体,Apple,iPhone 11 Pro Max,iPhone 11 Pro Max ゴールド 64GB MWHG2J/A,ゴールド,64GB,,4549995083637
1NO7RGSYNE000,スマートフォン本体,Apple,iPhone 11 Pro Max,iPhone 11 Pro Max シルバー 256GB MWHK2J/A,シルバー,256GB,,4549995083729
DV5ZU5X4VK000,スマートフォン本体,Apple,iPhone 11 Pro Max,iPhone 11 Pro Max シルバー 512GB MWHP2J/A,シルバー,512GB,,4549995083842
387ONS3HQ0000,スマートフォン本体,Apple,iPhone 11 Pro Max,iPhone 11 Pro Max シルバー 64GB MWHF2J/A,シルバー,64GB,,4549995083606
M8J7UB78PL000,スマートフォン本体,Apple,iPhone 11 Pro Max,iPhone 11 Pro Max スペースグレイ 256GB MWHJ2J/A,スペースグレイ,256GB,,4549995083699
CGEZQDUHQG000,スマートフォン本体,Apple,iPhone 11 Pro Max,iPhone 11 Pro Max スペースグレイ 512GB MWHN2J/A,スペースグレイ,512GB,,4549995083811
5ZKU9Y2U74000,スマートフォン本体,Apple,iPhone 11 Pro Max,iPhone 11 Pro Max スペースグレイ 64GB MWHD2J/A,スペースグレイ,64GB,,4549995083576
B9F3U00B28000,スマートフォン本体,Apple,iPhone 11 Pro Max,iPhone 11 Pro Max ミッドナイトグリーン 256GB MWHM2J/A,ミッドナイトグリーン,256GB,,4549995083781
2BMC62NH8A000,スマートフォン本体,Apple,iPhone 11 Pro Max,iPhone 11 Pro Max ミッドナイトグリーン 512GB MWHR2J/A,ミッドナイトグリーン,512GB,,4549995083903
I4FMK3FIK1000,スマートフォン本体,Apple,iPhone 11 Pro Max,iPhone 11 Pro Max ミッドナイトグリーン 64GB MWHH2J/A,ミッドナイトグリーン,64GB,,4549995083668
6EZCPD1ZRM000,スマートフォン本体,Apple,iPhone 11 Pro,iPhone 11 Pro ゴールド 256GB MWC92J/A,ゴールド,256GB,,4549995083279
2NQTLACGN6000,スマートフォン本体,Apple,iPhone 11 Pro,iPhone 11 Pro ゴールド 512GB MWCF2J/A,ゴールド,512GB,,4549995083392
9NX8FI3SEL000,スマートフォン本体,Apple,iPhone 11 Pro,iPhone 11 Pro ゴールド 64GB MWC52J/A,ゴールド,64GB,,4549995083156
QBG3CRP9YW000,スマートフォン本体,Apple,iPhone 11 Pro,iPhone 11 Pro シルバー 256GB MWC82J/A,シルバー,256GB,,4549995083248
4R3YNQ8V7V000,スマートフォン本体,Apple,iPhone 11 Pro,iPhone 11 Pro シルバー 512GB MWCE2J/A,シルバー,512GB,,4549995083361
FKKLN450JP000,スマートフォン本体,Apple,iPhone 11 Pro,iPhone 11 Pro シルバー 64GB MWC32J/A,シルバー,64GB,,4549995083125
8JGQU95N6P000,スマートフォン本体,Apple,iPhone 11 Pro,iPhone 11 Pro スペースグレイ 256GB MWC72J/A,スペースグレイ,256GB,,4549995083217
PR5VP1V65F000,スマートフォン本体,Apple,iPhone 11 Pro,iPhone 11 Pro スペースグレイ 512GB MWCD2J/A,スペースグレイ,512GB,,4549995083330
61XZQNO7Q8000,スマートフォン本体,Apple,iPhone 11 Pro,iPhone 11 Pro スペースグレイ 64GB MWC22J/A,スペースグレイ,64GB,,4549995083095
CFIWGGWDG9000,スマートフォン本体,Apple,iPhone 11 Pro,iPhone 11 Pro ミッドナイトグリーン 256GB MWCC2J/A,ミッドナイトグリーン,256GB,,4549995083309
SKGTQ3QN3M000,スマートフォン本体,Apple,iPhone 11 Pro,iPhone 11 Pro ミッドナイトグリーン 512GB MWCG2J/A,ミッドナイトグリーン,512GB,,4549995083422
20IW935TOX000,スマートフォン本体,Apple,iPhone 11 Pro,iPhone 11 Pro ミッドナイトグリーン 64GB MWC62J/A,ミッドナイトグリーン,64GB,,4549995083187
0DL6HEYCC0000,スマートフォン本体,Apple,iPhone 11,iPhone 11 イエロー 128GB MWM42J/A,イエロー,128GB,,4549995082708
1T5NE8QYW4000,スマートフォン本体,Apple,iPhone 11,iPhone 11 イエロー 256GB MWMA2J/A,イエロー,256GB,,4549995082883
BWYGH6NVU6000,スマートフォン本体,Apple,iPhone 11,iPhone 11 イエロー 64GB MWLW2J/A,イエロー,64GB,,4549995082524
C0ZP9FI4MT000,スマートフォン本体,Apple,iPhone 11,iPhone 11 グリーン 128GB MWM62J/A,グリーン,128GB,,4549995082760
Q9R8MJFUYS000,スマートフォン本体,Apple,iPhone 11,iPhone 11 グリーン 256GB MWMD2J/A,グリーン,256GB,,4549995082944
XYKD4Q51N8000,スマートフォン本体,Apple,iPhone 11,iPhone 11 グリーン 64GB MWLY2J/A,グリーン,64GB,,4549995082586
M5NHL1WPBX000,スマートフォン本体,Apple,iPhone 11,iPhone 11 パープル 128GB MWM52J/A,パープル,128GB,,4549995082739
BDF00BH1Q6000,スマートフォン本体,Apple,iPhone 11,iPhone 11 パープル 256GB MWMC2J/A,パープル,256GB,,4549995082913
1P5ANJTFV0000,スマートフォン本体,Apple,iPhone 11,iPhone 11 パープル 64GB MWLX2J/A,パープル,64GB,,4549995082555
72WFFI24NG000,スマートフォン本体,Apple,iPhone 11,iPhone 11 ブラック 128GB MWM02J/A,ブラック,128GB,,4549995082616
4OAM7Q9US3000,スマートフォン本体,Apple,iPhone 11,iPhone 11 ブラック 256GB MWM72J/A,ブラック,256GB,,4549995082791
0KSCDF423W000,スマートフォン本体,Apple,iPhone 11,iPhone 11 ブラック 64GB MWLT2J/A,ブラック,64GB,,4549995082432
OOOHSD44ML000,スマートフォン本体,Apple,iPhone 11,iPhone 11 ホワイト 128GB MWM22J/A,ホワイト,128GB,,4549995082647
G108XOCGZX000,スマートフォン本体,Apple,iPhone 11,iPhone 11 ホワイト 256GB MWM82J/A,ホワイト,256GB,,4549995082821
I317I4VELM000,スマートフォン本体,Apple,iPhone 11,iPhone 11 ホワイト 64GB MWLU2J/A,ホワイト,64GB,,4549995082463
YCKR7OHH7L000,スマートフォン本体,Apple,iPhone 11,iPhone 11 レッド 128GB MWM32J/A,レッド,128GB,,4549995082678
WYIW3OGPVQ000,スマートフォン本体,Apple,iPhone 11,iPhone 11 レッド 256GB MWM92J/A,レッド,256GB,,4549995082852
397OXEIVUE000,スマートフォン本体,Apple,iPhone 11,iPhone 11 レッド 64GB MWLV2J/A,レッド,64GB,,4549995082494
0B04P42F6R000,スマートフォン本体,Apple,iPhone 12 Pro Max,iPhone 12 Pro Max グラファイト 128GB MGCU3J/A,グラファイト,128GB,,4549995182880
1D2LZ67KYM000,スマートフォン本体,Apple,iPhone 12 Pro Max,iPhone 12 Pro Max グラファイト 256GB MGCY3J/A,グラファイト,256GB,,4549995183047
4XXNX8IHJG000,スマートフォン本体,Apple,iPhone 12 Pro Max,iPhone 12 Pro Max グラファイト 512GB MGD33J/A,グラファイト,512GB,,4549995183207
7JVXVJE92P000,スマートフォン本体,Apple,iPhone 12 Pro Max,iPhone 12 Pro Max ゴールド 128GB MGCW3J/A,ゴールド,128GB,,4549995182965
5L4UJYE9ZA000,スマートフォン本体,Apple,iPhone 12 Pro Max,iPhone 12 Pro Max ゴールド 256GB MGD13J/A,ゴールド,256GB,,4549995183122
9F9891LYC4000,スマートフォン本体,Apple,iPhone 12 Pro Max,iPhone 12 Pro Max ゴールド 512GB MGD53J/A,ゴールド,512GB,,4549995183283
4LPJ7P1X4H000,スマートフォン本体,Apple,iPhone 12 Pro Max,iPhone 12 Pro Max シルバー 128GB MGCV3J/A,シルバー,128GB,,4549995182927
5BZ7W5PXK3000,スマートフォン本体,Apple,iPhone 12 Pro Max,iPhone 12 Pro Max シルバー 256GB MGD03J/A,シルバー,256GB,,4549995183085
7EWE55UCMS000,スマートフォン本体,Apple,iPhone 12 Pro Max,iPhone 12 Pro Max シルバー 512GB MGD43J/A,シルバー,512GB,,4549995183245
HKXXB974WK000,スマートフォン本体,Apple,iPhone 12 Pro Max,iPhone 12 Pro Max パシフィックブルー 128GB MGCX3J/A,パシフィックブルー,128GB,,4549995183009
4I8N43EFPO000,スマートフォン本体,Apple,iPhone 12 Pro Max,iPhone 12 Pro Max パシフィックブルー 256GB MGD23J/A,パシフィックブルー,256GB,,4549995183160
MDVQJLLXV4000,スマートフォン本体,Apple,iPhone 12 Pro Max,iPhone 12 Pro Max パシフィックブルー 512GB MGD63J/A,パシフィックブルー,512GB,,4549995183320
AXYMVA4IAV000,スマートフォン本体,Apple,iPhone 12 pro,iPhone 12 Pro グラファイト 128GB MGM53J/A,グラファイト,128GB,,4549995183887
0FOQ180M9K000,スマートフォン本体,Apple,iPhone 12 pro,iPhone 12 Pro グラファイト 256GB MGM93J/A,グラファイト,256GB,,4549995183924
14YVSBRXY8000,スマートフォン本体,Apple,iPhone 12 pro,iPhone 12 Pro グラファイト 512GB MGMF3J/A,グラファイト,512GB,,4549995183962
097H4Z14OC000,スマートフォン本体,Apple,iPhone 12 pro,iPhone 12 Pro ゴールド 128GB MGM73J/A,ゴールド,128GB,,4549995183900
2Z8BUB5FWA000,スマートフォン本体,Apple,iPhone 12 pro,iPhone 12 Pro ゴールド 256GB MGMC3J/A,ゴールド,256GB,,4549995183948
AZ98KMNX7I000,スマートフォン本体,Apple,iPhone 12 pro,iPhone 12 Pro ゴールド 512GB MGMH3J/A,ゴールド,512GB,,4549995183986
4BUR508DF9000,スマートフォン本体,Apple,iPhone 12 pro,iPhone 12 Pro シルバー 128GB MGM63J/A,シルバー,128GB,,4549995183894
1ZJE3IVE04000,スマートフォン本体,Apple,iPhone 12 pro,iPhone 12 Pro シルバー 256GB MGMA3J/A,シルバー,256GB,,4549995183931
5KFESUA2C7000,スマートフォン本体,Apple,iPhone 12 pro,iPhone 12 Pro シルバー 512GB MGMG3J/A,シルバー,512GB,,4549995183979
2G7RBMKR0L000,スマートフォン本体,Apple,iPhone 12 pro,iPhone 12 Pro パシフィックブルー 128GB MGM83J/A,パシフィックブルー,128GB,,4549995183917
HPQC894KKY000,スマートフォン本体,Apple,iPhone 12 pro,iPhone 12 Pro パシフィックブルー 256GB MGMD3J/A,パシフィックブルー,256GB,,4549995183955
4VFJA76LY8000,スマートフォン本体,Apple,iPhone 12 pro,iPhone 12 Pro パシフィックブルー 512GB MGMJ3J/A,パシフィックブルー,512GB,,4549995183993
6U64ZOP5KM000,スマートフォン本体,Apple,iPhone 12 mini,iPhone 12 mini グリーン 128GB MGDQ3J/A,グリーン,128GB,,4549995182484
EI9V122XCH000,スマートフォン本体,Apple,iPhone 12 mini,iPhone 12 mini グリーン 256GB MGDW3J/A,グリーン,256GB,,4549995182682
1IHP08O4UV000,スマートフォン本体,Apple,iPhone 12 mini,iPhone 12 mini グリーン 64GB MGAV3J/A,グリーン,64GB,,4549995182286
QYQL5WLV6P000,スマートフォン本体,Apple,iPhone 12 mini,iPhone 12 mini パープル 128GB MJQD3J/A,パープル,128GB,,4549995239775
43O0OK549J000,スマートフォン本体,Apple,iPhone 12 mini,iPhone 12 mini パープル 256GB MJQE3J/A,パープル,256GB,,4549995239812
0EBSFMU4SH000,スマートフォン本体,Apple,iPhone 12 mini,iPhone 12 mini パープル 64GB MJQC3J/A,パープル,64GB,,4549995239737
LC23J4T5V3000,スマートフォン本体,Apple,iPhone 12 mini,iPhone 12 mini ブラック 128GB MGDJ3J/A,ブラック,128GB,,4549995182323
1P03Y206LI000,スマートフォン本体,Apple,iPhone 12 mini,iPhone 12 mini ブラック 256GB MGDR3J/A,ブラック,256GB,,4549995182521
LK4XDOL4VE000,スマートフォン本体,Apple,iPhone 12 mini,iPhone 12 mini ブラック 64GB MGA03J/A,ブラック,64GB,,4549995182125
8QAONR7X1J000,スマートフォン本体,Apple,iPhone 12 mini,iPhone 12 mini ブルー 128GB MGDP3J/A,ブルー,128GB,,4549995182446
AJTKUN9LNK000,スマートフォン本体,Apple,iPhone 12 mini,iPhone 12 mini ブルー 256GB MGDV3J/A,ブルー,256GB,,4549995182644
5FEP2AW7Y6000,スマートフォン本体,Apple,iPhone 12 mini,iPhone 12 mini ブルー 64GB MGAP3J/A,ブルー,64GB,,4549995182248
7RZB73XWON000,スマートフォン本体,Apple,iPhone 12 mini,iPhone 12 mini ホワイト 128GB MGDM3J/A,ホワイト,128GB,,4549995182361
UTBZAF93CY000,スマートフォン本体,Apple,iPhone 12 mini,iPhone 12 mini ホワイト 256GB MGDT3J/A,ホワイト,256GB,,4549995182569
RYWZH4XFHM000,スマートフォン本体,Apple,iPhone 12 mini,iPhone 12 mini ホワイト 64GB MGA63J/A,ホワイト,64GB,,4549995182163
JVQJB1WMVL000,スマートフォン本体,Apple,iPhone 12 mini,iPhone 12 mini レッド 128GB MGDN3J/A,レッド,128GB,,4549995182408
SAZNI61XRH000,スマートフォン本体,Apple,iPhone 12 mini,iPhone 12 mini レッド 256GB MGDU3J/A,レッド,256GB,,4549995182606
OBCWF543O8000,スマートフォン本体,Apple,iPhone 12 mini,iPhone 12 mini レッド 64GB MGAE3J/A,レッド,64GB,,4549995182200
FCVT3Z4D1A000,スマートフォン本体,Apple,iPhone 12,iPhone 12 グリーン 128GB MGHY3J/A,グリーン,128GB,,4549995184143
30K0944RSG000,スマートフォン本体,Apple,iPhone 12,iPhone 12 グリーン 256GB MGJ43J/A,グリーン,256GB,,4549995184198
WZIQGMRZWM000,スマートフォン本体,Apple,iPhone 12,iPhone 12 グリーン 64GB MGHT3J/A,グリーン,64GB,,4549995184099
4K170BB0L4000,スマートフォン本体,Apple,iPhone 12,iPhone 12 パープル 128GB MJNJ3J/A,パープル,128GB,,4549995239522
42DKGEOESA000,スマートフォン本体,Apple,iPhone 12,iPhone 12 パープル 256GB MJNK3J/A,パープル,256GB,,4549995239560
7W9YS0ZKP3000,スマートフォン本体,Apple,iPhone 12,iPhone 12 パープル 64GB MJNH3J/A,パープル,64GB,,4549995239485
2U3FVUJ2XY000,スマートフォン本体,Apple,iPhone 12,iPhone 12 ブラック 128GB MGHU3J/A,ブラック,128GB,,4549995184105
4RBRSOFNBT000,スマートフォン本体,Apple,iPhone 12,iPhone 12 ブラック 256GB MGJ03J/A,ブラック,256GB,,4549995184150
41F0BRHKKT000,スマートフォン本体,Apple,iPhone 12,iPhone 12 ブラック 64GB MGHN3J/A,ブラック,64GB,,4549995184051
0MBI2B5BEH000,スマートフォン本体,Apple,iPhone 12,iPhone 12 ブルー 128GB MGHX3J/A,ブルー,128GB,,4549995184136
1BFBDM086N000,スマートフォン本体,Apple,iPhone 12,iPhone 12 ブルー 256GB MGJ33J/A,ブルー,256GB,,4549995184181
CUJJP6OE6H000,スマートフォン本体,Apple,iPhone 12,iPhone 12 ブルー 64GB MGHR3J/A,ブルー,64GB,,4549995184082
0Z4U653QH5000,スマートフォン本体,Apple,iPhone 12,iPhone 12 ホワイト 128GB MGHV3J/A,ホワイト,128GB,,4549995184112
1052AN52SB000,スマートフォン本体,Apple,iPhone 12,iPhone 12 ホワイト 256GB MGJ13J/A,ホワイト,256GB,,4549995184167
HYW3DG8KGG000,スマートフォン本体,Apple,iPhone 12,iPhone 12 ホワイト 64GB MGHP3J/A,ホワイト,64GB,,4549995184068
MUFN4IV0XN000,スマートフォン本体,Apple,iPhone 12,iPhone 12 レッド 128GB MGHW3J/A,レッド,128GB,,4549995184129
2JR225KQ92000,スマートフォン本体,Apple,iPhone 12,iPhone 12 レッド 256GB MGJ23J/A,レッド,256GB,,4549995184174
0ISQFZ3OIR000,スマートフォン本体,Apple,iPhone 12,iPhone 12 レッド 64GB MGHQ3J/A,レッド,64GB,,4549995184075
5WC4C3S3TC000,スマートフォン本体,Apple,iPhone 13 Pro Max,iPhone 13 Pro Max アルパイングリーン 128GB MNCU3J/A,アルパイングリーン,128GB,,4549995332698
8D8PZ8IFVR000,スマートフォン本体,Apple,iPhone 13 Pro Max,iPhone 13 Pro Max アルパイングリーン 1TB MNCX3J/A,アルパイングリーン,1TB,,4549995332841
BE5YQ3IWVO000,スマートフォン本体,Apple,iPhone 13 Pro Max,iPhone 13 Pro Max アルパイングリーン 256GB MNCV3J/A,アルパイングリーン,256GB,,4549995332742
G83XXFR734000,スマートフォン本体,Apple,iPhone 13 Pro Max,iPhone 13 Pro Max アルパイングリーン 512GB MNCW3J/A,アルパイングリーン,512GB,,4549995332797
DS0EVBSOP0000,スマートフォン本体,Apple,iPhone 13 Pro Max,iPhone 13 Pro Max グラファイト 128GB MLJ43J/A,グラファイト,128GB,,4549995280395
C4D556RF59000,スマートフォン本体,Apple,iPhone 13 Pro Max,iPhone 13 Pro Max グラファイト 1TB MLKG3J/A,グラファイト,1TB,,4549995280517
44H2PGIC10000,スマートフォン本体,Apple,iPhone 13 Pro Max,iPhone 13 Pro Max グラファイト 256GB MLJ83J/A,グラファイト,256GB,,4549995280432
DZCI2HZFK5000,スマートフォン本体,Apple,iPhone 13 Pro Max,iPhone 13 Pro Max グラファイト 512GB MLJQ3J/A,グラファイト,512GB,,4549995280470
I0BY7DJ0TS000,スマートフォン本体,Apple,iPhone 13 Pro Max,iPhone 13 Pro Max ゴールド 128GB MLJ63J/A,ゴールド,128GB,,4549995280418
MR1JAA4FJS000,スマートフォン本体,Apple,iPhone 13 Pro Max,iPhone 13 Pro Max ゴールド 1TB MLKJ3J/A,ゴールド,1TB,,4549995280531
1GEPENUMAZ000,スマートフォン本体,Apple,iPhone 13 Pro Max,iPhone 13 Pro Max ゴールド 256GB MLJA3J/A,ゴールド,256GB,,4549995280456
203HXH8JNK000,スマートフォン本体,Apple,iPhone 13 Pro Max,iPhone 13 Pro Max ゴールド 512GB MLJV3J/A,ゴールド,512GB,,4549995280494
BPHEK496BZ000,スマートフォン本体,Apple,iPhone 13 Pro Max,iPhone 13 Pro Max シエラブルー 128GB MLJ73J/A,シエラブルー,128GB,,4549995280425
3EKYU0PKM1000,スマートフォン本体,Apple,iPhone 13 Pro Max,iPhone 13 Pro Max シエラブルー 1TB MLKK3J/A,シエラブルー,1TB,,4549995280548
6NEBPPN993000,スマートフォン本体,Apple,iPhone 13 Pro Max,iPhone 13 Pro Max シエラブルー 256GB MLJD3J/A,シエラブルー,256GB,,4549995280463
E24M3GN5E1000,スマートフォン本体,Apple,iPhone 13 Pro Max,iPhone 13 Pro Max シエラブルー 512GB MLJX3J/A,シエラブルー,512GB,,4549995280500
668TSTQVDR000,スマートフォン本体,Apple,iPhone 13 Pro Max,iPhone 13 Pro Max シルバー 128GB MLJ53J/A,シルバー,128GB,,4549995280401
EM0QNZEV4P000,スマートフォン本体,Apple,iPhone 13 Pro Max,iPhone 13 Pro Max シルバー 1TB MLKH3J/A,シルバー,1TB,,4549995280524
625484J44X000,スマートフォン本体,Apple,iPhone 13 Pro Max,iPhone 13 Pro Max シルバー 256GB MLJ93J/A,シルバー,256GB,,4549995280449
DKQO0SOZR0000,スマートフォン本体,Apple,iPhone 13 Pro Max,iPhone 13 Pro Max シルバー 512GB MLJT3J/A,シルバー,512GB,,4549995280487
5MNT4RYWZ4000,スマートフォン本体,Apple,iPhone 13 Pro,iPhone 13 Pro アルパイングリーン 128GB MNDX3J/A,アルパイングリーン,128GB,,4549995332193
4546QQ1P1O000,スマートフォン本体,Apple,iPhone 13 Pro,iPhone 13 Pro アルパイングリーン 1TB MNE13J/A,アルパイングリーン,1TB,,4549995332346
16YZ0M0ZCL000,スマートフォン本体,Apple,iPhone 13 Pro,iPhone 13 Pro アルパイングリーン 256GB MNDY3J/A,アルパイングリーン,256GB,,4549995332247
4575IBBGB8000,スマートフォン本体,Apple,iPhone 13 Pro,iPhone 13 Pro アルパイングリーン 512GB MNE03J/A,アルパイングリーン,512GB,,4549995332292
BFDPDRLU4J000,スマートフォン本体,Apple,iPhone 13 Pro,iPhone 13 Pro グラファイト 128GB MLUE3J/A,グラファイト,128GB,,4549995283938
4EFNIQRQQO000,スマートフォン本体,Apple,iPhone 13 Pro,iPhone 13 Pro グラファイト 1TB MLV13J/A,グラファイト,1TB,,4549995284058
L67VPQ86EK000,スマートフォン本体,Apple,iPhone 13 Pro,iPhone 13 Pro グラファイト 256GB MLUN3J/A,グラファイト,256GB,,4549995283976
DFKNHKG8K0000,スマートフォン本体,Apple,iPhone 13 Pro,iPhone 13 Pro グラファイト 512GB MLUV3J/A,グラファイト,512GB,,4549995284010
E0OF2MWLWI000,スマートフォン本体,Apple,iPhone 13 Pro,iPhone 13 Pro ゴールド 128GB MLUH3J/A,ゴールド,128GB,,4549995283952
BGFM3JPZ49000,スマートフォン本体,Apple,iPhone 13 Pro,iPhone 13 Pro ゴールド 1TB MLV43J/A,ゴールド,1TB,,4549995284072
2KFTUXO2MJ000,スマートフォン本体,Apple,iPhone 13 Pro,iPhone 13 Pro ゴールド 256GB MLUQ3J/A,ゴールド,256GB,,4549995283990
740O0K42UX000,スマートフォン本体,Apple,iPhone 13 Pro,iPhone 13 Pro ゴールド 512GB MLUY3J/A,ゴールド,512GB,,4549995284034
1IJOTEM861000,スマートフォン本体,Apple,iPhone 13 Pro,iPhone 13 Pro シエラブルー 128GB MLUK3J/A,シエラブルー,128GB,,4549995283969
41UQ2DABZE000,スマートフォン本体,Apple,iPhone 13 Pro,iPhone 13 Pro シエラブルー 1TB MLV73J/A,シエラブルー,1TB,,4549995284089
1UJIXS583P000,スマートフォン本体,Apple,iPhone 13 Pro,iPhone 13 Pro シエラブルー 256GB MLUU3J/A,シエラブルー,256GB,,4549995284003
8BH8G9V6E7000,スマートフォン本体,Apple,iPhone 13 Pro,iPhone 13 Pro シエラブルー 512GB MLV03J/A,シエラブルー,512GB,,4549995284041
44YWOHU8PI000,スマートフォン本体,Apple,iPhone 13 Pro,iPhone 13 Pro シルバー 128GB MLUF3J/A,シルバー,128GB,,4549995283945
DFXEXWALI9000,スマートフォン本体,Apple,iPhone 13 Pro,iPhone 13 Pro シルバー 1TB MLV33J/A,シルバー,1TB,,4549995284065
B8WV5PZNDE000,スマートフォン本体,Apple,iPhone 13 Pro,iPhone 13 Pro シルバー 256GB MLUP3J/A,シルバー,256GB,,4549995283983
J5488HMFSO000,スマートフォン本体,Apple,iPhone 13 Pro,iPhone 13 Pro シルバー 512GB MLUW3J/A,シルバー,512GB,,4549995284027
3E49PM6MJE000,スマートフォン本体,Apple,iPhone 13 mini,iPhone 13 mini グリーン 128GB MNFC3J/A,グリーン,128GB,,4549995332452
1YCPT2GPEE000,スマートフォン本体,Apple,iPhone 13 mini,iPhone 13 mini グリーン 256GB MNFD3J/A,グリーン,256GB,,4549995332506
DC424AZH7Z000,スマートフォン本体,Apple,iPhone 13 mini,iPhone 13 mini グリーン 512GB MNFE3J/A,グリーン,512GB,,4549995332551
2DG5U57W41000,スマートフォン本体,Apple,iPhone 13 mini,iPhone 13 mini スターライト 128GB MLJE3J/A,スターライト,128GB,,4549995280159
AN1SO7458J000,スマートフォン本体,Apple,iPhone 13 mini,iPhone 13 mini スターライト 256GB MLJK3J/A,スターライト,256GB,,4549995280203
BJNXB4NCKW000,スマートフォン本体,Apple,iPhone 13 mini,iPhone 13 mini スターライト 512GB MLJR3J/A,スターライト,512GB,,4549995280258
1EU4KU3H8W000,スマートフォン本体,Apple,iPhone 13 mini,iPhone 13 mini ピンク 128GB MLJF3J/A,ピンク,128GB,,4549995280166
5GAEYC7I5Q000,スマートフォン本体,Apple,iPhone 13 mini,iPhone 13 mini ピンク 256GB MLJL3J/A,ピンク,256GB,,4549995280210
3B874ECEVK000,スマートフォン本体,Apple,iPhone 13 mini,iPhone 13 mini ピンク 512GB MLJU3J/A,ピンク,512GB,,4549995280265
2QXLS6UXFQ000,スマートフォン本体,Apple,iPhone 13 mini,iPhone 13 mini ブルー 128GB MLJH3J/A,ブルー,128GB,,4549995280180
0J0GW5FB8K000,スマートフォン本体,Apple,iPhone 13 mini,iPhone 13 mini ブルー 256GB MLJN3J/A,ブルー,256GB,,4549995280234
7BCIJR6ENV000,スマートフォン本体,Apple,iPhone 13 mini,iPhone 13 mini ブルー 512GB MLJY3J/A,ブルー,512GB,,4549995280289
IEOSPA44EO000,スマートフォン本体,Apple,iPhone 13 mini,iPhone 13 mini ミッドナイト 128GB MLJC3J/A,ミッドナイト,128GB,,4549995280142
FZOFP55325000,スマートフォン本体,Apple,iPhone 13 mini,iPhone 13 mini ミッドナイト 256GB MLJJ3J/A,ミッドナイト,256GB,,4549995280197
1ZPYMZE448000,スマートフォン本体,Apple,iPhone 13 mini,iPhone 13 mini ミッドナイト 512GB MLJP3J/A,ミッドナイト,512GB,,4549995280241
1O7DZH0IDT000,スマートフォン本体,Apple,iPhone 13 mini,iPhone 13 mini レッド 128GB MLJG3J/A,レッド,128GB,,4549995280173
3EP5Q8NG6H000,スマートフォン本体,Apple,iPhone 13 mini,iPhone 13 mini レッド 256GB MLJM3J/A,レッド,256GB,,4549995280227
AAP4D7OQNP000,スマートフォン本体,Apple,iPhone 13 mini,iPhone 13 mini レッド 512GB MLJW3J/A,レッド,512GB,,4549995280272
ES18OHNL17000,スマートフォン本体,Apple,iPhone 13,iPhone 13 グリーン 128GB MNGG3J/A,グリーン,128GB,,4549995333275
1BU34VEWMJ000,スマートフォン本体,Apple,iPhone 13,iPhone 13 グリーン 256GB MNGH3J/A,グリーン,256GB,,4549995333282
6TXGN76TM4000,スマートフォン本体,Apple,iPhone 13,iPhone 13 グリーン 512GB MNGJ3J/A,グリーン,512GB,,4549995333299
N840993A7J000,スマートフォン本体,Apple,iPhone 13,iPhone 13 スターライト 128GB MLND3J/A,スターライト,128GB,,4549995282252
410LJ4NR2Z000,スマートフォン本体,Apple,iPhone 13,iPhone 13 スターライト 256GB MLNJ3J/A,スターライト,256GB,,4549995282306
3WGZJWH7H9000,スマートフォン本体,Apple,iPhone 13,iPhone 13 スターライト 512GB MLNP3J/A,スターライト,512GB,,4549995282351
6ZNKT0AT8R000,スマートフォン本体,Apple,iPhone 13,iPhone 13 ピンク 128GB MLNE3J/A,ピンク,128GB,,4549995282269
84ME6Q0CUK000,スマートフォン本体,Apple,iPhone 13,iPhone 13 ピンク 256GB MLNK3J/A,ピンク,256GB,,4549995282313
DYK432Y1FF000,スマートフォン本体,Apple,iPhone 13,iPhone 13 ピンク 512GB MLNQ3J/A,ピンク,512GB,,4549995282368
CVI6R2WVGW000,スマートフォン本体,Apple,iPhone 13,iPhone 13 ブルー 128GB MLNG3J/A,ブルー,128GB,,4549995282283
1QFRR6LSU0000,スマートフォン本体,Apple,iPhone 13,iPhone 13 ブルー 256GB MLNM3J/A,ブルー,256GB,,4549995282337
44ZR29AFSI000,スマートフォン本体,Apple,iPhone 13,iPhone 13 ブルー 512GB MLNT3J/A,ブルー,512GB,,4549995282382
EFIYLQTNB7000,スマートフォン本体,Apple,iPhone 13,iPhone 13 ミッドナイト 128GB MLNC3J/A,ミッドナイト,128GB,,4549995282245
4A4T7FJEGM000,スマートフォン本体,Apple,iPhone 13,iPhone 13 ミッドナイト 256GB MLNH3J/A,ミッドナイト,256GB,,4549995282290
19A5RQ4XG1000,スマートフォン本体,Apple,iPhone 13,iPhone 13 ミッドナイト 512GB MLNN3J/A,ミッドナイト,512GB,,4549995282344
8K3FMYV7RD000,スマートフォン本体,Apple,iPhone 13,iPhone 13 レッド 128GB MLNF3J/A,レッド,128GB,,4549995282276
3NT217S3EB000,スマートフォン本体,Apple,iPhone 13,iPhone 13 レッド 256GB MLNL3J/A,レッド,256GB,,4549995282320
1ZNQVNJC7I000,スマートフォン本体,Apple,iPhone 13,iPhone 13 レッド 512GB MLNR3J/A,レッド,512GB,,4549995282375
G4K4J7L57Y000,スマートフォン本体,Apple,iPhone 14 Plus,iPhone 14 Plus イエロー 128GB MR603J/A,イエロー,128GB,,4549995395792
Q7PYLTYLVG000,スマートフォン本体,Apple,iPhone 14 Plus,iPhone 14 Plus イエロー 256GB MR633J/A,イエロー,256GB,,4549995395846
1QXQQEGH3F000,スマートフォン本体,Apple,iPhone 14 Plus,iPhone 14 Plus イエロー 512GB MR663J/A,イエロー,512GB,,4549995395891
L2CJRYJEB6000,スマートフォン本体,Apple,iPhone 14 Plus,iPhone 14 Plus スターライト 128GB MQ4D3J/A,スターライト,128GB,,4549995359718
QWGVWMJNLW000,スマートフォン本体,Apple,iPhone 14 Plus,iPhone 14 Plus スターライト 256GB MQ4L3J/A,スターライト,256GB,,4549995359961
44Y38TR68E000,スマートフォン本体,Apple,iPhone 14 Plus,iPhone 14 Plus スターライト 512GB MQ4T3J/A,スターライト,512GB,,4549995360219
5B4R8CDIAY000,スマートフォン本体,Apple,iPhone 14 Plus,iPhone 14 Plus パープル 128GB MQ4E3J/A,パープル,128GB,,4549995359763
0M7J4PPCCH000,スマートフォン本体,Apple,iPhone 14 Plus,iPhone 14 Plus パープル 256GB MQ4M3J/A,パープル,256GB,,4549995360011
XXO7ZGBVQY000,スマートフォン本体,Apple,iPhone 14 Plus,iPhone 14 Plus パープル 512GB MQ4U3J/A,パープル,512GB,,4549995360264
EW9HJDMH84000,スマートフォン本体,Apple,iPhone 14 Plus,iPhone 14 Plus ブルー 128GB MQ4H3J/A,ブルー,128GB,,4549995359862
NS4AAJH9LO000,スマートフォン本体,Apple,iPhone 14 Plus,iPhone 14 Plus ブルー 256GB MQ4Q3J/A,ブルー,256GB,,4549995360110
3QMFQ96UPZ000,スマートフォン本体,Apple,iPhone 14 Plus,iPhone 14 Plus ブルー 512GB MQ4W3J/A,ブルー,512GB,,4549995360363
01W3CMID8S000,スマートフォン本体,Apple,iPhone 14 Plus,iPhone 14 Plus ミッドナイト 128GB MQ4A3J/A,ミッドナイト,128GB,,4549995359664
7CG11WHGEQ000,スマートフォン本体,Apple,iPhone 14 Plus,iPhone 14 Plus ミッドナイト 256GB MQ4J3J/A,ミッドナイト,256GB,,4549995359916
L04DNU81DU000,スマートフォン本体,Apple,iPhone 14 Plus,iPhone 14 Plus ミッドナイト 512GB MQ4R3J/A,ミッドナイト,512GB,,4549995360165
4O6QBZ1O0H000,スマートフォン本体,Apple,iPhone 14 Plus,iPhone 14 Plus レッド 128GB MQ4F3J/A,レッド,128GB,,4549995359817
AJP6G8NIX1000,スマートフォン本体,Apple,iPhone 14 Plus,iPhone 14 Plus レッド 256GB MQ4P3J/A,レッド,256GB,,4549995360066
369Y305NDE000,スマートフォン本体,Apple,iPhone 14 Plus,iPhone 14 Plus レッド 512GB MQ4V3J/A,レッド,512GB,,4549995360318
5GV75RFKAN000,スマートフォン本体,Apple,iPhone 14 Pro Max,iPhone 14 Pro Max ゴールド 128GB MQ983J/A,ゴールド,128GB,,4549995360714
JTAE4AKQJM000,スマートフォン本体,Apple,iPhone 14 Pro Max,iPhone 14 Pro Max ゴールド 1TB MQ9M3J/A,ゴールド,1TB,,4549995361315
4R9GDVBZ7R000,スマートフォン本体,Apple,iPhone 14 Pro Max,iPhone 14 Pro Max ゴールド 256GB MQ9D3J/A,ゴールド,256GB,,4549995360912
8NC1IOZNTP000,スマートフォン本体,Apple,iPhone 14 Pro Max,iPhone 14 Pro Max ゴールド 512GB MQ9H3J/A,ゴールド,512GB,,4549995361117
6G42W06YZ0000,スマートフォン本体,Apple,iPhone 14 Pro Max,iPhone 14 Pro Max シルバー 128GB MQ973J/A,シルバー,128GB,,4549995360660
2D2ZOV2LKZ000,スマートフォン本体,Apple,iPhone 14 Pro Max,iPhone 14 Pro Max シルバー 1TB MQ9L3J/A,シルバー,1TB,,4549995361261
0DPZY6IV2Y000,スマートフォン本体,Apple,iPhone 14 Pro Max,iPhone 14 Pro Max シルバー 256GB MQ9C3J/A,シルバー,256GB,,4549995360868
ZM1529JIS6000,スマートフォン本体,Apple,iPhone 14 Pro Max,iPhone 14 Pro Max シルバー 512GB MQ9G3J/A,シルバー,512GB,,4549995361063
DADDJ4WNHE000,スマートフォン本体,Apple,iPhone 14 Pro Max,iPhone 14 Pro Max スペースブラック 128GB MQ963J/A,スペースブラック,128GB,,4549995360615
LQFTD9EXJC000,スマートフォン本体,Apple,iPhone 14 Pro Max,iPhone 14 Pro Max スペースブラック 1TB MQ9K3J/A,スペースブラック,1TB,,4549995361216
07JTY7B8OL000,スマートフォン本体,Apple,iPhone 14 Pro Max,iPhone 14 Pro Max スペースブラック 256GB MQ9A3J/A,スペースブラック,256GB,,4549995360813
YVDJSZJFA0000,スマートフォン本体,Apple,iPhone 14 Pro Max,iPhone 14 Pro Max スペースブラック 512GB MQ9F3J/A,スペースブラック,512GB,,4549995361018
4B1O8ON2DD000,スマートフォン本体,Apple,iPhone 14 Pro Max,iPhone 14 Pro Max ディープパープル 128GB MQ993J/A,ディープパープル,128GB,,4549995360769
1O2WV4RH1K000,スマートフォン本体,Apple,iPhone 14 Pro Max,iPhone 14 Pro Max ディープパープル 1TB MQ9N3J/A,ディープパープル,1TB,,4549995361360
4R9DFM65CS000,スマートフォン本体,Apple,iPhone 14 Pro Max,iPhone 14 Pro Max ディープパープル 256GB MQ9E3J/A,ディープパープル,256GB,,4549995360967
O0XR4P8KI1000,スマートフォン本体,Apple,iPhone 14 Pro Max,iPhone 14 Pro Max ディープパープル 512GB MQ9J3J/A,ディープパープル,512GB,,4549995361162
3HF5VY3SZF000,スマートフォン本体,Apple,iPhone 14 Pro,iPhone 14 Pro ゴールド 128GB MQ073J/A,ゴールド,128GB,,4549995363081
ADTXM216II000,スマートフォン本体,Apple,iPhone 14 Pro,iPhone 14 Pro ゴールド 1TB MQ2U3J/A,ゴールド,1TB,,4549995363203
0GIO459RSP000,スマートフォン本体,Apple,iPhone 14 Pro,iPhone 14 Pro ゴールド 256GB MQ173J/A,ゴールド,256GB,,4549995363128
2VIE1JVO2V000,スマートフォン本体,Apple,iPhone 14 Pro,iPhone 14 Pro ゴールド 512GB MQ223J/A,ゴールド,512GB,,4549995363166
3KM49UHAH3000,スマートフォン本体,Apple,iPhone 14 Pro,iPhone 14 Pro シルバー 128GB MQ013J/A,シルバー,128GB,,4549995363074
2EMVECM4T4000,スマートフォン本体,Apple,iPhone 14 Pro,iPhone 14 Pro シルバー 1TB MQ2M3J/A,シルバー,1TB,,4549995363197
8E9HWDR14M000,スマートフォン本体,Apple,iPhone 14 Pro,iPhone 14 Pro シルバー 256GB MQ0Y3J/A,シルバー,256GB,,4549995363111
1FEP61JPOE000,スマートフォン本体,Apple,iPhone 14 Pro,iPhone 14 Pro シルバー 512GB MQ1V3J/A,シルバー,512GB,,4549995363159
0BKE2460I6000,スマートフォン本体,Apple,iPhone 14 Pro,iPhone 14 Pro スペースブラック 128GB MPXU3J/A,スペースブラック,128GB,,4549995363067
08QT4N50BT000,スマートフォン本体,Apple,iPhone 14 Pro,iPhone 14 Pro スペースブラック 1TB MQ2F3J/A,スペースブラック,1TB,,4549995363180
8LYF2ETHQI000,スマートフォン本体,Apple,iPhone 14 Pro,iPhone 14 Pro スペースブラック 256GB MQ0Q3J/A,スペースブラック,256GB,,4549995363104
63OG0VXY8E000,スマートフォン本体,Apple,iPhone 14 Pro,iPhone 14 Pro スペースブラック 512GB MQ1L3J/A,スペースブラック,512GB,,4549995363142
R9NULDZ68C000,スマートフォン本体,Apple,iPhone 14 Pro,iPhone 14 Pro ディープパープル 128GB MQ0F3J/A,ディープパープル,128GB,,4549995363098
H9GL9JREA1000,スマートフォン本体,Apple,iPhone 14 Pro,iPhone 14 Pro ディープパープル 1TB MQ313J/A,ディープパープル,1TB,,4549995363210
6L8Y8XW4C2000,スマートフォン本体,Apple,iPhone 14 Pro,iPhone 14 Pro ディープパープル 256GB MQ1E3J/A,ディープパープル,256GB,,4549995363135
4TP0GJXPN8000,スマートフォン本体,Apple,iPhone 14 Pro,iPhone 14 Pro ディープパープル 512GB MQ283J/A,ディープパープル,512GB,,4549995363173
CJJ3ZSJDB9000,スマートフォン本体,Apple,iPhone 14,iPhone 14 イエロー 128GB MR3Q3J/A,イエロー,128GB,,4549995396096
9Y90VK4E7T000,スマートフォン本体,Apple,iPhone 14,iPhone 14 イエロー 256GB MR3R3J/A,イエロー,256GB,,4549995396140
2SHM3WYE73000,スマートフォン本体,Apple,iPhone 14,iPhone 14 イエロー 512GB MR3T3J/A,イエロー,512GB,,4549995396195
9IOM4KJ99W000,スマートフォン本体,Apple,iPhone 14,iPhone 14 スターライト 128GB MPUQ3J/A,スターライト,128GB,,4549995362084
504QQ4DSQT000,スマートフォン本体,Apple,iPhone 14,iPhone 14 スターライト 256GB MPW33J/A,スターライト,256GB,,4549995362138
5F8CG6C043000,スマートフォン本体,Apple,iPhone 14,iPhone 14 スターライト 512GB MPX23J/A,スターライト,512GB,,4549995362183
91SQECZ762000,スマートフォン本体,Apple,iPhone 14,iPhone 14 パープル 128GB MPUY3J/A,パープル,128GB,,4549995362091
1CS9E40M4Y000,スマートフォン本体,Apple,iPhone 14,iPhone 14 パープル 256GB MPW93J/A,パープル,256GB,,4549995362145
8M4Q7NV2VM000,スマートフォン本体,Apple,iPhone 14,iPhone 14 パープル 512GB MPX83J/A,パープル,512GB,,4549995362190
06TRK1SZPN000,スマートフォン本体,Apple,iPhone 14,iPhone 14 ブルー 128GB MPVJ3J/A,ブルー,128GB,,4549995362114
2Q8SNCVRXD000,スマートフォン本体,Apple,iPhone 14,iPhone 14 ブルー 256GB MPWN3J/A,ブルー,256GB,,4549995362169
48JV5U3NJ6000,スマートフォン本体,Apple,iPhone 14,iPhone 14 ブルー 512GB MPXM3J/A,ブルー,512GB,,4549995362213
EADUPN2PSB000,スマートフォン本体,Apple,iPhone 14,iPhone 14 ミッドナイト 128GB MPUD3J/A,ミッドナイト,128GB,,4549995362077
2ZOGJR08DP000,スマートフォン本体,Apple,iPhone 14,iPhone 14 ミッドナイト 256GB MPVW3J/A,ミッドナイト,256GB,,4549995362121
2HFVVEE4OH000,スマートフォン本体,Apple,iPhone 14,iPhone 14 ミッドナイト 512GB MPWV3J/A,ミッドナイト,512GB,,4549995362176
0Y7DZMCCXN000,スマートフォン本体,Apple,iPhone 14,iPhone 14 レッド 128GB MPV93J/A,レッド,128GB,,4549995362107
QKKH8CD6LN000,スマートフォン本体,Apple,iPhone 14,iPhone 14 レッド 256GB MPWG3J/A,レッド,256GB,,4549995362152
L4F13ZHJLS000,スマートフォン本体,Apple,iPhone 14,iPhone 14 レッド 512GB MPXF3J/A,レッド,512GB,,4549995362206
D2NVJFOOYS000,スマートフォン本体,Apple,iPhone 15 Plus,iPhone 15 Plus イエロー 128GB MU0A3J/A,イエロー,128GB,,4549995431650
F5KBQRZ5WY000,スマートフォン本体,Apple,iPhone 15 Plus,iPhone 15 Plus イエロー 256GB MU0J3J/A,イエロー,256GB,,4549995431902
7XHFK2TN0W000,スマートフォン本体,Apple,iPhone 15 Plus,iPhone 15 Plus イエロー 512GB MU0V3J/A,イエロー,512GB,,4549995432152
4409VGTS44000,スマートフォン本体,Apple,iPhone 15 Plus,iPhone 15 Plus グリーン 128GB MU0E3J/A,グリーン,128GB,,4549995431759
6JSA0RRN9V000,スマートフォン本体,Apple,iPhone 15 Plus,iPhone 15 Plus グリーン 256GB MU0Q3J/A,グリーン,256GB,,4549995432008
CY41918S8S000,スマートフォン本体,Apple,iPhone 15 Plus,iPhone 15 Plus グリーン 512GB MU0X3J/A,グリーン,512GB,,4549995432251
63NXFNIB1E000,スマートフォン本体,Apple,iPhone 15 Plus,iPhone 15 Plus ピンク 128GB MU093J/A,ピンク,128GB,,4549995431605
1MBK4X4U6R000,スマートフォン本体,Apple,iPhone 15 Plus,iPhone 15 Plus ピンク 256GB MU0H3J/A,ピンク,256GB,,4549995431858
46KSFVLSE4000,スマートフォン本体,Apple,iPhone 15 Plus,iPhone 15 Plus ピンク 512GB MU0U3J/A,ピンク,512GB,,4549995432107
EU17LYFCWM000,スマートフォン本体,Apple,iPhone 15 Plus,iPhone 15 Plus ブラック 128GB MU083J/A,ブラック,128GB,,4549995431551
0RZ11Y3XRS000,スマートフォン本体,Apple,iPhone 15 Plus,iPhone 15 Plus ブラック 256GB MU0F3J/A,ブラック,256GB,,4549995431803
KM083W9FTB000,スマートフォン本体,Apple,iPhone 15 Plus,iPhone 15 Plus ブラック 512GB MU0T3J/A,ブラック,512GB,,4549995432053
3878RDA4SM000,スマートフォン本体,Apple,iPhone 15 Plus,iPhone 15 Plus ブルー 128GB MU0D3J/A,ブルー,128GB,,4549995431704
4JEMAF7GOI000,スマートフォン本体,Apple,iPhone 15 Plus,iPhone 15 Plus ブルー 256GB MU0N3J/A,ブルー,256GB,,4549995431957
0K0Y90P844000,スマートフォン本体,Apple,iPhone 15 Plus,iPhone 15 Plus ブルー 512GB MU0W3J/A,ブルー,512GB,,4549995432206
2UIKG4UKHP000,スマートフォン本体,Apple,iPhone 15 Pro Max,iPhone 15 Pro Max ナチュラルチタニウム 1TB MU713J/A,ナチュラルチタニウム,1TB,,4549995433517
2IVF1SZ13M000,スマートフォン本体,Apple,iPhone 15 Pro Max,iPhone 15 Pro Max ナチュラルチタニウム 256GB MU6R3J/A,ナチュラルチタニウム,256GB,,4549995433111
F1SCPE4VFL000,スマートフォン本体,Apple,iPhone 15 Pro Max,iPhone 15 Pro Max ナチュラルチタニウム 512GB MU6W3J/A,ナチュラルチタニウム,512GB,,4549995433319
655GY61U15000,スマートフォン本体,Apple,iPhone 15 Pro Max,iPhone 15 Pro Max ブラックチタニウム 1TB MU6Y3J/A,ブラックチタニウム,1TB,,4549995433418
1KEFEBJL3P000,スマートフォン本体,Apple,iPhone 15 Pro Max,iPhone 15 Pro Max ブラックチタニウム 256GB MU6P3J/A,ブラックチタニウム,256GB,,4549995433012
3FYU5OQP37000,スマートフォン本体,Apple,iPhone 15 Pro Max,iPhone 15 Pro Max ブラックチタニウム 512GB MU6U3J/A,ブラックチタニウム,512GB,,4549995433210
6ZVMHVMXOQ000,スマートフォン本体,Apple,iPhone 15 Pro Max,iPhone 15 Pro Max ブルーチタニウム 1TB MU723J/A,ブルーチタニウム,1TB,,4549995433562
BD4FMBTJCK000,スマートフォン本体,Apple,iPhone 15 Pro Max,iPhone 15 Pro Max ブルーチタニウム 256GB MU6T3J/A,ブルーチタニウム,256GB,,4549995433166
6APMZGO3XH000,スマートフォン本体,Apple,iPhone 15 Pro Max,iPhone 15 Pro Max ブルーチタニウム 512GB MU6X3J/A,ブルーチタニウム,512GB,,4549995433364
215C4MFPIO000,スマートフォン本体,Apple,iPhone 15 Pro Max,iPhone 15 Pro Max ホワイトチタニウム 1TB MU703J/A,ホワイトチタニウム,1TB,,4549995433463
AXW6VT9WJX000,スマートフォン本体,Apple,iPhone 15 Pro Max,iPhone 15 Pro Max ホワイトチタニウム 256GB MU6Q3J/A,ホワイトチタニウム,256GB,,4549995433067
Q80FFQGHBI000,スマートフォン本体,Apple,iPhone 15 Pro Max,iPhone 15 Pro Max ホワイトチタニウム 512GB MU6V3J/A,ホワイトチタニウム,512GB,,4549995433265
6NXNUMILUX000,スマートフォン本体,Apple,iPhone 15 Pro,iPhone 15 Pro ナチュラルチタニウム 128GB MTU93J/A,ナチュラルチタニウム,128GB,,4549995429220
2NOPDXVBG9000,スマートフォン本体,Apple,iPhone 15 Pro,iPhone 15 Pro ナチュラルチタニウム 1TB MTUT3J/A,ナチュラルチタニウム,1TB,,4549995429343
FE3A1INF5N000,スマートフォン本体,Apple,iPhone 15 Pro,iPhone 15 Pro ナチュラルチタニウム 256GB MTUF3J/A,ナチュラルチタニウム,256GB,,4549995429268
D494YUSEEJ000,スマートフォン本体,Apple,iPhone 15 Pro,iPhone 15 Pro ナチュラルチタニウム 512GB MTUK3J/A,ナチュラルチタニウム,512GB,,4549995429305
04XWME6RPW000,スマートフォン本体,Apple,iPhone 15 Pro,iPhone 15 Pro ブラックチタニウム 128GB MTU73J/A,ブラックチタニウム,128GB,,4549995429206
AN84ZSEJWT000,スマートフォン本体,Apple,iPhone 15 Pro,iPhone 15 Pro ブラックチタニウム 1TB MTUQ3J/A,ブラックチタニウム,1TB,,4549995429329
FK3BG2BLE6000,スマートフォン本体,Apple,iPhone 15 Pro,iPhone 15 Pro ブラックチタニウム 256GB MTUC3J/A,ブラックチタニウム,256GB,,4549995429244
5RSSE4XX45000,スマートフォン本体,Apple,iPhone 15 Pro,iPhone 15 Pro ブラックチタニウム 512GB MTUH3J/A,ブラックチタニウム,512GB,,4549995429282
802FC3DNSA000,スマートフォン本体,Apple,iPhone 15 Pro,iPhone 15 Pro ブルーチタニウム 128GB MTUA3J/A,ブルーチタニウム,128GB,,4549995429237
6I34DPJLV9000,スマートフォン本体,Apple,iPhone 15 Pro,iPhone 15 Pro ブルーチタニウム 1TB MTUU3J/A,ブルーチタニウム,1TB,,4549995429350
SBDULVA7P4000,スマートフォン本体,Apple,iPhone 15 Pro,iPhone 15 Pro ブルーチタニウム 256GB MTUG3J/A,ブルーチタニウム,256GB,,4549995429275
A8Z0JHXOJE000,スマートフォン本体,Apple,iPhone 15 Pro,iPhone 15 Pro ブルーチタニウム 512GB MTUL3J/A,ブルーチタニウム,512GB,,4549995429312
GMUU8ZP6ND000,スマートフォン本体,Apple,iPhone 15 Pro,iPhone 15 Pro ホワイトチタニウム 128GB MTU83J/A,ホワイトチタニウム,128GB,,4549995429213
1S051TPZ57000,スマートフォン本体,Apple,iPhone 15 Pro,iPhone 15 Pro ホワイトチタニウム 1TB MTUR3J/A,ホワイトチタニウム,1TB,,4549995429336
CCQLLIG7YU000,スマートフォン本体,Apple,iPhone 15 Pro,iPhone 15 Pro ホワイトチタニウム 256GB MTUD3J/A,ホワイトチタニウム,256GB,,4549995429251
AFQSUG4P9C000,スマートフォン本体,Apple,iPhone 15 Pro,iPhone 15 Pro ホワイトチタニウム 512GB MTUJ3J/A,ホワイトチタニウム,512GB,,4549995429299
MGURVLWMHK000,スマートフォン本体,Apple,iPhone 15,iPhone 15 イエロー 128GB MTMK3J/A,イエロー,128GB,,4549995430431
67B4MRYJWH000,スマートフォン本体,Apple,iPhone 15,iPhone 15 イエロー 256GB MTMQ3J/A,イエロー,256GB,,4549995430530
7F4Z788F34000,スマートフォン本体,Apple,iPhone 15,iPhone 15 イエロー 512GB MTMW3J/A,イエロー,512GB,,4549995430639
FDSD866WRD000,スマートフォン本体,Apple,iPhone 15,iPhone 15 グリーン 128GB MTMM3J/A,グリーン,128GB,,4549995430479
4NM8DBXRGH000,スマートフォン本体,Apple,iPhone 15,iPhone 15 グリーン 256GB MTMT3J/A,グリーン,256GB,,4549995430578
0CRW8M86RQ000,スマートフォン本体,Apple,iPhone 15,iPhone 15 グリーン 512GB MTMY3J/A,グリーン,512GB,,4549995430677
3F4G8YE958000,スマートフォン本体,Apple,iPhone 15,iPhone 15 ピンク 128GB MTMJ3J/A,ピンク,128GB,,4549995430417
9GZ4GAILMS000,スマートフォン本体,Apple,iPhone 15,iPhone 15 ピンク 256GB MTMP3J/A,ピンク,256GB,,4549995430516
Z8V98I4ECU000,スマートフォン本体,Apple,iPhone 15,iPhone 15 ピンク 512GB MTMV3J/A,ピンク,512GB,,4549995430615
B186J6FWQ0000,スマートフォン本体,Apple,iPhone 15,iPhone 15 ブラック 128GB MTMH3J/A,ブラック,128GB,,4549995430394
6I5UZ3FP8B000,スマートフォン本体,Apple,iPhone 15,iPhone 15 ブラック 256GB MTMN3J/A,ブラック,256GB,,4549995430493
KLN27GASUT000,スマートフォン本体,Apple,iPhone 15,iPhone 15 ブラック 512GB MTMU3J/A,ブラック,512GB,,4549995430592
1YW3ZCIY44000,スマートフォン本体,Apple,iPhone 15,iPhone 15 ブルー 128GB MTML3J/A,ブルー,128GB,,4549995430455
40NAS1UQL9000,スマートフォン本体,Apple,iPhone 15,iPhone 15 ブルー 256GB MTMR3J/A,ブルー,256GB,,4549995430554
8RXL2J38SF000,スマートフォン本体,Apple,iPhone 15,iPhone 15 ブルー 512GB MTMX3J/A,ブルー,512GB,,4549995430653
3L525856HP000,スマートフォン本体,Apple,iPhone 16 Plus,iPhone 16 Plus ウルトラマリン 128GB MXVE3J/A,ウルトラマリン,128GB,,4549995525519
EIT4TBPK3X000,スマートフォン本体,Apple,iPhone 16 Plus,iPhone 16 Plus ウルトラマリン 256GB MXVK3J/A,ウルトラマリン,256GB,,4549995525762
46EQZ00134000,スマートフォン本体,Apple,iPhone 16 Plus,iPhone 16 Plus ウルトラマリン 512GB MXVR3J/A,ウルトラマリン,512GB,,4549995526011
QWO507XI9X000,スマートフォン本体,Apple,iPhone 16 Plus,iPhone 16 Plus ティール 128GB MXVF3J/A,ティール,128GB,,4549995525564
MNV8P1I3TF000,スマートフォン本体,Apple,iPhone 16 Plus,iPhone 16 Plus ティール 256GB MXVL3J/A,ティール,256GB,,4549995525816
4ITV4G6N0U000,スマートフォン本体,Apple,iPhone 16 Plus,iPhone 16 Plus ティール 512GB MXVT3J/A,ティール,512GB,,4549995526066
0EFLMZJKN9000,スマートフォン本体,Apple,iPhone 16 Plus,iPhone 16 Plus ピンク 128GB MXVD3J/A,ピンク,128GB,,4549995525465
161QIMSWPM000,スマートフォン本体,Apple,iPhone 16 Plus,iPhone 16 Plus ピンク 256GB MXVJ3J/A,ピンク,256GB,,4549995525717
JVVBJVSMKC000,スマートフォン本体,Apple,iPhone 16 Plus,iPhone 16 Plus ピンク 512GB MXVQ3J/A,ピンク,512GB,,4549995525960
9PRDNS8DPD000,スマートフォン本体,Apple,iPhone 16 Plus,iPhone 16 Plus ブラック 128GB MXVA3J/A,ブラック,128GB,,4549995525366
LN5TSVUP0E000,スマートフォン本体,Apple,iPhone 16 Plus,iPhone 16 Plus ブラック 256GB MXVG3J/A,ブラック,256GB,,4549995525618
59CXPBY2NF000,スマートフォン本体,Apple,iPhone 16 Plus,iPhone 16 Plus ブラック 512GB MXVN3J/A,ブラック,512GB,,4549995525861
KHJJCIZRDU000,スマートフォン本体,Apple,iPhone 16 Plus,iPhone 16 Plus ホワイト 128GB MXVC3J/A,ホワイト,128GB,,4549995525410
A9D6OE7YEU000,スマートフォン本体,Apple,iPhone 16 Plus,iPhone 16 Plus ホワイト 256GB MXVH3J/A,ホワイト,256GB,,4549995525663
XYT01SVETF000,スマートフォン本体,Apple,iPhone 16 Plus,iPhone 16 Plus ホワイト 512GB MXVP3J/A,ホワイト,512GB,,4549995525915
DKJICS56LD000,スマートフォン本体,Apple,iPhone 16 Pro Max,iPhone 16 Pro Max デザートチタニウム 1TB MYWT3J/A,デザートチタニウム,1TB,,4549995536522
A4KK12B908000,スマートフォン本体,Apple,iPhone 16 Pro Max,iPhone 16 Pro Max デザートチタニウム 256GB MYWJ3J/A,デザートチタニウム,256GB,,4549995536447
781GHULB21000,スマートフォン本体,Apple,iPhone 16 Pro Max,iPhone 16 Pro Max デザートチタニウム 512GB MYWN3J/A,デザートチタニウム,512GB,,4549995536485
1C2ZTZKPUD000,スマートフォン本体,Apple,iPhone 16 Pro Max,iPhone 16 Pro Max ナチュラルチタニウム 1TB MYWU3J/A,ナチュラルチタニウム,1TB,,4549995536539
6I79KM7SR1000,スマートフォン本体,Apple,iPhone 16 Pro Max,iPhone 16 Pro Max ナチュラルチタニウム 256GB MYWK3J/A,ナチュラルチタニウム,256GB,,4549995536454
DCJ8QEWVBP000,スマートフォン本体,Apple,iPhone 16 Pro Max,iPhone 16 Pro Max ナチュラルチタニウム 512GB MYWP3J/A,ナチュラルチタニウム,512GB,,4549995536492
3XIRE0FTPO000,スマートフォン本体,Apple,iPhone 16 Pro Max,iPhone 16 Pro Max ブラックチタニウム 1TB MYWQ3J/A,ブラックチタニウム,1TB,,4549995536508
S7SVHP0XL8000,スマートフォン本体,Apple,iPhone 16 Pro Max,iPhone 16 Pro Max ブラックチタニウム 256GB MYWG3J/A,ブラックチタニウム,256GB,,4549995536423
0YNCW6WOZP000,スマートフォン本体,Apple,iPhone 16 Pro Max,iPhone 16 Pro Max ブラックチタニウム 512GB MYWL3J/A,ブラックチタニウム,512GB,,4549995536461
L4JB3B8KXO000,スマートフォン本体,Apple,iPhone 16 Pro Max,iPhone 16 Pro Max ホワイトチタニウム 1TB MYWR3J/A,ホワイトチタニウム,1TB,,4549995536515
0SEGU8T95K000,スマートフォン本体,Apple,iPhone 16 Pro Max,iPhone 16 Pro Max ホワイトチタニウム 256GB MYWH3J/A,ホワイトチタニウム,256GB,,4549995536430
J7I2ST6NTB000,スマートフォン本体,Apple,iPhone 16 Pro Max,iPhone 16 Pro Max ホワイトチタニウム 512GB MYWM3J/A,ホワイトチタニウム,512GB,,4549995536478
44IQ1YYD0A000,スマートフォン本体,Apple,iPhone 16 Pro,iPhone 16 Pro デザートチタニウム 128GB MYMX3J/A,デザートチタニウム,128GB,,4549995532562
44JZUE7N0T000,スマートフォン本体,Apple,iPhone 16 Pro,iPhone 16 Pro デザートチタニウム 1TB MYNA3J/A,デザートチタニウム,1TB,,4549995533163
IG34LLJAG8000,スマートフォン本体,Apple,iPhone 16 Pro,iPhone 16 Pro デザートチタニウム 256GB MYN23J/A,デザートチタニウム,256GB,,4549995532760
4SSWMDN2IQ000,スマートフォン本体,Apple,iPhone 16 Pro,iPhone 16 Pro デザートチタニウム 512GB MYN63J/A,デザートチタニウム,512GB,,4549995532968
KBIW5J97DU000,スマートフォン本体,Apple,iPhone 16 Pro,iPhone 16 Pro ナチュラルチタニウム 128GB MYMY3J/A,ナチュラルチタニウム,128GB,,4549995532616
7Y5AX5Q4T1000,スマートフォン本体,Apple,iPhone 16 Pro,iPhone 16 Pro ナチュラルチタニウム 1TB MYNC3J/A,ナチュラルチタニウム,1TB,,4549995533217
BN9OC84P7C000,スマートフォン本体,Apple,iPhone 16 Pro,iPhone 16 Pro ナチュラルチタニウム 256GB MYN33J/A,ナチュラルチタニウム,256GB,,4549995532814
PXR7WY4VHI000,スマートフォン本体,Apple,iPhone 16 Pro,iPhone 16 Pro ナチュラルチタニウム 512GB MYN73J/A,ナチュラルチタニウム,512GB,,4549995533019
1Y5SLTQF5C000,スマートフォン本体,Apple,iPhone 16 Pro,iPhone 16 Pro ブラックチタニウム 128GB MYMV3J/A,ブラックチタニウム,128GB,,4549995532463
JWVY34BFIW000,スマートフォン本体,Apple,iPhone 16 Pro,iPhone 16 Pro ブラックチタニウム 1TB MYN83J/A,ブラックチタニウム,1TB,,4549995533064
5O2SOJY54S000,スマートフォン本体,Apple,iPhone 16 Pro,iPhone 16 Pro ブラックチタニウム 256GB MYN03J/A,ブラックチタニウム,256GB,,4549995532661
0NNLDQ6YHH000,スマートフォン本体,Apple,iPhone 16 Pro,iPhone 16 Pro ブラックチタニウム 512GB MYN43J/A,ブラックチタニウム,512GB,,4549995532869
4DXVC5CVTN000,スマートフォン本体,Apple,iPhone 16 Pro,iPhone 16 Pro ホワイトチタニウム 128GB MYMW3J/A,ホワイトチタニウム,128GB,,4549995532517
4Z9L7868YK000,スマートフォン本体,Apple,iPhone 16 Pro,iPhone 16 Pro ホワイトチタニウム 1TB MYN93J/A,ホワイトチタニウム,1TB,,4549995533118
4W7X01PN5W000,スマートフォン本体,Apple,iPhone 16 Pro,iPhone 16 Pro ホワイトチタニウム 256GB MYN13J/A,ホワイトチタニウム,256GB,,4549995532715
98LE4NO7F4000,スマートフォン本体,Apple,iPhone 16 Pro,iPhone 16 Pro ホワイトチタニウム 512GB MYN53J/A,ホワイトチタニウム,512GB,,4549995532913
42IC1G8S43000,スマートフォン本体,Apple,iPhone 16,iPhone 16 ウルトラマリン 128GB MYDU3J/A,ウルトラマリン,128GB,,4549995539073
2MJ0KVTY9N000,スマートフォン本体,Apple,iPhone 16,iPhone 16 ウルトラマリン 256GB MYE03J/A,ウルトラマリン,256GB,,4549995539127
0TEQVQWBZK000,スマートフォン本体,Apple,iPhone 16,iPhone 16 ウルトラマリン 512GB MYE53J/A,ウルトラマリン,512GB,,4549995539172
2PBS7W5C4I000,スマートフォン本体,Apple,iPhone 16,iPhone 16 ティール 128GB MYDV3J/A,ティール,128GB,,4549995539080
4IL6O6LQKN000,スマートフォン本体,Apple,iPhone 16,iPhone 16 ティール 256GB MYE13J/A,ティール,256GB,,4549995539134
41HULFIOOB000,スマートフォン本体,Apple,iPhone 16,iPhone 16 ティール 512GB MYE63J/A,ティール,512GB,,4549995539189
0N6G74MFVB000,スマートフォン本体,Apple,iPhone 16,iPhone 16 ピンク 128GB MYDT3J/A,ピンク,128GB,,4549995539066
H3WQXEI6QC000,スマートフォン本体,Apple,iPhone 16,iPhone 16 ピンク 256GB MYDY3J/A,ピンク,256GB,,4549995539110
QAZOL16V1K000,スマートフォン本体,Apple,iPhone 16,iPhone 16 ピンク 512GB MYE43J/A,ピンク,512GB,,4549995539165
401BR2ON39000,スマートフォン本体,Apple,iPhone 16,iPhone 16 ブラック 128GB MYDQ3J/A,ブラック,128GB,,4549995539042
62QNT2GK1X000,スマートフォン本体,Apple,iPhone 16,iPhone 16 ブラック 256GB MYDW3J/A,ブラック,256GB,,4549995539097
6JZ7Q79BDR000,スマートフォン本体,Apple,iPhone 16,iPhone 16 ブラック 512GB MYE23J/A,ブラック,512GB,,4549995539141
1ACAGUJHCI000,スマートフォン本体,Apple,iPhone 16,iPhone 16 ホワイト 128GB MYDR3J/A,ホワイト,128GB,,4549995539059
06JI0T79HC000,スマートフォン本体,Apple,iPhone 16,iPhone 16 ホワイト 256GB MYDX3J/A,ホワイト,256GB,,4549995539103
4HTZ7G4GVL000,スマートフォン本体,Apple,iPhone 16,iPhone 16 ホワイト 512GB MYE33J/A,ホワイト,512GB,,4549995539158
OR5SUSZDBA000,スマートフォン本体,Apple,iPhone 16e,iPhone 16e ブラック 128GB MD1Q4J/A,ブラック,128GB,,4549995558999
4PUX7C5FU6000,スマートフォン本体,Apple,iPhone 16e,iPhone 16e ブラック 256GB MD1T4J/A,ブラック,256GB,,4549995559019
2MS7IHQIHX000,スマートフォン本体,Apple,iPhone 16e,iPhone 16e ブラック 512GB MD1X4J/A,ブラック,512GB,,4549995559033
AJ5QXZEGPQ000,スマートフォン本体,Apple,iPhone 16e,iPhone 16e ホワイト 128GB MD1R4J/A,ホワイト,128GB,,4549995559002
HYA8F145AB000,スマートフォン本体,Apple,iPhone 16e,iPhone 16e ホワイト 256GB MD1W4J/A,ホワイト,256GB,,4549995559026
43JMI72WFX000,スマートフォン本体,Apple,iPhone 16e,iPhone 16e ホワイト 512GB MD274J/A,ホワイト,512GB,,4549995559040
A4DWVR9329000,スマートフォン本体,Apple,iPhone 17 Pro Max,iPhone 17 Pro Max コズミックオレンジ 1TB MFYG4J/A,コズミックオレンジ,1TB,,4549995649352
W7QVW5631H000,スマートフォン本体,Apple,iPhone 17 Pro Max,iPhone 17 Pro Max コズミックオレンジ 256GB MFY94J/A,コズミックオレンジ,256GB,,4549995649291
S59GZTOWJX000,スマートフォン本体,Apple,iPhone 17 Pro Max,iPhone 17 Pro Max コズミックオレンジ 2TB MFYK4J/A,コズミックオレンジ,2TB,,4549995649383
X7RA0IE058000,スマートフォン本体,Apple,iPhone 17 Pro Max,iPhone 17 Pro Max コズミックオレンジ 512GB MFYD4J/A,コズミックオレンジ,512GB,,4549995649321
04E801NESJ000,スマートフォン本体,Apple,iPhone 17 Pro Max,iPhone 17 Pro Max シルバー 1TB MFYF4J/A,シルバー,1TB,,4549995649345
L98FX3RQM4000,スマートフォン本体,Apple,iPhone 17 Pro Max,iPhone 17 Pro Max シルバー 256GB MFY84J/A,シルバー,256GB,,4549995649284
NV73GJT3PV000,スマートフォン本体,Apple,iPhone 17 Pro Max,iPhone 17 Pro Max シルバー 2TB MFYJ4J/A,シルバー,2TB,,4549995649376
L0ZNBYIW0Q000,スマートフォン本体,Apple,iPhone 17 Pro Max,iPhone 17 Pro Max シルバー 512GB MFYC4J/A,シルバー,512GB,,4549995649314
HQO4WTSFWP000,スマートフォン本体,Apple,iPhone 17 Pro Max,iPhone 17 Pro Max ディープブルー 1TB MFYH4J/A,ディープブルー,1TB,,4549995649369
GD7ORWQU7R000,スマートフォン本体,Apple,iPhone 17 Pro Max,iPhone 17 Pro Max ディープブルー 256GB MFYA4J/A,ディープブルー,256GB,,4549995649307
KMH22LA3IJ000,スマートフォン本体,Apple,iPhone 17 Pro Max,iPhone 17 Pro Max ディープブルー 2TB MFYL4J/A,ディープブルー,2TB,,4549995649390
XZ755ILLY8000,スマートフォン本体,Apple,iPhone 17 Pro Max,iPhone 17 Pro Max ディープブルー 512GB MFYE4J/A,ディープブルー,512GB,,4549995649338
NDQT3775PZ000,スマートフォン本体,Apple,iPhone 17 Pro,iPhone 17 Pro コズミックオレンジ 1TB MG8E4J/A,コズミックオレンジ,1TB,,4549995648362
0CBL4COTF7000,スマートフォン本体,Apple,iPhone 17 Pro,iPhone 17 Pro コズミックオレンジ 256GB MG864J/A,コズミックオレンジ,256GB,,4549995648300
DC4842NH2U000,スマートフォン本体,Apple,iPhone 17 Pro,iPhone 17 Pro コズミックオレンジ 512GB MG8A4J/A,コズミックオレンジ,512GB,,4549995648331
9ETUGF8QH7000,スマートフォン本体,Apple,iPhone 17 Pro,iPhone 17 Pro シルバー 1TB MG8D4J/A,シルバー,1TB,,4549995648355
5UIW0S1C1H000,スマートフォン本体,Apple,iPhone 17 Pro,iPhone 17 Pro シルバー 256GB MG854J/A,シルバー,256GB,,4549995648294
85W7OA7625000,スマートフォン本体,Apple,iPhone 17 Pro,iPhone 17 Pro シルバー 512GB MG894J/A,シルバー,512GB,,4549995648324
63QA24Q4OK000,スマートフォン本体,Apple,iPhone 17 Pro,iPhone 17 Pro ディープブルー 1TB MG8F4J/A,ディープブルー,1TB,,4549995648379
VQS88LRAQT000,スマートフォン本体,Apple,iPhone 17 Pro,iPhone 17 Pro ディープブルー 256GB MG874J/A,ディープブルー,256GB,,4549995648317
6PL6W4U9IS000,スマートフォン本体,Apple,iPhone 17 Pro,iPhone 17 Pro ディープブルー 512GB MG8C4J/A,ディープブルー,512GB,,4549995648348
1HN5D7M643000,スマートフォン本体,Apple,iPhone 17,iPhone 17 セージ 256GB MG6C4J/A,セージ,256GB,,4549995649192
84E1VP5XBW000,スマートフォン本体,Apple,iPhone 17,iPhone 17 セージ 512GB MG6H4J/A,セージ,512GB,,4549995649246
E47KI9MECM000,スマートフォン本体,Apple,iPhone 17,iPhone 17 ブラック 256GB MG674J/A,ブラック,256GB,,4549995649154
5EDJVF5WXL000,スマートフォン本体,Apple,iPhone 17,iPhone 17 ブラック 512GB MG6D4J/A,ブラック,512GB,,4549995649208
4KWV5XSIFK000,スマートフォン本体,Apple,iPhone 17,iPhone 17 ホワイト 256GB MG684J/A,ホワイト,256GB,,4549995649161
16BELJN0JJ000,スマートフォン本体,Apple,iPhone 17,iPhone 17 ホワイト 512GB MG6E4J/A,ホワイト,512GB,,4549995649215
MDORX2ZCIY000,スマートフォン本体,Apple,iPhone 17,iPhone 17 ミストブルー 256GB MG694J/A,ミストブルー,256GB,,4549995649178
4Y33H7AZ7G000,スマートフォン本体,Apple,iPhone 17,iPhone 17 ミストブルー 512GB MG6F4J/A,ミストブルー,512GB,,4549995649222
14710262QM000,スマートフォン本体,Apple,iPhone 17,iPhone 17 ラベンダー 256GB MG6A4J/A,ラベンダー,256GB,,4549995649185
4VFT40HP3F000,スマートフォン本体,Apple,iPhone 17,iPhone 17 ラベンダー 512GB MG6G4J/A,ラベンダー,512GB,,4549995649239
2O3JP4YCM7000,スマートフォン本体,Apple,iPhone 17e,iPhone 17e ソフトピンク 256GB MHRQ4J/A,ソフトピンク,256GB,,4549995677584
53E9303GE2000,スマートフォン本体,Apple,iPhone 17e,iPhone 17e ソフトピンク 512GB MHRU4J/A,ソフトピンク,512GB,,4549995677737
0KYEGGWAXF000,スマートフォン本体,Apple,iPhone 17e,iPhone 17e ブラック 256GB MHRN4J/A,ブラック,256GB,,4549995677485
1TYW4641P7000,スマートフォン本体,Apple,iPhone 17e,iPhone 17e ブラック 512GB MHRR4J/A,ブラック,512GB,,4549995677638
6EJEADOJ7Y000,スマートフォン本体,Apple,iPhone 17e,iPhone 17e ホワイト 256GB MHRP4J/A,ホワイト,256GB,,4549995677539
240J2Y4YW6000,スマートフォン本体,Apple,iPhone 17e,iPhone 17e ホワイト 512GB MHRT4J/A,ホワイト,512GB,,4549995677683
PWZ2D73VDF000,スマートフォン本体,Apple,iPhone 3G,iPhone 3G ブラック 16GB MB496J/A,ブラック,16GB,,4547597623527
1WPHUEE8IN000,スマートフォン本体,Apple,iPhone 3G,iPhone 3G ブラック 8GB MB489J/A,ブラック,8GB,,4547597623503
COAPV94DLA000,スマートフォン本体,Apple,iPhone 3GS,iPhone 3GS ブラック 16GB MC131J/A,ブラック,16GB,,
PUDK3EWL9A000,スマートフォン本体,Apple,iPhone 3GS,iPhone 3GS ブラック 32GB MC133J/A,ブラック,32GB,,4547597656488
MG9RK40EF0000,スマートフォン本体,Apple,iPhone 3GS,iPhone 3GS ブラック 8GB MC637J/A,ブラック,8GB,,
SG15H94065000,スマートフォン本体,Apple,iPhone 3GS,iPhone 3GS ホワイト 16GB MC132J/A,ホワイト,16GB,,4547597656471
3EWHJRWQ5K000,スマートフォン本体,Apple,iPhone 3GS,iPhone 3GS ホワイト 32GB MC134J/A,ホワイト,32GB,,4547597656495
3TMY41PGAI000,スマートフォン本体,Apple,iPhone 3GS,iPhone 3GS ホワイト 8GB,ホワイト,8GB,,
KGQFOHOQQ3000,スマートフォン本体,Apple,iPhone 4,iPhone 4 ブラック 16GB MC603J/A,ブラック,16GB,,4547597718322
7LJLUJWHNC000,スマートフォン本体,Apple,iPhone 4,iPhone 4 ブラック 32GB MC605J/A,ブラック,32GB,,4547597718346
2KDPLFLHV6000,スマートフォン本体,Apple,iPhone 4,iPhone 4 ブラック 8GB MD128J/A,ブラック,8GB,,4547597777763
IJIOE1WLZ6000,スマートフォン本体,Apple,iPhone 4,iPhone 4 ホワイト 16GB MC604J/A,ホワイト,16GB,,4547597718339
ZQKOTUY08C000,スマートフォン本体,Apple,iPhone 4,iPhone 4 ホワイト 32GB MC606J/A,ホワイト,32GB,,4547597718490
LIJZ1RZBFE000,スマートフォン本体,Apple,iPhone 4,iPhone 4 ホワイト 8GB MD198J/A,ホワイト,8GB,,4547597780497
O5JRSFJS2E000,スマートフォン本体,Apple,iPhone 4s,iPhone 4s ブラック 16GB MD235J/A,ブラック,16GB,,4547597791158
4DRHHK5YF4000,スマートフォン本体,Apple,iPhone 4s,iPhone 4s ブラック 32GB MD242J/A,ブラック,32GB,,
95BSVUZD2O000,スマートフォン本体,Apple,iPhone 4s,iPhone 4s ブラック 64GB MD258J/A,ブラック,64GB,,4547597791257
GSBVVK48SA000,スマートフォン本体,Apple,iPhone 4s,iPhone 4s ブラック 8GB,ブラック,8GB,,
4UN14CMLZ8000,スマートフォン本体,Apple,iPhone 4s,iPhone 4s ホワイト 16GB MD239J/A,ホワイト,16GB,,4547597791172
2RIRMUQ4UY000,スマートフォン本体,Apple,iPhone 4s,iPhone 4s ホワイト 32GB MD245J/A,ホワイト,32GB,,4547597791219
88E4MC8BGT000,スマートフォン本体,Apple,iPhone 4s,iPhone 4s ホワイト 64GB MD261J/A,ホワイト,64GB,,4547597791271
318RLPE2Q9000,スマートフォン本体,Apple,iPhone 4s,iPhone 4s ホワイト 8GB,ホワイト,8GB,,
WYEUGVTSKI000,スマートフォン本体,Apple,iPhone 5,iPhone 5 ブラック 16GB MD297J/A,ブラック,16GB,,4547597818640
984LVL41RK000,スマートフォン本体,Apple,iPhone 5,iPhone 5 ブラック 32GB MD299J/A,ブラック,32GB,,4547597818664
TKFDPHEENQ000,スマートフォン本体,Apple,iPhone 5,iPhone 5 ブラック 64GB MD662J/A,ブラック,64GB,,4547597818688
HIFVH0Q438000,スマートフォン本体,Apple,iPhone 5,iPhone 5 ホワイト 16GB MD298J/A,ホワイト,16GB,,4547597819012
DYREWFRAAI000,スマートフォン本体,Apple,iPhone 5,iPhone 5 ホワイト 32GB MD300J/A,ホワイト,32GB,,4547597818671
AM9BJUFJQ6000,スマートフォン本体,Apple,iPhone 5,iPhone 5 ホワイト 64GB MD663J/A,ホワイト,64GB,,4547597818695
ZYP1L8AGC9000,スマートフォン本体,Apple,iPhone 5c,iPhone 5c イエロー 16GB ME542J/A,イエロー,16GB,,4547597854853
V81F48KSPT000,スマートフォン本体,Apple,iPhone 5c,iPhone 5c イエロー 32GB MF150J/A,イエロー,32GB,,4547597858837
T100KIZHTW000,スマートフォン本体,Apple,iPhone 5c,iPhone 5c イエロー 8GB,イエロー,8GB,,
18RY8HF3ZE000,スマートフォン本体,Apple,iPhone 5c,iPhone 5c グリーン 16GB ME544J/A,グリーン,16GB,,4547597854877
FQ2NQL19DR000,スマートフォン本体,Apple,iPhone 5c,iPhone 5c グリーン 32GB MF152J/A,グリーン,32GB,,4547597858851
YLQCM0I6Z8000,スマートフォン本体,Apple,iPhone 5c,iPhone 5c グリーン 8GB,グリーン,8GB,,
BRZD53SEMJ000,スマートフォン本体,Apple,iPhone 5c,iPhone 5c ピンク 16GB ME545J/A,ピンク,16GB,,4547597854884
Y4B7GW273Q000,スマートフォン本体,Apple,iPhone 5c,iPhone 5c ピンク 32GB MF153J/A,ピンク,32GB,,4547597858868
T5DW4TWLN4000,スマートフォン本体,Apple,iPhone 5c,iPhone 5c ピンク 8GB,ピンク,8GB,,
PESNSOHH6N000,スマートフォン本体,Apple,iPhone 5c,iPhone 5c ブルー 16GB ME543J/A,ブルー,16GB,,4547597854860
PE6OBTL214000,スマートフォン本体,Apple,iPhone 5c,iPhone 5c ブルー 32GB MF151J/A,ブルー,32GB,,4547597858844
53B4GIBG93000,スマートフォン本体,Apple,iPhone 5c,iPhone 5c ブルー 8GB,ブルー,8GB,,
VNJ9QR1HIL000,スマートフォン本体,Apple,iPhone 5c,iPhone 5c ホワイト 16GB ME541J/A,ホワイト,16GB,,4547597854846
5UVJ5CHSBP000,スマートフォン本体,Apple,iPhone 5c,iPhone 5c ホワイト 32GB MF149J/A,ホワイト,32GB,,4547597858820
B44QGN4T8D000,スマートフォン本体,Apple,iPhone 5c,iPhone 5c ホワイト 8GB,ホワイト,8GB,,
4L9MEP6F4M000,スマートフォン本体,Apple,iPhone 5s,iPhone 5s ゴールド 16GB ME334J/A,ゴールド,16GB,,4547597854228
W6FWZLPHEY000,スマートフォン本体,Apple,iPhone 5s,iPhone 5s ゴールド 32GB ME337J/A,ゴールド,32GB,,4547597854259
31DCGM3T8L000,スマートフォン本体,Apple,iPhone 5s,iPhone 5s ゴールド 64GB ME340J/A,ゴールド,64GB,,4547597854280
H6GEKRXJJL000,スマートフォン本体,Apple,iPhone 5s,iPhone 5s シルバー 16GB ME333J/A,シルバー,16GB,,4547597854211
LLRBNSIPMR000,スマートフォン本体,Apple,iPhone 5s,iPhone 5s シルバー 32GB ME336J/A,シルバー,32GB,,4547597854242
F3AE99W8WI000,スマートフォン本体,Apple,iPhone 5s,iPhone 5s シルバー 64GB ME339J/A,シルバー,64GB,,4547597854273
RJ2YNFONCS000,スマートフォン本体,Apple,iPhone 5s,iPhone 5s スペースグレー 16GB ME332J/A,スペースグレイ,16GB,,4547597854204
S99UVO6BX5000,スマートフォン本体,Apple,iPhone 5s,iPhone 5s スペースグレー 32GB ME335J/A,スペースグレイ,32GB,,4547597854235
XQA9UALA96000,スマートフォン本体,Apple,iPhone 5s,iPhone 5s スペースグレー 64GB ME338J/A,スペースグレイ,64GB,,4547597854266
RY6W5ZWI3A000,スマートフォン本体,Apple,iPhone 6 Plus,iPhone 6 Plus ゴールド 128GB MGAF2J/A,ゴールド,128GB,,
O2Q054056T000,スマートフォン本体,Apple,iPhone 6 Plus,iPhone 6 Plus ゴールド 16GB MGAA2J/A,ゴールド,16GB,,4547597889374
1DWT5OUEJR000,スマートフォン本体,Apple,iPhone 6 Plus,iPhone 6 Plus ゴールド 64GB MGAK2J/A,ゴールド,64GB,,4547597889558
FKGM6COB3U000,スマートフォン本体,Apple,iPhone 6 Plus,iPhone 6 Plus シルバー 128GB MGAE2J/A,シルバー,128GB,,4547597889435
ES9GI6G0OF000,スマートフォン本体,Apple,iPhone 6 Plus,iPhone 6 Plus シルバー 16GB MGA92J/A,シルバー,16GB,,4547597889350
JMGXBGAKV4000,スマートフォン本体,Apple,iPhone 6 Plus,iPhone 6 Plus シルバー 64GB MGAJ2J/A,シルバー,64GB,,4547597889527
ZX3JWBQDJX000,スマートフォン本体,Apple,iPhone 6 Plus,iPhone 6 Plus スペースグレー 128GB MGAC2J/A,スペースグレイ,128GB,,4547597889404
TCPB3VIIY5000,スマートフォン本体,Apple,iPhone 6 Plus,iPhone 6 Plus スペースグレー 16GB MGA82J/A,スペースグレイ,16GB,,4547597889312
4BMM50I9X4000,スマートフォン本体,Apple,iPhone 6 Plus,iPhone 6 Plus スペースグレー 64GB MGAH2J/A,スペースグレイ,64GB,,4547597889497
ZPLPD5EOPS000,スマートフォン本体,Apple,iPhone 6,iPhone 6 ゴールド 128GB MG4E2J/A,ゴールド,128GB,,4547597887387
H41KCMAUTN000,スマートフォン本体,Apple,iPhone 6,iPhone 6 ゴールド 16GB MG492J/A,ゴールド,16GB,,4547597887356
2DHDKDYLSD000,スマートフォン本体,Apple,iPhone 6,iPhone 6 ゴールド 32GB,ゴールド,32GB,,
9S4QRZI1QW000,スマートフォン本体,Apple,iPhone 6,iPhone 6 ゴールド 64GB MG4J2J/A,ゴールド,64GB,,4547597897898
XUVI429Y4I000,スマートフォン本体,Apple,iPhone 6,iPhone 6 シルバー 128GB MG4C2J/A,シルバー,128GB,,4547597887370
HG0O901JJH000,スマートフォン本体,Apple,iPhone 6,iPhone 6 シルバー 16GB MG482J/A,シルバー,16GB,,
57GR54S3U2000,スマートフォン本体,Apple,iPhone 6,iPhone 6 シルバー 32GB,シルバー,32GB,,
8UONIKJU5K000,スマートフォン本体,Apple,iPhone 6,iPhone 6 シルバー 64GB MG4H2J/A,シルバー,64GB,,4547597887400
VEZGV2OSGB000,スマートフォン本体,Apple,iPhone 6,iPhone 6 スペースグレー 128GB MG4A2J/A,スペースグレイ,128GB,,4547597887363
KX540SKHP6000,スマートフォン本体,Apple,iPhone 6,iPhone 6 スペースグレー 16GB MG472J/A,スペースグレイ,16GB,,
RC4OM4AFLJ000,スマートフォン本体,Apple,iPhone 6,iPhone 6 スペースグレー 32GB MQ3D2J/A,スペースグレイ,32GB,,
85076TOFCP000,スマートフォン本体,Apple,iPhone 6,iPhone 6 スペースグレー 64GB MG4F2J/A,スペースグレイ,64GB,,4547597887394
9ERR6AR6G9000,スマートフォン本体,Apple,iPhone 6s Plus,iPhone 6s Plus ゴールド 128GB MKUF2J/A,ゴールド,128GB,,4547597930649
7EQA5YKF6L000,スマートフォン本体,Apple,iPhone 6s Plus,iPhone 6s Plus ゴールド 16GB MKU32J/A,ゴールド,16GB,,4547597930564
0H4E2AOIXY000,スマートフォン本体,Apple,iPhone 6s Plus,iPhone 6s Plus ゴールド 32GB MN2X2J/A,ゴールド,32GB,,
LFRP0Y8IMX000,スマートフォン本体,Apple,iPhone 6s Plus,iPhone 6s Plus ゴールド 64GB MKU82J/A,ゴールド,64GB,,4547597930601
684Y6O4QT9000,スマートフォン本体,Apple,iPhone 6s Plus,iPhone 6s Plus シルバー 128GB MKUE2J/A,シルバー,128GB,,4547597930632
CHG33WYEUG000,スマートフォン本体,Apple,iPhone 6s Plus,iPhone 6s Plus シルバー 16GB MKU22J/A,シルバー,16GB,,4547597930717
V63K68HWRT000,スマートフォン本体,Apple,iPhone 6s Plus,iPhone 6s Plus シルバー 32GB MN2W2J/A,シルバー,32GB,,4547597960745
B8RS3RL32P000,スマートフォン本体,Apple,iPhone 6s Plus,iPhone 6s Plus シルバー 64GB MKU72J/A,シルバー,64GB,,4547597930595
3WX1UV22QM000,スマートフォン本体,Apple,iPhone 6s Plus,iPhone 6s Plus スペースグレー 128GB MKUD2J/A,スペースグレイ,128GB,,4547597930625
3B3Y2RAGUS000,スマートフォン本体,Apple,iPhone 6s Plus,iPhone 6s Plus スペースグレー 16GB MKU12J/A,スペースグレイ,16GB,,4547597930540
DX8IDYUG84000,スマートフォン本体,Apple,iPhone 6s Plus,iPhone 6s Plus スペースグレー 32GB MN2V2J/A,スペースグレイ,32GB,,
WEI5KJVL1R000,スマートフォン本体,Apple,iPhone 6s Plus,iPhone 6s Plus スペースグレー 64GB MKU62J/A,スペースグレイ,64GB,,4547597930588
9TAYG0NKRW000,スマートフォン本体,Apple,iPhone 6s Plus,iPhone 6s Plus ローズゴールド 128GB MKUG2J/A,ローズゴールド,128GB,,4547597930656
85HN82WE4V000,スマートフォン本体,Apple,iPhone 6s Plus,iPhone 6s Plus ローズゴールド 16GB MKU52J/A,ローズゴールド,16GB,,4547597930571
QJKQ783QQN000,スマートフォン本体,Apple,iPhone 6s Plus,iPhone 6s Plus ローズゴールド 32GB MN2Y2J/A,ローズゴールド,32GB,,4547597960820
PPFIWM7IQ8000,スマートフォン本体,Apple,iPhone 6s Plus,iPhone 6s Plus ローズゴールド 64GB MKU92J/A,ローズゴールド,64GB,,4547597930618
DY6XIK17B0000,スマートフォン本体,Apple,iPhone 6s,iPhone 6s ゴールド 128GB MKQV2J/A,ゴールド,128GB,,4547597930168
XCJC94PMUW000,スマートフォン本体,Apple,iPhone 6s,iPhone 6s ゴールド 16GB MKQL2J/A,ゴールド,16GB,,4547597930083
XPRLO54ZM1000,スマートフォン本体,Apple,iPhone 6s,iPhone 6s ゴールド 32GB MN112J/A,ゴールド,32GB,,4547597960530
BP70VIO8KX000,スマートフォン本体,Apple,iPhone 6s,iPhone 6s ゴールド 64GB MKQQ2J/A,ゴールド,64GB,,4547597930120
B4T0KTOC6O000,スマートフォン本体,Apple,iPhone 6s,iPhone 6s シルバー 128GB MKQU2J/A,シルバー,128GB,,4547597930151
IHOW8CSIFC000,スマートフォン本体,Apple,iPhone 6s,iPhone 6s シルバー 16GB MKQK2J/A,シルバー,16GB,,4547597930236
SPC5MQCCDC000,スマートフォン本体,Apple,iPhone 6s,iPhone 6s シルバー 32GB MN0X2J/A,シルバー,32GB,,4547597960509
1HL0JYZ8JE000,スマートフォン本体,Apple,iPhone 6s,iPhone 6s シルバー 64GB MKQP2J/A,シルバー,64GB,,4547597930113
6X5W3PVM7V000,スマートフォン本体,Apple,iPhone 6s,iPhone 6s スペースグレー 128GB MKQT2J/A,スペースグレイ,128GB,,4547597930144
04THMRPVQI000,スマートフォン本体,Apple,iPhone 6s,iPhone 6s スペースグレー 16GB MKQJ2J/A,スペースグレイ,16GB,,4547597930069
4OUXFKB80I000,スマートフォン本体,Apple,iPhone 6s,iPhone 6s スペースグレー 32GB MN0W2J/A,スペースグレイ,32GB,,4547597960479
H22BU13K0Q000,スマートフォン本体,Apple,iPhone 6s,iPhone 6s スペースグレー 64GB MKQN2J/A,スペースグレイ,64GB,,4547597930106
67YC7O7BR9000,スマートフォン本体,Apple,iPhone 6s,iPhone 6s ローズゴールド 128GB MKQW2J/A,ローズゴールド,128GB,,4547597930175
W4T16Z5LMM000,スマートフォン本体,Apple,iPhone 6s,iPhone 6s ローズゴールド 16GB MKQM2J/A,ローズゴールド,16GB,,4547597930090
HE5Y1X4X5Q000,スマートフォン本体,Apple,iPhone 6s,iPhone 6s ローズゴールド 32GB MN122J/A,ローズゴールド,32GB,,4547597960561
9GQH69KGR6000,スマートフォン本体,Apple,iPhone 6s,iPhone 6s ローズゴールド 64GB MKQR2J/A,ローズゴールド,64GB,,4547597930137
M43ATD9L4E000,スマートフォン本体,Apple,iPhone 7 Plus,iPhone 7 Plus ゴールド 128GB MN6H2J/A,ゴールド,128GB,,4547597959398
UYXQZLGDN3000,スマートフォン本体,Apple,iPhone 7 Plus,iPhone 7 Plus ゴールド 256GB MN6N2J/A,ゴールド,256GB,,4547597959442
MIYIS1SIH9000,スマートフォン本体,Apple,iPhone 7 Plus,iPhone 7 Plus ゴールド 32GB MNRC2J/A,ゴールド,32GB,,4547597967980
9U4YOB0OXC000,スマートフォン本体,Apple,iPhone 7 Plus,iPhone 7 Plus シルバー 128GB MN6G2J/A,シルバー,128GB,,4547597959381
DMIQ20B9OE000,スマートフォン本体,Apple,iPhone 7 Plus,iPhone 7 Plus シルバー 256GB MN6M2J/A,シルバー,256GB,,4547597959435
Q91ST5EIVW000,スマートフォン本体,Apple,iPhone 7 Plus,iPhone 7 Plus シルバー 32GB MNRA2J/A,シルバー,32GB,,4547597967959
4OMYVA64H8000,スマートフォン本体,Apple,iPhone 7 Plus,iPhone 7 Plus ジェットブラック 128GB MN6K2J/A,ジェットブラック,128GB,,4547597959411
Q8J2LUXUB4000,スマートフォン本体,Apple,iPhone 7 Plus,iPhone 7 Plus ジェットブラック 256GB MN6Q2J/A,ジェットブラック,256GB,,4547597959466
CFNWDPZW1O000,スマートフォン本体,Apple,iPhone 7 Plus,iPhone 7 Plus ジェットブラック 32GB MQU82J/A,ジェットブラック,32GB,,4547597997468
4KMVCXC06A000,スマートフォン本体,Apple,iPhone 7 Plus,iPhone 7 Plus ブラック 128GB MN6F2J/A,ブラック,128GB,,4547597959374
DQC6BNOP4Q000,スマートフォン本体,Apple,iPhone 7 Plus,iPhone 7 Plus ブラック 256GB MN6L2J/A,ブラック,256GB,,4547597959428
X40BQZCBFV000,スマートフォン本体,Apple,iPhone 7 Plus,iPhone 7 Plus ブラック 32GB MNR92J/A,ブラック,32GB,,4547597967935
4QY9M65WXF000,スマートフォン本体,Apple,iPhone 7 Plus,iPhone 7 Plus レッド 128GB MPR22J/A,レッド,128GB,,4547597980941
2JIT9Y2SDQ000,スマートフォン本体,Apple,iPhone 7 Plus,iPhone 7 Plus レッド 256GB MPRE2J/A,レッド,256GB,,4547597980958
I970G14BX5000,スマートフォン本体,Apple,iPhone 7 Plus,iPhone 7 Plus ローズゴールド 128GB MN6J2J/A,ローズゴールド,128GB,,4547597959404
3Q22KB64BD000,スマートフォン本体,Apple,iPhone 7 Plus,iPhone 7 Plus ローズゴールド 256GB MN6P2J/A,ローズゴールド,256GB,,4547597959459
GI4443AW5Q000,スマートフォン本体,Apple,iPhone 7 Plus,iPhone 7 Plus ローズゴールド 32GB MNRD2J/A,ローズゴールド,32GB,,4547597968017
XGXL2V1K4X000,スマートフォン本体,Apple,iPhone 7,iPhone 7 ゴールド 128GB MNCM2J/A,ゴールド,128GB,,4547597962213
GEO0Q7LL5J000,スマートフォン本体,Apple,iPhone 7,iPhone 7 ゴールド 256GB MNCT2J/A,ゴールド,256GB,,4547597962268
3RPM4E1T9C000,スマートフォン本体,Apple,iPhone 7,iPhone 7 ゴールド 32GB MNCG2J/A,ゴールド,32GB,,4547597962176
FQ7GB0EV9S000,スマートフォン本体,Apple,iPhone 7,iPhone 7 シルバー 128GB MNCL2J/A,シルバー,128GB,,4547597962206
AJ3JEO03JV000,スマートフォン本体,Apple,iPhone 7,iPhone 7 シルバー 256GB MNCR2J/A,シルバー,256GB,,4547597962251
79MJGTZGKX000,スマートフォン本体,Apple,iPhone 7,iPhone 7 シルバー 32GB MNCF2J/A,シルバー,32GB,,4547597962169
6NH00ATK6Q000,スマートフォン本体,Apple,iPhone 7,iPhone 7 ジェットブラック 128GB MNCP2J/A,ジェットブラック,128GB,,4547597962237
X3JBCM1YHS000,スマートフォン本体,Apple,iPhone 7,iPhone 7 ジェットブラック 256GB MNCV2J/A,ジェットブラック,256GB,,4547597962282
7FLJD8XT95000,スマートフォン本体,Apple,iPhone 7,iPhone 7 ジェットブラック 32GB MQTY2J/A,ジェットブラック,32GB,,4547597997550
8CJWVKLYXE000,スマートフォン本体,Apple,iPhone 7,iPhone 7 ブラック 128GB MNCK2J/A,ブラック,128GB,,4547597962190
OFRJWXMUX1000,スマートフォン本体,Apple,iPhone 7,iPhone 7 ブラック 256GB MNCQ2J/A,ブラック,256GB,,4547597962244
2XK1XPKBW0000,スマートフォン本体,Apple,iPhone 7,iPhone 7 ブラック 32GB MNCE2J/A,ブラック,32GB,,4547597962152
4P3K1ZA8Y0000,スマートフォン本体,Apple,iPhone 7,iPhone 7 レッド 128GB MPRX2J/A,レッド,128GB,,4547597981153
34793Q2SVQ000,スマートフォン本体,Apple,iPhone 7,iPhone 7 レッド 256GB MPRY2J/A,レッド,256GB,,4547597981184
FTYAN94471000,スマートフォン本体,Apple,iPhone 7,iPhone 7 ローズゴールド 128GB MNCN2J/A,ローズゴールド,128GB,,4547597962220
WWQ05UQK28000,スマートフォン本体,Apple,iPhone 7,iPhone 7 ローズゴールド 256GB MNCU2J/A,ローズゴールド,256GB,,4547597962275
KVFLR4I5BZ000,スマートフォン本体,Apple,iPhone 7,iPhone 7 ローズゴールド 32GB MNCJ2J/A,ローズゴールド,32GB,,4547597962183
JS27QQGVF4000,スマートフォン本体,Apple,iPhone 8 Plus,iPhone 8 Plus Gold 128GB MX2D2J/A,ゴールド,128GB,,4549995103298
8H03V10CJ3000,スマートフォン本体,Apple,iPhone 8 Plus,iPhone 8 Plus Silver 128GB MX2C2J/A,シルバー,128GB,,4549995103267
KO4P4RHNQD000,スマートフォン本体,Apple,iPhone 8 Plus,iPhone 8 Plus Space Gray 128GB MX2A2J/A,スペースグレイ,128GB,,4549995103236
IGRCEUI5TL000,スマートフォン本体,Apple,iPhone 8 Plus,iPhone 8 Plus ゴールド 256GB MQ9Q2J/A,ゴールド,256GB,,4547597992593
APSQCETENZ000,スマートフォン本体,Apple,iPhone 8 Plus,iPhone 8 Plus ゴールド 64GB MQ9M2J/A,ゴールド,64GB,,4549995138399
AQYNB704UR000,スマートフォン本体,Apple,iPhone 8 Plus,iPhone 8 Plus シルバー 256GB MQ9P2J/A,シルバー,256GB,,4547597992562
7NMVUFS48N000,スマートフォン本体,Apple,iPhone 8 Plus,iPhone 8 Plus シルバー 64GB MQ9L2J/A,シルバー,64GB,,4549995138382
D91DIJHMHD000,スマートフォン本体,Apple,iPhone 8 Plus,iPhone 8 Plus スペースグレイ 256GB MQ9N2J/A,スペースグレイ,256GB,,4549995047370
K7TVKS8J6T000,スマートフォン本体,Apple,iPhone 8 Plus,iPhone 8 Plus スペースグレイ 64GB MQ9K2J/A,スペースグレイ,64GB,,4549995138375
SS8HMF00QI000,スマートフォン本体,Apple,iPhone 8 Plus,iPhone 8 Plus レッド 256GB MRTM2J/A,レッド,256GB,,4549995036916
JA226MKB0N000,スマートフォン本体,Apple,iPhone 8 Plus,iPhone 8 Plus レッド 64GB MRTL2J/A,レッド,64GB,,4549995036947
U6704MSW8L000,スマートフォン本体,Apple,iPhone 8,iPhone 8 ゴールド 128GB MX1F2J/A,ゴールド,128GB,,4549995103205
14BZP4O5OD000,スマートフォン本体,Apple,iPhone 8,iPhone 8 ゴールド 256GB MQ862J/A,ゴールド,256GB,,4547597992258
11NBG5WEVL000,スマートフォン本体,Apple,iPhone 8,iPhone 8 ゴールド 64GB MQ7A2J/A,ゴールド,64GB,,4549995138368
LFT02WWC25000,スマートフォン本体,Apple,iPhone 8,iPhone 8 シルバー 128GB MX1E2J/A,シルバー,128GB,,4549995103175
D67LZE9540000,スマートフォン本体,Apple,iPhone 8,iPhone 8 シルバー 256GB MQ852J/A,シルバー,256GB,,4547597992241
FIVCES8PXG000,スマートフォン本体,Apple,iPhone 8,iPhone 8 シルバー 64GB MQ792J/A,シルバー,64GB,,4549995138351
WEYRN5TVFG000,スマートフォン本体,Apple,iPhone 8,iPhone 8 スペースグレイ 128GB MX1D2J/A,スペースグレイ,128GB,,4549995103144
TGWMVMV6RL000,スマートフォン本体,Apple,iPhone 8,iPhone 8 スペースグレイ 256GB MQ842J/A,スペースグレイ,256GB,,4547597992234
V3IUGTHRGK000,スマートフォン本体,Apple,iPhone 8,iPhone 8 スペースグレイ 64GB MQ782J/A,スペースグレイ,64GB,,4547597992203
9HAHAU64WY000,スマートフォン本体,Apple,iPhone 8,iPhone 8 レッド 128GB,レッド,128GB,,
6KS0V5SF7T000,スマートフォン本体,Apple,iPhone 8,iPhone 8 レッド 256GB MRT02J/A,レッド,256GB,,4549995036619
IZ5Z4GPFY5000,スマートフォン本体,Apple,iPhone 8,iPhone 8 レッド 64GB MRRY2J/A,レッド,64GB,,4549995036589
4AZOE1VRXF000,スマートフォン本体,Apple,iPhone Air,iPhone Air クラウドホワイト 1TB MG2H4J/A,クラウドホワイト,1TB,,4549995647594
PQZX4GIHQ6000,スマートフォン本体,Apple,iPhone Air,iPhone Air クラウドホワイト 256GB MG284J/A,クラウドホワイト,256GB,,4549995647518
0UMK6T6L3S000,スマートフォン本体,Apple,iPhone Air,iPhone Air クラウドホワイト 512GB MG2D4J/A,クラウドホワイト,512GB,,4549995647556
EDYII0BZ91000,スマートフォン本体,Apple,iPhone Air,iPhone Air スカイブルー 1TB MG2K4J/A,スカイブルー,1TB,,4549995647617
1IL6UOWUOP000,スマートフォン本体,Apple,iPhone Air,iPhone Air スカイブルー 256GB MG2A4J/A,スカイブルー,256GB,,4549995647532
4721GZ3KL6000,スマートフォン本体,Apple,iPhone Air,iPhone Air スカイブルー 512GB MG2F4J/A,スカイブルー,512GB,,4549995647570
KQF7M7ASUL000,スマートフォン本体,Apple,iPhone Air,iPhone Air スペースブラック 1TB MG2G4J/A,スペースブラック,1TB,,4549995647587
1PDA1UI8O6000,スマートフォン本体,Apple,iPhone Air,iPhone Air スペースブラック 256GB MG274J/A,スペースブラック,256GB,,4549995647501
2X3MNGC08S000,スマートフォン本体,Apple,iPhone Air,iPhone Air スペースブラック 512GB MG2C4J/A,スペースブラック,512GB,,4549995647549
2H4QTMB94I000,スマートフォン本体,Apple,iPhone Air,iPhone Air ライトゴールド 1TB MG2J4J/A,ライトゴールド,1TB,,4549995647600
0WPBIE9L77000,スマートフォン本体,Apple,iPhone Air,iPhone Air ライトゴールド 256GB MG294J/A,ライトゴールド,256GB,,4549995647525
IARP78FD2U000,スマートフォン本体,Apple,iPhone Air,iPhone Air ライトゴールド 512GB MG2E4J/A,ライトゴールド,512GB,,4549995647563
I2HTVLLIN4000,スマートフォン本体,Apple,iPhone SE (第1世代),iPhone SE (第1世代) ゴールド 128GB MP882J/A,ゴールド,128GB,,4547597976463
W7SWFUTPQI000,スマートフォン本体,Apple,iPhone SE (第1世代),iPhone SE (第1世代) ゴールド 16GB MLXM2J/A,ゴールド,16GB,,4547597942970
D5YFI53GKR000,スマートフォン本体,Apple,iPhone SE (第1世代),iPhone SE (第1世代) ゴールド 32GB MP842J/A,ゴールド,32GB,,4547597976432
8YJZX6CV7V000,スマートフォン本体,Apple,iPhone SE (第1世代),iPhone SE (第1世代) ゴールド 64GB MLXP2J/A,ゴールド,64GB,,4547597942956
6IVUV06SVP000,スマートフォン本体,Apple,iPhone SE (第1世代),iPhone SE (第1世代) シルバー 128GB MP872J/A,シルバー,128GB,,4547597976456
9E7405FD74000,スマートフォン本体,Apple,iPhone SE (第1世代),iPhone SE (第1世代) シルバー 16GB MLLP2J/A,シルバー,16GB,,4547597939475
39IGJHNM68000,スマートフォン本体,Apple,iPhone SE (第1世代),iPhone SE (第1世代) シルバー 32GB MP832J/A,シルバー,32GB,,4547597976425
M0LSE42JVG000,スマートフォン本体,Apple,iPhone SE (第1世代),iPhone SE (第1世代) シルバー 64GB MLM72J/A,シルバー,64GB,,4547597939536
4B62GKYSQ4000,スマートフォン本体,Apple,iPhone SE (第1世代),iPhone SE (第1世代) スペースグレイ 128GB MP862J/A,スペースグレイ,128GB,,4547597976449
W98TR4W60Z000,スマートフォン本体,Apple,iPhone SE (第1世代),iPhone SE (第1世代) スペースグレイ 16GB MLLN2J/A,スペースグレイ,16GB,,4547597939444
4BD1404IED000,スマートフォン本体,Apple,iPhone SE (第1世代),iPhone SE (第1世代) スペースグレイ 32GB MP822J/A,スペースグレイ,32GB,,4547597976418
14I4ERE3LB000,スマートフォン本体,Apple,iPhone SE (第1世代),iPhone SE (第1世代) スペースグレイ 64GB MLM62J/A,スペースグレイ,64GB,,4547597939505
AT4FKEC0JM000,スマートフォン本体,Apple,iPhone SE (第1世代),iPhone SE (第1世代) ローズゴールド 128GB MP892J/A,ローズゴールド,128GB,,4547597976470
0PM4Q48BHW000,スマートフォン本体,Apple,iPhone SE (第1世代),iPhone SE (第1世代) ローズゴールド 16GB MLXN2J/A,ローズゴールド,16GB,,4547597942949
3UUHQDAW9A000,スマートフォン本体,Apple,iPhone SE (第1世代),iPhone SE (第1世代) ローズゴールド 32GB MP852J/A,ローズゴールド,32GB,,4547597976722
9UCNOR9454000,スマートフォン本体,Apple,iPhone SE (第1世代),iPhone SE (第1世代) ローズゴールド 64GB MLXQ2J/A,ローズゴールド,64GB,,4547597942963
42VH1ZZ90N000,スマートフォン本体,Apple,iPhone SE (第3世代),iPhone SE (第3世代) スターライト 128GB MMYG3J/A,スターライト,128GB,,4549995319057
6A4YR6UPX9000,スマートフォン本体,Apple,iPhone SE (第3世代),iPhone SE (第3世代) スターライト 256GB MMYK3J/A,スターライト,256GB,,4549995319088
365WMAL45L000,スマートフォン本体,Apple,iPhone SE (第3世代),iPhone SE (第3世代) スターライト 64GB MMYD3J/A,スターライト,64GB,,4549995319026
3LAM7ZDUWF000,スマートフォン本体,Apple,iPhone SE (第3世代),iPhone SE (第3世代) ミッドナイト 128GB MMYF3J/A,ミッドナイト,128GB,,4549995319040
6EZUFM1UMJ000,スマートフォン本体,Apple,iPhone SE (第3世代),iPhone SE (第3世代) ミッドナイト 256GB MMYJ3J/A,ミッドナイト,256GB,,4549995319071
8D6C2TQ3P9000,スマートフォン本体,Apple,iPhone SE (第3世代),iPhone SE (第3世代) ミッドナイト 64GB MMYC3J/A,ミッドナイト,64GB,,4549995319019
84EM8OP55V000,スマートフォン本体,Apple,iPhone SE (第3世代),iPhone SE (第3世代) レッド 128GB MMYH3J/A,レッド,128GB,,4549995319064
G25KKKYK1T000,スマートフォン本体,Apple,iPhone SE (第3世代),iPhone SE (第3世代) レッド 256GB MMYL3J/A,レッド,256GB,,4549995319095
2N4CQN9OHV000,スマートフォン本体,Apple,iPhone SE (第3世代),iPhone SE (第3世代) レッド 64GB MMYE3J/A,レッド,64GB,,4549995319033
0NQBQRR3SP000,スマートフォン本体,Apple,iPhone SE 第2世代 (SE2),iPhone SE 第2世代 (SE2) ブラック 128GB MXD02J/A,ブラック,128GB,,4549995128413
S4FD9BQ97Y000,スマートフォン本体,Apple,iPhone SE 第2世代 (SE2),iPhone SE 第2世代 (SE2) ブラック 256GB MXVT2J/A,ブラック,256GB,,4549995137552
3ZT5HLKEL6000,スマートフォン本体,Apple,iPhone SE 第2世代 (SE2),iPhone SE 第2世代 (SE2) ブラック 64GB MX9R2J/A,ブラック,64GB,,4549995128321
6J3ODT5DA2000,スマートフォン本体,Apple,iPhone SE 第2世代 (SE2),iPhone SE 第2世代 (SE2) ホワイト 128GB MXD12J/A,ホワイト,128GB,,4549995128444
3L0UHY1WD4000,スマートフォン本体,Apple,iPhone SE 第2世代 (SE2),iPhone SE 第2世代 (SE2) ホワイト 256GB MXVU2J/A,ホワイト,256GB,,4549995137583
KFV5TU2257000,スマートフォン本体,Apple,iPhone SE 第2世代 (SE2),iPhone SE 第2世代 (SE2) ホワイト 64GB MX9T2J/A,ホワイト,64GB,,4549995128352
76UX4H53D3000,スマートフォン本体,Apple,iPhone SE 第2世代 (SE2),iPhone SE 第2世代 (SE2) レッド 128GB MXD22J/A,レッド,128GB,,4549995128475
Q6UWDH4XRF000,スマートフォン本体,Apple,iPhone SE 第2世代 (SE2),iPhone SE 第2世代 (SE2) レッド 256GB MXVV2J/A,レッド,256GB,,4549995137613
6WD2VRY5LR000,スマートフォン本体,Apple,iPhone SE 第2世代 (SE2),iPhone SE 第2世代 (SE2) レッド 64GB MX9U2J/A,レッド,64GB,,4549995128383
U7T56WA6UT000,スマートフォン本体,Apple,iPhone X,iPhone X シルバー 256GB MQC22J/A,シルバー,256GB,,4547597992746
Y53GZKE7D1000,スマートフォン本体,Apple,iPhone X,iPhone X シルバー 64GB MQAY2J/A,シルバー,64GB,,4547597992654
5Z7QF8ZCZ7000,スマートフォン本体,Apple,iPhone X,iPhone X スペースグレイ 256GB MQC12J/A,スペースグレイ,256GB,,4547597992715
J5CI07R3CA000,スマートフォン本体,Apple,iPhone X,iPhone X スペースグレイ 64GB MQAX2J/A,スペースグレイ,64GB,,4547597992623
49H0TS54KV000,スマートフォン本体,Apple,iPhone XR,iPhone XR イエロー 128GB MT0Q2J/A,イエロー,128GB,,4549995138498
IDET5TL22C000,スマートフォン本体,Apple,iPhone XR,iPhone XR イエロー 256GB MT0Y2J/A,イエロー,256GB,,4549995040654
1TO4Y4TF36000,スマートフォン本体,Apple,iPhone XR,iPhone XR イエロー 64GB MT082J/A,イエロー,64GB,,4549995138436
DYGENGWLPL000,スマートフォン本体,Apple,iPhone XR,iPhone XR コーラル 128GB MT0T2J/A,コーラル,128GB,,4549995138504
4G3CLBHDIL000,スマートフォン本体,Apple,iPhone XR,iPhone XR コーラル 256GB MT102J/A,コーラル,256GB,,4549995040661
4JJLF1DEX4000,スマートフォン本体,Apple,iPhone XR,iPhone XR コーラル 64GB MT0A2J/A,コーラル,64GB,,4549995138443
D37L47R8QW000,スマートフォン本体,Apple,iPhone XR,iPhone XR ブラック 128GB MT0G2J/A,ブラック,128GB,,4549995138467
9T3MMRYYRB000,スマートフォン本体,Apple,iPhone XR,iPhone XR ブラック 256GB MT0V2J/A,ブラック,256GB,,4549995040623
J1LFY21HHO000,スマートフォン本体,Apple,iPhone XR,iPhone XR ブラック 64GB MT002J/A,ブラック,64GB,,4549995138405
BH7I8ZQCPJ000,スマートフォン本体,Apple,iPhone XR,iPhone XR ブルー 128GB MT0U2J/A,ブルー,128GB,,4549995138511
2FJ6DQUPHO000,スマートフォン本体,Apple,iPhone XR,iPhone XR ブルー 256GB MT112J/A,ブルー,256GB,,4549995040852
OP01HHHPCQ000,スマートフォン本体,Apple,iPhone XR,iPhone XR ブルー 64GB MT0E2J/A,ブルー,64GB,,4549995138450
0QQ43J5IGD000,スマートフォン本体,Apple,iPhone XR,iPhone XR ホワイト 128GB MT0J2J/A,ホワイト,128GB,,4549995138474
ARZJFI6Y2F000,スマートフォン本体,Apple,iPhone XR,iPhone XR ホワイト 256GB MT0W2J/A,ホワイト,256GB,,4549995040630
G2H0A5O42Z000,スマートフォン本体,Apple,iPhone XR,iPhone XR ホワイト 64GB MT032J/A,ホワイト,64GB,,4549995138412
56Y282WJQ9000,スマートフォン本体,Apple,iPhone XR,iPhone XR レッド 128GB MT0N2J/A,レッド,128GB,,4549995138481
2HYHEKU1P6000,スマートフォン本体,Apple,iPhone XR,iPhone XR レッド 256GB MT0X2J/A,レッド,256GB,,4549995040647
4YPI6F4FK0000,スマートフォン本体,Apple,iPhone XR,iPhone XR レッド 64GB MT062J/A,レッド,64GB,,4549995040524
6AH8DCGLCE000,スマートフォン本体,Apple,iPhone Xs Max,iPhone XS Max ゴールド 256GB MT6W2J/A,ゴールド,256GB,,4549995166590
6SLGGJC0QW000,スマートフォン本体,Apple,iPhone Xs Max,iPhone XS Max ゴールド 512GB MT702J/A,ゴールド,512GB,,4549995041255
4ALSXYFB5I000,スマートフォン本体,Apple,iPhone Xs Max,iPhone XS Max ゴールド 64GB MT6T2J/A,ゴールド,64GB,,4549995041194
HV491B52GB000,スマートフォン本体,Apple,iPhone Xs Max,iPhone XS Max シルバー 256GB MT6V2J/A,シルバー,256GB,,4549995166583
GT7UT237S4000,スマートフォン本体,Apple,iPhone Xs Max,iPhone XS Max シルバー 512GB MT6Y2J/A,シルバー,512GB,,4549995041248
85QQ0WWD1O000,スマートフォン本体,Apple,iPhone Xs Max,iPhone XS Max シルバー 64GB MT6R2J/A,シルバー,64GB,,4549995041187
A3GNFIIJYY000,スマートフォン本体,Apple,iPhone Xs Max,iPhone XS Max スペースグレイ 256GB MT6U2J/A,スペースグレイ,256GB,,4549995166576
44T6H62P0U000,スマートフォン本体,Apple,iPhone Xs Max,iPhone XS Max スペースグレイ 512GB MT6X2J/A,スペースグレイ,512GB,,4549995041231
43GNCNKPBP000,スマートフォン本体,Apple,iPhone Xs Max,iPhone XS Max スペースグレイ 64GB MT6Q2J/A,スペースグレイ,64GB,,4549995166545
0LPXY6YBQF000,スマートフォン本体,Apple,iPhone Xs,iPhone XS ゴールド 256GB MTE22J/A,ゴールド,256GB,,4549995138634
9NZ4KBYT2H000,スマートフォン本体,Apple,iPhone Xs,iPhone XS ゴールド 512GB MTE52J/A,ゴールド,512GB,,4549995041910
9HL4RH1ITC000,スマートフォン本体,Apple,iPhone Xs,iPhone XS ゴールド 64GB MTAY2J/A,ゴールド,64GB,,4549995041736
EZ2GPDWTYA000,スマートフォン本体,Apple,iPhone Xs,iPhone XS シルバー 256GB MTE12J/A,シルバー,256GB,,4549995138627
0AST88PK1O000,スマートフォン本体,Apple,iPhone Xs,iPhone XS シルバー 512GB MTE42J/A,シルバー,512GB,,4549995041880
0C1KZ14BDR000,スマートフォン本体,Apple,iPhone Xs,iPhone XS シルバー 64GB MTAX2J/A,シルバー,64GB,,4549995138597
4JSDAYVM0W000,スマートフォン本体,Apple,iPhone Xs,iPhone XS スペースグレイ 256GB MTE02J/A,スペースグレイ,256GB,,4549995138610
U3ASTXOZZ1000,スマートフォン本体,Apple,iPhone Xs,iPhone XS スペースグレイ 512GB MTE32J/A,スペースグレイ,512GB,,4549995041859
NPK5WZO64X000,スマートフォン本体,Apple,iPhone Xs,iPhone XS スペースグレイ 64GB MTAW2J/A,スペースグレイ,64GB,,4549995138580
R2TIGER7L6000,スマートフォン本体,FCNT,arrows NX,ARROWS NX F-06E ホワイト 64GB,ホワイト,64GB,,4942857166309
74M0GKSGHP000,スマートフォン本体,FCNT,Disney Mobile F-03F,Disney Mobile F-03F ピンク 32GB,ピンク,32GB,,
61B44T1FQ6000,スマートフォン本体,FCNT,Disney Mobile F-03F,Disney Mobile F-03F ブルー 32GB,ブルー,32GB,,
E0271MOG1O000,スマートフォン本体,FCNT,Disney Mobile F-03F,Disney Mobile F-03F ホワイト 32GB,ホワイト,32GB,,
I2DXKG3Q2L000,スマートフォン本体,FCNT,Disney Mobile F-07E,Disney Mobile F-07E ナイトブルー 64GB,ナイトブルー,64GB,,
EYEI1QOZDL000,スマートフォン本体,FCNT,Disney Mobile F-07E,Disney Mobile F-07E ピュアホワイト 64GB,ピュアホワイト,64GB,,
ICVKQW9M1O000,スマートフォン本体,FCNT,Disney Mobile F-07E,Disney Mobile F-07E ライトピンク 64GB,ライトピンク,64GB,,
S4ED9I687J000,スマートフォン本体,FCNT,Disney Mobile F-08D,Disney Mobile F-08D シャイニーホワイト 4GB,シャイニーホワイト,4GB,,
NN9WNAU15A000,スマートフォン本体,FCNT,Disney Mobile F-08D,Disney mobile F-08D シャイニーピンク 4GB,シャイニーピンク,4GB,,
6OXXEDYDG3000,スマートフォン本体,FCNT,REGZA Phone T-02D,REGZA Phone T-02D ピンク 8GB,ピンク,8GB,,
LKV7VTCNGP000,スマートフォン本体,FCNT,REGZA Phone T-02D,REGZA Phone T-02D ブラック 8GB,ブラック,8GB,,
EB1QOT7G4Y000,スマートフォン本体,FCNT,REGZA Phone T-02D,REGZA Phone T-02D ブルー 8GB,ブルー,8GB,,
WEDXTTJWIE000,スマートフォン本体,FCNT,arrows 5G,arrows 5G チタニウムシルバー 128GB F-51A,チタニウムシルバー,128GB,,
WBKSI3H2VN000,スマートフォン本体,FCNT,arrows 5G,arrows 5G ネイビーブラック 128GB F-51A,ネイビーブラック,128GB,,4942857211047
AX24OHJVT6000,スマートフォン本体,FCNT,arrows A 101F,arrows A 101F シアン 8GB,シアン,8GB,,
F4H0LTI14F000,スマートフォン本体,FCNT,arrows A 101F,arrows A 101F ブラック 8GB,ブラック,8GB,,
6RSQJO2C44000,スマートフォン本体,FCNT,arrows A 101F,arrows A 101F マゼンタ 8GB,マゼンタ,8GB,,
KXXESG24YA000,スマートフォン本体,FCNT,arrows A 201F,arrows A 201F オーシャンブルー 32GB,オーシャンブルー,32GB,,
M4SJB76R2J000,スマートフォン本体,FCNT,arrows A 201F,arrows A 201F スパークリングピンク 32GB,スパークリングピンク,32GB,,
NBIOC15U11000,スマートフォン本体,FCNT,arrows A 201F,arrows A 201F ブラック 32GB,ブラック,32GB,,
J7I9YSFSKC000,スマートフォン本体,FCNT,arrows A 201F,arrows A 201F ホワイト 32GB,ホワイト,32GB,,
B1BB115L4M000,スマートフォン本体,FCNT,arrows A 202F,arrows A 202F グレースブルー 64GB,グレースブルー,64GB,,
E45N3CLREP000,スマートフォン本体,FCNT,arrows A 202F,arrows A 202F ピンク 64GB,ピンク,64GB,,
NGAICLFYFI000,スマートフォン本体,FCNT,arrows A 202F,arrows A 202F ブラック 64GB,ブラック,64GB,,
S0BGI7U2R6000,スマートフォン本体,FCNT,arrows A 202F,arrows A 202F ホワイト 64GB,ホワイト,64GB,,
RF0LAT4WCM000,スマートフォン本体,FCNT,arrows A 301F,arrows A 301F コンフォートホワイト 64GB,コンフォートホワイト,64GB,,
ZFYPYZERBZ000,スマートフォン本体,FCNT,arrows A 301F,arrows A 301F ピンク 64GB,ピンク,64GB,,
AOOFOBKDTO000,スマートフォン本体,FCNT,arrows A 301F,arrows A 301F ブラック 64GB,ブラック,64GB,,
NZYYE0XPNY000,スマートフォン本体,FCNT,F-09D ANTEPRIMA,arrows ANTEPRIMA ゴールド 2GB F-09D,ゴールド,2GB,,
ENKQK7S6YR000,スマートフォン本体,FCNT,F-09D ANTEPRIMA,arrows ANTEPRIMA ピンク 2GB F-09D,ピンク,2GB,,
1CXH02UHB5000,スマートフォン本体,FCNT,arrows Alpha,arrows Alpha ブラック 512GB,ブラック,512GB,,4580527850921
MWU3AD132D000,スマートフォン本体,FCNT,arrows Alpha,arrows Alpha ホワイト 512GB,ホワイト,512GB,,4580527850938
AWL2OZAUVZ000,スマートフォン本体,FCNT,arrows BZ01,arrows BZ01 ブラック 32GB,ブラック,32GB,,
ZI8HF0EST8000,スマートフォン本体,FCNT,arrows Be F-04K,arrows Be F-04K ピンク 32GB,ピンク,32GB,,
LG1PZU2TYL000,スマートフォン本体,FCNT,arrows Be F-04K,arrows Be F-04K ブラック 32GB,ブラック,32GB,,
EJ5RPAJ8YC000,スマートフォン本体,FCNT,arrows Be F-04K,arrows Be F-04K ホワイト 32GB,ホワイト,32GB,,
SE6XKNV0ED000,スマートフォン本体,FCNT,arrows Be,arrows Be F-05J ブラック 16GB,ブラック,16GB,,
67SWL4WCUC000,スマートフォン本体,FCNT,arrows Be,arrows Be F-05J ホワイト 16GB,ホワイト,16GB,,
K37BU9J9K2000,スマートフォン本体,FCNT,arrows Be F-05J,arrows Be F-05J レッド 16GB,レッド,16GB,,
056I7OU7FQ000,スマートフォン本体,FCNT,arrows Be,arrows Be ピンク 32GB F-04K,ピンク,32GB,,
3U7NETNHJE000,スマートフォン本体,FCNT,arrows Be,arrows Be ブラック 32GB F-04K,ブラック,32GB,,
849O4W47MB000,スマートフォン本体,FCNT,arrows Be,arrows Be ホワイト 32GB F-04K,ホワイト,32GB,,
G4CTYMNP2Y000,スマートフォン本体,FCNT,arrows Be3,arrows Be3 ピンク 32GB F-02L,ピンク,32GB,,4942857205992
MV2XEQ920K000,スマートフォン本体,FCNT,arrows Be3,arrows Be3 ブラック 32GB F-02L,ブラック,32GB,,4942857205978
BL9P4AIMFB000,スマートフォン本体,FCNT,arrows Be3,arrows Be3 ホワイト 32GB F-02L,ホワイト,32GB,,4942857205985
QA64TSTTMU000,スマートフォン本体,FCNT,arrows Be4 Plus,arrows Be4 Plus ブラック 64GB F-41B,ブラック,64GB,,4942857217803
KZ6N7Z3427000,スマートフォン本体,FCNT,arrows Be4 Plus,arrows Be4 Plus ホワイト 64GB F-41B,ホワイト,64GB,,4942857217810
U2VSLWA3X2000,スマートフォン本体,FCNT,arrows Be4 Plus,arrows Be4 Plus レッド 64GB F-41B,レッド,64GB,,4942857217797
AUXU9M87QS000,スマートフォン本体,FCNT,arrows Be4,arrows Be4 ゴールド 32GB F-41A,ゴールド,32GB,,
HADR24KOL4000,スマートフォン本体,FCNT,arrows Be4,arrows Be4 パープル 32GB F-41A,パープル,32GB,,4942857211207
NBFB71K70B000,スマートフォン本体,FCNT,arrows Be4,arrows Be4 ブラック 32GB F-41A,ブラック,32GB,,
RVYNXNLJ4L000,スマートフォン本体,FCNT,arrows Be4,arrows Be4 ホワイト 32GB F-41A,ホワイト,32GB,,4942857211184
KBHPAW87FG000,スマートフォン本体,FCNT,arrows ES,arrows ES グロスブラック 1GB IS12F,グロスブラック,1GB,,
C330JEE1A6000,スマートフォン本体,FCNT,arrows ES,arrows ES ルビーレッド 1GB IS12F,ルビーレッド,1GB,,
ZKMK4R9NN4000,スマートフォン本体,FCNT,arrows Fit,arrows Fit F-01H グリーン 16GB,グリーン,16GB,,
LAXRYBV383000,スマートフォン本体,FCNT,arrows Fit,arrows Fit F-01H ブラック 16GB,ブラック,16GB,,
FZEZ3FYRCP000,スマートフォン本体,FCNT,arrows Fit,arrows Fit F-01H ホワイト 16GB,ホワイト,16GB,,
HCMYPQ5IM0000,スマートフォン本体,FCNT,arrows Fit,arrows Fit F-01H レッド 16GB,レッド,16GB,,
VR413E3D35000,スマートフォン本体,FCNT,arrows Fit,arrows Fit ブラック 16GB F-01H,ブラック,16GB,,
T5LOVD962L000,スマートフォン本体,FCNT,arrows Fit,arrows Fit ホワイト 16GB F-01H,ホワイト,16GB,,
RRIW3KJF9D000,スマートフォン本体,FCNT,arrows Fit,arrows Fit レッド 16GB F-01H,レッド,16GB,,
U7249Y1ZQY000,スマートフォン本体,FCNT,F-03D Girls,arrows Girls' ピンク 1GB F-03D,ピンク,1GB,,
50GV6TV02K000,スマートフォン本体,FCNT,arrows J,arrows J ブラック 32GB,ブラック,32GB,,
B1H468W3XC000,スマートフォン本体,FCNT,arrows J,arrows J ブルー 32GB,ブルー,32GB,,
G4019NZI4H000,スマートフォン本体,FCNT,arrows J,arrows J ホワイト 32GB,ホワイト,32GB,,
0UQC2IWP7W000,スマートフォン本体,FCNT,arrows Kiss F-03D,arrows Kiss F-03D エレガントピンク 1GB,エレガントピンク,1GB,,
U9E04OMFS1000,スマートフォン本体,FCNT,arrows Kiss F-03D,arrows Kiss F-03D プレシャスホワイト 1GB,プレシャスホワイト,1GB,,
J2N747PGDC000,スマートフォン本体,FCNT,arrows Kiss F-03E,arrows Kiss F-03E ピンク 8GB,ピンク,8GB,,
PJ9729L9YM000,スマートフォン本体,FCNT,arrows Kiss F-03E,arrows Kiss F-03E ホワイト 8GB,ホワイト,8GB,,
5G461DG0S4000,スマートフォン本体,FCNT,arrows Kiss F-03E,arrows Kiss F-03E ミント 8GB,ミント,8GB,,4942857162325
W6DJ7FQ109000,スマートフォン本体,FCNT,arrows M01,arrows M01 ブラック 8GB,ブラック,8GB,,4549210099597
NXO07AQ3ML000,スマートフォン本体,FCNT,arrows M01,arrows M01 ホワイト 8GB,ホワイト,8GB,,4549210099603
KZC6TZXOO6000,スマートフォン本体,FCNT,arrows M02,arrows M02 ブラック 16GB,ブラック,16GB,,4549210131426
VH4HH4VCIJ000,スマートフォン本体,FCNT,arrows M02,arrows M02 ホワイト 16GB,ホワイト,16GB,,4549210110711
I5MX54G0O5000,スマートフォン本体,FCNT,arrows M03,arrows M03 ピンク 16GB,ピンク,16GB,,4549210199150
KDGPNPAYL8000,スマートフォン本体,FCNT,arrows M03,arrows M03 ブラック 16GB,ブラック,16GB,,4549210199198
7HINVFIDGM000,スマートフォン本体,FCNT,arrows M03,arrows M03 ホワイト 16GB,ホワイト,16GB,,4549210199174
VTEMLVHD6H000,スマートフォン本体,FCNT,arrows M04,arrows M04 デニムブルー 16GB,デニムブルー,16GB,,4549210293179
ZD846FDFZV000,スマートフォン本体,FCNT,arrows M04,arrows M04 ブラック 16GB,ブラック,16GB,,4549210293155
UWS23DAQPU000,スマートフォン本体,FCNT,arrows M04,arrows M04 ホワイト 16GB,ホワイト,16GB,,4549210293162
NN7VBJ4O9O000,スマートフォン本体,FCNT,arrows M05,arrows M05 ブラック 32GB,ブラック,32GB,,4580527850143
BFMPSFU5C5000,スマートフォン本体,FCNT,arrows M05,arrows M05 ホワイト 32GB,ホワイト,32GB,,4580527850150
C8070WHU04000,スマートフォン本体,FCNT,arrows Me F-11D,arrows Me F-11D ブラック 4GB,ブラック,4GB,,
2UETN8DALJ000,スマートフォン本体,FCNT,arrows Me F-11D,arrows Me F-11D ホワイト 4GB,ホワイト,4GB,,
6DPQFTY2LK000,スマートフォン本体,FCNT,arrows Me,arrows Me プレシャスブラック 4GB F-11D,プレシャスブラック,4GB,,
U5390WHPKV000,スマートフォン本体,FCNT,arrows Me,arrows Me プレシャスホワイト 4GB F-11D,プレシャスホワイト,4GB,,
S2XZV5LFSF000,スマートフォン本体,FCNT,arrows N,arrows N フォグホワイト 128GB F-51C,フォグホワイト,128GB,,4942857227673
FZUT49GY9F000,スマートフォン本体,FCNT,arrows N,arrows N フォレストブラック 128GB F-51C,フォレストブラック,128GB,,
NBSQZ2GCO8000,スマートフォン本体,FCNT,arrows N,arrows N ブラッシュネイビー 128GB F-51C,ブラッシュネイビー,128GB,,
1CV01T1SFU000,スマートフォン本体,FCNT,arrows NX,arrows NX F-01F ブルーブラック 32GB,ブルーブラック,32GB,,
VI0AJPWR3H000,スマートフォン本体,FCNT,arrows NX,arrows NX F-01F ホワイト 32GB,ホワイト,32GB,,
LMTZMD842A000,スマートフォン本体,FCNT,arrows NX,arrows NX F-01F マゼンタ 32GB,マゼンタ,32GB,,
166UPK22ED000,スマートフォン本体,FCNT,arrows NX,arrows NX F-01J カッパー 32GB,カッパー,32GB,,4942857188240
QPL2Q545QR000,スマートフォン本体,FCNT,arrows NX,arrows NX F-01J ブラック 32GB,ブラック,32GB,,
PV3VAPBF9F000,スマートフォン本体,FCNT,arrows NX,arrows NX F-01J ホワイト 32GB,ホワイト,32GB,,4942857188264
XA45JG2BGV000,スマートフォン本体,FCNT,arrows NX F-01K,arrows NX F-01K アイボリーホワイト 32GB,アイボリーホワイト,32GB,,
TKDUGXS0ZP000,スマートフォン本体,FCNT,arrows NX F-01K,arrows NX F-01K ブルーブラック 32GB,ブルーブラック,32GB,,
F6KBPU930U000,スマートフォン本体,FCNT,arrows NX F-01K,arrows NX F-01K モスグリーン 32GB,モスグリーン,32GB,,
07EYYRGXK4000,スマートフォン本体,FCNT,arrows NX,arrows NX F-02G オレンジ 32GB,オレンジ,32GB,,
P475YJXUJX000,スマートフォン本体,FCNT,arrows NX,arrows NX F-02G ブラック 32GB,ブラック,32GB,,
A7Q0UOT6RD000,スマートフォン本体,FCNT,arrows NX,arrows NX F-02G ホワイト 32GB,ホワイト,32GB,,
QPNVFG2319000,スマートフォン本体,FCNT,arrows NX,arrows NX F-02H アイリスグリーン 32GB,アイリスグリーン,32GB,,
G1UL44Y9WL000,スマートフォン本体,FCNT,arrows NX,arrows NX F-02H ブラック 32GB,ブラック,32GB,,
IXG2BZ5VOZ000,スマートフォン本体,FCNT,arrows NX,arrows NX F-02H ホワイト 32GB,ホワイト,32GB,,
390474HKO0000,スマートフォン本体,FCNT,arrows NX,arrows NX F-04G アイリスグリーン 32GB,アイリスグリーン,32GB,,
E4Y8B67V01000,スマートフォン本体,FCNT,arrows NX,arrows NX F-04G ブラック 32GB,ブラック,32GB,,
J935PMX44H000,スマートフォン本体,FCNT,arrows NX,arrows NX F-04G ホワイト 32GB,ホワイト,32GB,,
5QVJW8DV4C000,スマートフォン本体,FCNT,arrows NX,arrows NX F-05F ゴールド 32GB,ゴールド,32GB,,
77XHLYLQ49000,スマートフォン本体,FCNT,arrows NX,arrows NX F-05F ホワイト 32GB,ホワイト,32GB,,
CB6DT9K5LA000,スマートフォン本体,FCNT,arrows NX,arrows NX F-05F レッド 32GB,レッド,32GB,,
40A8CWSZUZ000,スマートフォン本体,FCNT,arrows NX,arrows NX F-06E ブラック 64GB,ブラック,64GB,,
CXRPTIHE5T000,スマートフォン本体,FCNT,arrows NX9,arrows NX9 ゴールド 128GB F-52A,ゴールド,128GB,,4942857213614
TLJT1B0INY000,スマートフォン本体,FCNT,arrows NX9,arrows NX9 ネイビー 128GB F-52A,ネイビー,128GB,,4942857213607
1AS22TIU9C000,スマートフォン本体,FCNT,arrows NX9,arrows NX9 ホワイト 128GB F-52A,ホワイト,128GB,,4942857213591
AE7UTF7K6R000,スマートフォン本体,FCNT,arrows RX,arrows RX ゴールド 32GB,ゴールド,32GB,,4580527850075
BCJFAMA166000,スマートフォン本体,FCNT,arrows RX,arrows RX ブラック 32GB,ブラック,32GB,,4580527850051
Q0S27PCZ12000,スマートフォン本体,FCNT,arrows RX,arrows RX ホワイト 32GB,ホワイト,32GB,,4580527850068
7NACZUYIK2000,スマートフォン本体,FCNT,arrows S EM01F,arrows S EM01F ブラック 32GB,ブラック,32GB,,
IE42L5N2C4000,スマートフォン本体,FCNT,arrows S EM01F,arrows S EM01F ホワイト 32GB,ホワイト,32GB,,
RONVLU2LAQ000,スマートフォン本体,FCNT,arrows SV,arrows SV ゴールド 16GB F-03H,ゴールド,16GB,,4525069855065
L14SYP0DPW000,スマートフォン本体,FCNT,arrows SV,arrows SV ブラック 16GB F-03H,ブラック,16GB,,4942857186024
UA5CSKX2WV000,スマートフォン本体,FCNT,arrows SV,arrows SV ホワイト 16GB F-03H,ホワイト,16GB,,
DXUF8C4SLK000,スマートフォン本体,FCNT,arrows U,arrows U ブラック 32GB 801FJ,ブラック,32GB,,
G4371SPDET000,スマートフォン本体,FCNT,arrows U,arrows U ブルー 32GB 801FJ,ブルー,32GB,,
MS4Z9Z8ATM000,スマートフォン本体,FCNT,arrows U,arrows U ホワイト 32GB 801FJ,ホワイト,32GB,,
8TEONWVFE2000,スマートフォン本体,FCNT,arrows V,arrows V ピンク 64GB,ピンク,64GB,,
U9MPN94OY9000,スマートフォン本体,FCNT,arrows We,arrows We ターコイズ 64GB A101FC,ターコイズ,64GB,,4549046132802
OYF48WIH5J000,スマートフォン本体,FCNT,arrows We,arrows We ネイビー 64GB F-51B,ネイビー,64GB,,4942857221053
IAE3L8DJWV000,スマートフォン本体,FCNT,arrows We,arrows We パープル 64GB F-51B,パープル,64GB,,4942857222029
0ICYYVS5PH000,スマートフォン本体,FCNT,arrows We,arrows We ブラック 64GB SoftBank A101FC,ブラック,64GB,SoftBank,4549046132819
65G5D9SHI8000,スマートフォン本体,FCNT,arrows We,arrows We ブラック 64GB au FCG01,ブラック,64GB,au,4941787088255
3S2847Z26A000,スマートフォン本体,FCNT,arrows We,arrows We ホワイト 64GB SoftBank A101FC,ホワイト,64GB,SoftBank,4549046132826
XYDZV7GRGM000,スマートフォン本体,FCNT,arrows We,arrows We ホワイト 64GB au FCG01,ホワイト,64GB,au,4941787088262
73CEEC64JE000,スマートフォン本体,FCNT,arrows We,arrows We ホワイト 64GB docomo F-51B,ホワイト,64GB,docomo,4942857221060
J4HBHRWVUO000,スマートフォン本体,FCNT,arrows We,arrows We レッド 64GB F-51B,レッド,64GB,,
EYBIEZ6QDR000,スマートフォン本体,FCNT,arrows We,arrows We ローズゴールド 64GB FCG01,ローズゴールド,64GB,,4941787088248
AV470VO2SY000,スマートフォン本体,FCNT,arrows We2 Plus,arrows We2 Plus シャンパンシルバー 256GB F-51E／M06,シャンパンシルバー,256GB,,4942857239089
ZHPN49CVHG000,スマートフォン本体,FCNT,arrows We2 Plus,arrows We2 Plus シャンパンシルバー 256GB SIMフリー M06,シャンパンシルバー,256GB,SIMフリー,4580527850884
L8WI4TAYF2000,スマートフォン本体,FCNT,arrows We2 Plus,arrows We2 Plus スレートグレイ 256GB M06,スレートグレイ,256GB,,4580527850877
V6LGHYQ42W000,スマートフォン本体,FCNT,arrows We2 Plus,arrows We2 Plus スレートグレイ 256GB docomo F-51E,スレートグレイ,256GB,docomo,4942857239072
1XNZ88FUYZ000,スマートフォン本体,FCNT,arrows We2,arrows We2 ネイビーグリーン 128GB M07,ネイビーグリーン,128GB,,4580527850839
AHJEE91QH3000,スマートフォン本体,FCNT,arrows We2,arrows We2 ネイビーグリーン 64GB SoftBank A402FC,ネイビーグリーン,64GB,SoftBank,4549046148032
59WQB63HW1000,スマートフォン本体,FCNT,arrows We2,arrows We2 ネイビーグリーン 64GB au FCG02,ネイビーグリーン,64GB,au,4941787128319
CYHB2XP4V2000,スマートフォン本体,FCNT,arrows We2,arrows We2 ネイビーグリーン 64GB docomo F-52E,ネイビーグリーン,64GB,docomo,4942857239126
WT2RDTH4OP000,スマートフォン本体,FCNT,arrows We2,arrows We2 ミストホワイト 64GB A402FC,ミストホワイト,64GB,,4549046148025
4W4GXS7AHG000,スマートフォン本体,FCNT,arrows We2,arrows We2 ライトオレンジ 128GB M07,ライトオレンジ,128GB,,4580527850846
WWPVAVKA0L000,スマートフォン本体,FCNT,arrows We2,arrows We2 ライトオレンジ 64GB SoftBank A402FC,ライトオレンジ,64GB,SoftBank,4549046148049
1TRMT4RFN6000,スマートフォン本体,FCNT,arrows We2,arrows We2 ライトオレンジ 64GB au FCG02,ライトオレンジ,64GB,au,4941787128326
I2C088CF5A000,スマートフォン本体,FCNT,arrows We2,arrows We2 ライトオレンジ 64GB docomo F-52E,ライトオレンジ,64GB,docomo,4942857239133
01WGISXNYB000,スマートフォン本体,FCNT,arrows We2,arrows We2 ライトブルー 128GB M07,ライトブルー,128GB,,4580527850822
YL1Z1IJ2MC000,スマートフォン本体,FCNT,arrows We2,arrows We2 ライトブルー 64GB au FCG02,ライトブルー,64GB,au,4941787128302
8CUU446OA6000,スマートフォン本体,FCNT,arrows We2,arrows We2 ライトブルー 64GB docomo F-52E,ライトブルー,64GB,docomo,4942857239119
L82Q64T2WE000,スマートフォン本体,FCNT,arrows X,arrows X F-02E ブラック 32GB,ブラック,32GB,,4942857161656
REDAKXY1Y9000,スマートフォン本体,FCNT,arrows X,arrows X F-02E ホワイト 32GB,ホワイト,32GB,,
KUX58IF3HG000,スマートフォン本体,FCNT,arrows X,arrows X F-10D ブラック 16GB,ブラック,16GB,,
FP2403FI4P000,スマートフォン本体,FCNT,arrows X,arrows X F-10D ブルー 16GB,ブルー,16GB,,
6QBLPT02GR000,スマートフォン本体,FCNT,arrows X,arrows X F-10D ホワイト 16GB,ホワイト,16GB,,
LJT4X6J6UC000,スマートフォン本体,FCNT,arrows X LTE,arrows X LTE ブルーブラック 8GB F-05D,ブルーブラック,8GB,,
LJYVDLP4IM000,スマートフォン本体,FCNT,arrows X LTE,arrows X LTE マジェンタ 8GB F-05D,マジェンタ,8GB,,
V5DEHDXSCA000,スマートフォン本体,FCNT,arrows Z FJL22,arrows Z FJL22 ピンク 32GB,ピンク,32GB,,4941787043834
28YKT4QU1P000,スマートフォン本体,FCNT,arrows Z FJL22,arrows Z FJL22 ブラック 32GB,ブラック,32GB,,4941787043827
4TARREHS3Z000,スマートフォン本体,FCNT,arrows Z FJL22,arrows Z FJL22 ホワイト 32GB,ホワイト,32GB,,
C39BF4L78I000,スマートフォン本体,FCNT,arrows Z ISW13F,arrows Z ISW13F クールブラック 16GB,クールブラック,16GB,,
LE9IUR12RP000,スマートフォン本体,FCNT,arrows Z ISW13F,arrows Z ISW13F グロッシーレッド 16GB,グロッシーレッド,16GB,,
V4N3VK6SP5000,スマートフォン本体,FCNT,arrows Z,arrows Z ストリームブルー 8GB ISW11F,ストリームブルー,8GB,,
FH6HY3LS3N000,スマートフォン本体,FCNT,arrows Z,arrows Z ネオブラック 8GB ISW11F,ネオブラック,8GB,,
KTSAFU24GQ000,スマートフォン本体,FCNT,arrows Z,arrows Z ファインホワイト 8GB ISW11F,ファインホワイト,8GB,,
C83MYSQ3LF000,スマートフォン本体,FCNT,arrows Z,arrows Z ライブピンク 8GB ISW11F,ライブピンク,8GB,,
EK3DVRF96E000,スマートフォン本体,FCNT,arrows ef,arrows ef ソフトブルー 8GB FJL21,ソフトブルー,8GB,,
S8JGVE2TNQ000,スマートフォン本体,FCNT,arrows ef,arrows ef ソリッドブラック 8GB FJL21,ソリッドブラック,8GB,,
VG4259K1TJ000,スマートフォン本体,FCNT,arrows ef,arrows ef ピンクゴールド 8GB FJL21,ピンクゴールド,8GB,,
QSBCKMXR14000,スマートフォン本体,FCNT,arrows μ,arrows μ F-07D ブラック 1GB,ブラック,1GB,,
B4NM8RY4Q4000,スマートフォン本体,FCNT,arrows μ,arrows μ サファイアブラック 1GB F-07D,サファイアブラック,1GB,,
WZFKN3860V000,スマートフォン本体,FCNT,らくらくスマートフォン me F-01L,らくらくスマートフォン me F-01L ゴールド 32GB,ゴールド,32GB,,4942857204162
0BN0ZXXUML000,スマートフォン本体,FCNT,らくらくスマートフォン me F-03K,らくらくスマートフォン me F-03K ブルー 16GB,ブルー,16GB,,4942857199406
5MA4I14EBJ000,スマートフォン本体,FCNT,らくらくスマートフォン,らくらくスマートフォン ゴールド 4GB F-12D,ゴールド,4GB,,
S7M7X25009000,スマートフォン本体,FCNT,らくらくスマートフォン,らくらくスマートフォン ネイビー 4GB F-12D,ネイビー,4GB,,
K7VYMA6ZY4000,スマートフォン本体,FCNT,らくらくスマートフォン,らくらくスマートフォン ピンク 4GB F-12D,ピンク,4GB,,
O27XV12P5L000,スマートフォン本体,FCNT,らくらくスマートフォン プレミアム,らくらくスマートフォン プレミアム ホワイト 16GB F-09E,シルキーホワイト,16GB,,
9AA83G35P3000,スマートフォン本体,FCNT,らくらくスマートフォン プレミアム,らくらくスマートフォン プレミアムブラック 16GB F-09E,プレミアムブラック,16GB,,
CACWG74O84000,スマートフォン本体,FCNT,らくらくスマートフォン2,らくらくスマートフォン2 ゴールド 8GB F-08E,ゴールド,8GB,,
P9FDRHJ6RK000,スマートフォン本体,FCNT,らくらくスマートフォン2,らくらくスマートフォン2 ピンク 8GB F-08E,ピンク,8GB,,
C285W04YGV000,スマートフォン本体,FCNT,らくらくスマートフォン2,らくらくスマートフォン2 ブラック 8GB F-08E,ブラック,8GB,,
QOFNOWBM4Z000,スマートフォン本体,FCNT,らくらくスマートフォン3,らくらくスマートフォン3 エアーブルー 8GB F-06F,エアーブルー,8GB,,
9VS3D29V31000,スマートフォン本体,FCNT,らくらくスマートフォン3,らくらくスマートフォン3 ブラック 8GB F-06F,ブラック,8GB,,
P63D8D8I0P000,スマートフォン本体,FCNT,らくらくスマートフォン3,らくらくスマートフォン3 ホワイト 8GB F-06F,ホワイト,8GB,,
ASWKBAIZOS000,スマートフォン本体,FCNT,らくらくスマートフォン3,らくらくスマートフォン3 レッド 8GB F-06F,レッド,8GB,,
2HIO3O0QGK000,スマートフォン本体,FCNT,らくらくスマートフォン4,らくらくスマートフォン4 ピンク 16GB F-04J,ピンク,16GB,,
4L6C6P7NYY000,スマートフォン本体,FCNT,らくらくスマートフォン4,らくらくスマートフォン4 ブラック 16GB F-04J,ブラック,16GB,,
9GU4TW75XG000,スマートフォン本体,FCNT,らくらくスマートフォン4,らくらくスマートフォン4 ホワイト 16GB F-04J,ホワイト,16GB,,
L3AFL6RAD4000,スマートフォン本体,Google,Google Pixel 10 Pro Fold,Google Pixel 10 Pro Fold ジェイド 256GB GM66V,ジェイド,256GB,,
IS5A69CQ1Z000,スマートフォン本体,Google,Google Pixel 10 Pro Fold,Google Pixel 10 Pro Fold ムーンストーン 256GB GM66V,ムーンストーン,256GB,,
0MGVWP3AR5000,スマートフォン本体,Google,Google Pixel 10 Pro Fold,Google Pixel 10 Pro Fold ムーンストーン 512GB GM66V,ムーンストーン,512GB,,
HXHLE1ZOT9000,スマートフォン本体,Google,Google Pixel 10 Pro XL,Google Pixel 10 Pro XL オブシディアン 256GB GYPW4,オブシディアン,256GB,,840353927667
0HL1WV9OAE000,スマートフォン本体,Google,Google Pixel 10 Pro XL,Google Pixel 10 Pro XL オブシディアン 512GB GYPW4,オブシディアン,512GB,,840353927292
44SBR6GBGN000,スマートフォン本体,Google,Google Pixel 10 Pro XL,Google Pixel 10 Pro XL ジェイド 256GB GYPW4,ジェイド,256GB,,840353927735
FP7JTFS6K9000,スマートフォン本体,Google,Google Pixel 10 Pro XL,Google Pixel 10 Pro XL ポーセリン 256GB GYPW4,ポーセリン,256GB,,840353927766
6SMAUTAH89000,スマートフォン本体,Google,Google Pixel 10 Pro XL,Google Pixel 10 Pro XL ムーンストーン 256GB GYPW4,ムーンストーン,256GB,,840353927711
BQGDAF4XIQ000,スマートフォン本体,Google,Google Pixel 10 Pro,Google Pixel 10 Pro オブシディアン 256GB GN4F5,オブシディアン,256GB,,840353925410
4DMNMBT1TQ000,スマートフォン本体,Google,Google Pixel 10 Pro,Google Pixel 10 Pro オブシディアン 512GB GN4F5,オブシディアン,512GB,,840353925557
ABSF6Q2BOC000,スマートフォン本体,Google,Google Pixel 10 Pro,Google Pixel 10 Pro ジェイド 256GB GN4F5,ジェイド,256GB,,840353925465
CQC7S7P7HB000,スマートフォン本体,Google,Google Pixel 10 Pro,Google Pixel 10 Pro ポーセリン 256GB GN4F5,ポーセリン,256GB,,840353925489
15UU3TDN4A000,スマートフォン本体,Google,Google Pixel 10 Pro,Google Pixel 10 Pro ムーンストーン 256GB GN4F5,ムーンストーン,256GB,,840353925519
UYD1X1BS74000,スマートフォン本体,Google,Google Pixel 10,Google Pixel 10 インディゴ 128GB GL066,インディゴ,128GB,,840353926936
4KGV3RAAYE000,スマートフォン本体,Google,Google Pixel 10,Google Pixel 10 インディゴ 256GB GL066,インディゴ,256GB,,840353926561
9ZKWZGSO3L000,スマートフォン本体,Google,Google Pixel 10,Google Pixel 10 オブシディアン 128GB GL066,オブシディアン,128GB,,840353926899
OG7G19L7K3000,スマートフォン本体,Google,Google Pixel 10,Google Pixel 10 オブシディアン 256GB GL066,オブシディアン,256GB,,840353926554
4DFNH94FIZ000,スマートフォン本体,Google,Google Pixel 10,Google Pixel 10 フロスト 128GB GL066,フロスト,128GB,,840353926974
0Q2YBE0L9A000,スマートフォン本体,Google,Google Pixel 10,Google Pixel 10 フロスト 256GB GL066,フロスト,256GB,,840353926660
3DSGPM7RPZ000,スマートフォン本体,Google,Google Pixel 10,Google Pixel 10 レモングラス 128GB GL066,レモングラス,128GB,,840353926912
Q3MA8HIBVT000,スマートフォン本体,Google,Google Pixel 10,Google Pixel 10 レモングラス 256GB GL066,レモングラス,256GB,,840353926578
9ZRFLDLO3R000,スマートフォン本体,Google,Google Pixel 10a,Google Pixel 10a イサイブルー 256GB GV0BP,イサイブルー,256GB,,
5QNUPEA2XL000,スマートフォン本体,Google,Google Pixel 10a,Google Pixel 10a オブシディアン 128GB GV0BP,オブシディアン,128GB,,
2TU4KVJXSK000,スマートフォン本体,Google,Google Pixel 10a,Google Pixel 10a オブシディアン 256GB GV0BP,オブシディアン,256GB,,
AMUT2K4LKQ000,スマートフォン本体,Google,Google Pixel 10a,Google Pixel 10a フォグ 128GB GV0BP,フォグ,128GB,,
E4T4K2OEC6000,スマートフォン本体,Google,Google Pixel 10a,Google Pixel 10a フォグ 256GB GV0BP,フォグ,256GB,,
54WWPK8CGP000,スマートフォン本体,Google,Google Pixel 10a,Google Pixel 10a ベリー 128GB GV0BP,ベリー,128GB,,
C8RW66FLFP000,スマートフォン本体,Google,Google Pixel 10a,Google Pixel 10a ラベンダー 128GB GV0BP,ラベンダー,128GB,,
5M9R7QR3IK000,スマートフォン本体,Google,Google Pixel 10a,Google Pixel 10a ラベンダー 256GB GV0BP,ラベンダー,256GB,,
84BXPDC6HN000,スマートフォン本体,Google,Google Pixel 3 XL,Google Pixel 3 XL クリアリー ホワイト 128GB,クリアリー ホワイト,128GB,,
IA6PJAO8H5000,スマートフォン本体,Google,Google Pixel 3 XL,Google Pixel 3 XL クリアリー ホワイト 64GB,クリアリー ホワイト,64GB,,4549046080547
2OO6AXXL84000,スマートフォン本体,Google,Google Pixel 3 XL,Google Pixel 3 XL ジャスト ブラック 128GB,ジャスト ブラック,128GB,,
WWJYQP44PZ000,スマートフォン本体,Google,Google Pixel 3 XL,Google Pixel 3 XL ジャスト ブラック 64GB,ジャスト ブラック,64GB,,4549046080554
PFWG6V8T6B000,スマートフォン本体,Google,Google Pixel 3 XL,Google Pixel 3 XL ノット ピンク 128GB,ノット ピンク,128GB,,4549046080592
JQBTYJSKWM000,スマートフォン本体,Google,Google Pixel 3 XL,Google Pixel 3 XL ノット ピンク 64GB,ノット ピンク,64GB,,4549046080561
ZC1FDCT5WD000,スマートフォン本体,Google,Google Pixel 3,Google Pixel 3 クリアリー ホワイト 128GB,クリアリー ホワイト,128GB,,
U4EPJ08KXS000,スマートフォン本体,Google,Google Pixel 3,Google Pixel 3 クリアリー ホワイト 64GB,クリアリー ホワイト,64GB,,4549046080004
041QC3W61N000,スマートフォン本体,Google,Google Pixel 3,Google Pixel 3 ジャスト ブラック 128GB,ジャスト ブラック,128GB,,
BMW24OXEMW000,スマートフォン本体,Google,Google Pixel 3,Google Pixel 3 ジャスト ブラック 64GB,ジャスト ブラック,64GB,,4549046080011
NASVGI8J70000,スマートフォン本体,Google,Google Pixel 3,Google Pixel 3 ノット ピンク 128GB,ノット ピンク,128GB,,
1ZGB94KX4I000,スマートフォン本体,Google,Google Pixel 3,Google Pixel 3 ノット ピンク 64GB,ノット ピンク,64GB,,4549046080028
D02AGMM1K9000,スマートフォン本体,Google,Google Pixel 3a XL,Google Pixel 3a XL クリアリーホワイト 64GB G020D,クリアリーホワイト,64GB,,
CKA0GIF2NA000,スマートフォン本体,Google,Google Pixel 3a XL,Google Pixel 3a XL ジャストブラック 64GB G020D,ジャストブラック,64GB,,4549046089298
ND6SH0MXBF000,スマートフォン本体,Google,Google Pixel 3a XL,Google Pixel 3a XL パープル 64GB G020D,パープル,64GB,,
H8G044FJN4000,スマートフォン本体,Google,Google Pixel 3a,Google Pixel 3a クリアリーホワイト 64GB G020H,クリアリーホワイト,64GB,,
RF5EHBGZRS000,スマートフォン本体,Google,Google Pixel 3a,Google Pixel 3a ジャストブラック 64GB G020H,ジャストブラック,64GB,,4549046089052
CT4ECOHBA5000,スマートフォン本体,Google,Google Pixel 3a,Google Pixel 3a パープル 64GB G020H,パープル,64GB,,
G9SB261IXP000,スマートフォン本体,Google,Google Pixel 4 XL,Google Pixel 4 XL オーソーオレンジ 128GB G020Q,オーソーオレンジ,128GB,,
3W9AYE7FW7000,スマートフォン本体,Google,Google Pixel 4 XL,Google Pixel 4 XL オーソーオレンジ 64GB G020Q,オーソーオレンジ,64GB,,
MJI7U06S3F000,スマートフォン本体,Google,Google Pixel 4 XL,Google Pixel 4 XL クリアホワイト 128GB G020Q,クリアホワイト,128GB,,
I4K7RG61RB000,スマートフォン本体,Google,Google Pixel 4 XL,Google Pixel 4 XL クリアホワイト 64GB G020Q,クリアホワイト,64GB,,
GE80I22F03000,スマートフォン本体,Google,Google Pixel 4 XL,Google Pixel 4 XL ジャストブラック 128GB G020Q,ジャストブラック,128GB,,4549046093080
ID49D7SJR4000,スマートフォン本体,Google,Google Pixel 4 XL,Google Pixel 4 XL ジャストブラック 64GB G020Q,ジャストブラック,64GB,,4549046093059
2H59HZIW7V000,スマートフォン本体,Google,Google Pixel 4,Google Pixel 4 オーソーオレンジ 128GB G020N,オーソーオレンジ,128GB,,
BDOI3XIDWX000,スマートフォン本体,Google,Google Pixel 4,Google Pixel 4 オーソーオレンジ 64GB G020N,オーソーオレンジ,64GB,,2000236259027
RIP5YN4DE7000,スマートフォン本体,Google,Google Pixel 4,Google Pixel 4 クリアホワイト 128GB G020N,クリアホワイト,128GB,,4549046092694
9D1PO2QJ3K000,スマートフォン本体,Google,Google Pixel 4,Google Pixel 4 クリアホワイト 64GB G020N,クリアホワイト,64GB,,4549046092663
0YA8Z1JAHG000,スマートフォン本体,Google,Google Pixel 4,Google Pixel 4 ジャストブラック 128GB G020N,ジャストブラック,128GB,,
UI3TAOMUGY000,スマートフォン本体,Google,Google Pixel 4,Google Pixel 4 ジャストブラック 64GB G020N,ジャストブラック,64GB,,4549046092670
NPR1AUMD0Y000,スマートフォン本体,Google,Google Pixel 4a (5G),Google Pixel 4a (5G) クリアホワイト 128GB G025H,クリアホワイト,128GB,,2000352501024
DFR4YFB4DC000,スマートフォン本体,Google,Google Pixel 4a (5G),Google Pixel 4a (5G) ジャストブラック 128GB G025H,ジャストブラック,128GB,,2000334486028
GNLYKQUF04000,スマートフォン本体,Google,Google Pixel 4a,Google Pixel 4a ジャストブラック 128GB G025M,ジャストブラック,128GB,,810029930093
7CR5TY1ZK4000,スマートフォン本体,Google,Google Pixel 4a,Google Pixel 4a ジャストブラック 128GB SoftBank G025M,ジャストブラック,128GB,SoftBank,4549046094285
LW6IY8NK46000,スマートフォン本体,Google,Google Pixel 4a,Google Pixel 4a ベアリーブルー 128GB G025M,ベアリーブルー,128GB,,4549046094292
O1X36N83MV000,スマートフォン本体,Google,Google Pixel 5,Google Pixel 5 ジャストブラック 128GB G5NZ6,ジャストブラック,128GB,,2000286631026
6ZWRIV2G6E000,スマートフォン本体,Google,Google Pixel 5,Google Pixel 5 ソータセージ 128GB G5NZ6,ソータセージ,128GB,,2000286632023
WCIWEH0UXB000,スマートフォン本体,Google,Google Pixel 5a (5G),Google Pixel 5a (5G) Mostly ブラック 128GB G4S1M,モストリーブラック,128GB,,4549046132239
7X5DHOUFYZ000,スマートフォン本体,Google,Google Pixel 6 Pro,Google Pixel 6 Pro クラウディホワイト 128GB GF5KQ,クラウディホワイト,128GB,,810029931007
S1CZ5Z5EJ9000,スマートフォン本体,Google,Google Pixel 6 Pro,Google Pixel 6 Pro クラウディホワイト 256GB GF5KQ,クラウディホワイト,256GB,,
UZXZH0TI23000,スマートフォン本体,Google,Google Pixel 6 Pro,Google Pixel 6 Pro ストーミーブラック 128GB GF5KQ,ストーミーブラック,128GB,,810029930994
RJXO6XN06M000,スマートフォン本体,Google,Google Pixel 6 Pro,Google Pixel 6 Pro ストーミーブラック 256GB GF5KQ,ストーミーブラック,256GB,,4549046133861
MN2P6QJMBF000,スマートフォン本体,Google,Google Pixel 6 Pro,Google Pixel 6 Pro ソータサニー 128GB GF5KQ,ソータサニー,128GB,,810029931014
3F4G4KBHXJ000,スマートフォン本体,Google,Google Pixel 6 Pro,Google Pixel 6 Pro ソータサニー 256GB GF5KQ,ソータサニー,256GB,,
J3PP0ZP2P3000,スマートフォン本体,Google,Google Pixel 6,Google Pixel 6 カインダコーラル 128GB GR1YH,カインダコーラル,128GB,,810029930512
GHDLC4V973000,スマートフォン本体,Google,Google Pixel 6,Google Pixel 6 カインダコーラル 256GB GR1YH,カインダコーラル,256GB,,
AOOAS05U10000,スマートフォン本体,Google,Google Pixel 6,Google Pixel 6 ストーミーブラック 128GB GR1YH,ストーミーブラック,128GB,,810029930499
SGOOZW4BRD000,スマートフォン本体,Google,Google Pixel 6,Google Pixel 6 ストーミーブラック 256GB GR1YH,ストーミーブラック,256GB,,810029930529
PENQCSI78A000,スマートフォン本体,Google,Google Pixel 6,Google Pixel 6 ソータシーフォーム 128GB GR1YH,ソータシーフォーム,128GB,,810029930505
IAAA5NA0DS000,スマートフォン本体,Google,Google Pixel 6,Google Pixel 6 ソータシーフォーム 256GB GR1YH,ソータシーフォーム,256GB,,810029932592
NY3E9JX9ET000,スマートフォン本体,Google,Google Pixel 6a,Google Pixel 6a セージ 128GB GB17L,セージ,128GB,,810029935074
9KCD5IBGQW000,スマートフォン本体,Google,Google Pixel 6a,Google Pixel 6a セージ 128GB SoftBank GB17L,セージ,128GB,SoftBank,4549046136886
G23SOSH6TI000,スマートフォン本体,Google,Google Pixel 6a,Google Pixel 6a チャコール 128GB GB17L,チャコール,128GB,,810029935050
P4T0UPVY8X000,スマートフォン本体,Google,Google Pixel 6a,Google Pixel 6a チャコール 128GB SoftBank GB17L,チャコール,128GB,SoftBank,4549046135544
NLT04KHLZ4000,スマートフォン本体,Google,Google Pixel 6a,Google Pixel 6a チョーク 128GB GB17L,チョーク,128GB,,4549046136879
Z4QZQR4Z31000,スマートフォン本体,Google,Google Pixel 6a,Google Pixel 6a チョーク 128GB SIMフリー GB17L,チョーク,128GB,SIMフリー,810029935067
094DY7SV22000,スマートフォン本体,Google,Google Pixel 7 Pro,Google Pixel 7 Pro オブシディアン 128GB GFE4J,オブシディアン,128GB,,810029937245
GD4LB44Y9Y000,スマートフォン本体,Google,Google Pixel 7 Pro,Google Pixel 7 Pro オブシディアン 256GB GFE4J,オブシディアン,256GB,,810029937276
U74S8XFY4X000,スマートフォン本体,Google,Google Pixel 7 Pro,Google Pixel 7 Pro スノー 128GB GFE4J,スノー,128GB,,810029937252
7M5XWDWCZI000,スマートフォン本体,Google,Google Pixel 7 Pro,Google Pixel 7 Pro スノー 256GB GFE4J,スノー,256GB,,810029937283
SU81PBL9AO000,スマートフォン本体,Google,Google Pixel 7 Pro,Google Pixel 7 Pro ヘーゼル 128GB GFE4J,ヘーゼル,128GB,,810029937269
AX4CO0VG8T000,スマートフォン本体,Google,Google Pixel 7 Pro,Google Pixel 7 Pro ヘーゼル 256GB GFE4J,ヘーゼル,256GB,,
XW9BVJJ7CE000,スマートフォン本体,Google,Google Pixel 7,Google Pixel 7 オブシディアン 128GB GO3Z5,オブシディアン,128GB,,840244700683
MB4AI4WOVI000,スマートフォン本体,Google,Google Pixel 7,Google Pixel 7 オブシディアン 256GB GO3Z5,オブシディアン,256GB,,810029936705
YBMDQP84V6000,スマートフォン本体,Google,Google Pixel 7,Google Pixel 7 スノー 128GB GO3Z5,スノー,128GB,,840244700690
5WI4M5HQ5C000,スマートフォン本体,Google,Google Pixel 7,Google Pixel 7 スノー 256GB GE2AE,スノー,256GB,,
21KJJZ2ZLO000,スマートフォン本体,Google,Google Pixel 7,Google Pixel 7 レモングラス 128GB GO3Z5,レモングラス,128GB,,840244700706
ZRKULOBYJU000,スマートフォン本体,Google,Google Pixel 7,Google Pixel 7 レモングラス 256GB G03Z5,レモングラス,256GB,,
4MZUR7Z28A000,スマートフォン本体,Google,Google Pixel 7a,Google Pixel 7a コーラル 128GB G82U8,コーラル,128GB,,840244702281
32D4D6IQ6V000,スマートフォン本体,Google,Google Pixel 7a,Google Pixel 7a シー 128GB G82U8,シー,128GB,,4942857233049
KDQYCV9SF5000,スマートフォン本体,Google,Google Pixel 7a,Google Pixel 7a シー 128GB SIMフリー G82U8,シー,128GB,SIMフリー,840244702182
DBKEV4EX5T000,スマートフォン本体,Google,Google Pixel 7a,Google Pixel 7a シー 128GB SoftBank G82U8,シー,128GB,SoftBank,4549046140241
EJ1H9JECDD000,スマートフォン本体,Google,Google Pixel 7a,Google Pixel 7a スノー 128GB G82U8,スノー,128GB,,4942857233025
L19O232BYC000,スマートフォン本体,Google,Google Pixel 7a,Google Pixel 7a スノー 128GB SIMフリー G82U8,スノー,128GB,SIMフリー,840244702083
FWET46ZAP4000,スマートフォン本体,Google,Google Pixel 7a,Google Pixel 7a スノー 128GB ワイモバイル G82U8,スノー,128GB,ワイモバイル,4549046143273
DYA15TDXDI000,スマートフォン本体,Google,Google Pixel 7a,Google Pixel 7a チャコール 128GB G82U8,チャコール,128GB,,4942857233018
Y7BR1044HZ000,スマートフォン本体,Google,Google Pixel 7a,Google Pixel 7a チャコール 128GB SIMフリー G82U8,チャコール,128GB,SIMフリー,840244701857
KKVSNAP4K9000,スマートフォン本体,Google,Google Pixel 8 Pro,Google Pixel 8 Pro オブシディアン 128GB GE9DP,オブシディアン,128GB,,840244704490
EILJ08LO5H000,スマートフォン本体,Google,Google Pixel 8 Pro,Google Pixel 8 Pro オブシディアン 256GB GE9DP,オブシディアン,256GB,,840244705329
6M9DUGQA4Z000,スマートフォン本体,Google,Google Pixel 8 Pro,Google Pixel 8 Pro オブシディアン 512GB GE9DP,オブシディアン,512GB,,840244705596
Z7E4X3J33J000,スマートフォン本体,Google,Google Pixel 8 Pro,Google Pixel 8 Pro ベイ 128GB GE9DP,ベイ,128GB,,840244705237
2DM3EFXSKF000,スマートフォン本体,Google,Google Pixel 8 Pro,Google Pixel 8 Pro ベイ 256GB GE9DP,ベイ,256GB,,840244705503
03R14UFMQX000,スマートフォン本体,Google,Google Pixel 8 Pro,Google Pixel 8 Pro ベイ 512GB GE9DP,ベイ,512GB,,
JKVWK2SWM9000,スマートフォン本体,Google,Google Pixel 8 Pro,Google Pixel 8 Pro ポーセリン 128GB GE9DP,ポーセリン,128GB,,840244704506
595RHJUIE3000,スマートフォン本体,Google,Google Pixel 8 Pro,Google Pixel 8 Pro ポーセリン 256GB GE9DP,ポーセリン,256GB,,840244705411
VJXAKTHTMZ000,スマートフォン本体,Google,Google Pixel 8 Pro,Google Pixel 8 Pro ポーセリン 512GB GE9DP,ポーセリン,512GB,,
AM12B27OKU000,スマートフォン本体,Google,Google Pixel 8,Google Pixel 8 オブシディアン 128GB GZPFO,オブシディアン,128GB,,840244706722
1GEU3OB2IR000,スマートフォン本体,Google,Google Pixel 8,Google Pixel 8 オブシディアン 256GB GZPFO,オブシディアン,256GB,,840244706937
4QERM2L2OK000,スマートフォン本体,Google,Google Pixel 8,Google Pixel 8 ヘーゼル 128GB GZPFO,ヘーゼル,128GB,,840244706838
WOH39HC51X000,スマートフォン本体,Google,Google Pixel 8,Google Pixel 8 ヘーゼル 128GB ワイモバイル GZPFO,ヘーゼル,128GB,ワイモバイル,4549046148445
FVE18F4FQ4000,スマートフォン本体,Google,Google Pixel 8,Google Pixel 8 ミント 128GB GZPFO,ミント,128GB,,840244707088
9QP4C41NM4000,スマートフォン本体,Google,Google Pixel 8,Google Pixel 8 ローズ 128GB GZPFO,ローズ,128GB,,840244707019
0VOKVA80ZL000,スマートフォン本体,Google,Google Pixel 8a,Google Pixel 8a アロエ 128GB G576D／GOSBA4,アロエ,128GB,,840244708351
4I8OSBDMP3000,スマートフォン本体,Google,Google Pixel 8a,Google Pixel 8a アロエ 128GB SoftBank GOSBA4,アロエ,128GB,SoftBank,
LPANV394MX000,スマートフォン本体,Google,Google Pixel 8a,Google Pixel 8a アロエ 128GB ワイモバイル G576D,アロエ,128GB,ワイモバイル,4549046147103
0C9D4794RW000,スマートフォン本体,Google,Google Pixel 8a,Google Pixel 8a オブシディアン 128GB G576D／GOSBA2,オブシディアン,128GB,,840244708054
JBW027ZCKT000,スマートフォン本体,Google,Google Pixel 8a,Google Pixel 8a オブシディアン 128GB SoftBank GOSBA2,オブシディアン,128GB,SoftBank,
QMR6K4GCRP000,スマートフォン本体,Google,Google Pixel 8a,Google Pixel 8a オブシディアン 128GB ワイモバイル G576D,オブシディアン,128GB,ワイモバイル,4549046147080
54LUQYBKIY000,スマートフォン本体,Google,Google Pixel 8a,Google Pixel 8a ベイ 128GB G576D,ベイ,128GB,,840244708078
CLX651N4X0000,スマートフォン本体,Google,Google Pixel 8a,Google Pixel 8a ベイ 128GB SoftBank GOSBA1,ベイ,128GB,SoftBank,4549046143839
BZEVA40LMP000,スマートフォン本体,Google,Google Pixel 8a,Google Pixel 8a ベイ 128GB ワイモバイル G576D,ベイ,128GB,ワイモバイル,4549046147073
8TT115Q7J0000,スマートフォン本体,Google,Google Pixel 8a,Google Pixel 8a ポーセリン 128GB G576D／GOSBA3,ポーセリン,128GB,,4549046147097
QD5WMBKFBZ000,スマートフォン本体,Google,Google Pixel 8a,Google Pixel 8a ポーセリン 128GB SIMフリー G576D,ポーセリン,128GB,SIMフリー,840244708061
H98V3M9E7Y000,スマートフォン本体,Google,Google Pixel 8a,Google Pixel 8a ポーセリン 128GB SoftBank GOSBA3,ポーセリン,128GB,SoftBank,
JNADNHFJI2000,スマートフォン本体,Google,Google Pixel 9 Pro Fold,Google Pixel 9 Pro Fold オブシディアン 256GB GC15S,オブシディアン,256GB,,4549046146335
8DZ9QKF6TR000,スマートフォン本体,Google,Google Pixel 9 Pro Fold,Google Pixel 9 Pro Fold オブシディアン 512GB GC15S,オブシディアン,512GB,,
4GEM09J44O000,スマートフォン本体,Google,Google Pixel 9 Pro Fold,Google Pixel 9 Pro Fold ポーセリン 256GB GC15S,ポーセリン,256GB,,
F0M32XN840000,スマートフォン本体,Google,Google Pixel 9 Pro Fold,Google Pixel 9 Pro Fold ポーセリン 512GB GC15S,ポーセリン,512GB,,
P8OCF41P04000,スマートフォン本体,Google,Google Pixel 9 Pro XL,Google Pixel 9 Pro XL オブシディアン 128GB GQ57S,オブシディアン,128GB,,840353913868
7Z3DV5NDSR000,スマートフォン本体,Google,Google Pixel 9 Pro XL,Google Pixel 9 Pro XL オブシディアン 256GB GQ57S,オブシディアン,256GB,,840353914339
ZYPG2CT6N4000,スマートフォン本体,Google,Google Pixel 9 Pro XL,Google Pixel 9 Pro XL オブシディアン 512GB GQ57S,オブシディアン,512GB,,840353914360
LBKK2ZIRH8000,スマートフォン本体,Google,Google Pixel 9 Pro XL,Google Pixel 9 Pro XL ヘーゼル 128GB GQ57S,ヘーゼル,128GB,,
1VE4Z4W64I000,スマートフォン本体,Google,Google Pixel 9 Pro XL,Google Pixel 9 Pro XL ヘーゼル 256GB GQ57S,ヘーゼル,256GB,,840353914353
BOI3IYVHTX000,スマートフォン本体,Google,Google Pixel 9 Pro XL,Google Pixel 9 Pro XL ヘーゼル 512GB GQ57S,ヘーゼル,512GB,,
OKYVIGSLTZ000,スマートフォン本体,Google,Google Pixel 9 Pro XL,Google Pixel 9 Pro XL ポーセリン 128GB GQ57S,ポーセリン,128GB,,840353914308
82BY22WOML000,スマートフォン本体,Google,Google Pixel 9 Pro XL,Google Pixel 9 Pro XL ポーセリン 256GB GQ57S,ポーセリン,256GB,,840353914346
329VZNHVQK000,スマートフォン本体,Google,Google Pixel 9 Pro XL,Google Pixel 9 Pro XL ポーセリン 512GB GQ57S,ポーセリン,512GB,,840353915572
1WUAFOB5UF000,スマートフォン本体,Google,Google Pixel 9 Pro XL,Google Pixel 9 Pro XL ローズクォーツ 128GB GQ57S,ローズクォーツ,128GB,,
4UILHYL6HI000,スマートフォン本体,Google,Google Pixel 9 Pro XL,Google Pixel 9 Pro XL ローズクォーツ 256GB GQ57S,ローズクォーツ,256GB,,840353914667
NERCQF7BXW000,スマートフォン本体,Google,Google Pixel 9 Pro XL,Google Pixel 9 Pro XL ローズクォーツ 512GB GQ57S,ローズクォーツ,512GB,,
QVX4QLICAB000,スマートフォン本体,Google,Google Pixel 9 Pro,Google Pixel 9 Pro オブシディアン 128GB GWVK6,オブシディアン,128GB,,840353906242
FDCL68D09R000,スマートフォン本体,Google,Google Pixel 9 Pro,Google Pixel 9 Pro オブシディアン 256GB GWVK6,オブシディアン,256GB,,840353906280
Y3TVG0JO5A000,スマートフォン本体,Google,Google Pixel 9 Pro,Google Pixel 9 Pro オブシディアン 512GB GWVK6,オブシディアン,512GB,,840353906310
4I8B161ZQB000,スマートフォン本体,Google,Google Pixel 9 Pro,Google Pixel 9 Pro ヘーゼル 256GB GWVK6,ヘーゼル,256GB,,840353906303
KF39F28062000,スマートフォン本体,Google,Google Pixel 9 Pro,Google Pixel 9 Pro ポーセリン 128GB GWVK6,ポーセリン,128GB,,840353906259
3XPEQV0KTK000,スマートフォン本体,Google,Google Pixel 9 Pro,Google Pixel 9 Pro ポーセリン 256GB GWVK6,ポーセリン,256GB,,840353906297
DFPSO0H370000,スマートフォン本体,Google,Google Pixel 9 Pro,Google Pixel 9 Pro ポーセリン 512GB GWVK6,ポーセリン,512GB,,840353906327
1XH42MZ5IS000,スマートフォン本体,Google,Google Pixel 9 Pro,Google Pixel 9 Pro ローズクォーツ 256GB GWVK6,ローズクォーツ,256GB,,840353917774
E34P3CLS3B000,スマートフォン本体,Google,Google Pixel 9,Google Pixel 9 ウィンターグリーン 128GB G1B60,ウィンターグリーン,128GB,,840353911376
FKG6C3JHQK000,スマートフォン本体,Google,Google Pixel 9,Google Pixel 9 ウィンターグリーン 256GB G1B60,ウィンターグリーン,256GB,,
0JHPC37996000,スマートフォン本体,Google,Google Pixel 9,Google Pixel 9 オブシディアン 128GB G1B60,オブシディアン,128GB,,840353910997
K59Q8GZDMU000,スマートフォン本体,Google,Google Pixel 9,Google Pixel 9 オブシディアン 256GB G1B60,オブシディアン,256GB,,
EWBCHJU2JT000,スマートフォン本体,Google,Google Pixel 9,Google Pixel 9 ピオニー 128GB G1B60,ピオニー,128GB,,840353911468
QF9WDLT48R000,スマートフォン本体,Google,Google Pixel 9,Google Pixel 9 ピオニー 256GB G1B60,ピオニー,256GB,,840353912052
BDIFBTVHTV000,スマートフォン本体,Google,Google Pixel 9,Google Pixel 9 ポーセリン 128GB G1B60,ポーセリン,128GB,,840353911284
2QCCM6I0NG000,スマートフォン本体,Google,Google Pixel 9,Google Pixel 9 ポーセリン 256GB G1B60,ポーセリン,256GB,,840353911581
35QQ30QJ4E000,スマートフォン本体,Google,Google Pixel 9a,Google Pixel 9a アイリス 128GB G3Y12,アイリス,128GB,,840353922402
9R4R914LAM000,スマートフォン本体,Google,Google Pixel 9a,Google Pixel 9a アイリス 256GB G3Y12,アイリス,256GB,,840353922563
3AASB9KISO000,スマートフォン本体,Google,Google Pixel 9a,Google Pixel 9a アイリス 512GB,アイリス,512GB,,
EKZKTXZ4FH000,スマートフォン本体,Google,Google Pixel 9a,Google Pixel 9a オブシディアン 128GB G3Y12,オブシディアン,128GB,,840353922303
LK5BEJ8UJM000,スマートフォン本体,Google,Google Pixel 9a,Google Pixel 9a オブシディアン 256GB G3Y12,オブシディアン,256GB,,840353922518
QG60ZL6ORP000,スマートフォン本体,Google,Google Pixel 9a,Google Pixel 9a オブシディアン 512GB,オブシディアン,512GB,,
9P0ZITUH7D000,スマートフォン本体,Google,Google Pixel 9a,Google Pixel 9a ピオニー 128GB G3Y12,ピオニー,128GB,,840353922464
IB4VJDPXKZ000,スマートフォン本体,Google,Google Pixel 9a,Google Pixel 9a ポーセリン 128GB G3Y12,ポーセリン,128GB,,840353922358
5212RA43IA000,スマートフォン本体,Google,Google Pixel 9a,Google Pixel 9a ポーセリン 256GB G3Y12,ポーセリン,256GB,,840353923317
IF9LDWWND9000,スマートフォン本体,Google,Google Pixel 9a,Google Pixel 9a ポーセリン 512GB,ポーセリン,512GB,,
S4BCSDSTU2000,スマートフォン本体,Google,Google Pixel Fold,Google Pixel Fold オブシディアン 256GB G0B96,オブシディアン,256GB,,840244703325
IQO04RCG8M000,スマートフォン本体,Google,Google Pixel Fold,Google Pixel Fold ポーセリン 256GB G0B96,ポーセリン,256GB,,840244704223
U2J80O097R000,スマートフォン本体,Google,Nexus 4,Nexus 4 ブラック 16GB LGE960,ブラック,16GB,,
SRK3HG1UB3000,スマートフォン本体,Google,Nexus 4,Nexus 4 ホワイト 16GB LGE960,ホワイト,16GB,,
G4Z6V3YQR8000,スマートフォン本体,Google,Nexus 5,Nexus 5 ブライト レッド 16GB,ブライト レッド,16GB,,
5GW5S880PZ000,スマートフォン本体,Google,Nexus 5,Nexus 5 ブライト レッド 32GB,ブライト レッド,32GB,,4582398122565
YW5JYZ28UT000,スマートフォン本体,Google,Nexus 5,Nexus 5 ブラック 16GB,ブラック,16GB,,
UZUDD6AE2B000,スマートフォン本体,Google,Nexus 5,Nexus 5 ブラック 32GB,ブラック,32GB,,
LD560N52OH000,スマートフォン本体,Google,Nexus 5,Nexus 5 ホワイト 16GB,ホワイト,16GB,,4582398122442
ZGJFPOHPTO000,スマートフォン本体,Google,Nexus 5,Nexus 5 ホワイト 32GB,ホワイト,32GB,,
I7CFGNW8NB000,スマートフォン本体,Google,Nexus 5X,Nexus 5X アイス 16GB,アイス,16GB,,
FCCL3QBO29000,スマートフォン本体,Google,Nexus 5X,Nexus 5X アイス 32GB,アイス,32GB,,
ZJLZZLVPHK000,スマートフォン本体,Google,Nexus 5X,Nexus 5X カーボン 16GB,カーボン,16GB,,
4ST9EB6RSL000,スマートフォン本体,Google,Nexus 5X,Nexus 5X カーボン 32GB,カーボン,32GB,,
UQPDPQYDEC000,スマートフォン本体,Google,Nexus 5X,Nexus 5X クオーツ 16GB,クオーツ,16GB,,
857Z4AUVNG000,スマートフォン本体,Google,Nexus 5X,Nexus 5X クオーツ 32GB,クオーツ,32GB,,
I4N4P41FK4000,スマートフォン本体,Google,Nexus 6,Nexus 6 クラウドホワイト 32GB XT1100,クラウドホワイト,32GB,,4908993977599
XQLYHSKIDZ000,スマートフォン本体,Google,Nexus 6,Nexus 6 クラウドホワイト 64GB XT1100,クラウドホワイト,64GB,,4908993977612
OZBEO47FY4000,スマートフォン本体,Google,Nexus 6,Nexus 6 ダークブルー 32GB,ダークブルー,32GB,,4908993977582
BE5CBVFGWU000,スマートフォン本体,Google,Nexus 6,Nexus 6 ダークブルー 64GB,ダークブルー,64GB,,4908993977605
6U9K2FHGY4000,スマートフォン本体,Google,Nexus 6P,Nexus 6P アルミニウム 32GB,アルミニウム,32GB,,4908993987109
MTIE33RLK7000,スマートフォン本体,Google,Nexus 6P,Nexus 6P アルミニウム 64GB,アルミニウム,64GB,,
M6LRP4XN2C000,スマートフォン本体,Google,Nexus 6P,Nexus 6P グラファイト 32GB,グラファイト,32GB,,
S2BLYNP8S8000,スマートフォン本体,Google,Nexus 6P,Nexus 6P グラファイト 64GB,グラファイト,64GB,,
B0NW101NMH000,スマートフォン本体,Google,Nexus 6P,Nexus 6P ゴールド 32GB H1511,ゴールド,32GB,,
FE7UT1N3HV000,スマートフォン本体,Google,Nexus 6P,Nexus 6P ゴールド 64GB,ゴールド,64GB,,
647NCK6M3P000,スマートフォン本体,Google,Nexus 6P,Nexus 6P フロスト 32GB H1511,フロスト,32GB,,
ZF60GNJ3L8000,スマートフォン本体,Google,Nexus 6P,Nexus 6P フロスト 64GB,フロスト,64GB,,
2Z04PL4H51000,スマートフォン本体,HTC,Android One X2,Android One X2 アイス ホワイト 64GB X2-HT,アイス ホワイト,64GB,,
QE7HZ2Y9WL000,スマートフォン本体,HTC,Android One X2,Android One X2 サファイア ブルー 64GB X2-HT,サファイア ブルー,64GB,,
CBIR9TZPI3000,スマートフォン本体,HUAWEI,HUAWEI GR5,HUAWEI GR5 グレー 16GB KII-L22,グレー,16GB,,
F1PAB50ING000,スマートフォン本体,HUAWEI,HUAWEI GR5,HUAWEI GR5 ゴールド 16GB KII-L22,ゴールド,16GB,,
U6V18OT07E000,スマートフォン本体,HUAWEI,HUAWEI GR5,HUAWEI GR5 シルバー 16GB KII-L22,シルバー,16GB,,
5XFGNZQNM8000,スマートフォン本体,HUAWEI,HUAWEI Mate 10 Pro,HUAWEI Mate 10 Pro チタニウムグレー 128GB,チタニウムグレー,128GB,,
ZI9A85A6O3000,スマートフォン本体,HUAWEI,HUAWEI Mate 10 Pro,HUAWEI Mate 10 Pro ミッドナイトブルー 128GB,ミッドナイトブルー,128GB,,6901443204977
2KJ8E43HQ3000,スマートフォン本体,HUAWEI,HUAWEI Mate 10 lite,HUAWEI Mate 10 lite オーロラブルー 64GB RNE-L22,オーロラブルー,64GB,,6901443206254
PUCYJ4RQI9000,スマートフォン本体,HUAWEI,HUAWEI Mate 10 lite,HUAWEI Mate 10 lite グラファイトブラック 64GB RNE-L22,グラファイトブラック,64GB,,6901443206247
422QAMFCML000,スマートフォン本体,HUAWEI,HUAWEI Mate 20 Pro,HUAWEI Mate 20 Pro トワイライト 128GB,トワイライト,128GB,,6901443268252
VJPL6UTHSC000,スマートフォン本体,HUAWEI,HUAWEI Mate 20 Pro,HUAWEI Mate 20 Pro ブラック 128GB,ブラック,128GB,,
254IU7SZ80000,スマートフォン本体,HUAWEI,HUAWEI Mate 20 Pro,HUAWEI Mate 20 Pro ミッドナイトブルー 128GB,ミッドナイトブルー,128GB,,6901443268269
0FWJC4PR9X000,スマートフォン本体,HUAWEI,HUAWEI Mate 20 lite,HUAWEI Mate 20 lite サファイアブルー 64GB SNE-LX2,サファイアブルー,64GB,,6901443268245
KAHIR23ZRA000,スマートフォン本体,HUAWEI,HUAWEI Mate 20 lite,HUAWEI Mate 20 lite ブラック 64GB SNE-LX2,ブラック,64GB,,6901443268238
UBDJQ25HT7000,スマートフォン本体,HUAWEI,HUAWEI Mate 30 Pro 5G,HUAWEI Mate 30 Pro 5G オレンジ 256GB LIO-N29,オレンジ,256GB,,
ZBUMDTS8HM000,スマートフォン本体,HUAWEI,HUAWEI Mate 9,HUAWEI Mate 9 シャンパンゴールド 64GB MHA-L29,ブラック,64GB,,6901443153091
01ZHLAKDLB000,スマートフォン本体,HUAWEI,HUAWEI Mate 9,HUAWEI Mate 9 ブラック 64GB MHA-L29,シャンパンゴールド,64GB,,6901443168484
3ADIFHRD7G000,スマートフォン本体,HUAWEI,HUAWEI Mate 9,HUAWEI Mate 9 ムーンライトシルバー 64GB MHA-L29,ムーンライトシルバー,64GB,,6901443153107
W4JLBSNL0O000,スマートフォン本体,HUAWEI,HUAWEI Mate S,HUAWEI Mate S チタニウムグレー 32GB CRR-L09,チタニウムグレー,32GB,,6901443095216
VBEPZV8M7I000,スマートフォン本体,HUAWEI,HUAWEI Mate S,HUAWEI Mate S ミスティークシャンパン 32GB CRR-L09,ミスティークシャンパン,32GB,,6901443095209
MPEI5J7UF2000,スマートフォン本体,HUAWEI,HUAWEI Mate S,HUAWEI Mate S ローズゴールド 32GB CRR-L09,ローズゴールド,32GB,,6901443097784
KERNRD6XVJ000,スマートフォン本体,HUAWEI,HUAWEI P10 Plus,HUAWEI P10 Plus グリーナリー 64GB VKY-L29,グリーナリー,64GB,,6901443182169
HBP0SROJA1000,スマートフォン本体,HUAWEI,HUAWEI P10 Plus,HUAWEI P10 Plus ダズリングゴールド 64GB VKY-L29,ダズリングゴールド,64GB,,6901443182152
3VB5GW8F4T000,スマートフォン本体,HUAWEI,HUAWEI P10 lite,HUAWEI P10 lite サクラピンク 32GB WAS-LX2J,サクラピンク,32GB,,
P6R9Q7V4Y5000,スマートフォン本体,HUAWEI,HUAWEI P10 lite,HUAWEI P10 lite サファイアブルー 32GB WAS-LX2J,サファイアブルー,32GB,,4941787061203
V960GMWBG2000,スマートフォン本体,HUAWEI,HUAWEI P10 lite,HUAWEI P10 lite パールホワイト 32GB WAS-LX2J,パールホワイト,32GB,,
P2CSL7HN28000,スマートフォン本体,HUAWEI,HUAWEI P10 lite,HUAWEI P10 lite プラチナゴールド 32GB WAS-LX2J,プラチナゴールド,32GB,,6901443175314
DQOIX2C1OV000,スマートフォン本体,HUAWEI,HUAWEI P10 lite,HUAWEI P10 lite ミッドナイトブラック 32GB WAS-LX2J,ミッドナイトブラック,32GB,,6901443175307
MTPFJ0GJG4000,スマートフォン本体,HUAWEI,HUAWEI P10,HUAWEI P10 ダズリングブルー 64GB VTR-L29,ダズリングブルー,64GB,,6901443175376
O43HF4UQHN000,スマートフォン本体,HUAWEI,HUAWEI P10,HUAWEI P10 ブラック 64GB VTR-L29,ブラック,64GB,,6901443175369
EGJ8QD4BEX000,スマートフォン本体,HUAWEI,HUAWEI P10,HUAWEI P10 プレステージゴールド 64GB VTR-L29,プレステージゴールド,64GB,,6901443175352
76XDY9UZHM000,スマートフォン本体,HUAWEI,HUAWEI P10,HUAWEI P10 ミスティックシルバー 64GB VTR-L29,ミスティックシルバー,64GB,,6901443175345
BWFP4K3ESO000,スマートフォン本体,HUAWEI,HUAWEI P20 Lite,HUAWEI P20 Lite クラインブルー 32GB,クラインブルー,32GB,,6901443235919
XJV02ZOO44000,スマートフォン本体,HUAWEI,HUAWEI P20 Lite,HUAWEI P20 Lite クラインブルー 64GB,クラインブルー,64GB,,4941787064396
8BN3F80KH2000,スマートフォン本体,HUAWEI,HUAWEI P20 Lite,HUAWEI P20 Lite サクラピンク 32GB,サクラピンク,32GB,,6901443235902
97K857DIGZ000,スマートフォン本体,HUAWEI,HUAWEI P20 Lite,HUAWEI P20 Lite サクラピンク 64GB,サクラピンク,64GB,,
KOM0490VIM000,スマートフォン本体,HUAWEI,HUAWEI P20 Lite,HUAWEI P20 Lite ミッドナイトブラック 32GB,ミッドナイトブラック,32GB,,6901443235926
1RXNZKE0RH000,スマートフォン本体,HUAWEI,HUAWEI P20 Lite,HUAWEI P20 Lite ミッドナイトブラック 64GB,ミッドナイトブラック,64GB,,
KD1F632X6A000,スマートフォン本体,HUAWEI,HUAWEI P20 Pro,HUAWEI P20 Pro ブラック 128GB HW-01K,ブラック,128GB,,
90AGZA0V8F000,スマートフォン本体,HUAWEI,HUAWEI P20 Pro,HUAWEI P20 Pro ミッドナイトブルー 128GB,ミッドナイトブルー,128GB,,
4FXZZ77Y61000,スマートフォン本体,HUAWEI,HUAWEI P20,HUAWEI P20 ピンクゴールド 128GB EML-L29,ピンクゴールド,128GB,,6901443235957
7O8134PHB6000,スマートフォン本体,HUAWEI,HUAWEI P20,HUAWEI P20 ブラック 128GB EML-L29,ブラック,128GB,,6901443235933
SEFVC0CBEI000,スマートフォン本体,HUAWEI,HUAWEI P20,HUAWEI P20 ミッドナイトブルー 128GB EML-L29,ミッドナイトブルー,128GB,,6901443235940
PMEXFPXPNZ000,スマートフォン本体,HUAWEI,HUAWEI P30 Pro,HUAWEI P30 Pro ブラック 128GB HW-02L,ブラック,128GB,,
6SHOTVNK9B000,スマートフォン本体,HUAWEI,HUAWEI P30 Pro,HUAWEI P30 Pro ブリージングクリスタル 128GB HW-02L,ブリージングクリスタル,128GB,,4942857205930
4WIU32ZUNF000,スマートフォン本体,HUAWEI,HUAWEI P30 lite Premium,HUAWEI P30 lite Premium パールホワイト 128GB HWV33,パールホワイト,128GB,,
VZHI4RUL41000,スマートフォン本体,HUAWEI,HUAWEI P30 lite Premium,HUAWEI P30 lite Premium ピーコックブルー 128GB HWV33,ピーコックブルー,128GB,,
RUIKQWE8JB000,スマートフォン本体,HUAWEI,HUAWEI P30 lite Premium,HUAWEI P30 lite Premium ミッドナイトブラック 128GB HWV33,ミッドナイトブラック,128GB,,
RRJVZQAAKO000,スマートフォン本体,HUAWEI,HUAWEI P30 lite,HUAWEI P30 lite パールホワイト 64GB,パールホワイト,64GB,,6901443298549
GLRAV7N0VN000,スマートフォン本体,HUAWEI,HUAWEI P30 lite,HUAWEI P30 lite ピーコックブルー 64GB,ピーコックブルー,64GB,,4549046088727
KT4NR5UQ5E000,スマートフォン本体,HUAWEI,HUAWEI P30 lite,HUAWEI P30 lite ミッドナイトブラック 64GB,ミッドナイトブラック,64GB,,6901443298563
LD5JP4FYUX000,スマートフォン本体,HUAWEI,HUAWEI P30,HUAWEI P30 オーロラ 128GB ELE-L29,オーロラ,128GB,,6901443298655
G5VHPJGH9J000,スマートフォン本体,HUAWEI,HUAWEI P30,HUAWEI P30 ブリージングクリスタル 128GB ELE-L29,ブリージングクリスタル,128GB,,6901443298662
VK4KFURJ22000,スマートフォン本体,HUAWEI,HUAWEI P40 Pro 5G,HUAWEI P40 Pro 5G シルバーフロスト 256GB ELS-NX9,シルバーフロスト,256GB,,6901443400959
CNOGWHM5NL000,スマートフォン本体,HUAWEI,HUAWEI P40 Pro 5G,HUAWEI P40 Pro 5G ブラック 256GB ELS-NX9,ブラック,256GB,,6901443400942
CXOBZTN9LX000,スマートフォン本体,HUAWEI,HUAWEI P40 lite 5G,HUAWEI P40 lite 5G クラッシュグリーン 128GB CDY-NX9A,クラッシュグリーン,128GB,,6901443400973
8LIURTL3NN000,スマートフォン本体,HUAWEI,HUAWEI P40 lite 5G,HUAWEI P40 lite 5G スペースシルバー 128GB CDY-NX9A,スペースシルバー,128GB,,6901443400980
MZWXRQF5NK000,スマートフォン本体,HUAWEI,HUAWEI P40 lite 5G,HUAWEI P40 lite 5G ミッドナイトブラック 128GB CDY-NX9A,ミッドナイトブラック,128GB,,6901443400966
8H67V60LBX000,スマートフォン本体,HUAWEI,HUAWEI P40 lite E,HUAWEI P40 lite E オーロラブルー 64GB ART-L29N,オーロラブルー,64GB,,6901443401000
Q13KGTB4ZE000,スマートフォン本体,HUAWEI,HUAWEI P40 lite E,HUAWEI P40 lite E ミッドナイトブラック 64GB ART-L29N,ミッドナイトブラック,64GB,,6901443400997
LD0N8ZS6KK000,スマートフォン本体,HUAWEI,HUAWEI P8lite,HUAWEI P8 lite ゴールド 16GB ALE-L02,ゴールド,16GB,,6901443063468
FZPBIHJIYB000,スマートフォン本体,HUAWEI,HUAWEI P8 lite,HUAWEI P8 lite ブラック 16GB ALE-L02,ブラック,16GB,,
MI3GWZ084J000,スマートフォン本体,HUAWEI,HUAWEI P8 lite,HUAWEI P8 lite ホワイト 16GB ALE-L02,ホワイト,16GB,,
Z95985IIII000,スマートフォン本体,HUAWEI,HUAWEI P8 max,HUAWEI P8 max シャンパンゴールド 32GB DAV-702L,シャンパンゴールド,32GB,,
SWT1QNNOWF000,スマートフォン本体,HUAWEI,HUAWEI P9 lite,HUAWEI P9 lite ゴールド 16GB VNS-L22,ゴールド,16GB,,6901443122073
REPFF4F257000,スマートフォン本体,HUAWEI,HUAWEI P9 lite,HUAWEI P9 lite ブラック 16GB VNS-L22,ブラック,16GB,,6901443122097
ZKT64RX5IG000,スマートフォン本体,HUAWEI,HUAWEI P9 lite PREMIUM,HUAWEI P9 lite プレミアムゴールド 16GB VNS-L52,ゴールド,16GB,,
2MABGW5BTW000,スマートフォン本体,HUAWEI,HUAWEI P9 lite PREMIUM,HUAWEI P9 lite プレミアムブラック 16GB VNS-L52,ブラック,16GB,,
RD4Y5LW43V000,スマートフォン本体,HUAWEI,HUAWEI P9 lite PREMIUM,HUAWEI P9 lite プレミアムホワイト 16GB VNS-L52,ホワイト,16GB,,4941787059712
LJ459ELIE2000,スマートフォン本体,HUAWEI,HUAWEI P9 lite,HUAWEI P9 lite ホワイト 16GB VNS-L22,ホワイト,16GB,,6901443122080
9NF07H8WZH000,スマートフォン本体,HUAWEI,HUAWEI P9,HUAWEI P9 チタニウムグレー 32GB EVA-L09,チタニウムグレー,32GB,,6901443121922
D7WO0RWL7Z000,スマートフォン本体,HUAWEI,HUAWEI P9,HUAWEI P9 ブルー 32GB EVA-L09,ブルー,32GB,,6901443152520
HDC5U4RMAR000,スマートフォン本体,HUAWEI,HUAWEI P9,HUAWEI P9 ミスティックシルバー 32GB EVA-L09,ミスティックシルバー,32GB,,6901443121915
5ZLX723E4Y000,スマートフォン本体,HUAWEI,HUAWEI P9,HUAWEI P9 レッド 32GB EVA-L09,レッド,32GB,,6901443152513
6MKWY4ZHZD000,スマートフォン本体,HUAWEI,HUAWEI Y6,HUAWEI Y6 ブラック 8GB SCL-L02,ブラック,8GB,,
7FKMSSMAYM000,スマートフォン本体,HUAWEI,HUAWEI Y6,HUAWEI Y6 ホワイト 8GB SCL-L02,ホワイト,8GB,,
7G8FSL1FHY000,スマートフォン本体,HUAWEI,HUAWEI nova 2,HUAWEI nova 2 オーロラブルー 64GB HWV31,オーロラブルー,64GB,,
O00VDBME0P000,スマートフォン本体,HUAWEI,HUAWEI nova 2,HUAWEI nova 2 グラファイトブラック 64GB HWV31,グラファイトブラック,64GB,,
J3OOY48UVN000,スマートフォン本体,HUAWEI,HUAWEI nova 2,HUAWEI nova 2 ローズゴールド 64GB HWV31,ローズゴールド,64GB,,
YBDWBG0T2R000,スマートフォン本体,HUAWEI,HUAWEI nova 3,HUAWEI nova 3 アイリスパープル 128GB PAR-LX9,アイリスパープル,128GB,,6901443256945
38Q6JZ9P1I000,スマートフォン本体,HUAWEI,HUAWEI nova 3,HUAWEI nova 3 ブラック 128GB PAR-LX9,ブラック,128GB,,6901443259939
AWVJEBOWAF000,スマートフォン本体,HUAWEI,HUAWEI nova 5T,HUAWEI nova 5T クラッシュグリーン 128GB,クラッシュグリーン,128GB,,6901443374731
KEVVYQ1YIR000,スマートフォン本体,HUAWEI,HUAWEI nova 5T,HUAWEI nova 5T クラッシュブルー 128GB,クラッシュブルー,128GB,,6901443345373
XTFY9Z0NRM000,スマートフォン本体,HUAWEI,HUAWEI nova 5T,HUAWEI nova 5T ブラック 128GB YAL-L21,ブラック,128GB,,6901443345366
KJPO288LTY000,スマートフォン本体,HUAWEI,HUAWEI nova 5T,HUAWEI nova 5T ミッドサマーパープル 128GB,ミッドサマーパープル,128GB,,6901443345359
0X62YMECTQ000,スマートフォン本体,HUAWEI,HUAWEI nova lite 2,HUAWEI nova lite 2 ゴールド 32GB,ゴールド,32GB,,6901443213108
QSU4XIGHUR000,スマートフォン本体,HUAWEI,HUAWEI nova lite 2,HUAWEI nova lite 2 ブラック 32GB,ブラック,32GB,,6901443213122
7RQ2DGSFPE000,スマートフォン本体,HUAWEI,HUAWEI nova lite 2,HUAWEI nova lite 2 ブルー 32GB,ブルー,32GB,,6901443213115
JYSVM5AYRN000,スマートフォン本体,HUAWEI,HUAWEI nova lite 3,HUAWEI nova lite 3 オーロラブルー 32GB POT-LX2J,オーロラブルー,32GB,,4941787070960
JAEUZ84YGN000,スマートフォン本体,HUAWEI,HUAWEI nova lite 3,HUAWEI nova lite 3 コーラルレッド 32GB POT-LX2J,コーラルレッド,32GB,,6901443280667
9YTXQ7ZI3I000,スマートフォン本体,HUAWEI,HUAWEI nova lite 3,HUAWEI nova lite 3 ミッドナイトブラック 32GB POT-LX2J,ミッドナイトブラック,32GB,,6901443280643
F75V9I4C88000,スマートフォン本体,HUAWEI,HUAWEI nova lite 3+,HUAWEI nova lite 3+ オーロラブルー 128GB POT-LX2J,オーロラブルー,128GB,,6901443395736
TMLWUOI44O000,スマートフォン本体,HUAWEI,HUAWEI nova lite 3+,HUAWEI nova lite 3+ ミッドナイトブラック 128GB POT-LX2J,ミッドナイトブラック,128GB,,6901443395729
W1XHWQM7SY000,スマートフォン本体,HUAWEI,HUAWEI nova lite,HUAWEI nova lite ゴールド 16GB,ゴールド,16GB,,
PNKHTNYI49000,スマートフォン本体,HUAWEI,HUAWEI nova lite,HUAWEI nova lite ブラック 16GB,ブラック,16GB,,
74PQD32F06000,スマートフォン本体,HUAWEI,HUAWEI nova lite,HUAWEI nova lite ホワイト 16GB,ホワイト,16GB,,6901443163540
1ECV4G5WEA000,スマートフォン本体,HUAWEI,HUAWEI nova,HUAWEI nova チタニウムグレー 32GB CAN-L12,チタニウムグレー,32GB,,6901443164349
1JIV527I6J000,スマートフォン本体,HUAWEI,HUAWEI nova,HUAWEI nova ミスティックシルバー 32GB CAN-L12,ミスティックシルバー,32GB,,6901443164332
6RMPMWMAGW000,スマートフォン本体,HUAWEI,HUAWEI nova,HUAWEI nova ローズゴールド 32GB CAN-L12,ローズゴールド,32GB,,6901443164356
31BW0DQOC1000,スマートフォン本体,HUAWEI,LUMIERE 503HW,LUMIERE 503HW ブラック 16GB,ブラック,16GB,,4908993988427
EZV6E4CP44000,スマートフォン本体,KYOCERA,Android One S10,Android One S10 ネイビー 64GB S10-KC,ネイビー,64GB,,
M6ZZFRPMYS000,スマートフォン本体,KYOCERA,Android One S10,Android One S10 ピンク 64GB S10-KC,ピンク,64GB,,
VI47E3OXJS000,スマートフォン本体,KYOCERA,Android One S10,Android One S10 ホワイト 64GB S10-KC,ホワイト,64GB,,
RJTPWVJPEA000,スマートフォン本体,KYOCERA,Android One S2,Android One S2 ネイビー 16GB S2-KC,ネイビー,16GB,,
QKHNNOB1N0000,スマートフォン本体,KYOCERA,Android One S2,Android One S2 ホワイト 16GB S2-KC,ホワイト,16GB,,
04JQ56C3GR000,スマートフォン本体,KYOCERA,Android One S2,Android One S2 レッド 16GB S2-KC,レッド,16GB,,
419FXBHWS6000,スマートフォン本体,KYOCERA,Android One S4,Android One S4 ピンク 32GB S4-KC,ピンク,32GB,,
XDZQDC3Y4W000,スマートフォン本体,KYOCERA,Android One S4,Android One S4 ブラウンブラック 32GB S4-KC,ブラウンブラック,32GB,,
29GXJ1JI1Q000,スマートフォン本体,KYOCERA,Android One S4,Android One S4 ホワイト 32GB S4-KC,ホワイト,32GB,,
7VHWAAFNJI000,スマートフォン本体,KYOCERA,Android One S4,Android One S4 ライトブルー 32GB S4-KC,ライトブルー,32GB,,
8587TT3J0T000,スマートフォン本体,KYOCERA,Android One S6,Android One S6 ブラック 32GB S6-KC,ブラック,32GB,,
V92MA18662000,スマートフォン本体,KYOCERA,Android One S6,Android One S6 ホワイト 32GB S6-KC,ホワイト,32GB,,
4B19X98Z6A000,スマートフォン本体,KYOCERA,Android One S6,Android One S6 ラベンダーブルー 32GB S6-KC,ラベンダーブルー,32GB,,
70JP9LESWX000,スマートフォン本体,KYOCERA,Android One S8,Android One S8 ブラック 64GB S8-KC,ブラック,64GB,,
M5SLOX7TMN000,スマートフォン本体,KYOCERA,Android One S8,Android One S8 ペールブルー 64GB S8-KC,ペールブルー,64GB,,
4GS9RUI5H4000,スマートフォン本体,KYOCERA,Android One S8,Android One S8 ホワイト 64GB S8-KC,ホワイト,64GB,,4549046096432
E3855QN3VN000,スマートフォン本体,KYOCERA,Android One S9,Android One S9 シルキーホワイト 64GB S9-KC,シルキーホワイト,64GB,,
RPMG0N201T000,スマートフォン本体,KYOCERA,Android One S9,Android One S9 ブラック 64GB S9-KC,ブラック,64GB,,
H5F42X5LRT000,スマートフォン本体,KYOCERA,Android One S9,Android One S9 ライトブルー 64GB S9-KC,ライトブルー,64GB,,
7CLOLZF5UD000,スマートフォン本体,KYOCERA,Android One X3,Android One X3 ブラック 32GB,ブラック,32GB,,
L8P4RLLHOQ000,スマートフォン本体,KYOCERA,Android One X3,Android One X3 ホワイト 32GB,ホワイト,32GB,,
PLAMFEQAZX000,スマートフォン本体,KYOCERA,Android One X3,Android One X3 ライトブルー 32GB,ライトブルー,32GB,,
KT3GQ9V1TI000,スマートフォン本体,KYOCERA,BASIO4,BASIO4 シャンパンゴールド 32GB KYV47,シャンパンゴールド,32GB,,4941787072483
JCEUEDRDOV000,スマートフォン本体,KYOCERA,BASIO4,BASIO4 ロイヤルブルー 32GB KYV47,ロイヤルブルー,32GB,,4941787072490
VHW50BHEYE000,スマートフォン本体,KYOCERA,BASIO4,BASIO4 ワインレッド 32GB KYV47,ワインレッド,32GB,,4941787072506
B760FF0S3H000,スマートフォン本体,LG,Android One X5,Android One X5 ニューモロッカンブルー 32GB X5-LG,ニューモロッカンブルー,32GB,,
KJ2PGBZ8G4000,スマートフォン本体,LG,Android One X5,Android One X5 ミスティックホワイト 32GB X5-LG,ミスティックホワイト,32GB,,
KKIYIUWQ0C000,スマートフォン本体,LG,Disney Mobile DM-01G,Disney Mobile DM-01G パウダーブルー 16GB,パウダーブルー,16GB,,
M8HSXKB6YW000,スマートフォン本体,LG,Disney Mobile DM-01G,Disney Mobile DM-01G ピュアホワイト 16GB,ピュアホワイト,16GB,,
JME7RQVKD4000,スマートフォン本体,LG,Disney Mobile DM-01G,Disney Mobile DM-01G プリティピンク 16GB,プリティピンク,16GB,,
UTP9O24WMI000,スマートフォン本体,LG,Disney Mobile DM-01K,Disney Mobile DM-01K ピンク 32GB,ピンク,32GB,,
BF0HMV62RC000,スマートフォン本体,LG,Disney Mobile DM-01K,Disney Mobile DM-01K ブラック 32GB,ブラック,32GB,,
UZY7XHI6YG000,スマートフォン本体,LG,Disney Mobile DM-01K,Disney Mobile DM-01K ホワイト 32GB,ホワイト,32GB,,
WWWXOJ9V2X000,スマートフォン本体,LG,Disney Mobile DM-02H,Disney Mobile DM-02H ピンク 16GB,ピンク,16GB,,
3694F0XAUH000,スマートフォン本体,LG,Disney Mobile DM-02H,Disney Mobile DM-02H ホワイト 16GB,ホワイト,16GB,,
F2XZZYSQ4G000,スマートフォン本体,MOTOROLA,Moto X Play,Moto X Play ブラック 16GB,ブラック,16GB,,4582239431023
XU224TCL5S000,スマートフォン本体,MOTOROLA,Moto Z Play,Moto Z Play ホワイト 32GB AP3787AD1J4,ホワイト,32GB,,4582239431139
KFFZOCR41Z000,スマートフォン本体,MOTOROLA,Moto Z,Moto Z ホワイト 64GB AP3786AD1J4,ホワイト,64GB,,4582239431115
B4GA0QZ4X6000,スマートフォン本体,MOTOROLA,moto e32s,moto e32s スレートグレイ 64GB XT2229-3,スレートグレイ,64GB,,4582239436288
ZNSUYUFCXP000,スマートフォン本体,MOTOROLA,moto e32s,moto e32s ミスティシルバー 64GB XT2229-3,ミスティシルバー,64GB,,4582239436271
9GU55O5LX7000,スマートフォン本体,MOTOROLA,moto e6s,moto e6s エレキピンク 32GB PAKC0006JP,エレキピンク,32GB,,4582239431870
NPBRYIFM4L000,スマートフォン本体,MOTOROLA,moto e6s,moto e6s メトログレー 32GB PAKC0004JP,メトログレー,32GB,,4582239431863
B9954EFIGD000,スマートフォン本体,MOTOROLA,moto e7 power,moto e7 power コーラルレッド 32GB PAN40001JP,コーラルレッド,32GB,,4582239436066
3P0UDKD32F000,スマートフォン本体,MOTOROLA,moto e7 power,moto e7 power タヒチブルー 32GB PAN40003JP,タヒチブルー,32GB,,4582239436059
VRXNH2086R000,スマートフォン本体,MOTOROLA,moto e7,moto e7 サテンコーラル 64GB PALX0018JP,サテンコーラル,64GB,,4582239431931
XK7DV5A3OR000,スマートフォン本体,MOTOROLA,moto e7,moto e7 ミネラルグレイ 64GB PALX0010JP,ミネラルグレイ,64GB,,4582239431900
D449ZLYDK4000,スマートフォン本体,MOTOROLA,moto g PRO,moto g PRO ミスティックインディゴ 128GB PAK00014JP,ミスティックインディゴ,128GB,,4582239431894
47HIQ7SCGA000,スマートフォン本体,MOTOROLA,moto g05,moto g05 フレッシュラベンダー 128GB PB6N0002JP,フレッシュラベンダー,128GB,,4582239433522
818K406QEY000,スマートフォン本体,MOTOROLA,moto g05,moto g05 ミスティブルー 128GB PB6N0003JP,ミスティブルー,128GB,,4582239433539
W4DIA2DYPZ000,スマートフォン本体,MOTOROLA,moto g10,moto g10 オーロラグレイ 64GB XT2127-2,オーロラグレイ,64GB,,4582239436028
QS9POH0K2Q000,スマートフォン本体,MOTOROLA,moto g10,moto g10 サクラパール 64GB XT2127-2,サクラパール,64GB,,4582239436011
TZL47DODDH000,スマートフォン本体,MOTOROLA,moto g100,moto g100 イリディセントスカイ 128GB PAM80029JP,イリディセントスカイ,128GB,,4582239431962
54XZLOBH2G000,スマートフォン本体,MOTOROLA,moto g13,moto g13 マットチャコール 128GB PAWW0020JP,マットチャコール,128GB,,4582239436486
Y7V2H2B253000,スマートフォン本体,MOTOROLA,moto g13,moto g13 ラベンダーブルー 128GB PAWW0019JP,ラベンダーブルー,128GB,,4582239436479
HGVJ71LP0F000,スマートフォン本体,MOTOROLA,moto g24,moto g24 アイスグリーン 128GB PB1A0001JP,アイスグリーン,128GB,,4582239436974
1BJ8FZ8GQL000,スマートフォン本体,MOTOROLA,moto g24,moto g24 マットチャコール 128GB PB1A0000JP,マットチャコール,128GB,,4582239436837
KWUYRG1ZS4000,スマートフォン本体,MOTOROLA,moto g30,moto g30 ダークパール 128GB XT2129-2,ダークパール,128GB,,4582239431993
N3VM3UIPBA000,スマートフォン本体,MOTOROLA,moto g30,moto g30 パステルスカイ 128GB XT2129-2,パステルスカイ,128GB,,4582239436004
Z49398E4P9000,スマートフォン本体,MOTOROLA,moto g31,moto g31 ベイビーブルー 128GB XT2173-3,ベイビーブルー,128GB,,4582239436196
E4O56GQ26K000,スマートフォン本体,MOTOROLA,moto g31,moto g31 ミネラルグレイ 128GB XT2173-3,ミネラルグレイ,128GB,,4582239436202
9L2QX6PK1R000,スマートフォン本体,MOTOROLA,moto g32,moto g32 サテンシルバー 128GB XT2235-3,サテンシルバー,128GB,,4582239436264
MI4YG4DEJ0000,スマートフォン本体,MOTOROLA,moto g32,moto g32 ミネラルグレイ 128GB XT2235-3,ミネラルグレイ,128GB,,4582239436257
IF3GDO7SRU000,スマートフォン本体,MOTOROLA,moto g50 5G,moto g50 5G テンダーグリーン 128GB PAR70001JP,テンダーグリーン,128GB,,4582239436158
U6WNLL43CB000,スマートフォン本体,MOTOROLA,moto g50 5G,moto g50 5G メテオグレイ 128GB PAR70000JP,メテオグレイ,128GB,,4582239436141
X28WG0F7A8000,スマートフォン本体,MOTOROLA,moto g52j 5G II,moto g52j 5G II インクブラック 128GB PATM0004JP,インクブラック,128GB,,4582239436509
SDV7SXGDGD000,スマートフォン本体,MOTOROLA,moto g52j 5G II,moto g52j 5G II パールホワイト 128GB PATM0005JP,パールホワイト,128GB,,4582239436516
5I143IWOCC000,スマートフォン本体,MOTOROLA,moto g52j 5G SPECIAL,moto g52j 5G SPECIAL インクブラック 256GB PATM0007JP,インクブラック,256GB,,4582239436707
J87O4OOO44000,スマートフォン本体,MOTOROLA,moto g52j 5G SPECIAL,moto g52j 5G SPECIAL パールホワイト 256GB PATM0006JP,パールホワイト,256GB,,4582239436691
6CXJVRQL8B000,スマートフォン本体,MOTOROLA,moto g52j 5G,moto g52j 5G インクブラック 128GB PATM0000JP,インクブラック,128GB,,4582239436226
GD2A4AV170000,スマートフォン本体,MOTOROLA,moto g52j 5G,moto g52j 5G パールホワイト 128GB PATM0001JP,パールホワイト,128GB,,4582239436219
834UPE5BQS000,スマートフォン本体,MOTOROLA,moto g53j 5G,moto g53j 5G アークティックシルバー 128GB PAYB0001JP,アークティックシルバー,128GB,,4582239436530
KAWYQPMV4Q000,スマートフォン本体,MOTOROLA,moto g53j 5G,moto g53j 5G インクブラック 128GB PAYB0000JP,インクブラック,128GB,,4582239436523
SF3GZEC84K000,スマートフォン本体,MOTOROLA,moto g53s 5G,moto g53s 5G インクブラック 128GB A302MO,インクブラック,128GB,,
ROI1HVQS4W000,スマートフォン本体,MOTOROLA,moto g53y 5G,moto g53y 5G アークティックシルバー 128GB A301MO,アークティックシルバー,128GB,,
RSBGL1VJKG000,スマートフォン本体,MOTOROLA,moto g53y 5G,moto g53y 5G インクブラック 128GB A301MO,インクブラック,128GB,,
JVFAXBLL1T000,スマートフォン本体,MOTOROLA,moto g53y 5G,moto g53y 5G ペールピンク 128GB A301MO,ペールピンク,128GB,,
7S8P8RPQP1000,スマートフォン本体,MOTOROLA,moto g6 Plus,moto g6 Plus ディープインディゴ 64GB PAAT0026JP,ディープインディゴ,64GB,,4582239431511
SFO6A7WBOI000,スマートフォン本体,MOTOROLA,moto g64 5G,moto g64 5G シルバーブルー 128GB PB2G0001JP,シルバーブルー,128GB,,4582239436882
7PUFRT0L16000,スマートフォン本体,MOTOROLA,moto g64 5G,moto g64 5G スペースブラック 128GB PB2G0000JP,スペースブラック,128GB,,4582239436875
PEA9285VA4000,スマートフォン本体,MOTOROLA,moto g64y 5G,moto g64y 5G シルバーブルー 128GB A401MO,シルバーブルー,128GB,,
HGFC3VYCFT000,スマートフォン本体,MOTOROLA,moto g64y 5G,moto g64y 5G スペースブラック 128GB A401MO,スペースブラック,128GB,,
1D1TDB8MQH000,スマートフォン本体,MOTOROLA,moto g64y 5G,moto g64y 5G バニラクリーム 128GB A401MO,バニラクリーム,128GB,,
CJOMACZXAQ000,スマートフォン本体,MOTOROLA,moto g7 plus,moto g7 plus ディープインディゴ 64GB PADU0003JP,ディープインディゴ,64GB,,4582239431672
64J4FY6P5S000,スマートフォン本体,MOTOROLA,moto g7 power,moto g7 power セラミックブラック 64GB PAEK0002JP,セラミックブラック,64GB,,4582239431689
0JOPCNZRZ3000,スマートフォン本体,MOTOROLA,moto g8 plus,moto g8 plus コズミックブルー 64GB,コズミックブルー,64GB,,4582239431696
UBJZAJQVAY000,スマートフォン本体,MOTOROLA,moto g8 plus,moto g8 plus ポイズンベリー 64GB,ポイズンベリー,64GB,,4582239431719
DVV4IF7W7R000,スマートフォン本体,MOTOROLA,moto g8 power lite,moto g8 power lite ポーラブルー 64GB PAKB0003JP,ポーラブルー,64GB,,4582239431764
4T8IQLKOFP000,スマートフォン本体,MOTOROLA,moto g8 power lite,moto g8 power lite ロイヤルブルー 64GB PAKB0002JP,ロイヤルブルー,64GB,,4582239431771
KG94XI4I60000,スマートフォン本体,MOTOROLA,moto g8 power,moto g8 power カプリブルー 64GB,カプリブルー,64GB,,4582239431757
7UHW68I24R000,スマートフォン本体,MOTOROLA,moto g8 power,moto g8 power スモークブラック 64GB,スモークブラック,64GB,,4582239431740
XHB5GQ9B0D000,スマートフォン本体,MOTOROLA,moto g8,moto g8 ノイエブルー 64GB,ノイエブルー,64GB,,4582239431726
53IIIN24WX000,スマートフォン本体,MOTOROLA,moto g8,moto g8 ホログラムホワイト 64GB,ホログラムホワイト,64GB,,4582239431733
6GHKWMOUVJ000,スマートフォン本体,MOTOROLA,moto g9 play,moto g9 play サファイアブルー 64GB PAKK0003JP,サファイアブルー,64GB,,4582239431856
8Q42SJI2DG000,スマートフォン本体,MOTOROLA,moto g9 play,moto g9 play フォレストグリーン 64GB PAKK0026JP,フォレストグリーン,64GB,,4582239431849
3GSIO572PE000,スマートフォン本体,MOTOROLA,motorola edge 20 fusion,motorola edge 20 fusion エレキグラファイト 128GB PARF0005JP,エレキグラファイト,128GB,,4582239436165
X9C4A9CTHL000,スマートフォン本体,MOTOROLA,motorola edge 20,motorola edge 20 フロストオニキス 128GB PAR00030JP,フロストオニキス,128GB,,4582239436134
18GQO4IB7J000,スマートフォン本体,MOTOROLA,motorola edge 30 PRO,motorola edge 30 PRO コスモブルー 128GB PASS0049JP,コスモブルー,128GB,,4582239436318
K2ETPQKG0D000,スマートフォン本体,MOTOROLA,motorola edge 30 PRO,motorola edge 30 PRO コスモブルー 256GB PASS0022JP,コスモブルー,256GB,,4582239436189
1F7KQFZ43F000,スマートフォン本体,MOTOROLA,motorola edge 40 neo,motorola edge 40 neo カリビアンブルー 256GB PAYK0001JP,カリビアンブルー,256GB,,4582239436653
TCHLFJ8AGX000,スマートフォン本体,MOTOROLA,motorola edge 40 neo,motorola edge 40 neo ブラックビューティ 256GB PAYK0000JP,ブラックビューティ,256GB,,4582239436646
75NDPY31DV000,スマートフォン本体,MOTOROLA,motorola edge 40,motorola edge 40 イクリプスブラック 256GB PAY50000JP,イクリプスブラック,256GB,,4582239436400
7R1M6263XA000,スマートフォン本体,MOTOROLA,motorola edge 40,motorola edge 40 ルナブルー 256GB PAY50002JP,ルナブルー,256GB,,4582239436585
BMWUEF1MAQ000,スマートフォン本体,MOTOROLA,motorola edge 50 pro,motorola edge 50 pro ブラックビューティ 256GB PB1K0000JP,ブラックビューティ,256GB,,4582239436813
V0IJI3GTWV000,スマートフォン本体,MOTOROLA,motorola edge 50 pro,motorola edge 50 pro リュクスラベンダー 256GB PB1K0001JP,リュクスラベンダー,256GB,,4582239436820
0R74XAJW3D000,スマートフォン本体,MOTOROLA,motorola edge 50s pro,motorola edge 50s pro バニラクリーム 256GB A402MO,バニラクリーム,256GB,,4549046145086
8U4LGP7UB9000,スマートフォン本体,MOTOROLA,motorola edge 50s pro,motorola edge 50s pro ブラックビューティー 256GB A402MO,ブラックビューティー,256GB,,4549046145062
S6Y9U7F9IL000,スマートフォン本体,MOTOROLA,motorola edge 50s pro,motorola edge 50s pro リュクスラベンダー 256GB A402MO,リュクスラベンダー,256GB,,4549046145079
OPUOWPH9IF000,スマートフォン本体,MOTOROLA,motorola razr 40 ultra,motorola razr 40 ultra インフィニットブラック 256GB PAX40020JP,インフィニットブラック,256GB,,
4AAA4FSLR6000,スマートフォン本体,MOTOROLA,motorola razr 40,motorola razr 40 セージグリーン 256GB PAYC0000JP,セージグリーン,256GB,,4582239436547
TTPV33YNZ0000,スマートフォン本体,MOTOROLA,motorola razr 40,motorola razr 40 バニラクリーム 256GB PAYC0001JP,バニラクリーム,256GB,,4582239436554
145SUQX0NI000,スマートフォン本体,MOTOROLA,motorola razr 40s,motorola razr 40s サマーライラック 256GB A303MO,サマーライラック,256GB,,
0E4WH5I17G000,スマートフォン本体,MOTOROLA,motorola razr 40s,motorola razr 40s セージグリーン 256GB A303MO,セージグリーン,256GB,,
5E8CZQ1F3P000,スマートフォン本体,MOTOROLA,motorola razr 40s,motorola razr 40s バニラクリーム 256GB A303MO,バニラクリーム,256GB,,
E4A3B8UFVB000,スマートフォン本体,MOTOROLA,motorola razr 50 ultra,motorola razr 50 ultra ミッドナイトブルー 256GB,ミッドナイトブルー,256GB,,
UKAYT0TH8M000,スマートフォン本体,MOTOROLA,motorola razr 50 ultra,motorola razr 50 ultra ミッドナイトブルー 512GB,ミッドナイトブルー,512GB,,
Y461AK4LA0000,スマートフォン本体,MOTOROLA,motorola razr 50,motorola razr 50 コアラグレイ 512GB PB230000JP,コアラグレイ,512GB,,4582239433157
7E41FJ4LT0000,スマートフォン本体,MOTOROLA,motorola razr 50,motorola razr 50 サンドクリーム 512GB PB230001JP,サンドクリーム,512GB,,4582239433270
4S1JULPOF2000,スマートフォン本体,MOTOROLA,motorola razr 50,motorola razr 50 スプリッツオレンジ 512GB PB230002JP,スプリッツオレンジ,512GB,,4582239433447
MLBAF4ZO4I000,スマートフォン本体,MOTOROLA,motorola razr 50d,motorola razr 50d ホワイトマーブル 256GB M-51E,ホワイトマーブル,256GB,,
VKONEIX4C8000,スマートフォン本体,MOTOROLA,motorola razr 50s,motorola razr 50s コアラグレイ 256GB A403MO,コアラグレイ,256GB,,
8O2AEM7HSK000,スマートフォン本体,MOTOROLA,motorola razr 50s,motorola razr 50s サンドクリーム 256GB A403MO,サンドクリーム,256GB,,
H4U7V6HK5N000,スマートフォン本体,MOTOROLA,motorola razr 50s,motorola razr 50s スプリッツオレンジ 256GB A403MO,スプリッツオレンジ,256GB,,
IJ0YMI4FD0000,スマートフォン本体,MOTOROLA,razr 5G,razr 5G ポリッシュグラファイト 256GB,ポリッシュグラファイト,256GB,,4582239431788
74M1KPXTRD000,スマートフォン本体,NEC,Disney Mobile N-03E,Disney Mobile N-03E オレンジ 32GB,オレンジ,32GB,,
ZVCXB1GG1B000,スマートフォン本体,NEC,Disney Mobile N-03E,Disney Mobile N-03E グリーン 32GB,グリーン,32GB,,
32EMBS7JWN000,スマートフォン本体,NEC,Disney Mobile N-03E,Disney Mobile N-03E ピンク 32GB,ピンク,32GB,,
7RYUCYRMK8000,スマートフォン本体,NEC,Disney Mobile N-03E,Disney Mobile N-03E ブルー 32GB,ブルー,32GB,,
88X44NMLMG000,スマートフォン本体,NEC,Disney Mobile N-03E,Disney Mobile N-03E ホワイト 32GB,ホワイト,32GB,,
ZKWPHK3UHK000,スマートフォン本体,Nothing,Phone (1) (RAM 12GBモデル),Phone (1) (RAM 12GBモデル) ブラック 256GB A10400013,ブラック,256GB,,6974434220300
C1C9AT81H0000,スマートフォン本体,Nothing,Phone (1) (RAM 12GBモデル),Phone (1) (RAM 12GBモデル) ホワイト 256GB A10400015,ホワイト,256GB,,6974434220324
7P6VGDIWKO000,スマートフォン本体,Nothing,Phone (1) (RAM 8GBモデル),Phone (1) (RAM 8GBモデル) ブラック 128GB A10400011,ブラック,128GB,,6974434220287
CJEVG67G4R000,スマートフォン本体,Nothing,Phone (1) (RAM 8GBモデル),Phone (1) (RAM 8GBモデル) ブラック 256GB A10400012,ブラック,256GB,,6974434220294
5SA6MR7BMG000,スマートフォン本体,Nothing,Phone (1) (RAM 8GBモデル),Phone (1) (RAM 8GBモデル) ホワイト 256GB A10400014,ホワイト,256GB,,6974434220317
VT2N4Y34X8000,スマートフォン本体,Nothing,Phone (2) (RAM 12GBモデル),Phone (2) (RAM 12GBモデル) グレー 256GB A10400031,グレー,256GB,,6974434220928
C83NNPTJ3Z000,スマートフォン本体,Nothing,Phone (2) (RAM 12GBモデル),Phone (2) (RAM 12GBモデル) グレー 512GB A10400032,グレー,512GB,,6974434220935
RX8851E8LC000,スマートフォン本体,Nothing,Phone (2) (RAM 12GBモデル),Phone (2) (RAM 12GBモデル) ホワイト 256GB A10400033,ホワイト,256GB,,6974434221000
6LB6ACVND8000,スマートフォン本体,Nothing,Phone (2) (RAM 12GBモデル),Phone (2) (RAM 12GBモデル) ホワイト 512GB A10400034,ホワイト,512GB,,6974434221017
4WO9OB4T9V000,スマートフォン本体,Nothing,Phone (2) (RAM 8GBモデル),Phone (2) (RAM 8GBモデル) グレー 128GB,グレー,128GB,,
RVUWIP2TVU000,スマートフォン本体,Nothing,Phone (2a),Phone (2a) ブラック 128GB A10400067,ブラック,128GB,,6974434221871
58KMHMSOKA000,スマートフォン本体,Nothing,Phone (2a),Phone (2a) ミルク 128GB A10400066,ミルク,128GB,,6974434221970
OJ5GOENF70000,スマートフォン本体,Nothing,Phone (3a),Phone (3a) ブラック 128GB,ブラック,128GB,,
WJNZW7X9ZT000,スマートフォン本体,Nothing,Phone (3a),Phone (3a) ブラック 256GB,ブラック,256GB,,
DXRXY8OSAD000,スマートフォン本体,Nothing,Phone (3a),Phone (3a) ブルー 128GB,ブルー,128GB,,
YDW1PLTCAN000,スマートフォン本体,Nothing,Phone (3a),Phone (3a) ブルー 256GB,ブルー,256GB,,
GA63M6E8KS000,スマートフォン本体,Nothing,Phone (3a),Phone (3a) ホワイト 128GB,ホワイト,128GB,,
LRZX2939Q7000,スマートフォン本体,Nothing,Phone (3a),Phone (3a) ホワイト 256GB,ホワイト,256GB,,
NV6RJKXOP7000,スマートフォン本体,OPPO,Find X,Find X サイレントブルー 256GB CPH1875,サイレントブルー,256GB,,4580038871316
SBBM6TCF9M000,スマートフォン本体,OPPO,Find X,Find X ワインレッド 256GB CPH1875,ワインレッド,256GB,,
9IE7QDGFQ0000,スマートフォン本体,OPPO,OPPO A3 5G,OPPO A3 5G パープル 128GB,パープル,128GB,,4580038879862
0HJXNXN52V000,スマートフォン本体,OPPO,OPPO A3 5G,OPPO A3 5G ブラック 128GB,ブラック,128GB,,4580038879855
X1ZJ809N08000,スマートフォン本体,OPPO,OPPO A5 2020,OPPO A5 2020 グリーン 64GB CPH1943GN,グリーン,64GB,,4580038876618
IZ246HGTOI000,スマートフォン本体,OPPO,OPPO A5 2020,OPPO A5 2020 ブルー 64GB,ブルー,64GB,,4580038876434
UBRF620GX5000,スマートフォン本体,OPPO,OPPO A5 5G,OPPO A5 5G グリーン 128GB,グリーン,128GB,,4580038872504
1YHUWCNLTT000,スマートフォン本体,OPPO,OPPO A5 5G,OPPO A5 5G ホワイト 128GB,ホワイト,128GB,,4580038872511
4WL8OK6OXO000,スマートフォン本体,OPPO,OPPO A54 5G,OPPO A54 5G シルバーブラック 64GB,シルバーブラック,64GB,,4580038876472
UH67Q172D6000,スマートフォン本体,OPPO,OPPO A54 5G,OPPO A54 5G ファンタスティックパープル 64GB,ファンタスティックパープル,64GB,,4580038876458
UNSCUU8OQC000,スマートフォン本体,OPPO,OPPO A55s 5G,OPPO A55s 5G グリーン 64GB,グリーン,64GB,,4580038876144
J8X98FIV4N000,スマートフォン本体,OPPO,OPPO A55s 5G,OPPO A55s 5G ブラック 64GB,ブラック,64GB,,4580038876137
319IA5N2C2000,スマートフォン本体,OPPO,OPPO A5x,OPPO A5x ブルー 128GB CPH2725,ブルー,128GB,,4580038872115
1E6QFSCZN2000,スマートフォン本体,OPPO,OPPO A5x,OPPO A5x ホワイト 128GB CPH2725,ホワイト,128GB,,4580038872122
9SKJY3DD4R000,スマートフォン本体,OPPO,OPPO A73,OPPO A73 ダイナミック オレンジ 64GB,ダイナミック オレンジ,64GB,,4580038876441
AH6IW84UDJ000,スマートフォン本体,OPPO,OPPO A73,OPPO A73 ネイビー ブルー 64GB CPH2099,ネイビー ブルー,64GB,,4580038876427
FC4KV1BEX2000,スマートフォン本体,OPPO,OPPO A77,OPPO A77 ブラック 128GB CPH2385,ブラック,128GB,,4580038879442
TLXHYX95RS000,スマートフォン本体,OPPO,OPPO A77,OPPO A77 ブルー 128GB CPH2385,ブルー,128GB,,4580038879435
2M7FSKTFI0000,スマートフォン本体,OPPO,OPPO A79 5G,OPPO A79 5G グローグリーン 128GB A303OP／CPH2557GR,グローグリーン,128GB,,4580038879725
3SLC81M69Y000,スマートフォン本体,OPPO,OPPO A79 5G,OPPO A79 5G グローグリーン 128GB 楽天モバイル CPH2557,グローグリーン,128GB,楽天モバイル,
5XQSZ0XVDS000,スマートフォン本体,OPPO,OPPO A79 5G,OPPO A79 5G ミステリーブラック 128GB CPH2557／CPH2557BK,ミステリーブラック,128GB,,4580038879732
JJDHBVXVUW000,スマートフォン本体,OPPO,OPPO A79 5G,OPPO A79 5G ミステリーブラック 128GB ワイモバイル A303OP,ミステリーブラック,128GB,ワイモバイル,
DQE342HM5X000,スマートフォン本体,OPPO,OPPO AX7,OPPO AX7 ゴールド 64GB CPH1903,ゴールド,64GB,,4580038876335
NTYJTSXJ1Y000,スマートフォン本体,OPPO,OPPO AX7,OPPO AX7 ブルー 64GB CPH1903,ブルー,64GB,,4580038876311
ZA86JZE8KF000,スマートフォン本体,OPPO,OPPO Find X2 Pro,OPPO Find X2 Pro オレンジ 512GB OPG01,オレンジ,512GB,,4941787075835
VHEO2VU4DA000,スマートフォン本体,OPPO,OPPO Find X2 Pro,OPPO Find X2 Pro ブラック 512GB OPG01,ブラック,512GB,,4941787075828
2AG7QPZQN0000,スマートフォン本体,OPPO,OPPO Find X3 Pro,OPPO Find X3 Pro グロスブラック 256GB,グロスブラック,256GB,,4580038871514
3OJIA5YKTG000,スマートフォン本体,OPPO,OPPO Find X3 Pro,OPPO Find X3 Pro ホワイト 256GB,ホワイト,256GB,,4580038871538
TB85TX3J3M000,スマートフォン本体,OPPO,OPPO Find X8,OPPO Find X8 スターグレー 512GB CPH2651,スターグレー,512GB,,4580038879886
Q2D3WXXYLO000,スマートフォン本体,OPPO,OPPO Find X8,OPPO Find X8 スペースブラック 512GB CPH2651,スペースブラック,512GB,,
S0G9GOG42S000,スマートフォン本体,OPPO,OPPO Find X9 Ultra,OPPO Find X9 Ultra キャニオンオレンジ 512GB SIMフリー CPH2841 CO,キャニオンオレンジ,512GB,SIMフリー,4580038873266
721V9IBOUF000,スマートフォン本体,OPPO,OPPO Find X9 Ultra,OPPO Find X9 Ultra ツンドラアンバー 512GB SIMフリー CPH2841 TU,ツンドラアンバー,512GB,SIMフリー,4580038873259
AQO1MTYXN4000,スマートフォン本体,OPPO,OPPO Find X9,OPPO Find X9 スペースブラック 512GB,スペースブラック,512GB,,4580038872498
W6AV0I1Z41000,スマートフォン本体,OPPO,OPPO Find X9,OPPO Find X9 チタニウムグレー 512GB,チタニウムグレー,512GB,,4580038872481
9ZKMLC4XBJ000,スマートフォン本体,OPPO,OPPO R11s,OPPO R11s シャンパン 64GB CPH1719,シャンパン,64GB,,
X7JZKJ4C90000,スマートフォン本体,OPPO,OPPO R11s,OPPO R11s ブラック 64GB CPH1719,ブラック,64GB,,4580038875116
31YLJXQCLE000,スマートフォン本体,OPPO,OPPO R11s,OPPO R11s レッド 64GB CPH1719,レッド,64GB,,4580038875130
E0J1PGU2DH000,スマートフォン本体,OPPO,OPPO R15 Neo (RAM 3GBモデル),OPPO R15 Neo (RAM 3GBモデル) ダイヤモンドピンク 64GB CPH1851,ダイヤモンドピンク,64GB,,
X0TJCNPEPS000,スマートフォン本体,OPPO,OPPO R15 Neo (RAM 3GBモデル),OPPO R15 Neo (RAM 3GBモデル) ダイヤモンドブルー 64GB CPH1851,ダイヤモンドブルー,64GB,,4580038873310
G1396CROL3000,スマートフォン本体,OPPO,OPPO R15 Neo (RAM 4GBモデル),OPPO R15 Neo (RAM 4GBモデル) ダイヤモンドピンク 64GB CPH1851,ダイヤモンドピンク,64GB,,
LLKNMSNYXO000,スマートフォン本体,OPPO,OPPO R15 Neo (RAM 4GBモデル),OPPO R15 Neo (RAM 4GBモデル) ダイヤモンドブルー 64GB CPH1851,ダイヤモンドブルー,64GB,,4580038873419
7WN6REEVXE000,スマートフォン本体,OPPO,OPPO R15 Pro,OPPO R15 Pro パープル 128GB R15PROPU,パープル,128GB,,4580038875215
B9CVSRNXFU000,スマートフォン本体,OPPO,OPPO R15 Pro,OPPO R15 Pro レッド 128GB R15PROPU,レッド,128GB,,4580038875239
55RCP20VDU000,スマートフォン本体,OPPO,OPPO R17 Neo,OPPO R17 Neo ブルー 128GB CPH1893,ブルー,128GB,,4941787069629
9N6GHP5121000,スマートフォン本体,OPPO,OPPO R17 Neo,OPPO R17 Neo レッド 128GB CPH1893,レッド,128GB,,4580038873631
YF4KMI4TYJ000,スマートフォン本体,OPPO,OPPO R17 Pro,OPPO R17 Pro エメラルドグリーン 128GB CPH1878,エメラルドグリーン,128GB,,
68UYBHEGU4000,スマートフォン本体,OPPO,OPPO R17 Pro,OPPO R17 Pro ミストグラデーション 128GB CPH1877,ミストグラデーション,128GB,,4580038875338
R7K4N557FG000,スマートフォン本体,OPPO,OPPO Reno 10x Zoom,OPPO Reno 10x Zoom オーシャングリーン 256GB CPH1919,オーシャングリーン,256GB,,4580038875437
EH7M0YMIKQ000,スマートフォン本体,OPPO,OPPO Reno 10x Zoom,OPPO Reno 10x Zoom ジェットブラック 256GB CPH1919,ジェットブラック,256GB,,4580038875413
877FJPAWAI000,スマートフォン本体,OPPO,OPPO Reno A,OPPO Reno A ブラック 128GB CPH1983,ブラック,128GB,,4580038877134
CX5G8QTS73000,スマートフォン本体,OPPO,OPPO Reno A,OPPO Reno A ブラック 64GB CPH1983,ブラック,64GB,,4580038877233
O8IVZKP4A5000,スマートフォン本体,OPPO,OPPO Reno A,OPPO Reno A ブルー 128GB CPH1983,ブルー,128GB,,4580038877110
G14MPC6R45000,スマートフォン本体,OPPO,OPPO Reno A,OPPO Reno A ブルー 64GB CPH1983,ブルー,64GB,,4580038877219
4CDX69YDBM000,スマートフォン本体,OPPO,OPPO Reno10 Pro 5G,OPPO Reno10 Pro 5G グロッシーパープル 256GB,グロッシーパープル,256GB,,4580038879640
MBBGT2JQH9000,スマートフォン本体,OPPO,OPPO Reno10 Pro 5G,OPPO Reno10 Pro 5G シルバーグレー 256GB,シルバーグレー,256GB,,4580038879657
CYCOWD4TZG000,スマートフォン本体,OPPO,OPPO Reno11 A,OPPO Reno11 A コーラルパープル 128GB A401OP／CPH2603,コーラルパープル,128GB,,4580038879794
YHNEXOXUVT000,スマートフォン本体,OPPO,OPPO Reno11 A,OPPO Reno11 A コーラルパープル 128GB 楽天モバイル CPH2603,コーラルパープル,128GB,楽天モバイル,
2H3V7MN6ZB000,スマートフォン本体,OPPO,OPPO Reno11 A,OPPO Reno11 A ダークグリーン 128GB A401OP／CPH2603,ダークグリーン,128GB,,4580038879787
CXASN45HSK000,スマートフォン本体,OPPO,OPPO Reno11 A,OPPO Reno11 A ダークグリーン 128GB 楽天モバイル CPH2603,ダークグリーン,128GB,楽天モバイル,
OM6HF6WUKO000,スマートフォン本体,OPPO,OPPO Reno13 A,OPPO Reno13 A アイスブルー 128GB,アイスブルー,128GB,,4580038872061
6W5D2UI90W000,スマートフォン本体,OPPO,OPPO Reno13 A,OPPO Reno13 A チャコールグレー 128GB,チャコールグレー,128GB,,4580038872078
40MC6OLR6W000,スマートフォン本体,OPPO,OPPO Reno13 A,OPPO Reno13 A ルミナスネイビー 128GB,ルミナスネイビー,128GB,,4580038872054
CAMAF604T4000,スマートフォン本体,OPPO,OPPO Reno14 5G,OPPO Reno14 5G オパールホワイト 256GB CPH2737,オパールホワイト,256GB,,4580038872276
RVQAFOKDYC000,スマートフォン本体,OPPO,OPPO Reno14 5G,OPPO Reno14 5G ルミナスグリーン 256GB CPH2737,ルミナスグリーン,256GB,,4580038872283
F9JJO6P4JZ000,スマートフォン本体,OPPO,OPPO Reno3 5G,OPPO Reno3 5G ミスティホワイト 128GB,ミスティホワイト,128GB,,4549046094636
XLPI0JN5JS000,スマートフォン本体,OPPO,OPPO Reno3 A,OPPO Reno3 A ブラック 128GB,ブラック,128GB,,4580038877738
T9R9A8VCFL000,スマートフォン本体,OPPO,OPPO Reno3 A,OPPO Reno3 A ホワイト 128GB,ホワイト,128GB,,4549046094698
FOLSGJ4RGW000,スマートフォン本体,OPPO,OPPO Reno5 A,OPPO Reno5 A アイスブルー 128GB,アイスブルー,128GB,,4580038877455
QLN4I6J5FI000,スマートフォン本体,OPPO,OPPO Reno5 A,OPPO Reno5 A シルバーブラック 128GB,シルバーブラック,128GB,,4580038877479
A3NLJSOTE0000,スマートフォン本体,OPPO,OPPO Reno7 A,OPPO Reno7 A スターリーブラック 128GB A201OP／CPH2353BK,スターリーブラック,128GB,,4580038879398
B9P8AADN5B000,スマートフォン本体,OPPO,OPPO Reno7 A,OPPO Reno7 A スターリーブラック 128GB au OPG04,スターリーブラック,128GB,au,
J05OC4NVNI000,スマートフォン本体,OPPO,OPPO Reno7 A,OPPO Reno7 A スターリーブラック 128GB 楽天モバイル CPH2353,スターリーブラック,128GB,楽天モバイル,
EMNIITLJ8Z000,スマートフォン本体,OPPO,OPPO Reno7 A,OPPO Reno7 A ドリームブルー 128GB,ドリームブルー,128GB,,4580038879381
95TB5X4BRI000,スマートフォン本体,OPPO,OPPO Reno7 A,OPPO Reno7 A ドリームブルー 128GB au OPG04,ドリームブルー,128GB,au,
DB05TLHDKM000,スマートフォン本体,OPPO,OPPO Reno7 A,OPPO Reno7 A ドリームブルー 128GB ワイモバイル A201OP,ドリームブルー,128GB,ワイモバイル,
VPT4IEOI6J000,スマートフォン本体,OPPO,OPPO Reno7 A,OPPO Reno7 A ドリームブルー 128GB 楽天モバイル CPH2353,ドリームブルー,128GB,楽天モバイル,
FJTXT20BQH000,スマートフォン本体,OPPO,OPPO Reno9 A,OPPO Reno9 A ナイトブラック 128GB,ナイトブラック,128GB,,4580038879558
FM2YVQXXR8000,スマートフォン本体,OPPO,OPPO Reno9 A,OPPO Reno9 A ムーンホワイト 128GB,ムーンホワイト,128GB,,4580038879541
3OQQB4JWJB000,スマートフォン本体,Panasonic,Disney Mobile P-05D,Disney Mobile P-05D ピュアブラック 16GB,ピュアブラック,16GB,,
CZ1YJK3BVY000,スマートフォン本体,Panasonic,Disney Mobile P-05D,Disney Mobile P-05D ピュアホワイト 16GB,ピュアホワイト,16GB,,
16LR1MFBNO000,スマートフォン本体,Rakuten,Rakuten BIG s,Rakuten BIG s クリムゾンレッド 128GB 3917JR,クリムゾンレッド,128GB,,4580692430645
N1AVYWWZMT000,スマートフォン本体,Rakuten,Rakuten BIG s,Rakuten BIG s ブラック 128GB 3917JR,ブラック,128GB,,4580692430621
OJZRPRFT7B000,スマートフォン本体,Rakuten,Rakuten BIG s,Rakuten BIG s ホワイト 128GB 3917JR,ホワイト,128GB,,4580692430638
2NQQR76Q3Z000,スマートフォン本体,Rakuten,Rakuten BIG,Rakuten BIG クリムゾンレッド 128GB ZR01,クリムゾンレッド,128GB,,
4L8GU8QAWK000,スマートフォン本体,Rakuten,Rakuten BIG,Rakuten BIG ブラック 128GB ZR01,ブラック,128GB,,
8PBR00RO4M000,スマートフォン本体,Rakuten,Rakuten BIG,Rakuten BIG ホワイト 128GB ZR01,ホワイト,128GB,,
PB3WGRTM8D000,スマートフォン本体,Rakuten,Rakuten Hand 5G,Rakuten Hand 5G クリムゾンレッド 128GB P780,クリムゾンレッド,128GB,,4580692432557
4GGXXJF8VY000,スマートフォン本体,Rakuten,Rakuten Hand 5G,Rakuten Hand 5G ブラック 128GB P780,ブラック,128GB,,4580692432533
3L69LOKW8E000,スマートフォン本体,Rakuten,Rakuten Hand 5G,Rakuten Hand 5G ホワイト 128GB P780,ホワイト,128GB,,4580692432540
H8SXO4BJDI000,スマートフォン本体,Rakuten,Rakuten Hand,Rakuten Hand クリムゾンレッド 64GB P710,クリムゾンレッド,64GB,,4580692430614
CN8DCGSTR9000,スマートフォン本体,Rakuten,Rakuten Hand,Rakuten Hand ブラック 64GB P710,ブラック,64GB,,4580692430591
4LY778BZF8000,スマートフォン本体,Rakuten,Rakuten Hand,Rakuten Hand ホワイト 64GB P710,ホワイト,64GB,,4580692430607
DY6WV5UY9F000,スマートフォン本体,Rakuten,Rakuten Mini,Rakuten Mini クリムゾンレッド 32GB C330,クリムゾンレッド,32GB,,6943279422675
MMV14ZJW2O000,スマートフォン本体,Rakuten,Rakuten Mini,Rakuten Mini クールホワイト 32GB C330,クールホワイト,32GB,,
NVNIBSYMSE000,スマートフォン本体,Rakuten,Rakuten Mini,Rakuten Mini ナイトブラック 32GB C330,ナイトブラック,32GB,,6943279422118
5088DXEYL3000,スマートフォン本体,SAMSUNG,Galaxy J,GALAXY J コーラルピンク 32GB SC-02F,コーラルピンク,32GB,,
XEROU6J7HX000,スマートフォン本体,SAMSUNG,Galaxy J,GALAXY J サテンホワイト 32GB SC-02F,サテンホワイト,32GB,,
AH433OVG09000,スマートフォン本体,SAMSUNG,Galaxy J,GALAXY J ラピスブルー 32GB SC-02F,ラピスブルー,32GB,,
05NAU452V4000,スマートフォン本体,SAMSUNG,Galaxy NEXUS,GALAXY NEXUS チタンシルバー 16GB SC-04D,チタンシルバー,16GB,,
RHOR4AMQJJ000,スマートフォン本体,SAMSUNG,Galaxy Note 3,GALAXY Note 3 クラシックホワイト 32GB,クラシックホワイト,32GB,,
YFNW8ELO41000,スマートフォン本体,SAMSUNG,Galaxy Note 3,GALAXY Note 3 ジェットブラック 32GB,ジェットブラック,32GB,,
5ZLXMSPH4D000,スマートフォン本体,SAMSUNG,Galaxy Note Edge,GALAXY Note Edge チャコールブラック 32GB,チャコールブラック,32GB,,
68H02XCHRQ000,スマートフォン本体,SAMSUNG,Galaxy Note Edge,GALAXY Note Edge フロストホワイト 32GB,フロストホワイト,32GB,,4942857177657
UOX4NIGT1P000,スマートフォン本体,SAMSUNG,Galaxy Note II,GALAXY Note II アンバーブラウン 32GB SC-02E,アンバーブラウン,32GB,,
L3GQ4N3D3N000,スマートフォン本体,SAMSUNG,Galaxy Note II,GALAXY Note II マーブルホワイト 32GB SC-02E,マーブルホワイト,32GB,,
ET7A4S4N1B000,スマートフォン本体,SAMSUNG,Galaxy Note,GALAXY Note セラミックホワイト 16GB SC-05D,セラミックホワイト,16GB,,
QY2AJLT39H000,スマートフォン本体,SAMSUNG,Galaxy S II LTE,GALAXY S II LTE セラミックホワイト 16GB SC-03D,セラミックホワイト,16GB,,
Z7FXYM4OKZ000,スマートフォン本体,SAMSUNG,Galaxy S II LTE,GALAXY S II LTE ダークグレー 16GB SC-03D,ダークグレー,16GB,,
Z4FIEFFVLG000,スマートフォン本体,SAMSUNG,Galaxy S II,GALAXY S II セラミックホワイト 16GB SC-02C,セラミックホワイト,16GB,,
F7X3KJ99NO000,スマートフォン本体,SAMSUNG,Galaxy S II,GALAXY S II ノーブルブラック 16GB SC-02C,ノーブルブラック,16GB,,
I712FVZLZ0000,スマートフォン本体,SAMSUNG,Galaxy S III α,GALAXY S III α サファイアブラック 32GB,サファイアブラック,32GB,,
FFIX0L4KEL000,スマートフォン本体,SAMSUNG,Galaxy S III α,GALAXY S III α チタングレー 32GB,チタングレー,32GB,,4942857163117
MITJTGSOGG000,スマートフォン本体,SAMSUNG,Galaxy S III,GALAXY S III ペブルブルー 32GB SC-06D,ペブルブルー,32GB,,
8Y40M4L5OT000,スマートフォン本体,SAMSUNG,Galaxy S III,GALAXY S III マーブルホワイト 32GB SC-06D,マーブルホワイト,32GB,,
KDE21CKNO6000,スマートフォン本体,SAMSUNG,Galaxy S,GALAXY S セラミックホワイト 16GB SC-02B,セラミックホワイト,16GB,,
NS7N7SYAPE000,スマートフォン本体,SAMSUNG,Galaxy S,GALAXY S メタリックブラック 16GB SC-02B,メタリックブラック,16GB,,
GGZE72RXNS000,スマートフォン本体,SAMSUNG,Galaxy S5 ACTIVE,GALAXY S5 ACTIVE カモグリーン 16GB,カモグリーン,16GB,,
W5EZWJQ3JW000,スマートフォン本体,SAMSUNG,Galaxy S5 ACTIVE,GALAXY S5 ACTIVE チタングレー 16GB,チタングレー,16GB,,
EJXM0WYRWJ000,スマートフォン本体,SAMSUNG,Galaxy SII WiMAX,GALAXY SII WiMAX シャイニーマゼンタ 16GB ISW11SC,シャイニーマゼンタ,16GB,,
9FMNWGZ87T000,スマートフォン本体,SAMSUNG,Galaxy SII WiMAX,GALAXY SII WiMAX セラミックホワイト 16GB ISW11SC,セラミックホワイト,16GB,,
78S4QTPX13000,スマートフォン本体,SAMSUNG,Galaxy SII WiMAX,GALAXY SII WiMAX ノーブルブラック 16GB ISW11SC,ノーブルブラック,16GB,,
WNQ7U8I1XS000,スマートフォン本体,SAMSUNG,Galaxy SIII Progre,GALAXY SIII Progre オメガブルー 32GB SCL21,オメガブルー,32GB,,
B9WY4UOQZI000,スマートフォン本体,SAMSUNG,Galaxy SIII Progre,GALAXY SIII Progre マーブルホワイト 32GB SCL21,マーブルホワイト,32GB,,
96H4N9XO4J000,スマートフォン本体,SAMSUNG,Galaxy A20,Galaxy A20 ブラック 32GB,ブラック,32GB,,4941787072544
LL12KL4I8K000,スマートフォン本体,SAMSUNG,Galaxy A20,Galaxy A20 ホワイト 32GB,ホワイト,32GB,,4942857208016
WJEJ0BSQ9B000,スマートフォン本体,SAMSUNG,Galaxy A20,Galaxy A20 レッド 32GB,レッド,32GB,,4942857208030
FH9VQK989G000,スマートフォン本体,SAMSUNG,Galaxy A21 シンプル,Galaxy A21 シンプル ブラック 64GB SCV49,ブラック,64GB,,4941787083649
TBNS62ZNKS000,スマートフォン本体,SAMSUNG,Galaxy A21 シンプル,Galaxy A21 シンプル ホワイト 64GB SCV49,ホワイト,64GB,,4941787083663
DFJFDM448Y000,スマートフォン本体,SAMSUNG,Galaxy A21,Galaxy A21 ブラック 64GB SC-42A,ブラック,64GB,,4942857213898
3WI4MX63I6000,スマートフォン本体,SAMSUNG,Galaxy A21,Galaxy A21 ホワイト 64GB SC-42A,ホワイト,64GB,,4942857213881
UH6QO1Z8WH000,スマートフォン本体,SAMSUNG,Galaxy A21,Galaxy A21 レッド 64GB SC-42A,レッド,64GB,,4942857213874
BF9HTG4KVR000,スマートフォン本体,SAMSUNG,Galaxy A22 5G,Galaxy A22 5G ブラック 64GB SC-56B,ブラック,64GB,,4942857221015
XQLGJ6U4EC000,スマートフォン本体,SAMSUNG,Galaxy A22 5G,Galaxy A22 5G ホワイト 64GB SC-56B,ホワイト,64GB,,4942857221008
ANT5IP40G6000,スマートフォン本体,SAMSUNG,Galaxy A22 5G,Galaxy A22 5G レッド 64GB SC-56B,レッド,64GB,,4942857220995
0XTKXOC14K000,スマートフォン本体,SAMSUNG,Galaxy A23 5G,Galaxy A23 5G ブラック 64GB SM-A233C,ブラック,64GB,,4986773220240
AUSZOCWTOU000,スマートフォン本体,SAMSUNG,Galaxy A23 5G,Galaxy A23 5G ブラック 64GB au SCG18,ブラック,64GB,au,4941787114237
8FDFUPGLV4000,スマートフォン本体,SAMSUNG,Galaxy A23 5G,Galaxy A23 5G ブラック 64GB docomo SC-56C,ブラック,64GB,docomo,4942857225945
9AW6UTB3GM000,スマートフォン本体,SAMSUNG,Galaxy A23 5G,Galaxy A23 5G ホワイト 64GB SM-A233C,ホワイト,64GB,,4986773220226
11CVE60H06000,スマートフォン本体,SAMSUNG,Galaxy A23 5G,Galaxy A23 5G ホワイト 64GB au SCG18,ホワイト,64GB,au,4941787114251
VF8K800CGU000,スマートフォン本体,SAMSUNG,Galaxy A23 5G,Galaxy A23 5G ホワイト 64GB docomo SC-56C,ホワイト,64GB,docomo,4942857225938
3M1YY9HTEW000,スマートフォン本体,SAMSUNG,Galaxy A23 5G,Galaxy A23 5G レッド 64GB SM-A233C,レッド,64GB,,4986773220233
C4134RVJUI000,スマートフォン本体,SAMSUNG,Galaxy A23 5G,Galaxy A23 5G レッド 64GB au SCG18,レッド,64GB,au,4941787114275
UZ2ZUC19J8000,スマートフォン本体,SAMSUNG,Galaxy A23 5G,Galaxy A23 5G レッド 64GB docomo SC-56C,レッド,64GB,docomo,4942857225921
18KIIURVOR000,スマートフォン本体,SAMSUNG,Galaxy A25 5G,Galaxy A25 5G ブラック 64GB SM-A253QZKASJP,ブラック,64GB,,4986773243522
P4GGG87T24000,スマートフォン本体,SAMSUNG,Galaxy A25 5G,Galaxy A25 5G ブラック 64GB SoftBank SM-A253Z,ブラック,64GB,SoftBank,4549046149480
7A5FOA4LY8000,スマートフォン本体,SAMSUNG,Galaxy A25 5G,Galaxy A25 5G ブラック 64GB au SCG33,ブラック,64GB,au,4941787136062
HJPVXUF4JQ000,スマートフォン本体,SAMSUNG,Galaxy A25 5G,Galaxy A25 5G ブラック 64GB docomo SC-53F,ブラック,64GB,docomo,4942857242850
GTOFFX8056000,スマートフォン本体,SAMSUNG,Galaxy A25 5G,Galaxy A25 5G ブラック 64GB ワイモバイル SM-A253Z,ブラック,64GB,ワイモバイル,4549046149657
JTCIFD5AGF000,スマートフォン本体,SAMSUNG,Galaxy A25 5G,Galaxy A25 5G ブラック 64GB 楽天モバイル SM-A253C,ブラック,64GB,楽天モバイル,4580814028255
HVJCO8NAMY000,スマートフォン本体,SAMSUNG,Galaxy A25 5G,Galaxy A25 5G ブルー 64GB SM-A253QZBASJP,ブルー,64GB,,4986773243515
AN9NLIIGU6000,スマートフォン本体,SAMSUNG,Galaxy A25 5G,Galaxy A25 5G ブルー 64GB SoftBank SM-A253Z,ブルー,64GB,SoftBank,4549046149473
3SI2PA3DVZ000,スマートフォン本体,SAMSUNG,Galaxy A25 5G,Galaxy A25 5G ブルー 64GB au SCG33,ブルー,64GB,au,4941787136048
XN35KWPME5000,スマートフォン本体,SAMSUNG,Galaxy A25 5G,Galaxy A25 5G ブルー 64GB docomo SC-53F,ブルー,64GB,docomo,4942857242843
JHT6IUQV4W000,スマートフォン本体,SAMSUNG,Galaxy A25 5G,Galaxy A25 5G ブルー 64GB ワイモバイル SM-A253Z,ブルー,64GB,ワイモバイル,4549046149640
D5LMYZPT6K000,スマートフォン本体,SAMSUNG,Galaxy A25 5G,Galaxy A25 5G ライトブルー 64GB SM-A253QLBASJP,ライトブルー,64GB,,4986773243508
SGXEWBG6VI000,スマートフォン本体,SAMSUNG,Galaxy A25 5G,Galaxy A25 5G ライトブルー 64GB SoftBank SM-A253Z,ライトブルー,64GB,SoftBank,4549046149497
B5XUUZWLXK000,スマートフォン本体,SAMSUNG,Galaxy A25 5G,Galaxy A25 5G ライトブルー 64GB au SCG33,ライトブルー,64GB,au,4941787136024
SI2PEBCH74000,スマートフォン本体,SAMSUNG,Galaxy A25 5G,Galaxy A25 5G ライトブルー 64GB docomo SC-53F,ライトブルー,64GB,docomo,4942857242836
EJN7OM4ZR1000,スマートフォン本体,SAMSUNG,Galaxy A25 5G,Galaxy A25 5G ライトブルー 64GB ワイモバイル SM-A253Z,ライトブルー,64GB,ワイモバイル,4549046149664
8OM8IYWAMZ000,スマートフォン本体,SAMSUNG,Galaxy A25 5G,Galaxy A25 5G ライトブルー 64GB 楽天モバイル SM-A253C,ライトブルー,64GB,楽天モバイル,4580814028262
QN5KOS1A25000,スマートフォン本体,SAMSUNG,Galaxy A30,Galaxy A30 ブラック 64GB SCV43,ブラック,64GB,,4941787071394
7XCK69W92U000,スマートフォン本体,SAMSUNG,Galaxy A30,Galaxy A30 ブルー 64GB SCV43,ブルー,64GB,,
7D3R428IDT000,スマートフォン本体,SAMSUNG,Galaxy A30,Galaxy A30 ホワイト 64GB SCV43,ホワイト,64GB,,4941787071417
C2K1O53WX5000,スマートフォン本体,SAMSUNG,Galaxy A30,Galaxy A30 レッド 64GB SCV43,レッド,64GB,,
UM0A08VRUX000,スマートフォン本体,SAMSUNG,Galaxy A32 5G,Galaxy A32 5G オーサムブラック 64GB SCG08,オーサムブラック,64GB,,4941787083090
P57Z2Y6XCD000,スマートフォン本体,SAMSUNG,Galaxy A32 5G,Galaxy A32 5G オーサムブルー 64GB SCG08,オーサムブルー,64GB,,4941787083113
M127OYKE7S000,スマートフォン本体,SAMSUNG,Galaxy A32 5G,Galaxy A32 5G オーサムホワイト 64GB SCG08,オーサムホワイト,64GB,,4941787083076
VU1K21VQHE000,スマートフォン本体,SAMSUNG,Galaxy A36 5G,Galaxy A36 5G オーサム ライム 128GB docomo SC-54F,オーサムライム,128GB,docomo,
FSK4ZHY4OO000,スマートフォン本体,SAMSUNG,Galaxy A36 5G,Galaxy A36 5G オーサムブラック 128GB SM-A366QZKASJP,オーサムブラック,128GB,,4986773254443
GRCZG6CE2F000,スマートフォン本体,SAMSUNG,Galaxy A36 5G,Galaxy A36 5G オーサムブラック 128GB docomo SC-54F,オーサムブラック,128GB,docomo,4942857245684
GN8IW69VAH000,スマートフォン本体,SAMSUNG,Galaxy A36 5G,Galaxy A36 5G オーサムホワイト 128GB SM-A366QZAASJP,オーサムホワイト,128GB,,4986773254436
O8JK19U5PE000,スマートフォン本体,SAMSUNG,Galaxy A36 5G,Galaxy A36 5G オーサムホワイト 128GB docomo SC-54F,オーサムホワイト,128GB,docomo,4942857245677
G2S4GMZ1GH000,スマートフォン本体,SAMSUNG,Galaxy A36 5G,Galaxy A36 5G オーサムライム 128GB SM-A366QLGASJP／SC-54F,オーサムライム,128GB,,4986773254412
1PARE4XBUY000,スマートフォン本体,SAMSUNG,Galaxy A36 5G,Galaxy A36 5G オーサムラベンダー 128GB SM-A366QLVASJP,オーサムラベンダー,128GB,,4986773254429
N4OKGOTE28000,スマートフォン本体,SAMSUNG,Galaxy A36 5G,Galaxy A36 5G オーサムラベンダー 128GB docomo SC-54F,オーサムラベンダー,128GB,docomo,4942857245653
SMP1783J2K000,スマートフォン本体,SAMSUNG,Galaxy A41,Galaxy A41 ブラック 64GB,ブラック,64GB,,
2RBRC24EZT000,スマートフォン本体,SAMSUNG,Galaxy A41,Galaxy A41 ブルー 64GB,ブルー,64GB,,4942857212037
34TNC43UOX000,スマートフォン本体,SAMSUNG,Galaxy A41,Galaxy A41 ホワイト 64GB,ホワイト,64GB,,4942857212044
NENFXMXVPP000,スマートフォン本体,SAMSUNG,Galaxy A51 5G,Galaxy A51 5G プリズムブリックスブラック 128GB,プリズムブリックスブラック,128GB,,4941787077105
RXG4QEPHFX000,スマートフォン本体,SAMSUNG,Galaxy A51 5G,Galaxy A51 5G プリズムブリックスホワイト 128GB,プリズムブリックスホワイト,128GB,,4941787077082
4GXZDZZ24S000,スマートフォン本体,SAMSUNG,Galaxy A52 5G,Galaxy A52 5G オーサムバイオレット 128GB SC-53B,オーサムバイオレット,128GB,,4942857219227
4C72GL6XBA000,スマートフォン本体,SAMSUNG,Galaxy A52 5G,Galaxy A52 5G オーサムブラック 128GB SC-53B,オーサムブラック,128GB,,4942857219241
80SMW2663O000,スマートフォン本体,SAMSUNG,Galaxy A52 5G,Galaxy A52 5G オーサムホワイト 128GB SC-53B,オーサムホワイト,128GB,,4942857219234
WGQQYC4NSI000,スマートフォン本体,SAMSUNG,Galaxy A53 5G,Galaxy A53 5G オーサムブラック 128GB,オーサムブラック,128GB,,4942857224771
HTKJSK7F0J000,スマートフォン本体,SAMSUNG,Galaxy A53 5G,Galaxy A53 5G オーサムブルー 128GB,オーサムブルー,128GB,,4942857224757
BWF9C9E40B000,スマートフォン本体,SAMSUNG,Galaxy A53 5G,Galaxy A53 5G オーサムホワイト 128GB,オーサムホワイト,128GB,,4942857224764
8SW7W7KBBS000,スマートフォン本体,SAMSUNG,Galaxy A54 5G,Galaxy A54 5G オーサム グラファイト 128GB,オーサム グラファイト,128GB,,4942857232745
QNLUAVDU5U000,スマートフォン本体,SAMSUNG,Galaxy A54 5G,Galaxy A54 5G オーサム バイオレット 128GB,オーサム バイオレット,128GB,,4942857232721
F8VUKLHJCQ000,スマートフォン本体,SAMSUNG,Galaxy A54 5G,Galaxy A54 5G オーサム ホワイト 128GB SC-53D,オーサム ホワイト,128GB,,4942857232738
2FMEPWL23U000,スマートフォン本体,SAMSUNG,Galaxy A55 5G,Galaxy A55 5G オーサムアイスブルー 128GB au SCG27,オーサム アイスブルー,128GB,au,4941787127862
SZKFKC40U5000,スマートフォン本体,SAMSUNG,Galaxy A55 5G,Galaxy A55 5G オーサムアイスブルー 128GB docomo SC-53E,,128GB,docomo,4942857238686
TT27WC7QDW000,スマートフォン本体,SAMSUNG,Galaxy A55 5G,Galaxy A55 5G オーサムネイビー 128GB au SCG27,オーサム ネイビー,128GB,au,4941787127886
XB8WKZ004Z000,スマートフォン本体,SAMSUNG,Galaxy A55 5G,Galaxy A55 5G オーサムネイビー 128GB docomo SC-53E,,128GB,docomo,4942857238709
X86CGJG4TV000,スマートフォン本体,SAMSUNG,Galaxy A55 5G,Galaxy A55 5G オーサムライラック 128GB au SCG27,オーサム ライラック,128GB,au,4941787127909
ZFL3WP0RCC000,スマートフォン本体,SAMSUNG,Galaxy A55 5G,Galaxy A55 5G オーサムライラック 128GB docomo SC-53E,,128GB,docomo,4942857238693
Q3RJ53WZ5U000,スマートフォン本体,SAMSUNG,Galaxy A55 5G,Galaxy A55 5G オーサムレモン 128GB SC-53E,オーサム レモン,128GB,,
2GKNJMNTPP000,スマートフォン本体,SAMSUNG,Galaxy A7,Galaxy A7 ゴールド 64GB SM-A750C,ゴールド,64GB,,4986773190123
NEL6KCU11Y000,スマートフォン本体,SAMSUNG,Galaxy A7,Galaxy A7 ブラック 64GB SM-A750C,ブラック,64GB,,4986773190109
4MBPZEIBYB000,スマートフォン本体,SAMSUNG,Galaxy A7,Galaxy A7 ブルー 64GB SM-A750C,ブルー,64GB,,4986773190116
43PKEWKL3T000,スマートフォン本体,SAMSUNG,Galaxy A8,Galaxy A8 ゴールド 32GB SCV32,ゴールド,32GB,,4941787057213
DHP0G3CV7A000,スマートフォン本体,SAMSUNG,Galaxy A8,Galaxy A8 ブラック 32GB SCV32,ブラック,32GB,,
KDI9CQWKS4000,スマートフォン本体,SAMSUNG,Galaxy A8,Galaxy A8 ホワイト 32GB SCV32,ホワイト,32GB,,4941787057176
NUWMB4A6VQ000,スマートフォン本体,SAMSUNG,Galaxy Active neo,Galaxy Active neo カモホワイト 16GB SC-01H,カモホワイト,16GB,,
HYMZDL569U000,スマートフォン本体,SAMSUNG,Galaxy Active neo,Galaxy Active neo ブラック 16GB SC-01H,ブラック,16GB,,
2PLM45B8AE000,スマートフォン本体,SAMSUNG,Galaxy Feel,Galaxy Feel オパールピンク 32GB SC-04J,オパールピンク,32GB,,
YVN9DU40BG000,スマートフォン本体,SAMSUNG,Galaxy Feel,Galaxy Feel オーロラグリーン 32GB SC-04J,オーロラグリーン,32GB,,4942857197754
PFUT3R8T19000,スマートフォン本体,SAMSUNG,Galaxy Feel,Galaxy Feel ブラック 32GB SC-04J,ブラック,32GB,,
ULOG17HEZ9000,スマートフォン本体,SAMSUNG,Galaxy Feel,Galaxy Feel ホワイト 32GB SC-04J,ホワイト,32GB,,
D1HUS9417O000,スマートフォン本体,SAMSUNG,Galaxy Feel2,Galaxy Feel2 オパールブラック 32GB SC-02L,オパールブラック,32GB,,4942857202663
1KQ8U8TZPZ000,スマートフォン本体,SAMSUNG,Galaxy Feel2,Galaxy Feel2 オーロラピンク 32GB SC-02L,オーロラピンク,32GB,,
LUN0IEVMUF000,スマートフォン本体,SAMSUNG,Galaxy Feel2,Galaxy Feel2 フロストホワイト 32GB SC-02L,フロストホワイト,32GB,,4942857202656
ZLU4PNM7WO000,スマートフォン本体,SAMSUNG,Galaxy Fold,Galaxy Fold スペースシルバー 512GB SCV44,スペースシルバー,512GB,,
ZX4NQQZD6X000,スマートフォン本体,SAMSUNG,Galaxy M23 5G,Galaxy M23 5G ディープグリーン 128GB SM-M236Q/DS,ディープグリーン,128GB,,4986773211071
OX3MBZZFIZ000,スマートフォン本体,SAMSUNG,Galaxy M23 5G,Galaxy M23 5G ライトブルー 128GB SM-M236Q/DS,ライトブルー,128GB,,4986773211088
KS6CEGOZ42000,スマートフォン本体,SAMSUNG,Galaxy Note10+ Star Wars Special Edition,Galaxy Note10+ Star Wars Special Edition オーラブラック 256GB SC-01M,オーラブラック,256GB,,
VGYTYI2K88000,スマートフォン本体,SAMSUNG,Galaxy Note10+,Galaxy Note10+ オーラグロー 256GB,オーラグロー,256GB,,4986773190833
PYDD4CQ1HA000,スマートフォン本体,SAMSUNG,Galaxy Note10+,Galaxy Note10+ オーラブラック 256GB,オーラブラック,256GB,,4942857209136
7907JZKK4U000,スマートフォン本体,SAMSUNG,Galaxy Note10+,Galaxy Note10+ オーラホワイト 256GB SC-01M,オーラホワイト,256GB,,
8UOP4Q8NMZ000,スマートフォン本体,SAMSUNG,Galaxy Note20 Ultra 5G,Galaxy Note20 Ultra 5G ミスティックブロンズ 256GB,ミスティックブロンズ,256GB,,
M44E64NIY4000,スマートフォン本体,SAMSUNG,Galaxy Note8,Galaxy Note8 ミッドナイトブラック 64GB,ミッドナイトブラック,64GB,,
Y623YUZL8Z000,スマートフォン本体,SAMSUNG,Galaxy Note8,Galaxy Note8 メープルゴールド 64GB,メープルゴールド,64GB,,
G0LZNYZBL4000,スマートフォン本体,SAMSUNG,Galaxy Note9,Galaxy Note9 オーシャンブルー 128GB,オーシャンブルー,128GB,,
819WP7XUT1000,スマートフォン本体,SAMSUNG,Galaxy Note9,Galaxy Note9 ミッドナイトブラック 128GB,ミッドナイトブラック,128GB,,
ASGLCQJQJB000,スマートフォン本体,SAMSUNG,Galaxy Note9,Galaxy Note9 ラベンダーパープル 128GB,ラベンダーパープル,128GB,,
211KH8OK40000,スマートフォン本体,SAMSUNG,Galaxy S10,Galaxy S10 プリズムブラック 128GB,プリズムブラック,128GB,,
5BLL7FROCO000,スマートフォン本体,SAMSUNG,Galaxy S10,Galaxy S10 プリズムブルー 128GB,プリズムブルー,128GB,,4942857206265
0JI484FGDF000,スマートフォン本体,SAMSUNG,Galaxy S10,Galaxy S10 プリズムホワイト 128GB,プリズムホワイト,128GB,,4941787071271
Z3A8AETEOG000,スマートフォン本体,SAMSUNG,Galaxy S10+ Olympic Games Edition,Galaxy S10+ Olympic Games Edition Olympic Games Edition 128GB,プリズムホワイト,128GB,,4942857206531
GDN22XPTK0000,スマートフォン本体,SAMSUNG,Galaxy S10＋,Galaxy S10＋ プリズムブラック 128GB,プリズムブラック,128GB,,4942857206302
9GOTIVEKVQ000,スマートフォン本体,SAMSUNG,Galaxy S10＋,Galaxy S10＋ プリズムホワイト 128GB,プリズムホワイト,128GB,,
FRELBV4P4L000,スマートフォン本体,SAMSUNG,Galaxy S20 5G,Galaxy S20 5G クラウドブルー 128GB,クラウドブルー,128GB,,4942857211108
2K3V6R3UBB000,スマートフォン本体,SAMSUNG,Galaxy S20 5G,Galaxy S20 5G クラウドホワイト 128GB,クラウドホワイト,128GB,,4942857211092
D55MDOSOOD000,スマートフォン本体,SAMSUNG,Galaxy S20 5G,Galaxy S20 5G コスミックグレー 128GB,コスミックグレー,128GB,,4942857211085
IYG7DNXQWD000,スマートフォン本体,SAMSUNG,Galaxy S20 Ultra 5G,Galaxy S20 Ultra 5G コスミックブラック 128GB,コスミックブラック,128GB,,4941787076122
56GUOE2WS3000,スマートフォン本体,SAMSUNG,Galaxy S20+ 5G BTS Edition,Galaxy S20+ 5G BTS Edition ビーパープル 128GB,ビーパープル,128GB,,
VU0DYP442T000,スマートフォン本体,SAMSUNG,Galaxy S20+ 5G Olympic Games Edition,Galaxy S20+ 5G Olympic Games Edition マットゴールド 128GB,マットゴールド,128GB,,
UAL7QY64HR000,スマートフォン本体,SAMSUNG,Galaxy S20+ 5G,Galaxy S20+ 5G クラウドブルー 128GB,クラウドブルー,128GB,,4941787075507
UPUM6JIV23000,スマートフォン本体,SAMSUNG,Galaxy S20+ 5G,Galaxy S20+ 5G コスミックグレー 128GB,コスミックグレー,128GB,,4942857211870
3T4GX7H9LJ000,スマートフォン本体,SAMSUNG,Galaxy S21 5G Olympic Games Edition,Galaxy S21 5G Olympic Games Edition ファントムブルー 256GB SC-51B,ファントムブルー,256GB,,4942857219708
N8GTI6C0C8000,スマートフォン本体,SAMSUNG,Galaxy S21 5G,Galaxy S21 5G ファントムグレー 256GB au SCG09,ファントムグレー,256GB,au,4941787083465
AN6KE6TJ7N000,スマートフォン本体,SAMSUNG,Galaxy S21 5G,Galaxy S21 5G ファントムグレー 256GB docomo SC-51B,ファントムグレー,256GB,docomo,4942857217964
1GOFTL6C04000,スマートフォン本体,SAMSUNG,Galaxy S21 5G,Galaxy S21 5G ファントムバイオレット 256GB SC-51B／SCG09,ファントムバイオレット,256GB,,4942857219609
7BO3SULR0M000,スマートフォン本体,SAMSUNG,Galaxy S21 5G,Galaxy S21 5G ファントムバイオレット 256GB au SCG09,ファントムバイオレット,256GB,au,
PPFPMK1WHL000,スマートフォン本体,SAMSUNG,Galaxy S21 5G,Galaxy S21 5G ファントムホワイト 256GB au SCG09,ファントムホワイト,256GB,au,4941787083441
A7XWRUY13V000,スマートフォン本体,SAMSUNG,Galaxy S21 5G,Galaxy S21 5G ファントムホワイト 256GB docomo SC-51B,ファントムホワイト,256GB,docomo,4942857219623
G12SG4QQ19000,スマートフォン本体,SAMSUNG,Galaxy S21 Ultra 5G,Galaxy S21 Ultra 5G ファントムシルバー 256GB SC-52B,ファントムシルバー,256GB,,4942857219678
EM54D9LBZS000,スマートフォン本体,SAMSUNG,Galaxy S21 Ultra 5G,Galaxy S21 Ultra 5G ファントムブラック 256GB SC-52B,ファントムブラック,256GB,,4942857219661
907IFTR5X6000,スマートフォン本体,SAMSUNG,Galaxy S21+ 5G,Galaxy S21+ 5G ファントムシルバー 256GB SCG10,ファントムシルバー,256GB,,
0QHM4L8Q91000,スマートフォン本体,SAMSUNG,Galaxy S21+ 5G,Galaxy S21+ 5G ファントムブラック 256GB SCG10,ファントムブラック,256GB,,4941787083526
HYG73KV9DI000,スマートフォン本体,SAMSUNG,Galaxy S22 Ultra,Galaxy S22 Ultra バーガンディ 256GB,バーガンディ,256GB,,4941787101725
RK6U8CZ83R000,スマートフォン本体,SAMSUNG,Galaxy S22 Ultra,Galaxy S22 Ultra ファントムブラック 256GB,ファントムブラック,256GB,,4942857223231
H828P4RUNT000,スマートフォン本体,SAMSUNG,Galaxy S22,Galaxy S22 ピンクゴールド 256GB au SCG13,ピンクゴールド,256GB,au,4941787122737
1NLH5XFP7B000,スマートフォン本体,SAMSUNG,Galaxy S22,Galaxy S22 ピンクゴールド 256GB docomo SC-51C,ピンクゴールド,256GB,docomo,4942857223187
KJNW2CY0Q0000,スマートフォン本体,SAMSUNG,Galaxy S22,Galaxy S22 ファントムブラック 256GB au SCG13,ファントムブラック,256GB,au,4941787122713
DJ21QANSSW000,スマートフォン本体,SAMSUNG,Galaxy S22,Galaxy S22 ファントムブラック 256GB docomo SC-51C,ファントムブラック,256GB,docomo,4942857223170
VWJOR4VMB7000,スマートフォン本体,SAMSUNG,Galaxy S22,Galaxy S22 ファントムホワイト 256GB au SCG13,ファントムホワイト,256GB,au,4941787101688
Q9MKR1OSL4000,スマートフォン本体,SAMSUNG,Galaxy S22,Galaxy S22 ファントムホワイト 256GB docomo SC-51C,ファントムホワイト,256GB,docomo,4942857223163
OV3A4FJYTZ000,スマートフォン本体,SAMSUNG,Galaxy S23 FE,Galaxy S23 FE クリーム 256GB SCG24,クリーム,256GB,,4941787127084
G8453LRL74000,スマートフォン本体,SAMSUNG,Galaxy S23 FE,Galaxy S23 FE グラファイト 256GB SCG24,グラファイト,256GB,,4941787127091
GVXL6D8LPW000,スマートフォン本体,SAMSUNG,Galaxy S23 FE,Galaxy S23 FE ミント 256GB SCG24,ミント,256GB,,4941787127077
BZ64A9BV9O000,スマートフォン本体,SAMSUNG,Galaxy S23 Ultra,Galaxy S23 Ultra クリーム 1024GB SM-S918QZEGSJP,クリーム,1TB,,4986773230577
G8OVTPWCUQ000,スマートフォン本体,SAMSUNG,Galaxy S23 Ultra,Galaxy S23 Ultra クリーム 256GB,クリーム,256GB,,4942857231236
24414T09U8000,スマートフォン本体,SAMSUNG,Galaxy S23 Ultra,Galaxy S23 Ultra クリーム 512GB,クリーム,512GB,,
5JUFDN4AT3000,スマートフォン本体,SAMSUNG,Galaxy S23 Ultra,Galaxy S23 Ultra グリーン 256GB,グリーン,256GB,,4942857231229
6S3JVJOB0D000,スマートフォン本体,SAMSUNG,Galaxy S23 Ultra,Galaxy S23 Ultra グリーン 512GB,グリーン,512GB,,
PDKB0DRSRW000,スマートフォン本体,SAMSUNG,Galaxy S23 Ultra,Galaxy S23 Ultra ファントムブラック 1024GB,ファントムブラック,1TB,,4941787122270
5D7XMW0UUL000,スマートフォン本体,SAMSUNG,Galaxy S23 Ultra,Galaxy S23 Ultra ファントムブラック 256GB,ファントムブラック,256GB,,4941787122218
1E1IZFIKNL000,スマートフォン本体,SAMSUNG,Galaxy S23 Ultra,Galaxy S23 Ultra ファントムブラック 512GB,ファントムブラック,512GB,,4942857231243
31BCX2FDOI000,スマートフォン本体,SAMSUNG,Galaxy S23,Galaxy S23 クリーム 256GB au SCG19,クリーム,256GB,au,4941787122133
UAU00Z04FQ000,スマートフォン本体,SAMSUNG,Galaxy S23,Galaxy S23 クリーム 256GB docomo SC-51D,クリーム,256GB,docomo,4942857231168
ZG8Q8UWS9I000,スマートフォン本体,SAMSUNG,Galaxy S23,Galaxy S23 クリーム 256GB 楽天モバイル SM-S911C,クリーム,256GB,楽天モバイル,4986773220714
8XOOBF6TP2000,スマートフォン本体,SAMSUNG,Galaxy S23,Galaxy S23 ファントムブラック 256GB au SCG19,ファントムブラック,256GB,au,4941787122157
9V3CX6PWTW000,スマートフォン本体,SAMSUNG,Galaxy S23,Galaxy S23 ファントムブラック 256GB docomo SC-51D,ファントムブラック,256GB,docomo,4942857231175
Y3ZD77WKR6000,スマートフォン本体,SAMSUNG,Galaxy S23,Galaxy S23 ファントムブラック 256GB 楽天モバイル SM-S911C,ファントムブラック,256GB,楽天モバイル,4986773220721
VENKZ4DRYM000,スマートフォン本体,SAMSUNG,Galaxy S23,Galaxy S23 ラベンダー 256GB au SCG19,ラベンダー,256GB,au,4941787122171
0DRSXDYT54000,スマートフォン本体,SAMSUNG,Galaxy S23,Galaxy S23 ラベンダー 256GB docomo SC-51D,ラベンダー,256GB,docomo,4942857231182
UNL5Q398AN000,スマートフォン本体,SAMSUNG,Galaxy S24 FE,Galaxy S24 FE グラファイト 128GB SM-S721QZKASJP,グラファイト,128GB,,4986773241870
JQJ4QFARR2000,スマートフォン本体,SAMSUNG,Galaxy S24 FE,Galaxy S24 FE グラファイト 128GB au SCG30,グラファイト,128GB,au,4941787131944
4OSHX66BQY000,スマートフォン本体,SAMSUNG,Galaxy S24 FE,Galaxy S24 FE グレー 128GB SCG30／SM-S721QZAASJP,グレー,128GB,,4986773241887
4R0FH5TFJW000,スマートフォン本体,SAMSUNG,Galaxy S24 FE,Galaxy S24 FE ブルー 128GB SM-S721QLBASJP,ブルー,128GB,,4986773241894
6FPGPIF103000,スマートフォン本体,SAMSUNG,Galaxy S24 FE,Galaxy S24 FE ブルー 128GB au SCG30,ブルー,128GB,au,4941787131906
M77QUXEQJ7000,スマートフォン本体,SAMSUNG,Galaxy S24 FE,Galaxy S24 FE ミント 128GB SM-S721QLGASJP,ミント,128GB,,4986773241900
W7CXV3Q0B3000,スマートフォン本体,SAMSUNG,Galaxy S24 Ultra,Galaxy S24 Ultra チタニウムグレー 1024GB -,チタニウムグレー,1024GB,,
N2S2Y312ZB000,スマートフォン本体,SAMSUNG,Galaxy S24 Ultra,Galaxy S24 Ultra チタニウムグレー 256GB SM-S928Q,チタニウムグレー,256GB,,4986773240057
1IB41RFTNJ000,スマートフォン本体,SAMSUNG,Galaxy S24 Ultra,Galaxy S24 Ultra チタニウムグレー 256GB au SCG26,チタニウムグレー,256GB,au,4941787127763
JTUQIK3G4N000,スマートフォン本体,SAMSUNG,Galaxy S24 Ultra,Galaxy S24 Ultra チタニウムグレー 256GB docomo SC-52E,チタニウムグレー,256GB,docomo,4942857238471
O48ODNC4Y4000,スマートフォン本体,SAMSUNG,Galaxy S24 Ultra,Galaxy S24 Ultra チタニウムグレー 512GB SM-S928Q,チタニウムグレー,512GB,,
EZLGH5TMX2000,スマートフォン本体,SAMSUNG,Galaxy S24 Ultra,Galaxy S24 Ultra チタニウムバイオレット 1TB SM-S928Q,チタニウムバイオレット,1TB,,
TEZSIOP81Q000,スマートフォン本体,SAMSUNG,Galaxy S24 Ultra,Galaxy S24 Ultra チタニウムバイオレット 256GB SM-S928Q,チタニウムバイオレット,256GB,,4986773240064
GS5GP5KLCU000,スマートフォン本体,SAMSUNG,Galaxy S24 Ultra,Galaxy S24 Ultra チタニウムバイオレット 256GB docomo SC-52E,チタニウムバイオレット,256GB,docomo,4942857238488
24J6YAS547000,スマートフォン本体,SAMSUNG,Galaxy S24 Ultra,Galaxy S24 Ultra チタニウムバイオレット 512GB SM-S928Q,チタニウムバイオレット,512GB,,
XRRXFRLZ4K000,スマートフォン本体,SAMSUNG,Galaxy S24 Ultra,Galaxy S24 Ultra チタニウムブラック 1024GB au SCG26,チタニウムブラック,1024GB,au,
W0NOZK8VCE000,スマートフォン本体,SAMSUNG,Galaxy S24 Ultra,Galaxy S24 Ultra チタニウムブラック 1024GB docomo SC-52E,チタニウムブラック,1024GB,docomo,
98K3272KVY000,スマートフォン本体,SAMSUNG,Galaxy S24 Ultra,Galaxy S24 Ultra チタニウムブラック 1TB SM-S928Q／SC-52E／SCG26,チタニウムブラック,1TB,,4986773240095
4S2B3G0TNC000,スマートフォン本体,SAMSUNG,Galaxy S24 Ultra,Galaxy S24 Ultra チタニウムブラック 256GB SM-S928Q,チタニウムブラック,256GB,,4986773240071
WGXSC6ZGT3000,スマートフォン本体,SAMSUNG,Galaxy S24 Ultra,Galaxy S24 Ultra チタニウムブラック 256GB au SCG26,チタニウムブラック,256GB,au,4941787127787
484EBC8T2Q000,スマートフォン本体,SAMSUNG,Galaxy S24 Ultra,Galaxy S24 Ultra チタニウムブラック 512GB SM-S928Q／SCG26／SC-52E,チタニウムブラック,512GB,,4986773240088
MQPBVUIDG6000,スマートフォン本体,SAMSUNG,Galaxy S24 Ultra,Galaxy S24 Ultra チタニウムブラック 512GB au SCG26,チタニウムブラック,512GB,au,
LF0L78WIO4000,スマートフォン本体,SAMSUNG,Galaxy S24 Ultra,Galaxy S24 Ultra チタニウムブラック 512GB docomo SC-52E,チタニウムブラック,512GB,docomo,
GRLWD41LI1000,スマートフォン本体,SAMSUNG,Galaxy S24,Galaxy S24 アンバーイエロー 256GB SM-S921QZYESJP,アンバーイエロー,256GB,,4986773240019
H790RX224P000,スマートフォン本体,SAMSUNG,Galaxy S24,Galaxy S24 アンバーイエロー 512GB SM-S921QZYESJP,アンバーイエロー,512GB,,
JE24WCTXTC000,スマートフォン本体,SAMSUNG,Galaxy S24,Galaxy S24 オニキスブラック 256GB SM-S921QZKFSJP,オニキスブラック,256GB,,4986773240033
RX1M9GADFS000,スマートフォン本体,SAMSUNG,Galaxy S24,Galaxy S24 オニキスブラック 512GB SM-S921QZKFSJP,オニキスブラック,512GB,,
54KG5XMHOT000,スマートフォン本体,SAMSUNG,Galaxy S24,Galaxy S24 コバルトバイオレット 256GB SM-S921QZVESJP,コバルトバイオレット,256GB,,4986773240026
AFFOR78B4E000,スマートフォン本体,SAMSUNG,Galaxy S24,Galaxy S24 コバルトバイオレット 512GB SM-S921QZVESJP,コバルトバイオレット,512GB,,
L9RBZJDRJJ000,スマートフォン本体,SAMSUNG,Galaxy S25 Ultra,Galaxy S25 Ultra チタニウムグレー 1TB SM-S938Q,チタニウムグレー,1TB,,4986773243379
IWXSJSBXCH000,スマートフォン本体,SAMSUNG,Galaxy S25 Ultra,Galaxy S25 Ultra チタニウムグレー 256GB SM-S938Q,チタニウムグレー,256GB,,4986773243355
OGQFXPE340000,スマートフォン本体,SAMSUNG,Galaxy S25 Ultra,Galaxy S25 Ultra チタニウムグレー 512GB SM-S938Q,チタニウムグレー,512GB,,
4WWPFLF1YW000,スマートフォン本体,SAMSUNG,Galaxy S25 Ultra,Galaxy S25 Ultra チタニウムシルバーブルー 1TB SM-S938Q,チタニウムシルバーブルー,1TB,,4986773243317
CW3GP88M7A000,スマートフォン本体,SAMSUNG,Galaxy S25 Ultra,Galaxy S25 Ultra チタニウムシルバーブルー 256GB SCG32／SCSBD1／SC-52F,チタニウムシルバーブルー,256GB,,4941787135904
TII8JY4CW1000,スマートフォン本体,SAMSUNG,Galaxy S25 Ultra,Galaxy S25 Ultra チタニウムシルバーブルー 256GB SIMフリー SM-S938Q,チタニウムシルバーブルー,256GB,SIMフリー,4986773243294
0LVJ4RV700000,スマートフォン本体,SAMSUNG,Galaxy S25 Ultra,Galaxy S25 Ultra チタニウムシルバーブルー 256GB SoftBank SCSBD1,チタニウムシルバーブルー,256GB,SoftBank,
UUWPLWKLLM000,スマートフォン本体,SAMSUNG,Galaxy S25 Ultra,Galaxy S25 Ultra チタニウムシルバーブルー 256GB docomo SC-52F,チタニウムシルバーブルー,256GB,docomo,
39SUAIGAVG000,スマートフォン本体,SAMSUNG,Galaxy S25 Ultra,Galaxy S25 Ultra チタニウムシルバーブルー 512GB SM-S938Q,チタニウムシルバーブルー,512GB,,
PQ8I7WX4PT000,スマートフォン本体,SAMSUNG,Galaxy S25 Ultra,Galaxy S25 Ultra チタニウムシルバーブルー 512GB SoftBank SM-S938J,チタニウムシルバーブルー,512GB,SoftBank,
XBDU1Y5K2F000,スマートフォン本体,SAMSUNG,Galaxy S25 Ultra,Galaxy S25 Ultra チタニウムジェットブラック 1TB SM-S938Q,チタニウムジェットブラック,1TB,,4986773243430
F9M7KPZ22G000,スマートフォン本体,SAMSUNG,Galaxy S25 Ultra,Galaxy S25 Ultra チタニウムジェットブラック 256GB SM-S938Q,チタニウムジェットブラック,256GB,,4986773243416
5KVNBIOIQP000,スマートフォン本体,SAMSUNG,Galaxy S25 Ultra,Galaxy S25 Ultra チタニウムジェットブラック 512GB SM-S938Q,チタニウムジェットブラック,512GB,,
2QPM5J8K6R000,スマートフォン本体,SAMSUNG,Galaxy S25 Ultra,Galaxy S25 Ultra チタニウムジェードグリーン 1TB SM-S938Q,チタニウムジェードグリーン,1TB,,
IEU4G6NB7X000,スマートフォン本体,SAMSUNG,Galaxy S25 Ultra,Galaxy S25 Ultra チタニウムジェードグリーン 256GB SM-S938Q,チタニウムジェードグリーン,256GB,,
AIT4WRG4PY000,スマートフォン本体,SAMSUNG,Galaxy S25 Ultra,Galaxy S25 Ultra チタニウムジェードグリーン 512GB SM-S938Q,チタニウムジェードグリーン,512GB,,
BCR59VE10Q000,スマートフォン本体,SAMSUNG,Galaxy S25 Ultra,Galaxy S25 Ultra チタニウムピンクゴールド 1TB SM-S938Q,チタニウムピンクゴールド,1TB,,
41ABL1AO9M000,スマートフォン本体,SAMSUNG,Galaxy S25 Ultra,Galaxy S25 Ultra チタニウムピンクゴールド 256GB SM-S938Q,チタニウムピンクゴールド,256GB,,
8BU7P0LDYV000,スマートフォン本体,SAMSUNG,Galaxy S25 Ultra,Galaxy S25 Ultra チタニウムピンクゴールド 512GB SM-S938Q,チタニウムピンクゴールド,512GB,,
YZ4P24KLEA000,スマートフォン本体,SAMSUNG,Galaxy S25 Ultra,Galaxy S25 Ultra チタニウムブラック 1024GB SM-S938Q,チタニウムブラック,1024GB,,
RE4QAZ4G0Q000,スマートフォン本体,SAMSUNG,Galaxy S25 Ultra,Galaxy S25 Ultra チタニウムブラック 1TB SCG32／SM-S938Q／SC-52F,チタニウムブラック,1TB,,4986773243348
IPVLWV4WP3000,スマートフォン本体,SAMSUNG,Galaxy S25 Ultra,Galaxy S25 Ultra チタニウムブラック 1TB docomo SC-52F,チタニウムブラック,1024GB,docomo,
Z7D4143UGS000,スマートフォン本体,SAMSUNG,Galaxy S25 Ultra,Galaxy S25 Ultra チタニウムブラック 256GB SM-S938Q／SC-52F／SCSBD2,チタニウムブラック,256GB,,4986773243324
KODAQM8XFB000,スマートフォン本体,SAMSUNG,Galaxy S25 Ultra,Galaxy S25 Ultra チタニウムブラック 256GB SoftBank SCSBD2,チタニウムブラック,256GB,SoftBank,
60MR7BDNJH000,スマートフォン本体,SAMSUNG,Galaxy S25 Ultra,Galaxy S25 Ultra チタニウムブラック 256GB au SCG32,チタニウムブラック,256GB,au,4941787135928
KPNMYNJ48Q000,スマートフォン本体,SAMSUNG,Galaxy S25 Ultra,Galaxy S25 Ultra チタニウムブラック 256GB docomo SC-52F,チタニウムブラック,256GB,docomo,
4E7TLKSSHA000,スマートフォン本体,SAMSUNG,Galaxy S25 Ultra,Galaxy S25 Ultra チタニウムブラック 512GB SM-S938Q／SCG32／SC-52F,チタニウムブラック,512GB,,4986773243331
V11J40QJFN000,スマートフォン本体,SAMSUNG,Galaxy S25 Ultra,Galaxy S25 Ultra チタニウムブラック 512GB au SCG32,チタニウムブラック,512GB,au,
77O040H9QE000,スマートフォン本体,SAMSUNG,Galaxy S25 Ultra,Galaxy S25 Ultra チタニウムブラック 512GB docomo SC-52F,チタニウムブラック,512GB,docomo,
ZRCSKB84CO000,スマートフォン本体,SAMSUNG,Galaxy S25 Ultra,Galaxy S25 Ultra チタニウムホワイトシルバー 1TB SM-S938Q,チタニウムホワイトシルバー,1TB,,4986773243409
2QRNQEAI91000,スマートフォン本体,SAMSUNG,Galaxy S25 Ultra,Galaxy S25 Ultra チタニウムホワイトシルバー 256GB SM-S938Q,チタニウムホワイトシルバー,256GB,,4986773243386
EK7ZATH4JX000,スマートフォン本体,SAMSUNG,Galaxy S25 Ultra,Galaxy S25 Ultra チタニウムホワイトシルバー 512GB SM-S938Q,チタニウムホワイトシルバー,512GB,,
BBVVMDI8XV000,スマートフォン本体,SAMSUNG,Galaxy S25,Galaxy S25 アイシーブルー 256GB SM-S931Q,アイシーブルー,256GB,,4986773243157
HXO64O4J9X000,スマートフォン本体,SAMSUNG,Galaxy S25,Galaxy S25 アイシーブルー 256GB SoftBank SCSBE1,アイシーブルー,256GB,SoftBank,4549046150004
1VQFNE0FFZ000,スマートフォン本体,SAMSUNG,Galaxy S25,Galaxy S25 アイシーブルー 256GB au SCG31,アイシーブルー,256GB,au,4941787135805
OLTZJEBI4K000,スマートフォン本体,SAMSUNG,Galaxy S25,Galaxy S25 アイシーブルー 256GB docomo SC-51F,アイシーブルー,256GB,docomo,4942857242898
ELES266WUE000,スマートフォン本体,SAMSUNG,Galaxy S25,Galaxy S25 アイシーブルー 512GB SM-S931Q,アイシーブルー,512GB,,4986773243164
4WCDMMUGBP000,スマートフォン本体,SAMSUNG,Galaxy S25,Galaxy S25 コーラルレッド 256GB SM-S931Q,コーラルレッド,256GB,,4986773243256
CV7IO1TSGB000,スマートフォン本体,SAMSUNG,Galaxy S25,Galaxy S25 コーラルレッド 512GB SM-S931Q,コーラルレッド,512GB,,
Y8YDVRCVA6000,スマートフォン本体,SAMSUNG,Galaxy S25,Galaxy S25 シルバー シャドウ 512GB SM-S931Q,シルバー シャドウ,512GB,,
9BKBJSCL85000,スマートフォン本体,SAMSUNG,Galaxy S25,Galaxy S25 シルバー シャドウ 512GB docomo SC-51F,シルバー シャドウ,512GB,docomo,
4W8MVQY2P6000,スマートフォン本体,SAMSUNG,Galaxy S25,Galaxy S25 シルバーシャドウ 256GB SM-S931Q,シルバー シャドウ,256GB,,4986773243171
TIATFD5QD0000,スマートフォン本体,SAMSUNG,Galaxy S25,Galaxy S25 シルバーシャドウ 256GB SoftBank SCSBE2,,256GB,SoftBank,4549046150011
62QQKZL1FL000,スマートフォン本体,SAMSUNG,Galaxy S25,Galaxy S25 シルバーシャドウ 256GB au SCG31,,256GB,au,4941787135829
OEKCZ61JEU000,スマートフォン本体,SAMSUNG,Galaxy S25,Galaxy S25 シルバーシャドウ 256GB docomo SC-51F,,256GB,docomo,4942857242904
W244Y4QY4E000,スマートフォン本体,SAMSUNG,Galaxy S25,Galaxy S25 シルバーシャドウ 512GB SCG31／SC-51F／SM-S931Q,,512GB,,4986773243188
IWUQIYCTDD000,スマートフォン本体,SAMSUNG,Galaxy S25,Galaxy S25 ネイビー 256GB SM-S931Q,ネイビー,256GB,,4986773243195
37JWGOB426000,スマートフォン本体,SAMSUNG,Galaxy S25,Galaxy S25 ネイビー 256GB SoftBank SCSBE3,ネイビー,256GB,SoftBank,4549046150028
HEU9X3THCX000,スマートフォン本体,SAMSUNG,Galaxy S25,Galaxy S25 ネイビー 256GB docomo SC-51F,ネイビー,256GB,docomo,4942857242911
ZWBQX4GV4H000,スマートフォン本体,SAMSUNG,Galaxy S25,Galaxy S25 ネイビー 512GB SM-S931Q,ネイビー,512GB,,
AEI1H168IP000,スマートフォン本体,SAMSUNG,Galaxy S25,Galaxy S25 ネイビー 512GB docomo SC-51F,ネイビー,512GB,docomo,
HV5JR8G8WC000,スマートフォン本体,SAMSUNG,Galaxy S25,Galaxy S25 ピンクゴールド 256GB SM-S931Q,ピンクゴールド,256GB,,4986773243270
77555NOFTE000,スマートフォン本体,SAMSUNG,Galaxy S25,Galaxy S25 ピンクゴールド 512GB SM-S931Q,ピンクゴールド,512GB,,
914FK67KNE000,スマートフォン本体,SAMSUNG,Galaxy S25,Galaxy S25 ブルーブラック 256GB SM-S931Q,ブルーブラック,256GB,,4986773243232
THLVA877R8000,スマートフォン本体,SAMSUNG,Galaxy S25,Galaxy S25 ブルーブラック 512GB SM-S931Q,ブルーブラック,512GB,,
QXYSBXGKCF000,スマートフォン本体,SAMSUNG,Galaxy S25,Galaxy S25 ミント 256GB SM-S931Q／SC-51F,ミント,256GB,,4986773243218
7X0IVK51M1000,スマートフォン本体,SAMSUNG,Galaxy S25,Galaxy S25 ミント 256GB SoftBank SCSBE4,ミント,256GB,SoftBank,4549046150035
ZKXEXU656H000,スマートフォン本体,SAMSUNG,Galaxy S25,Galaxy S25 ミント 256GB docomo SC-51F,ミント,256GB,docomo,
GNTVR7Y1ZT000,スマートフォン本体,SAMSUNG,Galaxy S25,Galaxy S25 ミント 512GB SM-S931Q,ミント,512GB,,4986773243225
109PYYU1HL000,スマートフォン本体,SAMSUNG,Galaxy S26 Ultra (RAM 12GBモデル),Galaxy S26 Ultra (RAM 12GBモデル) コバルトバイオレット 256GB SM-S948Q／SM-S948C／SC-53G,コバルトバイオレット,256GB,,4986773256959
H29B3FY1GE000,スマートフォン本体,SAMSUNG,Galaxy S26 Ultra (RAM 12GBモデル),Galaxy S26 Ultra (RAM 12GBモデル) コバルトバイオレット 256GB docomo SC-53G,コバルトバイオレット,256GB,docomo,
FUF730WXUN000,スマートフォン本体,SAMSUNG,Galaxy S26 Ultra (RAM 12GBモデル),Galaxy S26 Ultra (RAM 12GBモデル) コバルトバイオレット 256GB 楽天モバイル SM-S948C,コバルトバイオレット,256GB,楽天モバイル,
5C98I20T02000,スマートフォン本体,SAMSUNG,Galaxy S26 Ultra (RAM 12GBモデル),Galaxy S26 Ultra (RAM 12GBモデル) コバルトバイオレット 512GB SM-S948Q,コバルトバイオレット,512GB,,4986773256966
N5XALJLJ8D000,スマートフォン本体,SAMSUNG,Galaxy S26 Ultra (RAM 12GBモデル),Galaxy S26 Ultra (RAM 12GBモデル) シルバーシャドウ 256GB SM-S948Q,,256GB,,
LUHZ88540H000,スマートフォン本体,SAMSUNG,Galaxy S26 Ultra (RAM 12GBモデル),Galaxy S26 Ultra (RAM 12GBモデル) シルバーシャドウ 512GB SM-S948Q,,512GB,,
29ZF90J46K000,スマートフォン本体,SAMSUNG,Galaxy S26 Ultra (RAM 12GBモデル),Galaxy S26 Ultra (RAM 12GBモデル) スカイブルー 256GB SM-S948Q,スカイブルー,256GB,,4986773256928
2U4FCYV6XG000,スマートフォン本体,SAMSUNG,Galaxy S26 Ultra (RAM 12GBモデル),Galaxy S26 Ultra (RAM 12GBモデル) スカイブルー 512GB SM-S948Q,スカイブルー,512GB,,4986773256935
RVGXB2H08Y000,スマートフォン本体,SAMSUNG,Galaxy S26 Ultra (RAM 12GBモデル),Galaxy S26 Ultra (RAM 12GBモデル) ピンクゴールド 256GB SM-S948Q,ピンクゴールド,256GB,,
OE45M1APYA000,スマートフォン本体,SAMSUNG,Galaxy S26 Ultra (RAM 12GBモデル),Galaxy S26 Ultra (RAM 12GBモデル) ピンクゴールド 512GB SM-S948Q,ピンクゴールド,512GB,,
AH5N24IQQZ000,スマートフォン本体,SAMSUNG,Galaxy S26 Ultra (RAM 12GBモデル),Galaxy S26 Ultra (RAM 12GBモデル) ブラック 256GB SC-53G／SM-S948Q,ブラック,256GB,,4986773256898
A6UC329S42000,スマートフォン本体,SAMSUNG,Galaxy S26 Ultra (RAM 12GBモデル),Galaxy S26 Ultra (RAM 12GBモデル) ブラック 512GB SM-S948Q／SC-53G,ブラック,512GB,,4986773256904
JWNHF4TNNB000,スマートフォン本体,SAMSUNG,Galaxy S26 Ultra (RAM 12GBモデル),Galaxy S26 Ultra (RAM 12GBモデル) ブラック 512GB docomo SC-53G,ブラック,512GB,docomo,
IRQ0JNXMXJ000,スマートフォン本体,SAMSUNG,Galaxy S26 Ultra (RAM 12GBモデル),Galaxy S26 Ultra (RAM 12GBモデル) ホワイト 256GB SM-S948Q／SM-S948C,ホワイト,256GB,,4986773256980
A54QW6XL94000,スマートフォン本体,SAMSUNG,Galaxy S26 Ultra (RAM 12GBモデル),Galaxy S26 Ultra (RAM 12GBモデル) ホワイト 256GB 楽天モバイル SM-S948C,ホワイト,256GB,楽天モバイル,
6QPFQV8U2P000,スマートフォン本体,SAMSUNG,Galaxy S26 Ultra (RAM 12GBモデル),Galaxy S26 Ultra (RAM 12GBモデル) ホワイト 512GB SC-53G／SM-S948Q,ホワイト,512GB,,4986773256997
5JCRBP5343000,スマートフォン本体,SAMSUNG,Galaxy S26 Ultra (RAM 16GBモデル),Galaxy S26 Ultra (RAM 16GBモデル) コバルトバイオレット 1TB SM-S948Q,コバルトバイオレット,1TB,,4986773256973
4HIEW6D5TZ000,スマートフォン本体,SAMSUNG,Galaxy S26 Ultra (RAM 16GBモデル),Galaxy S26 Ultra (RAM 16GBモデル) シルバーシャドウ 1TB SM-S948Q,,1TB,,
C1ZOSOS2NC000,スマートフォン本体,SAMSUNG,Galaxy S26 Ultra (RAM 16GBモデル),Galaxy S26 Ultra (RAM 16GBモデル) スカイブルー 1TB SM-S948Q,スカイブルー,1TB,,4986773256942
8TD0UB8P12000,スマートフォン本体,SAMSUNG,Galaxy S26 Ultra (RAM 16GBモデル),Galaxy S26 Ultra (RAM 16GBモデル) ピンクゴールド 1TB SM-S948Q,ピンクゴールド,1TB,,
BFHIRNCFKL000,スマートフォン本体,SAMSUNG,Galaxy S26 Ultra (RAM 16GBモデル),Galaxy S26 Ultra (RAM 16GBモデル) ブラック 1TB SM-S948Q／SC-53G,ブラック,1TB,,4986773256911
TKCJ7TTN3F000,スマートフォン本体,SAMSUNG,Galaxy S26 Ultra (RAM 16GBモデル),Galaxy S26 Ultra (RAM 16GBモデル) ブラック 1TB docomo SC-53G,ブラック,1024GB,docomo,
0D9ZDG47CZ000,スマートフォン本体,SAMSUNG,Galaxy S26 Ultra (RAM 16GBモデル),Galaxy S26 Ultra (RAM 16GBモデル) ホワイト 1TB SM-S948Q／SC-53G,ホワイト,1TB,,4986773257000
4LPKI6SDW4000,スマートフォン本体,SAMSUNG,Galaxy S26 Ultra (RAM 16GBモデル),Galaxy S26 Ultra (RAM 16GBモデル) ホワイト 1TB docomo SC-53G,ホワイト,1024GB,docomo,
H0H66CVG15000,スマートフォン本体,SAMSUNG,Galaxy S26,Galaxy S26 コバルトバイオレット 256GB SM-S942Q／SC-51G／SM-S942C,コバルトバイオレット,256GB,,4986773256690
SC34LESV11000,スマートフォン本体,SAMSUNG,Galaxy S26,Galaxy S26 コバルトバイオレット 512GB SC-51G／SM-S942Q,コバルトバイオレット,512GB,,4986773256706
V571YUG8GI000,スマートフォン本体,SAMSUNG,Galaxy S26,Galaxy S26 シルバーシャドウ 256GB SM-S942Q,,256GB,,
E4WCHY3WNB000,スマートフォン本体,SAMSUNG,Galaxy S26,Galaxy S26 シルバーシャドウ 512GB SM-S942Q,,512GB,,
PVHB4DD6K2000,スマートフォン本体,SAMSUNG,Galaxy S26,Galaxy S26 スカイブルー 256GB SM-S942Q／SC-51G,スカイブルー,256GB,,4986773256676
DRW7CVCM5U000,スマートフォン本体,SAMSUNG,Galaxy S26,Galaxy S26 スカイブルー 512GB SM-S942Q,スカイブルー,512GB,,4986773256683
4EBRFH3CAI000,スマートフォン本体,SAMSUNG,Galaxy S26,Galaxy S26 ピンクゴールド 256GB SM-S942Q,ピンクゴールド,256GB,,
17BQ9OBYEZ000,スマートフォン本体,SAMSUNG,Galaxy S26,Galaxy S26 ピンクゴールド 512GB SM-S942Q,ピンクゴールド,512GB,,
D54346UF5R000,スマートフォン本体,SAMSUNG,Galaxy S26,Galaxy S26 ブラック 256GB SC-51G／SM-S942Q,ブラック,256GB,,4986773256652
2TNB7G5C2B000,スマートフォン本体,SAMSUNG,Galaxy S26,Galaxy S26 ブラック 256GB 楽天モバイル SM-S942C,ブラック,256GB,楽天モバイル,
6IMBWEPDG5000,スマートフォン本体,SAMSUNG,Galaxy S26,Galaxy S26 ブラック 512GB SM-S942Q／SC-51G,ブラック,512GB,,4986773256669
03UU416466000,スマートフォン本体,SAMSUNG,Galaxy S26,Galaxy S26 ホワイト 256GB SM-S942C／SM-S942Q,ホワイト,256GB,,4986773256713
419Q8YVYW4000,スマートフォン本体,SAMSUNG,Galaxy S26,Galaxy S26 ホワイト 256GB docomo SC-51G,ホワイト,256GB,docomo,
4SM3R5ETY1000,スマートフォン本体,SAMSUNG,Galaxy S26,Galaxy S26 ホワイト 512GB SM-S942Q／SC-51G,ホワイト,512GB,,4986773256720
BJJ30HN40M000,スマートフォン本体,SAMSUNG,Galaxy S26,Galaxy S26 ホワイト 512GB docomo SC-51G,ホワイト,512GB,docomo,
7FJA4CQ44F000,スマートフォン本体,SAMSUNG,Galaxy S26+,Galaxy S26+ コバルトバイオレット 256GB SM-S947Q／SM-S947C／SC-52G,コバルトバイオレット,256GB,,4986773256812
MVBKQWNWRB000,スマートフォン本体,SAMSUNG,Galaxy S26+,Galaxy S26+ コバルトバイオレット 512GB SM-S947Q,コバルトバイオレット,512GB,,4986773256829
0OHG821V7X000,スマートフォン本体,SAMSUNG,Galaxy S26+,Galaxy S26+ シルバーシャドウ 256GB SM-S947Q,,256GB,,
7L5IA0XBGI000,スマートフォン本体,SAMSUNG,Galaxy S26+,Galaxy S26+ シルバーシャドウ 512GB SM-S947Q,,512GB,,
4HQY6DI2HT000,スマートフォン本体,SAMSUNG,Galaxy S26+,Galaxy S26+ スカイブルー 256GB SM-S947Q,スカイブルー,256GB,,4986773256799
QOIVKFLKCL000,スマートフォン本体,SAMSUNG,Galaxy S26+,Galaxy S26+ スカイブルー 512GB SM-S947Q,スカイブルー,512GB,,4986773256805
D8PZQN5SKV000,スマートフォン本体,SAMSUNG,Galaxy S26+,Galaxy S26+ ピンクゴールド 256GB SM-S947Q,ピンクゴールド,256GB,,
64QBVF0AQ9000,スマートフォン本体,SAMSUNG,Galaxy S26+,Galaxy S26+ ピンクゴールド 512GB SM-S947Q,ピンクゴールド,512GB,,
582ND2XFUC000,スマートフォン本体,SAMSUNG,Galaxy S26+,Galaxy S26+ ブラック 256GB SM-S947Q／SC-52G,ブラック,256GB,,4986773256775
MWT3CJ4DLL000,スマートフォン本体,SAMSUNG,Galaxy S26+,Galaxy S26+ ブラック 256GB docomo SC-52G,ブラック,256GB,docomo,
MV0ATA913V000,スマートフォン本体,SAMSUNG,Galaxy S26+,Galaxy S26+ ブラック 512GB SM-S947Q／SC-52G,ブラック,512GB,,4986773256782
47Q5X447RZ000,スマートフォン本体,SAMSUNG,Galaxy S26+,Galaxy S26+ ブラック 512GB docomo SC-52G,ブラック,512GB,docomo,
IC7MG45NCF000,スマートフォン本体,SAMSUNG,Galaxy S26+,Galaxy S26+ ホワイト 256GB SM-S947Q／SM-S947C,ホワイト,256GB,,4986773256836
O147EVR29X000,スマートフォン本体,SAMSUNG,Galaxy S26+,Galaxy S26+ ホワイト 256GB 楽天モバイル SM-S947C,ホワイト,256GB,楽天モバイル,
PUHK1W5EBT000,スマートフォン本体,SAMSUNG,Galaxy S26+,Galaxy S26+ ホワイト 512GB SM-S947Q／SC-52G,ホワイト,512GB,,4986773256843
3287EFXNZ0000,スマートフォン本体,SAMSUNG,Galaxy S26+,Galaxy S26+ ホワイト 512GB docomo SC-52G,ホワイト,512GB,docomo,
V7Q44I5RC9000,スマートフォン本体,SAMSUNG,Galaxy S3,Galaxy S3 グレー 32GB SC-03E,チタングレー,32GB,,
S4FMKPD5VA000,スマートフォン本体,SAMSUNG,Galaxy S3,Galaxy S3 ブラック 32GB SC-03E,ブラック,32GB,,
CIMZ9HP69H000,スマートフォン本体,SAMSUNG,Galaxy S3,Galaxy S3 ブルー 32GB SC-06D,ブルー,32GB,,
15D1YMH8KZ000,スマートフォン本体,SAMSUNG,Galaxy S3,Galaxy S3 ホワイト 32GB SC-06D,ホワイト,32GB,,
I1D28HZGEI000,スマートフォン本体,SAMSUNG,Galaxy S4,Galaxy S4 ブラックミスト 32GB,ブラックミスト,32GB,,
GBZ0M11ZV5000,スマートフォン本体,SAMSUNG,Galaxy S4,Galaxy S4 ブルーアークティック 32GB,ブルーアークティック,32GB,,
FGB1C6IS39000,スマートフォン本体,SAMSUNG,Galaxy S4,Galaxy S4 ホワイトフロスト 32GB,ホワイトフロスト,32GB,,
NESLSO2KJT000,スマートフォン本体,SAMSUNG,Galaxy S5,Galaxy S5 シマリーホワイト 32GB,シマリーホワイト,32GB,,
KBEXHQR4VI000,スマートフォン本体,SAMSUNG,Galaxy S5,Galaxy S5 シャンパンピンク 32GB,シャンパンピンク,32GB,,
OT796GTDEO000,スマートフォン本体,SAMSUNG,Galaxy S5,Galaxy S5 チャコールブラック 32GB,チャコールブラック,32GB,,
T6UJVGKSQG000,スマートフォン本体,SAMSUNG,Galaxy S6 edge,Galaxy S6 edge グリーンエメラルド 32GB,ブラック,32GB,,4908993982517
I542DRCY1D000,スマートフォン本体,SAMSUNG,Galaxy S6 edge,Galaxy S6 edge グリーンエメラルド 64GB,グリーンエメラルド,64GB,,4908993982555
CG4EL0B70Y000,スマートフォン本体,SAMSUNG,Galaxy S6 edge,Galaxy S6 edge ゴールドプラチナ 32GB,ゴールドプラチナ,32GB,,4941787054458
GEAUC31D7P000,スマートフォン本体,SAMSUNG,Galaxy S6 edge,Galaxy S6 edge ゴールドプラチナ 64GB,ゴールドプラチナ,64GB,,4908993982548
JCDG9KGIPB000,スマートフォン本体,SAMSUNG,Galaxy S6 edge,Galaxy S6 edge ブラック 32GB,ブラックサファイア,32GB,,4941787054229
2JD1N4KCAW000,スマートフォン本体,SAMSUNG,Galaxy S6 edge,Galaxy S6 edge ブラックサファイア 64GB,ブラックサファイア,64GB,,4908993982531
M4YZOQERLP000,スマートフォン本体,SAMSUNG,Galaxy S6 edge,Galaxy S6 edge ホワイトパール 32GB,ホワイトパール,32GB,,
1VTW4JN3UE000,スマートフォン本体,SAMSUNG,Galaxy S6 edge,Galaxy S6 edge ホワイトパール 64GB,ホワイトパール,64GB,,4908993982562
VH42DVP7CA000,スマートフォン本体,SAMSUNG,Galaxy S6,Galaxy S6 ゴールドプラチナ 32GB,ゴールドプラチナ,32GB,,
5NWN5A43BD000,スマートフォン本体,SAMSUNG,Galaxy S6,Galaxy S6 ブラックサファイア 32GB,ブラックサファイア,32GB,,
L3C4WC4XRL000,スマートフォン本体,SAMSUNG,Galaxy S6,Galaxy S6 ホワイトパール 32GB,ホワイトパール,32GB,,
4JJOKCZ3Q4000,スマートフォン本体,SAMSUNG,Galaxy S7 edge Injustice Edition,Galaxy S7 edge Injustice Edition ブラック 32GB,ブラック,32GB,,
5RUWYBIEH3000,スマートフォン本体,SAMSUNG,Galaxy S7 edge Olympic Games Edition,Galaxy S7 edge Olympic Games Edition ブラック オニキス 32GB SCV33,ブラック オニキス,32GB,,4941787058548
04PFCU4Z6M000,スマートフォン本体,SAMSUNG,Galaxy S7 edge,Galaxy S7 edge ピンクゴールド 32GB,ピンクゴールド,32GB,,
KLGPFTJECR000,スマートフォン本体,SAMSUNG,Galaxy S7 edge,Galaxy S7 edge ブラックオニキス 32GB,ブラックオニキス,32GB,,
NXCHBIIT7F000,スマートフォン本体,SAMSUNG,Galaxy S7 edge,Galaxy S7 edge ブルーコーラル 32GB,ブルーコーラル,32GB,,
4R819S7PV4000,スマートフォン本体,SAMSUNG,Galaxy S7 edge,Galaxy S7 edge ホワイトパール 32GB,ホワイトパール,32GB,,
XZH7NYDQTX000,スマートフォン本体,SAMSUNG,Galaxy S8,Galaxy S8 オーキッドグレー 64GB,オーキッドグレー,64GB,,4941787060541
TG1K45J424000,スマートフォン本体,SAMSUNG,Galaxy S8,Galaxy S8 コーラルブルー 64GB,コーラルブルー,64GB,,4941787060565
PZOO4CNA8I000,スマートフォン本体,SAMSUNG,Galaxy S8+,Galaxy S8 ミッドナイトブラック 64GB,ミッドナイトブラック,64GB,,
MYW82Z524V000,スマートフォン本体,SAMSUNG,Galaxy S8,Galaxy S8+ アークティックシルバー 64GB,アークティックシルバー,64GB,,
LJWIHDVCXW000,スマートフォン本体,SAMSUNG,Galaxy S8,Galaxy S8+ ミッドナイトブラック 64GB,ミッドナイトブラック,64GB,,
W9VUC8NAQA000,スマートフォン本体,SAMSUNG,Galaxy S9,Galaxy S9 チタニウムグレー 64GB,チタニウムグレー,64GB,,
048K484GIY000,スマートフォン本体,SAMSUNG,Galaxy S9,Galaxy S9 ミッドナイトブラック 64GB,ミッドナイトブラック,64GB,,
VX7Q6666RY000,スマートフォン本体,SAMSUNG,Galaxy S9,Galaxy S9 ライラックパープル 64GB,ライラックパープル,64GB,,
EFSDPF4UAN000,スマートフォン本体,SAMSUNG,Galaxy S9+,Galaxy S9+ チタニウムグレー 64GB,チタニウムグレー,64GB,,
YXP2MOQ517000,スマートフォン本体,SAMSUNG,Galaxy S9+,Galaxy S9+ ミッドナイトブラック 64GB,ミッドナイトブラック,64GB,,
LKPP0TQDF4000,スマートフォン本体,SAMSUNG,Galaxy Z Flip 5G,Galaxy Z Flip 5G ミスティックブロンズ 256GB SCG04,ミスティックブロンズ,256GB,,
4PE78QL8Q9000,スマートフォン本体,SAMSUNG,Galaxy Z Flip,Galaxy Z Flip ミラーパープル 256GB SCV47,ミラーパープル,256GB,,
X8YX31R5CW000,スマートフォン本体,SAMSUNG,Galaxy Z Flip,Galaxy Z Flip ミラーブラック 256GB SCV47,ミラーブラック,256GB,,
WZQRV42Z68000,スマートフォン本体,SAMSUNG,Galaxy Z Flip3 5G,Galaxy Z Flip3 5G クリーム 128GB,クリーム,128GB,,4942857219906
FIQK0H6RLO000,スマートフォン本体,SAMSUNG,Galaxy Z Flip3 5G,Galaxy Z Flip3 5G ファントムブラック 128GB,ファントムブラック,128GB,,4942857219913
WM5BUX5VLJ000,スマートフォン本体,SAMSUNG,Galaxy Z Flip4,Galaxy Z Flip4 グラファイト 128GB,グラファイト,128GB,,4942857225853
PLBUINIUAD000,スマートフォン本体,SAMSUNG,Galaxy Z Flip4,Galaxy Z Flip4 ピンクゴールド 128GB,ピンクゴールド,128GB,,4941787114022
AJYEBAGOZC000,スマートフォン本体,SAMSUNG,Galaxy Z Flip4,Galaxy Z Flip4 ボラパープル 128GB,ボラパープル,128GB,,4941787114008
G1MEBPLVY4000,スマートフォン本体,SAMSUNG,Galaxy Z Flip5,Galaxy Z Flip5 クリーム 256GB,クリーム,256GB,,4941787123468
3PQB7IAQWC000,スマートフォン本体,SAMSUNG,Galaxy Z Flip5,Galaxy Z Flip5 クリーム 512GB,クリーム,512GB,,
0QRJDT443P000,スマートフォン本体,SAMSUNG,Galaxy Z Flip5,Galaxy Z Flip5 グラファイト 256GB,グラファイト,256GB,,4942857235470
MQ04CZBU5A000,スマートフォン本体,SAMSUNG,Galaxy Z Flip5,Galaxy Z Flip5 グラファイト 512GB,グラファイト,512GB,,
SP7VZW0RDA000,スマートフォン本体,SAMSUNG,Galaxy Z Flip5,Galaxy Z Flip5 ミント 256GB,ミント,256GB,,4942857235463
T6TZL430UQ000,スマートフォン本体,SAMSUNG,Galaxy Z Flip5,Galaxy Z Flip5 ミント 512GB,ミント,512GB,,
6ESRKZY29A000,スマートフォン本体,SAMSUNG,Galaxy Z Flip5,Galaxy Z Flip5 ラベンダー 256GB,ラベンダー,256GB,,4942857235487
1TV0QZYHPI000,スマートフォン本体,SAMSUNG,Galaxy Z Flip5,Galaxy Z Flip5 ラベンダー 512GB,ラベンダー,512GB,,
P7DNRSSRND000,スマートフォン本体,SAMSUNG,Galaxy Z Flip6,Galaxy Z Flip6 イエロー 256GB SM-F741Q／SCG29,イエロー,256GB,,4986773241320
XAI6HARXIE000,スマートフォン本体,SAMSUNG,Galaxy Z Flip6,Galaxy Z Flip6 イエロー 256GB au SCG29,イエロー,256GB,au,
748RJMPCN4000,スマートフォン本体,SAMSUNG,Galaxy Z Flip6,Galaxy Z Flip6 イエロー 512GB SM-F741Q,イエロー,512GB,,
3W8NG4WB1T000,スマートフォン本体,SAMSUNG,Galaxy Z Flip6,Galaxy Z Flip6 クラフテッド ブラック 512GB SM-F741Q,クラフテッド ブラック,512GB,,
PTNAVSZ1EJ000,スマートフォン本体,SAMSUNG,Galaxy Z Flip6,Galaxy Z Flip6 クラフテッドブラック 256GB SM-F741Q,クラフテッド ブラック,256GB,,4986773241337
BTZ893PQKA000,スマートフォン本体,SAMSUNG,Galaxy Z Flip6,Galaxy Z Flip6 シルバー シャドウ 256GB au SCG29,シルバー シャドウ,256GB,au,
UR421OJTDC000,スマートフォン本体,SAMSUNG,Galaxy Z Flip6,Galaxy Z Flip6 シルバー シャドウ 512GB au SCG29,シルバー シャドウ,512GB,au,
1T4MITSSOB000,スマートフォン本体,SAMSUNG,Galaxy Z Flip6,Galaxy Z Flip6 シルバーシャドウ 256GB SM-F741Q／SCG29,シルバー シャドウ,256GB,,4986773241306
9B3TVCTYMM000,スマートフォン本体,SAMSUNG,Galaxy Z Flip6,Galaxy Z Flip6 シルバーシャドウ 256GB docomo SC-54E,,256GB,docomo,4942857240023
Q3XWOMTUTU000,スマートフォン本体,SAMSUNG,Galaxy Z Flip6,Galaxy Z Flip6 シルバーシャドウ 512GB SM-F741Q／SCG29,シルバー シャドウ,512GB,,4986773241351
8EZFS2AVHE000,スマートフォン本体,SAMSUNG,Galaxy Z Flip6,Galaxy Z Flip6 ブルー 256GB SC-54E／SCG29,ブルー,256GB,,4942857240016
YEG4GOWTGL000,スマートフォン本体,SAMSUNG,Galaxy Z Flip6,Galaxy Z Flip6 ブルー 256GB SIMフリー SM-F741Q,ブルー,256GB,SIMフリー,4986773241290
9IZ8UQWQ9E000,スマートフォン本体,SAMSUNG,Galaxy Z Flip6,Galaxy Z Flip6 ブルー 256GB au SCG29,ブルー,256GB,au,
6LL4BL44AQ000,スマートフォン本体,SAMSUNG,Galaxy Z Flip6,Galaxy Z Flip6 ブルー 512GB SM-F741Q,ブルー,512GB,,
AL42WEOOFN000,スマートフォン本体,SAMSUNG,Galaxy Z Flip6,Galaxy Z Flip6 ホワイト 256GB SM-F741Q,ホワイト,256GB,,4986773241344
EYU6KFWJ0E000,スマートフォン本体,SAMSUNG,Galaxy Z Flip6,Galaxy Z Flip6 ホワイト 512GB SM-F741Q,ホワイト,512GB,,
BXSXGIOM7F000,スマートフォン本体,SAMSUNG,Galaxy Z Flip6,Galaxy Z Flip6 ミント 256GB SC-54E／SM-F741Q,ミント,256GB,,4986773241313
D5DX5WVGQ7000,スマートフォン本体,SAMSUNG,Galaxy Z Flip6,Galaxy Z Flip6 ミント 256GB au SCG29,ミント,256GB,au,
9576Q4N504000,スマートフォン本体,SAMSUNG,Galaxy Z Flip6,Galaxy Z Flip6 ミント 512GB SM-F741Q,ミント,512GB,,
4N02YH48K6000,スマートフォン本体,SAMSUNG,Galaxy Z Flip7,Galaxy Z Flip7 コーラルレッド 256GB SCG35／SM-F766Q,コーラルレッド,256GB,,4986773254641
9Y4NRJVMGH000,スマートフォン本体,SAMSUNG,Galaxy Z Flip7,Galaxy Z Flip7 コーラルレッド 256GB docomo SC-55F,コーラルレッド,256GB,docomo,
C3V38IGT74000,スマートフォン本体,SAMSUNG,Galaxy Z Flip7,Galaxy Z Flip7 コーラルレッド 512GB SM-F766Q／SC-55F,コーラルレッド,512GB,,4986773254658
T31R494NV4000,スマートフォン本体,SAMSUNG,Galaxy Z Flip7,Galaxy Z Flip7 コーラルレッド 512GB docomo SC-55F,コーラルレッド,512GB,docomo,
7NXB5T9GQ9000,スマートフォン本体,SAMSUNG,Galaxy Z Flip7,Galaxy Z Flip7 ジェットブラック 256GB SCG35／SM-F766Q,ジェットブラック,256GB,,4986773254603
GKQ042QO7G000,スマートフォン本体,SAMSUNG,Galaxy Z Flip7,Galaxy Z Flip7 ジェットブラック 256GB docomo SC-55F,ジェットブラック,256GB,docomo,
C3V0KK9E54000,スマートフォン本体,SAMSUNG,Galaxy Z Flip7,Galaxy Z Flip7 ジェットブラック 512GB SM-F766Q／SCG35／SC-55F,ジェットブラック,512GB,,4986773254610
TYELBX19ZV000,スマートフォン本体,SAMSUNG,Galaxy Z Flip7,Galaxy Z Flip7 ジェットブラック 512GB au SCG35,ジェットブラック,512GB,au,
XZFHKKCA7G000,スマートフォン本体,SAMSUNG,Galaxy Z Flip7,Galaxy Z Flip7 ジェットブラック 512GB docomo SC-55F,ジェットブラック,512GB,docomo,
7DCC5PI402000,スマートフォン本体,SAMSUNG,Galaxy Z Flip7,Galaxy Z Flip7 ブルーシャドウ 256GB SM-F766Q／SC-55F／SCG35,ブルーシャドウ,256GB,,4986773254627
XFQGY0WUNI000,スマートフォン本体,SAMSUNG,Galaxy Z Flip7,Galaxy Z Flip7 ブルーシャドウ 256GB au SCG35,ブルーシャドウ,256GB,au,
PYC28N6LEX000,スマートフォン本体,SAMSUNG,Galaxy Z Flip7,Galaxy Z Flip7 ブルーシャドウ 256GB docomo SC-55F,ブルーシャドウ,256GB,docomo,
2XIQPG8HMC000,スマートフォン本体,SAMSUNG,Galaxy Z Flip7,Galaxy Z Flip7 ブルーシャドウ 512GB SM-F766Q／SC-55F,ブルーシャドウ,512GB,,4986773254634
J4ZAPMOHN3000,スマートフォン本体,SAMSUNG,Galaxy Z Flip7,Galaxy Z Flip7 ブルーシャドウ 512GB docomo SC-55F,ブルーシャドウ,512GB,docomo,
5R9K8V8UHO000,スマートフォン本体,SAMSUNG,Galaxy Z Flip7,Galaxy Z Flip7 ミント 256GB SM-F766Q,ミント,256GB,,
JICSO3Z9H4000,スマートフォン本体,SAMSUNG,Galaxy Z Flip7,Galaxy Z Flip7 ミント 512GB SM-F766Q,ミント,512GB,,
C6GKMUM6DL000,スマートフォン本体,SAMSUNG,Galaxy Z Flip8,Galaxy Z Flip8 クリーム 256GB SIMフリー SM-F776QZWASJP,クリーム,256GB,SIMフリー,4986773261397
DGFH3LXJYX000,スマートフォン本体,SAMSUNG,Galaxy Z Flip8,Galaxy Z Flip8 クリーム 256GB SoftBank SM-F776Z,クリーム,256GB,SoftBank,
LTP4I4T5JP000,スマートフォン本体,SAMSUNG,Galaxy Z Flip8,Galaxy Z Flip8 クリーム 256GB au SCG40,クリーム,256GB,au,
HBO0FUC494000,スマートフォン本体,SAMSUNG,Galaxy Z Flip8,Galaxy Z Flip8 クリーム 256GB docomo SC-55G,クリーム,256GB,docomo,
5YMAGR2N51000,スマートフォン本体,SAMSUNG,Galaxy Z Flip8,Galaxy Z Flip8 クリーム 256GB 楽天モバイル SM-F776C,クリーム,256GB,楽天モバイル,
LQVQFL5MBG000,スマートフォン本体,SAMSUNG,Galaxy Z Flip8,Galaxy Z Flip8 グラファイト 256GB SIMフリー SM-F776QZKASJP,グラファイト,256GB,SIMフリー,4986773261373
QCWDLGYIWA000,スマートフォン本体,SAMSUNG,Galaxy Z Flip8,Galaxy Z Flip8 グラファイト 256GB SoftBank SM-F776Z,グラファイト,256GB,SoftBank,
83HQGJK2B0000,スマートフォン本体,SAMSUNG,Galaxy Z Flip8,Galaxy Z Flip8 グラファイト 256GB au SCG40,グラファイト,256GB,au,
RHV97IGO24000,スマートフォン本体,SAMSUNG,Galaxy Z Flip8,Galaxy Z Flip8 グラファイト 256GB docomo SC-55G,グラファイト,256GB,docomo,
S0JAE8KTTX000,スマートフォン本体,SAMSUNG,Galaxy Z Flip8,Galaxy Z Flip8 グラファイト 256GB 楽天モバイル SM-F776C,グラファイト,256GB,楽天モバイル,
A5F84VWW30000,スマートフォン本体,SAMSUNG,Galaxy Z Flip8,Galaxy Z Flip8 グラファイト 512GB SIMフリー SM-F776QZKESJP,グラファイト,512GB,SIMフリー,4986773261427
0ZWTWB464T000,スマートフォン本体,SAMSUNG,Galaxy Z Flip8,Galaxy Z Flip8 ピンク 256GB SIMフリー SM-F776QLIASJP,ピンク,256GB,SIMフリー,4986773261403
YOMDYTUI1W000,スマートフォン本体,SAMSUNG,Galaxy Z Flip8,Galaxy Z Flip8 ピンク 256GB SoftBank SM-F776Z,ピンク,256GB,SoftBank,
TS8DXUB4KK000,スマートフォン本体,SAMSUNG,Galaxy Z Flip8,Galaxy Z Flip8 ピンク 256GB au SCG40,ピンク,256GB,au,
YS3DAITHMQ000,スマートフォン本体,SAMSUNG,Galaxy Z Flip8,Galaxy Z Flip8 ピンク 256GB docomo SC-55G,ピンク,256GB,docomo,
VOO42462RQ000,スマートフォン本体,SAMSUNG,Galaxy Z Flip8,Galaxy Z Flip8 ピンク 256GB 楽天モバイル SM-F776C,ピンク,256GB,楽天モバイル,
SDCGU4NWG4000,スマートフォン本体,SAMSUNG,Galaxy Z Flip8,Galaxy Z Flip8 ピンク 512GB SIMフリー SM-F776QLIESJP,ピンク,512GB,SIMフリー,4986773261434
DLPWDZN4FZ000,スマートフォン本体,SAMSUNG,Galaxy Z Flip8,Galaxy Z Flip8 ミント 256GB SIMフリー SM-F776QZMASJP,ミント,256GB,SIMフリー,
55MGYOK9N5000,スマートフォン本体,SAMSUNG,Galaxy Z Fold2 5G,Galaxy Z Fold2 5G ミスティックブロンズ 256GB,ミスティックブロンズ,256GB,,
X0H276JSCX000,スマートフォン本体,SAMSUNG,Galaxy Z Fold3 5G,Galaxy Z Fold3 5G ファントムグリーン 256GB,ファントムグリーン,256GB,,4941787087890
5WAWY4G4IM000,スマートフォン本体,SAMSUNG,Galaxy Z Fold3 5G,Galaxy Z Fold3 5G ファントムブラック 256GB,ファントムブラック,256GB,,4941787087876
GD6YQDENLG000,スマートフォン本体,SAMSUNG,Galaxy Z Fold4,Galaxy Z Fold4 グレイグリーン 256GB,グレイグリーン,256GB,,4941787113940
NRDZAV0VD0000,スマートフォン本体,SAMSUNG,Galaxy Z Fold5,Galaxy Z Fold5 アイシーブルー 1000GB,アイシーブルー,1TB,,
JYY847466W000,スマートフォン本体,SAMSUNG,Galaxy Z Fold5,Galaxy Z Fold5 アイシーブルー 256GB,アイシーブルー,256GB,,4941787123529
5DGYFUL4FA000,スマートフォン本体,SAMSUNG,Galaxy Z Fold5,Galaxy Z Fold5 アイシーブルー 512GB,アイシーブルー,512GB,,
73TI4HU202000,スマートフォン本体,SAMSUNG,Galaxy Z Fold5,Galaxy Z Fold5 ファントムブラック 1000GB,ファントムブラック,1TB,,
NVV34C7YYU000,スマートフォン本体,SAMSUNG,Galaxy Z Fold5,Galaxy Z Fold5 ファントムブラック 256GB,ファントムブラック,256GB,,4942857235531
U4860LPVUF000,スマートフォン本体,SAMSUNG,Galaxy Z Fold5,Galaxy Z Fold5 ファントムブラック 512GB,ファントムブラック,512GB,,
94AYC2XZP9000,スマートフォン本体,SAMSUNG,Galaxy Z Fold6,Galaxy Z Fold6 クラフテッド ブラック 1000GB SM-F956QAKASJP,クラフテッド ブラック,1000GB,,
L48TP2VGQ0000,スマートフォン本体,SAMSUNG,Galaxy Z Fold6,Galaxy Z Fold6 クラフテッド ブラック 512GB SM-F956Q,クラフテッド ブラック,512GB,,
EYY1YJKO9Z000,スマートフォン本体,SAMSUNG,Galaxy Z Fold6,Galaxy Z Fold6 クラフテッドブラック 256GB SM-F956QAKASJP,クラフテッド ブラック,256GB,,4986773241382
HW5WZN7BY4000,スマートフォン本体,SAMSUNG,Galaxy Z Fold6,Galaxy Z Fold6 シルバー シャドウ 1000GB au SCG28,シルバー シャドウ,1000GB,au,
V46MQ7DK3U000,スマートフォン本体,SAMSUNG,Galaxy Z Fold6,Galaxy Z Fold6 シルバー シャドウ 512GB au SCG28,シルバー シャドウ,512GB,au,
W6ROE28B9K000,スマートフォン本体,SAMSUNG,Galaxy Z Fold6,Galaxy Z Fold6 シルバー シャドウ 512GB docomo SC-55E,シルバー シャドウ,512GB,docomo,
29Y89GFMGS000,スマートフォン本体,SAMSUNG,Galaxy Z Fold6,Galaxy Z Fold6 シルバーシャドウ 1TB SM-F956QZSFSJP／SCG28,シルバー シャドウ,1TB,,4986773241412
TEYKFFR02H000,スマートフォン本体,SAMSUNG,Galaxy Z Fold6,Galaxy Z Fold6 シルバーシャドウ 256GB SM-F956QZSASJP,シルバー シャドウ,256GB,,4986773241368
IUAK5YA0SZ000,スマートフォン本体,SAMSUNG,Galaxy Z Fold6,Galaxy Z Fold6 シルバーシャドウ 256GB au SCG28,,256GB,au,4941787130015
CNKMU31ZD0000,スマートフォン本体,SAMSUNG,Galaxy Z Fold6,Galaxy Z Fold6 シルバーシャドウ 256GB docomo SC-55E,,256GB,docomo,4942857240078
TVS5XV1B0U000,スマートフォン本体,SAMSUNG,Galaxy Z Fold6,Galaxy Z Fold6 シルバーシャドウ 512GB SM-F956QZSESJP／SC-55E／SCG28,シルバー シャドウ,512GB,,4986773241405
S46NX9Y4SA000,スマートフォン本体,SAMSUNG,Galaxy Z Fold6,Galaxy Z Fold6 ネイビー 1000GB SM-F956Q,ネイビー,1000GB,,
H8OK4H9WU5000,スマートフォン本体,SAMSUNG,Galaxy Z Fold6,Galaxy Z Fold6 ネイビー 256GB SM-F956QDBASJP,ネイビー,256GB,,4986773241375
CDN933DE96000,スマートフォン本体,SAMSUNG,Galaxy Z Fold6,Galaxy Z Fold6 ネイビー 256GB au SCG28,ネイビー,256GB,au,4941787130022
LTR0N1PDEG000,スマートフォン本体,SAMSUNG,Galaxy Z Fold6,Galaxy Z Fold6 ネイビー 512GB SM-F956Q,ネイビー,512GB,,
B207B0ZBKL000,スマートフォン本体,SAMSUNG,Galaxy Z Fold6,Galaxy Z Fold6 ホワイト 1000GB SM-F956QZWFSJP,ホワイト,1000GB,,
GTAZ9LLSER000,スマートフォン本体,SAMSUNG,Galaxy Z Fold6,Galaxy Z Fold6 ホワイト 256GB SM-F956QZWASJP,ホワイト,256GB,,4986773241399
H90A43NTA4000,スマートフォン本体,SAMSUNG,Galaxy Z Fold6,Galaxy Z Fold6 ホワイト 512GB SM-F956Q,ホワイト,512GB,,
TF3E9KJ0IG000,スマートフォン本体,SAMSUNG,Galaxy Z Fold7 (RAM 12GBモデル),Galaxy Z Fold7 (RAM 12GBモデル) シルバーシャドウ 256GB SM-F966Q,,256GB,,4986773254689
4UPPO6BX72000,スマートフォン本体,SAMSUNG,Galaxy Z Fold7 (RAM 12GBモデル),Galaxy Z Fold7 (RAM 12GBモデル) シルバーシャドウ 512GB SM-F966Q,,512GB,,4986773254696
0QLHSZD20K000,スマートフォン本体,SAMSUNG,Galaxy Z Fold7 (RAM 12GBモデル),Galaxy Z Fold7 (RAM 12GBモデル) ジェットブラック 256GB SC-56F／SM-F966Q,ジェットブラック,256GB,,4986773254702
7BHEH43WMZ000,スマートフォン本体,SAMSUNG,Galaxy Z Fold7 (RAM 12GBモデル),Galaxy Z Fold7 (RAM 12GBモデル) ジェットブラック 512GB SM-F966Q／SCG34／SC-56F,ジェットブラック,512GB,,4986773254719
M726N6U70R000,スマートフォン本体,SAMSUNG,Galaxy Z Fold7 (RAM 12GBモデル),Galaxy Z Fold7 (RAM 12GBモデル) ジェットブラック 512GB au SCG34,ジェットブラック,512GB,au,
Z0AFAVEJ5C000,スマートフォン本体,SAMSUNG,Galaxy Z Fold7 (RAM 12GBモデル),Galaxy Z Fold7 (RAM 12GBモデル) ジェットブラック 512GB docomo SC-56F,ジェットブラック,512GB,docomo,
3VGWEZ9QJA000,スマートフォン本体,SAMSUNG,Galaxy Z Fold7 (RAM 12GBモデル),Galaxy Z Fold7 (RAM 12GBモデル) ブルーシャドウ 256GB SM-F966Q／SC-56F,ブルーシャドウ,256GB,,4986773254733
K9339KWACA000,スマートフォン本体,SAMSUNG,Galaxy Z Fold7 (RAM 12GBモデル),Galaxy Z Fold7 (RAM 12GBモデル) ブルーシャドウ 512GB SM-F966Q／SC-56F,ブルーシャドウ,512GB,,4986773254740
BY7QEFLEMG000,スマートフォン本体,SAMSUNG,Galaxy Z Fold7 (RAM 12GBモデル),Galaxy Z Fold7 (RAM 12GBモデル) ブルーシャドウ 512GB docomo SC-56F,ブルーシャドウ,512GB,docomo,
NZAWYK7XFK000,スマートフォン本体,SAMSUNG,Galaxy Z Fold7 (RAM 12GBモデル),Galaxy Z Fold7 (RAM 12GBモデル) ミント 256GB SM-F966Q,ミント,256GB,,4986773254764
3886XT1N7U000,スマートフォン本体,SAMSUNG,Galaxy Z Fold7 (RAM 12GBモデル),Galaxy Z Fold7 (RAM 12GBモデル) ミント 512GB SM-F966Q,ミント,512GB,,4986773254771
4QGKX2ZX60000,スマートフォン本体,SAMSUNG,Galaxy Z Fold7 (RAM 16GBモデル),Galaxy Z Fold7 (RAM 16GBモデル) ジェットブラック 1TB SM-F966Q,ジェットブラック,1TB,,
2VZZZJGI7S000,スマートフォン本体,SAMSUNG,Galaxy Z Fold7 (RAM 16GBモデル),Galaxy Z Fold7 (RAM 16GBモデル) ジェットブラック 1TB docomo SC-56F,ジェットブラック,1024GB,docomo,
6Z31YRYNS5000,スマートフォン本体,SAMSUNG,Galaxy Z Fold7 (RAM 16GBモデル),Galaxy Z Fold7 (RAM 16GBモデル) ブルーシャドウ 1TB SM-F966Q,ブルーシャドウ,1TB,,
1652QGL238000,スマートフォン本体,SAMSUNG,Galaxy Z Fold8 (RAM 12GBモデル),Galaxy Z Fold8 (RAM 12GBモデル) クリーム 256GB SIMフリー SM-F971QZWASJP,クリーム,256GB,SIMフリー,4986773261281
LRUUXTVUWA000,スマートフォン本体,SAMSUNG,Galaxy Z Fold8 (RAM 12GBモデル),Galaxy Z Fold8 (RAM 12GBモデル) クリーム 256GB au SCG41,クリーム,256GB,au,
6IFLRGIKG6000,スマートフォン本体,SAMSUNG,Galaxy Z Fold8 (RAM 12GBモデル),Galaxy Z Fold8 (RAM 12GBモデル) クリーム 256GB docomo SC-57G,クリーム,256GB,docomo,
WZUJ46Z483000,スマートフォン本体,SAMSUNG,Galaxy Z Fold8 (RAM 12GBモデル),Galaxy Z Fold8 (RAM 12GBモデル) クリーム 256GB 楽天モバイル SM-F971C,クリーム,256GB,楽天モバイル,
UBQDXJTJ3J000,スマートフォン本体,SAMSUNG,Galaxy Z Fold8 (RAM 12GBモデル),Galaxy Z Fold8 (RAM 12GBモデル) グラファイト 256GB SIMフリー SM-F971QZKASJP,グラファイト,256GB,SIMフリー,4986773261274
4R7FZWGM4V000,スマートフォン本体,SAMSUNG,Galaxy Z Fold8 (RAM 12GBモデル),Galaxy Z Fold8 (RAM 12GBモデル) グラファイト 256GB au SCG41,グラファイト,256GB,au,
N49J4P4JCO000,スマートフォン本体,SAMSUNG,Galaxy Z Fold8 (RAM 12GBモデル),Galaxy Z Fold8 (RAM 12GBモデル) グラファイト 256GB docomo SC-57G,グラファイト,256GB,docomo,
P3YL3L979R000,スマートフォン本体,SAMSUNG,Galaxy Z Fold8 (RAM 12GBモデル),Galaxy Z Fold8 (RAM 12GBモデル) グラファイト 256GB 楽天モバイル SM-F971C,グラファイト,256GB,楽天モバイル,
0HO0VW8GPD000,スマートフォン本体,SAMSUNG,Galaxy Z Fold8 (RAM 12GBモデル),Galaxy Z Fold8 (RAM 12GBモデル) グラファイト 512GB SIMフリー SM-F971QZKESJP,グラファイト,512GB,SIMフリー,4986773261311
S4QNYFYPW3000,スマートフォン本体,SAMSUNG,Galaxy Z Fold8 (RAM 12GBモデル),Galaxy Z Fold8 (RAM 12GBモデル) グラファイト 512GB au SCG41,グラファイト,512GB,au,
156T4S6SX3000,スマートフォン本体,SAMSUNG,Galaxy Z Fold8 (RAM 12GBモデル),Galaxy Z Fold8 (RAM 12GBモデル) グラファイト 512GB docomo SC-57G,グラファイト,512GB,docomo,
36WN9R428D000,スマートフォン本体,SAMSUNG,Galaxy Z Fold8 (RAM 12GBモデル),Galaxy Z Fold8 (RAM 12GBモデル) ピスタチオ 256GB SIMフリー SM-F971QZGASJP,ピスタチオ,256GB,SIMフリー,
I8XWTSYDH5000,スマートフォン本体,SAMSUNG,Galaxy Z Fold8 (RAM 12GBモデル),Galaxy Z Fold8 (RAM 12GBモデル) ピスタチオ 512GB SIMフリー SM-F971QZGESJP,ピスタチオ,512GB,SIMフリー,
H96LIP8DM5000,スマートフォン本体,SAMSUNG,Galaxy Z Fold8 (RAM 12GBモデル),Galaxy Z Fold8 (RAM 12GBモデル) ラベンダー 256GB SIMフリー SM-F971QLVASJP,ラベンダー,256GB,SIMフリー,4986773261298
YZAMJ1W4H4000,スマートフォン本体,SAMSUNG,Galaxy Z Fold8 (RAM 12GBモデル),Galaxy Z Fold8 (RAM 12GBモデル) ラベンダー 256GB au SCG41,ラベンダー,256GB,au,
4RWZ0JPD11000,スマートフォン本体,SAMSUNG,Galaxy Z Fold8 (RAM 12GBモデル),Galaxy Z Fold8 (RAM 12GBモデル) ラベンダー 256GB docomo SC-57G,ラベンダー,256GB,docomo,
MHWTLZ4TJQ000,スマートフォン本体,SAMSUNG,Galaxy Z Fold8 (RAM 12GBモデル),Galaxy Z Fold8 (RAM 12GBモデル) ラベンダー 256GB 楽天モバイル SM-F971C,ラベンダー,256GB,楽天モバイル,
8XJYQM890J000,スマートフォン本体,SAMSUNG,Galaxy Z Fold8 (RAM 12GBモデル),Galaxy Z Fold8 (RAM 12GBモデル) ラベンダー 512GB SIMフリー SM-F971QLVESJP,ラベンダー,512GB,SIMフリー,4986773261328
3L00PJI68M000,スマートフォン本体,SAMSUNG,Galaxy Z Fold8 (RAM 16GBモデル),Galaxy Z Fold8 (RAM 16GBモデル) グラファイト 1TB SIMフリー SM-F971QZKFSJP,グラファイト,1TB,SIMフリー,4986773261342
ONU2IBL9R4000,スマートフォン本体,SAMSUNG,Galaxy Z Fold8 (RAM 16GBモデル),Galaxy Z Fold8 (RAM 16GBモデル) グラファイト 1TB au SCG41,グラファイト,1TB,au,
W4JJ6AU05F000,スマートフォン本体,SAMSUNG,Galaxy Z Fold8 (RAM 16GBモデル),Galaxy Z Fold8 (RAM 16GBモデル) ピスタチオ 1TB SIMフリー SM-F971QZGFSJP,ピスタチオ,1TB,SIMフリー,
A38K4IZKSQ000,スマートフォン本体,SAMSUNG,Galaxy Z Fold8 (RAM 16GBモデル),Galaxy Z Fold8 (RAM 16GBモデル) ラベンダー 1TB SIMフリー SM-F971QLVFSJP,ラベンダー,1TB,SIMフリー,4986773261359
V4HFAGFSLK000,スマートフォン本体,SAMSUNG,Galaxy Z Fold8 Ultra (RAM 12GBモデル),Galaxy Z Fold8 Ultra (RAM 12GBモデル) クリーム 256GB SIMフリー SM-F976QZWASJP,クリーム,256GB,SIMフリー,
0M5RT5SB4E000,スマートフォン本体,SAMSUNG,Galaxy Z Fold8 Ultra (RAM 12GBモデル),Galaxy Z Fold8 Ultra (RAM 12GBモデル) クリーム 256GB SoftBank SM-F976Z,クリーム,256GB,SoftBank,
U8PZEL428Q000,スマートフォン本体,SAMSUNG,Galaxy Z Fold8 Ultra (RAM 12GBモデル),Galaxy Z Fold8 Ultra (RAM 12GBモデル) クリーム 256GB au SCG39,クリーム,256GB,au,
JXG0LMEJAS000,スマートフォン本体,SAMSUNG,Galaxy Z Fold8 Ultra (RAM 12GBモデル),Galaxy Z Fold8 Ultra (RAM 12GBモデル) クリーム 256GB 楽天モバイル SM-F976C,クリーム,256GB,楽天モバイル,
51FFT70IM5000,スマートフォン本体,SAMSUNG,Galaxy Z Fold8 Ultra (RAM 12GBモデル),Galaxy Z Fold8 Ultra (RAM 12GBモデル) グラファイト 256GB SIMフリー SM-F976QZKASJP,グラファイト,256GB,SIMフリー,
WGCQNEWJQY000,スマートフォン本体,SAMSUNG,Galaxy Z Fold8 Ultra (RAM 12GBモデル),Galaxy Z Fold8 Ultra (RAM 12GBモデル) グラファイト 256GB SoftBank SM-F976Z,グラファイト,256GB,SoftBank,
TR8NIU32P1000,スマートフォン本体,SAMSUNG,Galaxy Z Fold8 Ultra (RAM 12GBモデル),Galaxy Z Fold8 Ultra (RAM 12GBモデル) グラファイト 256GB au SCG39,グラファイト,256GB,au,
HA0MT3TET6000,スマートフォン本体,SAMSUNG,Galaxy Z Fold8 Ultra (RAM 12GBモデル),Galaxy Z Fold8 Ultra (RAM 12GBモデル) グラファイト 256GB docomo SC-56G,グラファイト,256GB,docomo,
SOMOF3YCLS000,スマートフォン本体,SAMSUNG,Galaxy Z Fold8 Ultra (RAM 12GBモデル),Galaxy Z Fold8 Ultra (RAM 12GBモデル) グラファイト 256GB 楽天モバイル SM-F976C,グラファイト,256GB,楽天モバイル,
JGWDL6P2NV000,スマートフォン本体,SAMSUNG,Galaxy Z Fold8 Ultra (RAM 12GBモデル),Galaxy Z Fold8 Ultra (RAM 12GBモデル) グラファイト 512GB SIMフリー SM-F976QZKESJP,グラファイト,512GB,SIMフリー,4986773261212
1BNDN45X64000,スマートフォン本体,SAMSUNG,Galaxy Z Fold8 Ultra (RAM 12GBモデル),Galaxy Z Fold8 Ultra (RAM 12GBモデル) グラファイト 512GB SoftBank SM-F976Z,グラファイト,512GB,SoftBank,
J9SJVN4GMH000,スマートフォン本体,SAMSUNG,Galaxy Z Fold8 Ultra (RAM 12GBモデル),Galaxy Z Fold8 Ultra (RAM 12GBモデル) グラファイト 512GB au SCG39,グラファイト,512GB,au,
IOP610QIG5000,スマートフォン本体,SAMSUNG,Galaxy Z Fold8 Ultra (RAM 12GBモデル),Galaxy Z Fold8 Ultra (RAM 12GBモデル) グラファイト 512GB docomo SC-56G,グラファイト,512GB,docomo,
GKZYPQ6BI3000,スマートフォン本体,SAMSUNG,Galaxy Z Fold8 Ultra (RAM 12GBモデル),Galaxy Z Fold8 Ultra (RAM 12GBモデル) グリーンシャドウ 256GB SIMフリー SM-F976QDGASJP,グリーンシャドウ,256GB,SIMフリー,
GQ7ZQY7C9G000,スマートフォン本体,SAMSUNG,Galaxy Z Fold8 Ultra (RAM 12GBモデル),Galaxy Z Fold8 Ultra (RAM 12GBモデル) グリーンシャドウ 512GB SIMフリー SM-F976QDGESJP,グリーンシャドウ,512GB,SIMフリー,
ATD4W6RXCE000,スマートフォン本体,SAMSUNG,Galaxy Z Fold8 Ultra (RAM 12GBモデル),Galaxy Z Fold8 Ultra (RAM 12GBモデル) バイオレットシャドウ 256GB SIMフリー SM-F976QZVASJP,バイオレットシャドウ,256GB,SIMフリー,
K2M8J8MHPA000,スマートフォン本体,SAMSUNG,Galaxy Z Fold8 Ultra (RAM 12GBモデル),Galaxy Z Fold8 Ultra (RAM 12GBモデル) バイオレットシャドウ 256GB SoftBank SM-F976Z,バイオレットシャドウ,256GB,SoftBank,
Z947SQ8LOJ000,スマートフォン本体,SAMSUNG,Galaxy Z Fold8 Ultra (RAM 12GBモデル),Galaxy Z Fold8 Ultra (RAM 12GBモデル) バイオレットシャドウ 256GB au SCG39,バイオレットシャドウ,256GB,au,
7ZLV98V82K000,スマートフォン本体,SAMSUNG,Galaxy Z Fold8 Ultra (RAM 12GBモデル),Galaxy Z Fold8 Ultra (RAM 12GBモデル) バイオレットシャドウ 256GB docomo SC-56G,バイオレットシャドウ,256GB,docomo,
YES2IAT5UY000,スマートフォン本体,SAMSUNG,Galaxy Z Fold8 Ultra (RAM 12GBモデル),Galaxy Z Fold8 Ultra (RAM 12GBモデル) バイオレットシャドウ 256GB 楽天モバイル SM-F976C,バイオレットシャドウ,256GB,楽天モバイル,
68C2AG4QJY000,スマートフォン本体,SAMSUNG,Galaxy Z Fold8 Ultra (RAM 12GBモデル),Galaxy Z Fold8 Ultra (RAM 12GBモデル) バイオレットシャドウ 512GB SIMフリー SM-F976QZVESJP,バイオレットシャドウ,512GB,SIMフリー,
DBDHYK1HPB000,スマートフォン本体,SAMSUNG,Galaxy Z Fold8 Ultra (RAM 12GBモデル),Galaxy Z Fold8 Ultra (RAM 12GBモデル) バイオレットシャドウ 512GB docomo SC-56G,バイオレットシャドウ,512GB,docomo,
AJPBWU05UD000,スマートフォン本体,SAMSUNG,Galaxy Z Fold8 Ultra (RAM 16GBモデル),Galaxy Z Fold8 Ultra (RAM 16GBモデル) グラファイト 1TB SIMフリー SM-F976QZKFSJP,グラファイト,1TB,SIMフリー,4986773261243
Z08G4HFPSI000,スマートフォン本体,SAMSUNG,Galaxy Z Fold8 Ultra (RAM 16GBモデル),Galaxy Z Fold8 Ultra (RAM 16GBモデル) グラファイト 1TB SoftBank SM-F976Z,グラファイト,1TB,SoftBank,
MOPTI9VW1T000,スマートフォン本体,SAMSUNG,Galaxy Z Fold8 Ultra (RAM 16GBモデル),Galaxy Z Fold8 Ultra (RAM 16GBモデル) グラファイト 1TB au SCG39,グラファイト,1TB,au,
USCXL2N2PP000,スマートフォン本体,SAMSUNG,Galaxy Z Fold8 Ultra (RAM 16GBモデル),Galaxy Z Fold8 Ultra (RAM 16GBモデル) グラファイト 1TB docomo SC-56G,グラファイト,1TB,docomo,
DP0SC4IFND000,スマートフォン本体,SAMSUNG,Galaxy Z Fold8 Ultra (RAM 16GBモデル),Galaxy Z Fold8 Ultra (RAM 16GBモデル) グリーンシャドウ 1TB SIMフリー SM-F976QDGFSJP,グリーンシャドウ,1TB,SIMフリー,
41Z7DJL9H5000,スマートフォン本体,SAMSUNG,Galaxy Z Fold8 Ultra (RAM 16GBモデル),Galaxy Z Fold8 Ultra (RAM 16GBモデル) バイオレットシャドウ 1TB SIMフリー SM-F976QZVFSJP,バイオレットシャドウ,1TB,SIMフリー,4986773261250
I46Y1CS8ER000,スマートフォン本体,SHARP,AQUOS CRYSTAL 2,AQUOS CRYSTAL 2 ターコイズ 16GB 403SH,ターコイズ,16GB,,
Z190Y8ZZ08000,スマートフォン本体,SHARP,AQUOS CRYSTAL 2,AQUOS CRYSTAL 2 ピンク 16GB 403SH,ピンク,16GB,,
6TEBMRN641000,スマートフォン本体,SHARP,AQUOS CRYSTAL 2,AQUOS CRYSTAL 2 ブラック 16GB 403SH,ブラック,16GB,,
PBLCMEEUOR000,スマートフォン本体,SHARP,AQUOS CRYSTAL 2,AQUOS CRYSTAL 2 ホワイト 16GB 403SH,ホワイト,16GB,,4908993981527
KKIJCEZPEU000,スマートフォン本体,SHARP,AQUOS CRYSTAL X,AQUOS CRYSTAL X ブラック 16GB 402SH,ブラック,16GB,,
RXI3VCHRS3000,スマートフォン本体,SHARP,AQUOS CRYSTAL X,AQUOS CRYSTAL X ホワイト 16GB 402SH,ホワイト,16GB,,
SAORONYIRY000,スマートフォン本体,SHARP,AQUOS CRYSTAL X,AQUOS CRYSTAL X レッド 16GB 402SH,レッド,16GB,,
4P4KMVK4P8000,スマートフォン本体,SHARP,AQUOS CRYSTAL Y,AQUOS CRYSTAL Y ブラック 16GB 402SH,ブラック,16GB,,
788RFH5ADS000,スマートフォン本体,SHARP,AQUOS CRYSTAL Y,AQUOS CRYSTAL Y ホワイト 16GB 402SH,ホワイト,16GB,,
52S74R6KQJ000,スマートフォン本体,SHARP,AQUOS CRYSTAL Y,AQUOS CRYSTAL Y レッド 16GB 402SH,レッド,16GB,,
FRF6UUR7H4000,スマートフォン本体,SHARP,AQUOS CRYSTAL Y2,AQUOS CRYSTAL Y2 ターコイズ 16GB 403SH,ターコイズ,16GB,,
GGPMJ4PTW5000,スマートフォン本体,SHARP,AQUOS CRYSTAL Y2,AQUOS CRYSTAL Y2 ピンク 16GB 403SH,ピンク,16GB,,
HW2U5YWC23000,スマートフォン本体,SHARP,AQUOS CRYSTAL Y2,AQUOS CRYSTAL Y2 ブラック 16GB 403SH,ブラック,16GB,,
WWOHPPF0TD000,スマートフォン本体,SHARP,AQUOS CRYSTAL Y2,AQUOS CRYSTAL Y2 ホワイト 16GB 403SH,ホワイト,16GB,,
AY7LUWZ28A000,スマートフォン本体,SHARP,AQUOS CRYSTAL,AQUOS CRYSTAL ピンク 8GB 305SH,ピンク,8GB,,
I91CX6614L000,スマートフォン本体,SHARP,AQUOS CRYSTAL,AQUOS CRYSTAL ブラック 8GB 305SH,ブラック,8GB,,
73F5VOIZRL000,スマートフォン本体,SHARP,AQUOS CRYSTAL,AQUOS CRYSTAL ブルー 8GB 305SH,ブルー,8GB,,
7156SMAKTP000,スマートフォン本体,SHARP,AQUOS CRYSTAL,AQUOS CRYSTAL ホワイト 8GB 305SH,ホワイト,8GB,,
3O1K0ZOX05000,スマートフォン本体,SHARP,AQUOS Compact,AQUOS Compact イエローシルバー 16GB SH-02H,イエローシルバー,16GB,,
5NHE25LR3Q000,スマートフォン本体,SHARP,AQUOS Compact,AQUOS Compact ブルーブラック 16GB SH-02H,ブルーブラック,16GB,,
GBBZCVCUCI000,スマートフォン本体,SHARP,AQUOS EVER SH-04G,AQUOS EVER SH-04G ゴールド 16GB,ゴールド,16GB,,
2HRVFPUDWD000,スマートフォン本体,SHARP,AQUOS EVER SH-04G,AQUOS EVER SH-04G ピンク 16GB,ピンク,16GB,,
19PQQKUZIF000,スマートフォン本体,SHARP,AQUOS EVER SH-04G,AQUOS EVER SH-04G ブラック 16GB,ブラック,16GB,,
TRB547LFQR000,スマートフォン本体,SHARP,AQUOS EVER SH-04G,AQUOS EVER SH-04G ホワイト 16GB,ホワイト,16GB,,
ZI7GF4S22A000,スマートフォン本体,SHARP,AQUOS EVER SH-02J,AQUOS EVER シャンパンゴールド 16GB SH-02J,シャンパンゴールド,16GB,,
YB6HJRNGAT000,スマートフォン本体,SHARP,AQUOS EVER SH-02J,AQUOS EVER ピュアホワイト 16GB SH-02J,ピュアホワイト,16GB,,
07C6JG4WSX000,スマートフォン本体,SHARP,AQUOS EVER SH-02J,AQUOS EVER ブラック 16GB SH-02J,ブラック,16GB,,
3XVJP8XDR4000,スマートフォン本体,SHARP,AQUOS EVER SH-02J,AQUOS EVER ローズピンク 16GB SH-02J,ローズピンク,16GB,,
81H2THMWZ7000,スマートフォン本体,SHARP,AQUOS L,AQUOS L ピンク 16GB,ピンク,16GB,,
50CALP1P6E000,スマートフォン本体,SHARP,AQUOS L,AQUOS L ブルー 16GB SHV37,ブルー,16GB,,4941787059002
G4LV9KS7J4000,スマートフォン本体,SHARP,AQUOS L,AQUOS L ホワイト 16GB SHV37,ホワイト,16GB,,
8XC4LS95WF000,スマートフォン本体,SHARP,AQUOS L2,AQUOS L2 パープル 16GB SH-L02,パープル,16GB,,
38XQFL84HZ000,スマートフォン本体,SHARP,AQUOS L2,AQUOS L2 ブラック 16GB SH-L02,ブラック,16GB,,
UG9D6OUIJQ000,スマートフォン本体,SHARP,AQUOS L2,AQUOS L2 ホワイト 16GB SH-L02,ホワイト,16GB,,
NZ8YCOVETV000,スマートフォン本体,SHARP,SH-06D NERV,AQUOS NERV SH-06D ブラック 8GB SH-06D NERV,ブラック,8GB,,
F49O25MVQK000,スマートフォン本体,SHARP,AQUOS PHONE 006SH,AQUOS PHONE 006SH ブラック 2GB,ブラック,2GB,,
FWJ4L17KRK000,スマートフォン本体,SHARP,AQUOS PHONE 006SH,AQUOS PHONE 006SH プログレスレッド 2GB,プログレスレッド,2GB,,
1IQYGO88Q1000,スマートフォン本体,SHARP,AQUOS PHONE 006SH,AQUOS PHONE 006SH ホワイト 2GB,ホワイト,2GB,,
3BG9RCL4GI000,スマートフォン本体,SHARP,AQUOS PHONE 102SH II,AQUOS PHONE 102SH II クラッシーブラック 4GB,クラッシーブラック,4GB,,
6P54YNND6D000,スマートフォン本体,SHARP,AQUOS PHONE 102SH II,AQUOS PHONE 102SH II シルバー 4GB,シルバー,4GB,,
40FW68KR6P000,スマートフォン本体,SHARP,AQUOS PHONE 102SH II,AQUOS PHONE 102SH II ピンク 4GB,ピンク,4GB,,
X0KMDMEKR4000,スマートフォン本体,SHARP,AQUOS PHONE 102SH,AQUOS PHONE 102SH イノセントパープル 4GB 102SH II,イノセントパープル,4GB,,
2LLQBN19GI000,スマートフォン本体,SHARP,AQUOS PHONE 102SH,AQUOS PHONE 102SH ブラック 4GB 102SH II,ブラック,4GB,,
TQF317EDPN000,スマートフォン本体,SHARP,AQUOS PHONE 102SH,AQUOS PHONE 102SH ホワイト 4GB 102SH II,ホワイト,4GB,,
XBALJXBWH3000,スマートフォン本体,SHARP,AQUOS PHONE 103SH,AQUOS PHONE 103SH スプラウトグリーン 4GB,スプラウトグリーン,4GB,,
LBKE1MTZJJ000,スマートフォン本体,SHARP,AQUOS PHONE 103SH,AQUOS PHONE 103SH ピンク 4GB,ピンク,4GB,,
1O1YS4AWJR000,スマートフォン本体,SHARP,AQUOS PHONE 103SH,AQUOS PHONE 103SH ブルーブラック 4GB,ブルーブラック,4GB,,
ALN328S4BH000,スマートフォン本体,SHARP,AQUOS PHONE 103SH,AQUOS PHONE 103SH ホワイト 4GB,ホワイト,4GB,,
FEMT64ZJEG000,スマートフォン本体,SHARP,AQUOS PHONE 104SH,AQUOS PHONE 104SH シャイニングパール 16GB,シャイニングパール,16GB,,
Q7DDMHH5PR000,スマートフォン本体,SHARP,AQUOS PHONE 104SH,AQUOS PHONE 104SH ディープオーシャン 16GB,ディープオーシャン,16GB,,
7AGJG2KZV7000,スマートフォン本体,SHARP,AQUOS PHONE 104SH,AQUOS PHONE 104SH ライジングサン 16GB,ライジングサン,16GB,,
4JBLAE0QRM000,スマートフォン本体,SHARP,AQUOS PHONE CL,AQUOS PHONE CL コーラルピンク 8GB IS17SH,コーラルピンク,8GB,,
D5TGMV19GN000,スマートフォン本体,SHARP,AQUOS PHONE CL,AQUOS PHONE CL ダークネイビー 8GB IS17SH,ダークネイビー,8GB,,
X7OW7U9HVY000,スマートフォン本体,SHARP,AQUOS PHONE CL,AQUOS PHONE CL ピュアホワイト 8GB IS17SH,ピュアホワイト,8GB,,
XJ267TM6Z1000,スマートフォン本体,SHARP,AQUOS PHONE EX SH-02F,AQUOS PHONE EX SH-02F ホワイト 16GB,ホワイト,16GB,,
NDQSCMPGK5000,スマートフォン本体,SHARP,AQUOS PHONE EX SH-02F,AQUOS PHONE EX SH-02F マジェンタ 16GB,マジェンタ,16GB,,
Q4M14VXR7V000,スマートフォン本体,SHARP,AQUOS PHONE EX SH-04E,AQUOS PHONE EX SH-04E ピンク 16GB,ピンク,16GB,,
FG21E4O4L4000,スマートフォン本体,SHARP,AQUOS PHONE EX SH-04E,AQUOS PHONE EX SH-04E ブラック 16GB,ブラック,16GB,,
1LMBXAWE7M000,スマートフォン本体,SHARP,AQUOS PHONE EX SH-04E,AQUOS PHONE EX SH-04E ホワイト 16GB,ホワイト,16GB,,
A7C3YAWHM8000,スマートフォン本体,SHARP,AQUOS PHONE IS11SH,AQUOS PHONE IS11SH アクアホワイト 1GB,アクアホワイト,1GB,,
1K4PIL4Z8O000,スマートフォン本体,SHARP,AQUOS PHONE IS11SH,AQUOS PHONE IS11SH アッシュブラック 1GB,アッシュブラック,1GB,,
6KFN1VZIMC000,スマートフォン本体,SHARP,AQUOS PHONE IS11SH,AQUOS PHONE IS11SH ストロベリーピンク 1GB,ストロベリーピンク,1GB,,
J7C0UOPUCJ000,スマートフォン本体,SHARP,AQUOS PHONE IS11SH,AQUOS PHONE IS11SH ラピスブルー 1GB,ラピスブルー,1GB,,
FLKZ4OPGAA000,スマートフォン本体,SHARP,AQUOS PHONE IS12SH,AQUOS PHONE IS12SH アイスホワイト 1GB,アイスホワイト,1GB,,
PNGL7ZY02T000,スマートフォン本体,SHARP,AQUOS PHONE IS12SH,AQUOS PHONE IS12SH ディープブルー 1GB,ディープブルー,1GB,,
CXI7ZY6KTO000,スマートフォン本体,SHARP,AQUOS PHONE IS12SH,AQUOS PHONE IS12SH レッドブラック 1GB,レッドブラック,1GB,,
6Q5KH6CGIU000,スマートフォン本体,SHARP,AQUOS PHONE IS13SH,AQUOS PHONE IS13SH エアリーピンク 2GB,エアリーピンク,2GB,,
PZNN504159000,スマートフォン本体,SHARP,AQUOS PHONE IS13SH,AQUOS PHONE IS13SH シャドーブラック 2GB,シャドーブラック,2GB,,
C643K7LLKE000,スマートフォン本体,SHARP,AQUOS PHONE IS14SH,AQUOS PHONE IS14SH シャイニーホワイト 1GB,シャイニーホワイト,1GB,,
NS4J8JPJEX000,スマートフォン本体,SHARP,AQUOS PHONE IS14SH,AQUOS PHONE IS14SH シャンパンピンク 1GB,シャンパンピンク,1GB,,
EJJNSRB9RL000,スマートフォン本体,SHARP,AQUOS PHONE IS14SH,AQUOS PHONE IS14SH ナイトブラック 1GB,ナイトブラック,1GB,,
PJ4BUGT2IV000,スマートフォン本体,SHARP,AQUOS PHONE SERIE SHL21,AQUOS PHONE SERIE SHL21 クリアブルー 16GB,クリアブルー,16GB,,
X2OM4D2MC1000,スマートフォン本体,SHARP,AQUOS PHONE SERIE SHL21,AQUOS PHONE SERIE SHL21 ブリリアントピンク 16GB,ブリリアントピンク,16GB,,
48OMP5C14D000,スマートフォン本体,SHARP,AQUOS PHONE SERIE SHL21,AQUOS PHONE SERIE SHL21 マットブラック 16GB,マットブラック,16GB,,
91WLZCOSH6000,スマートフォン本体,SHARP,AQUOS PHONE SERIE SHL22,AQUOS PHONE SERIE SHL22 ブラック 16GB,ブラック,16GB,,
7OMXYFCP5E000,スマートフォン本体,SHARP,AQUOS PHONE SERIE SHL22,AQUOS PHONE SERIE SHL22 ブルー 16GB,ブルー,16GB,,
2LQ4VIBVP8000,スマートフォン本体,SHARP,AQUOS PHONE SERIE SHL22,AQUOS PHONE SERIE SHL22 ホワイト 16GB,ホワイト,16GB,,
3V3S4A3CQT000,スマートフォン本体,SHARP,AQUOS PHONE SERIE SHL23,AQUOS PHONE SERIE SHL23 ブラック 16GB,ブラック,16GB,,
31ITR2OUMM000,スマートフォン本体,SHARP,AQUOS PHONE SERIE SHL23,AQUOS PHONE SERIE SHL23 ブルー 16GB,ブルー,16GB,,
P3N0SJB3WA000,スマートフォン本体,SHARP,AQUOS PHONE SERIE SHL23,AQUOS PHONE SERIE SHL23 ホワイト 16GB,ホワイト,16GB,,
WNU9DQ2ZXY000,スマートフォン本体,SHARP,AQUOS PHONE SERIE mini,AQUOS PHONE SERIE mini イエローグリーン 16GB SHL24,イエローグリーン,16GB,,4941787047351
L49XKJ13RB000,スマートフォン本体,SHARP,AQUOS PHONE SERIE mini,AQUOS PHONE SERIE mini ピンク 16GB SHL24,ピンク,16GB,,
89Y436C1LN000,スマートフォン本体,SHARP,AQUOS PHONE SERIE mini,AQUOS PHONE SERIE mini ブルー 16GB SHL24,ブルー,16GB,,
T5O5OML8B4000,スマートフォン本体,SHARP,AQUOS PHONE SERIE mini,AQUOS PHONE SERIE mini ホワイト 16GB SHL24,ホワイト,16GB,,4941787051808
EEUVQTG44G000,スマートフォン本体,SHARP,AQUOS PHONE SERIE,AQUOS PHONE SERIE ホワイト 16GB,ホワイト,16GB,,
TAA0QODSCP000,スマートフォン本体,SHARP,AQUOS PHONE SH-01D,AQUOS PHONE SH-01D ブラック 4GB,ブラック,4GB,,
UNHUZVZQYG000,スマートフォン本体,SHARP,AQUOS PHONE SH-01D,AQUOS PHONE SH-01D ブルー 4GB,ブルー,4GB,,
FRJ3P58GZA000,スマートフォン本体,SHARP,AQUOS PHONE SH-01D,AQUOS PHONE SH-01D ホワイト 4GB,ホワイト,4GB,,
1TH6R5RPOO000,スマートフォン本体,SHARP,AQUOS PHONE SH-06D,AQUOS PHONE SH-06D ブルーブラック 8GB,ブルーブラック,8GB,,
OLBU5P23ST000,スマートフォン本体,SHARP,AQUOS PHONE SH-06D,AQUOS PHONE SH-06D ホワイト 8GB,ホワイト,8GB,,
6YSROY4OU7000,スマートフォン本体,SHARP,AQUOS PHONE SH-06D,AQUOS PHONE SH-06D マゼンタレッド 8GB,マゼンタレッド,8GB,,
9NDDAWV38A000,スマートフォン本体,SHARP,AQUOS PHONE SH-12C,AQUOS PHONE SH-12C ブラック 2GB,ブラック,2GB,,
TKLDYRHW52000,スマートフォン本体,SHARP,AQUOS PHONE SH-12C,AQUOS PHONE SH-12C ホワイト 2GB,ホワイト,2GB,,
GWUXB8ITJD000,スマートフォン本体,SHARP,AQUOS PHONE SL,AQUOS PHONE SL カシスピンク 4GB IS15SH,カシスピンク,4GB,,
H0CS6G7WGQ000,スマートフォン本体,SHARP,AQUOS PHONE SL,AQUOS PHONE SL ダリアブラック 4GB IS15SH,ダリアブラック,4GB,,
JJDQZAQ4CN000,スマートフォン本体,SHARP,AQUOS PHONE SL,AQUOS PHONE SL ミントブルー 4GB IS15SH,ミントブルー,4GB,,
RG6Q4B6R1F000,スマートフォン本体,SHARP,AQUOS PHONE Slider,AQUOS PHONE Slider ゴールド 2GB SH-02D,ゴールド,2GB,,
OXDA4RZY4X000,スマートフォン本体,SHARP,AQUOS PHONE Slider,AQUOS PHONE Slider ホワイト 2GB SH-02D,ホワイト,2GB,,
HCBYK9XN5R000,スマートフォン本体,SHARP,AQUOS PHONE THE HYBRID 007SH,AQUOS PHONE THE HYBRID 007SH ブラック 1GB,ブラック,1GB,,
3KKRY4AUOW000,スマートフォン本体,SHARP,AQUOS PHONE THE HYBRID 007SH,AQUOS PHONE THE HYBRID 007SH ホワイト 1GB,ホワイト,1GB,,
FN4KTC24Q0000,スマートフォン本体,SHARP,AQUOS PHONE THE HYBRID 007SH,AQUOS PHONE THE HYBRID 007SH ボルドー 1GB,ボルドー,1GB,,
4EQYRND3JJ000,スマートフォン本体,SHARP,AQUOS PHONE THE HYBRID 007SH,AQUOS PHONE THE HYBRID 007SH ミスティブルー 1GB,ミスティブルー,1GB,,
UB7QV1N48J000,スマートフォン本体,SHARP,AQUOS PHONE THE HYBRID 101SH,AQUOS PHONE THE HYBRID 101SH ターコイズ 2GB,ターコイズ,2GB,,
MLPEJFKVW2000,スマートフォン本体,SHARP,AQUOS PHONE THE HYBRID 101SH,AQUOS PHONE THE HYBRID 101SH ネイビーブラック 2GB,ネイビーブラック,2GB,,
A400NJ8CKU000,スマートフォン本体,SHARP,AQUOS PHONE THE HYBRID 101SH,AQUOS PHONE THE HYBRID 101SH ビビッドピンク 2GB,ビビッドピンク,2GB,,
MTOV0FWIQD000,スマートフォン本体,SHARP,AQUOS PHONE THE HYBRID 101SH,AQUOS PHONE THE HYBRID 101SH ホワイト 2GB,ホワイト,2GB,,
WAWCOC1WW2000,スマートフォン本体,SHARP,AQUOS PHONE THE PREMIUM,AQUOS PHONE THE PREMIUM ピンク 1GB 009SH,ピンク,1GB,,
GF4LCYGJKI000,スマートフォン本体,SHARP,AQUOS PHONE THE PREMIUM,AQUOS PHONE THE PREMIUM ブラック 1GB 009SH,ブラック,1GB,,
9G412OVRY4000,スマートフォン本体,SHARP,AQUOS PHONE THE PREMIUM,AQUOS PHONE THE PREMIUM プレシャスゴールド 1GB 009SH,プレシャスゴールド,1GB,,
SLDYMZGCDB000,スマートフォン本体,SHARP,AQUOS PHONE THE PREMIUM,AQUOS PHONE THE PREMIUM ホワイト 1GB 009SH,ホワイト,1GB,,
KVFKLEG7T5000,スマートフォン本体,SHARP,AQUOS PHONE Xx 106SH,AQUOS PHONE Xx 106SH ブラック 32GB,ブラック,32GB,,
9S3ZNZGY6A000,スマートフォン本体,SHARP,AQUOS PHONE Xx 106SH,AQUOS PHONE Xx 106SH ラディアントホワイト 32GB,ラディアントホワイト,32GB,,
X06TKANDP2000,スマートフォン本体,SHARP,AQUOS PHONE Xx 203SH,AQUOS PHONE Xx 203SH アーバンブラック 32GB,アーバンブラック,32GB,,
W1OYL2FPXV000,スマートフォン本体,SHARP,AQUOS PHONE Xx 203SH,AQUOS PHONE Xx 203SH ブルー 32GB,ブルー,32GB,,4908993957713
X54HRP9XRJ000,スマートフォン本体,SHARP,AQUOS PHONE Xx 203SH,AQUOS PHONE Xx 203SH ホワイト 32GB,ホワイト,32GB,,
GO3KKNQT46000,スマートフォン本体,SHARP,AQUOS PHONE Xx 203SH,AQUOS PHONE Xx 203SH レッド 32GB,レッド,32GB,,
4HE74AC443000,スマートフォン本体,SHARP,AQUOS PHONE Xx 206SH,AQUOS PHONE Xx 206SH ブラック 32GB,ブラック,32GB,,
FJTC4MOYCW000,スマートフォン本体,SHARP,AQUOS PHONE Xx 206SH,AQUOS PHONE Xx 206SH ブルー 32GB,ブルー,32GB,,
M7HHVFLVH1000,スマートフォン本体,SHARP,AQUOS PHONE Xx 206SH,AQUOS PHONE Xx 206SH ラスターホワイト 32GB,ラスターホワイト,32GB,,
G0CCQCRI4B000,スマートフォン本体,SHARP,AQUOS PHONE Xx 302SH,AQUOS PHONE Xx 302SH ピンク 32GB,ピンク,32GB,,
JKSS64ATRM000,スマートフォン本体,SHARP,AQUOS PHONE Xx 302SH,AQUOS PHONE Xx 302SH ブラック 32GB,ブラック,32GB,,
BUCO09QKFV000,スマートフォン本体,SHARP,AQUOS PHONE Xx 302SH,AQUOS PHONE Xx 302SH ホワイト 32GB,ホワイト,32GB,,
FOZZNGMJAG000,スマートフォン本体,SHARP,AQUOS PHONE Xx 302SH,AQUOS PHONE Xx 302SH ラピスブルー 32GB,ラピスブルー,32GB,,
5Z90FJP2EU000,スマートフォン本体,SHARP,AQUOS PHONE Xx mini,AQUOS PHONE Xx mini ゴールド 16GB 303SH,ゴールド,16GB,,
DEQ44LCOJ7000,スマートフォン本体,SHARP,AQUOS PHONE Xx mini,AQUOS PHONE Xx mini ターコイズ 16GB 303SH,ターコイズ,16GB,,
2E8O1GBXJM000,スマートフォン本体,SHARP,AQUOS PHONE Xx mini,AQUOS PHONE Xx mini ビビッドピンク 16GB 303SH,ビビッドピンク,16GB,,
EO5YB6T4MT000,スマートフォン本体,SHARP,AQUOS PHONE Xx mini,AQUOS PHONE Xx mini ブラック 16GB 303SH,ブラック,16GB,,
ZUPI1QSBOX000,スマートフォン本体,SHARP,AQUOS PHONE Xx mini,AQUOS PHONE Xx mini ブルー 16GB 303SH,ブルー,16GB,,
NPJESV4YLU000,スマートフォン本体,SHARP,AQUOS PHONE Xx mini,AQUOS PHONE Xx mini ホワイト 16GB 303SH,ホワイト,16GB,,
58LEI29CEK000,スマートフォン本体,SHARP,AQUOS PHONE Xx mini,AQUOS PHONE Xx mini ライトピンク 16GB 303SH,ライトピンク,16GB,,
9V1IAAK4WA000,スマートフォン本体,SHARP,AQUOS PHONE Xx mini,AQUOS PHONE Xx mini レッド 16GB 303SH,レッド,16GB,,
RWVW0WO7RQ000,スマートフォン本体,SHARP,AQUOS PHONE ZETA SH-01F,AQUOS PHONE ZETA SH-01F ネイビー 32GB,ネイビー,32GB,,
FVTBRRO5GW000,スマートフォン本体,SHARP,AQUOS PHONE ZETA SH-01F,AQUOS PHONE ZETA SH-01F ホワイト 32GB,ホワイト,32GB,,
5M92M1F0PS000,スマートフォン本体,SHARP,AQUOS PHONE ZETA SH-01F,AQUOS PHONE ZETA SH-01F レッド 32GB,レッド,32GB,,
KELKGBKXET000,スマートフォン本体,SHARP,AQUOS PHONE ZETA SH-02E,AQUOS PHONE ZETA SH-02E ブルー 32GB,ブルー,32GB,,
T9IWPOXLI1000,スマートフォン本体,SHARP,AQUOS PHONE ZETA SH-02E,AQUOS PHONE ZETA SH-02E ホワイト 32GB,ホワイト,32GB,,
7FAGT4E6TC000,スマートフォン本体,SHARP,AQUOS PHONE ZETA SH-02E,AQUOS PHONE ZETA SH-02E レッド 32GB,レッド,32GB,,
W0XA1ORUV6000,スマートフォン本体,SHARP,AQUOS PHONE ZETA SH-06E,AQUOS PHONE ZETA SH-06E ブルー 32GB,ブルー,32GB,,
80VLRGMKS9000,スマートフォン本体,SHARP,AQUOS PHONE ZETA SH-06E,AQUOS PHONE ZETA SH-06E ホワイト 32GB,ホワイト,32GB,,
NBPNCDDHEB000,スマートフォン本体,SHARP,AQUOS PHONE ZETA SH-06E,AQUOS PHONE ZETA SH-06E レッド 32GB,レッド,32GB,,
L9QGUR9BBR000,スマートフォン本体,SHARP,AQUOS PHONE ZETA SH-09D,AQUOS PHONE ZETA SH-09D ホワイト 16GB,ホワイト,16GB,,
UUAEHT9WWV000,スマートフォン本体,SHARP,AQUOS PHONE ef,AQUOS PHONE ef グレイスシルバー 8GB 202SH,グレイスシルバー,8GB,,
FG3Z8EMBV3000,スマートフォン本体,SHARP,AQUOS PHONE ef,AQUOS PHONE ef ピンク 8GB 202SH,ピンク,8GB,,
4QE4IOROAC000,スマートフォン本体,SHARP,AQUOS PHONE es,AQUOS PHONE es ターコイズグリーン 8GB WX04SH,ターコイズグリーン,8GB,,
RS7S84FTSQ000,スマートフォン本体,SHARP,AQUOS PHONE es,AQUOS PHONE es ダークブルー 8GB WX04SH,ダークブルー,8GB,,
J2E7YQ644M000,スマートフォン本体,SHARP,AQUOS PHONE es,AQUOS PHONE es ピンク 8GB WX04SH,ピンク,8GB,,
7O8BWJEYSX000,スマートフォン本体,SHARP,AQUOS PHONE es,AQUOS PHONE es ブラック 8GB WX04SH,ブラック,8GB,,
KPICTBTT5M000,スマートフォン本体,SHARP,AQUOS PHONE es,AQUOS PHONE es ホワイト 8GB WX04SH,ホワイト,8GB,,
03NO65J0Q0000,スマートフォン本体,SHARP,AQUOS PHONE es,AQUOS PHONE es レッド 8GB WX04SH,レッド,8GB,,
68AQ9UJ7FZ000,スマートフォン本体,SHARP,AQUOS PHONE f SH-13C,AQUOS PHONE f SH-13C ピンク 2GB,ピンク,2GB,,
1YB4Q70VG8000,スマートフォン本体,SHARP,AQUOS PHONE f SH-13C,AQUOS PHONE f SH-13C ブラック 2GB,ブラック,2GB,,
ZDVW3XUH1P000,スマートフォン本体,SHARP,AQUOS PHONE f SH-13C,AQUOS PHONE f SH-13C ホワイト 2GB,ホワイト,2GB,,
70QW0QIGRJ000,スマートフォン本体,SHARP,AQUOS PHONE si SH-01E,AQUOS PHONE si SH-01E ピンク 16GB,ピンク,16GB,,
63QOWBNE6W000,スマートフォン本体,SHARP,AQUOS PHONE si SH-01E,AQUOS PHONE si SH-01E ブラック 16GB,ブラック,16GB,,
MNCC70P6TQ000,スマートフォン本体,SHARP,AQUOS PHONE si SH-01E,AQUOS PHONE si SH-01E ブルー 16GB,ブルー,16GB,,
XA4LR9QOSS000,スマートフォン本体,SHARP,AQUOS PHONE si SH-01E,AQUOS PHONE si SH-01E ホワイト 16GB,ホワイト,16GB,,
BOHBZK6N8Q000,スマートフォン本体,SHARP,AQUOS PHONE si SH-07E,AQUOS PHONE si SH-07E オレンジ 32GB,オレンジ,32GB,,
ZU1VHLDVLS000,スマートフォン本体,SHARP,AQUOS PHONE si SH-07E,AQUOS PHONE si SH-07E ネイビー 32GB,ネイビー,32GB,,
JG3S4534E1000,スマートフォン本体,SHARP,AQUOS PHONE si SH-07E,AQUOS PHONE si SH-07E ホワイト 32GB,ホワイト,32GB,,
UD0K33KWLQ000,スマートフォン本体,SHARP,AQUOS PHONE ss,AQUOS PHONE ss シャンパンゴールド 8GB 205SH,シャンパンゴールド,8GB,,4908993962021
ZLMYB3C540000,スマートフォン本体,SHARP,AQUOS PHONE ss,AQUOS PHONE ss シルキーピンク 8GB 205SH,シルキーピンク,8GB,,
CB6X22CGFO000,スマートフォン本体,SHARP,AQUOS PHONE ss,AQUOS PHONE ss ネイビー 8GB 205SH,ネイビー,8GB,,
BCTJNMNSWJ000,スマートフォン本体,SHARP,AQUOS PHONE ss,AQUOS PHONE ss ブラック 8GB 205SH,ブラック,8GB,,
QMER8LDYWR000,スマートフォン本体,SHARP,AQUOS PHONE ss,AQUOS PHONE ss ホワイト 8GB 205SH,ホワイト,8GB,,
S9RCBO0BXD000,スマートフォン本体,SHARP,AQUOS PHONE st,AQUOS PHONE st ブラック 4GB SH-07D,ブラック,4GB,,
B6PQM1ZBUR000,スマートフォン本体,SHARP,AQUOS PHONE st,AQUOS PHONE st ライム 4GB SH-07D,ライム,4GB,,
IY3IPZTSFQ000,スマートフォン本体,SHARP,AQUOS PHONE st,AQUOS PHONE st レッド 4GB SH-07D,レッド,4GB,,
I2DEJNOI4X000,スマートフォン本体,SHARP,AQUOS PHONE sv,AQUOS PHONE sv オレンジ 8GB SH-10D,オレンジ,8GB,,
V2UKRIAMN1000,スマートフォン本体,SHARP,AQUOS PHONE sv,AQUOS PHONE sv ブラック 8GB SH-10D,ブラック,8GB,,
VIJDOABH44000,スマートフォン本体,SHARP,AQUOS PHONE sv,AQUOS PHONE sv ホワイト 8GB SH-10D,ホワイト,8GB,,
VRHMSRB8DL000,スマートフォン本体,SHARP,AQUOS R compact,AQUOS R Copper ブラック 64GB,ブラック,64GB,,4549046048462
VRUVLW1UHO000,スマートフォン本体,SHARP,AQUOS R,AQUOS R Crystal Lavender 64GB,クリスタルラベンダー,64GB,,
B880X7SCRQ000,スマートフォン本体,SHARP,AQUOS R,AQUOS R Light ゴールド 64GB SHV39,ライトゴールド,64GB,,4941787060459
4V0F1ZJTSC000,スマートフォン本体,SHARP,AQUOS R,AQUOS R Zirconia ホワイト 64GB,ジルコニアホワイト,64GB,,
6HJMSDOI4W000,スマートフォン本体,SHARP,AQUOS R compact,AQUOS R compact アメジストパープル 32GB,アメジストパープル,32GB,,4549046060341
0ATPBPXSEC000,スマートフォン本体,SHARP,AQUOS R compact,AQUOS R compact シルバーブラック 32GB SH-M06,シルバーブラック,32GB,,4974019942476
119Z3U97LK000,スマートフォン本体,SHARP,AQUOS R compact,AQUOS R compact ダイヤモンドイエロー 32GB,ダイヤモンドイエロー,32GB,,
JL6VNN2ZSG000,スマートフォン本体,SHARP,AQUOS R compact,AQUOS R compact トルマリンブラック 32GB,トルマリンブラック,32GB,,4549046060327
L5O3BP8OL4000,スマートフォン本体,SHARP,AQUOS R compact,AQUOS R compact ムーンホワイト 32GB,ムーンホワイト,32GB,,4941787061647
6OCY5YEPF8000,スマートフォン本体,SHARP,AQUOS R compact,AQUOS R compact ムーンライトホワイト 32GB,ムーンライトホワイト,32GB,,
NAO7LKD6HZ000,スマートフォン本体,SHARP,AQUOS R compact,AQUOS R compact メタルブラック 32GB,メタルブラック,32GB,,
ACH41LJ91N000,スマートフォン本体,SHARP,AQUOS R compact,AQUOS R compact ローズピンク 32GB,ローズピンク,32GB,,
WKWFI6NBWB000,スマートフォン本体,SHARP,AQUOS R,AQUOS R オパールブルー 64GB 605SH,オパールブルー,64GB,,
A47304RO9D000,スマートフォン本体,SHARP,AQUOS R,AQUOS R オーロラピンク 64GB,オーロラピンク,64GB,,
FO9TPEGM1K000,スマートフォン本体,SHARP,AQUOS R,AQUOS R ブレイズオレンジ 64GB 605SH,ブレイズオレンジ,64GB,,4549046018687
QHZ54O4TPY000,スマートフォン本体,SHARP,AQUOS R,AQUOS R マーキュリーブラック 64GB,マーキュリーブラック,64GB,,
44P5I4IPHW000,スマートフォン本体,SHARP,AQUOS R10,AQUOS R10 カシミヤホワイト 256GB SH-51F／SH-M31,カシミヤホワイト,256GB,,4550556170253
P6P0K85GBI000,スマートフォン本体,SHARP,AQUOS R10,AQUOS R10 カシミヤホワイト 256GB SoftBank A501SH,カシミヤホワイト,256GB,SoftBank,
Z2LS7D0G4T000,スマートフォン本体,SHARP,AQUOS R10,AQUOS R10 カシミヤホワイト 256GB 楽天モバイル SH-M31,カシミヤホワイト,256GB,楽天モバイル,
J2NGYUU5C7000,スマートフォン本体,SHARP,AQUOS R10,AQUOS R10 カシミヤホワイト 512GB SH-M31,カシミヤホワイト,512GB,,4550556174831
4GART797NP000,スマートフォン本体,SHARP,AQUOS R10,AQUOS R10 チャコールブラック 256GB A501SH／SH-M31,チャコールブラック,256GB,,4550556170260
F4GG7Q0ZP4000,スマートフォン本体,SHARP,AQUOS R10,AQUOS R10 チャコールブラック 256GB docomo SH-51F,チャコールブラック,256GB,docomo,
PA77OU624H000,スマートフォン本体,SHARP,AQUOS R10,AQUOS R10 チャコールブラック 256GB 楽天モバイル SH-M31,チャコールブラック,256GB,楽天モバイル,
4252SQGXEL000,スマートフォン本体,SHARP,AQUOS R10,AQUOS R10 チャコールブラック 512GB SH-M31,チャコールブラック,512GB,,4550556174848
O49S3R9F52000,スマートフォン本体,SHARP,AQUOS R10,AQUOS R10 トレンチベージュ 256GB SH-M31,トレンチベージュ,256GB,,
NEK6Z04OVZ000,スマートフォン本体,SHARP,AQUOS R10,AQUOS R10 トレンチベージュ 256GB docomo SH-51F,トレンチベージュ,256GB,docomo,
WMH9WQMG7Z000,スマートフォン本体,SHARP,AQUOS R10,AQUOS R10 トレンチベージュ 512GB SH-M31,トレンチベージュ,512GB,,4550556174824
DWTRU4Z34G000,スマートフォン本体,SHARP,AQUOS R11,AQUOS R11 アイボリー 256GB SoftBank A602SH,アイボリー,256GB,SoftBank,
V7HYR3T943000,スマートフォン本体,SHARP,AQUOS R11,AQUOS R11 アイボリー 256GB docomo SH-51G,アイボリー,256GB,docomo,
F8M3TB7FGK000,スマートフォン本体,SHARP,AQUOS R11,AQUOS R11 アイボリー 512GB SIMフリー SH-M35-W,アイボリー,512GB,SIMフリー,4550556204675
JWB402GF4A000,スマートフォン本体,SHARP,AQUOS R11,AQUOS R11 テラコッタ 256GB docomo SH-51G,テラコッタ,256GB,docomo,
OSEIB0HX7L000,スマートフォン本体,SHARP,AQUOS R11,AQUOS R11 テラコッタ 512GB SIMフリー SH-M35-T,テラコッタ,512GB,SIMフリー,4550556204682
8TMEMW1NAM000,スマートフォン本体,SHARP,AQUOS R11,AQUOS R11 ネイビー 256GB SoftBank A602SH,ネイビー,256GB,SoftBank,
W3DL5JNN8W000,スマートフォン本体,SHARP,AQUOS R11,AQUOS R11 ネイビー 256GB docomo SH-51G,ネイビー,256GB,docomo,
B2V9P58KG5000,スマートフォン本体,SHARP,AQUOS R11,AQUOS R11 ネイビー 512GB SIMフリー SH-M35-A,ネイビー,512GB,SIMフリー,4550556204668
PJVNL1GEWB000,スマートフォン本体,SHARP,AQUOS R2 compact,AQUOS R2 compact スモーキーグリーン 64GB,スモーキーグリーン,64GB,,
SDS406LON1000,スマートフォン本体,SHARP,AQUOS R2 compact,AQUOS R2 compact ディープホワイト 64GB,ディープホワイト,64GB,,4974019106854
FNO4JUS84B000,スマートフォン本体,SHARP,AQUOS R2 compact,AQUOS R2 compact ピュアブラック 64GB 803SH,ピュアブラック,64GB,,4974019106861
Z58MOQHDI9000,スマートフォン本体,SHARP,AQUOS R2,AQUOS R2 アクアマリン 64GB SHV42,アクアマリン,64GB,,
NXCNOD18UY000,スマートフォン本体,SHARP,AQUOS R2,AQUOS R2 コーラルピンク 64GB,コーラルピンク,64GB,,4942857200300
EQ01G0D4SV000,スマートフォン本体,SHARP,AQUOS R2,AQUOS R2 ピンクゴールド 64GB,ピンクゴールド,64GB,,
7S4GF9IHZF000,スマートフォン本体,SHARP,AQUOS R2,AQUOS R2 ブルーシルバー 64GB SH-03K,ブルーシルバー,64GB,,
GCQN7SZRW7000,スマートフォン本体,SHARP,AQUOS R2,AQUOS R2 プラチナホワイト 64GB,プラチナホワイト,64GB,,
QJ9JHAX9JU000,スマートフォン本体,SHARP,AQUOS R2,AQUOS R2 プレミアムブラック 64GB,プレミアムブラック,64GB,,4942857200294
LIXKOQAA84000,スマートフォン本体,SHARP,AQUOS R2,AQUOS R2 ローズレッド 64GB 706SH,ローズレッド,64GB,,4549046063946
WUKGCWSOFP000,スマートフォン本体,SHARP,AQUOS R3,AQUOS R3 Luxury レッド 128GB 808SH,ラグジュアリーレッド,128GB,,
J4NEF0Q5JH000,スマートフォン本体,SHARP,AQUOS R3,AQUOS R3 Platinum ホワイト 128GB 808SH,プラチナホワイト,128GB,,
4XOZWY7R38000,スマートフォン本体,SHARP,AQUOS R3,AQUOS R3 エレガントグリーン 128GB SHV44,エレガントグリーン,128GB,,4549046086822
QMK4PN0X9Q000,スマートフォン本体,SHARP,AQUOS R3,AQUOS R3 ピンクアメジスト 128GB SHV44,ピンクアメジスト,128GB,,4941787070915
XSHX844BM0000,スマートフォン本体,SHARP,AQUOS R3,AQUOS R3 プレミアムブラック 128GB,プレミアムブラック,128GB,,4942857205886
ZPEHFGZX44000,スマートフォン本体,SHARP,AQUOS R5G,AQUOS R5G アースブルー 256GB SHG01,アースブルー,256GB,,4941787075279
40N0C58ADX000,スマートフォン本体,SHARP,AQUOS R5G,AQUOS R5G オーロラホワイト 256GB,オーロラホワイト,256GB,,
5K740BT5V3000,スマートフォン本体,SHARP,AQUOS R5G,AQUOS R5G ブラックレイ 256GB,ブラックレイ,256GB,,
84ISZX8LU7000,スマートフォン本体,SHARP,AQUOS R6,AQUOS R6 ブラック 128GB,ブラック,128GB,,4974019206288
71QWPPKWS1000,スマートフォン本体,SHARP,AQUOS R6,AQUOS R6 ホワイト 128GB,ホワイト,128GB,,4549046130587
4MSZ6Y4PNN000,スマートフォン本体,SHARP,AQUOS R7,AQUOS R7 シルバー 256GB A202SH／SH-52C,シルバー,256GB,,4549046136121
5DUH3I0OPQ000,スマートフォン本体,SHARP,AQUOS R7,AQUOS R7 シルバー 256GB docomo SH-52C,シルバー,256GB,docomo,
XO2IK3XJBZ000,スマートフォン本体,SHARP,AQUOS R7,AQUOS R7 ブラック 256GB SoftBank A202SH,ブラック,256GB,SoftBank,4549046136114
PRJS1MEF5J000,スマートフォン本体,SHARP,AQUOS R7,AQUOS R7 ブラック 256GB docomo SH-52C,ブラック,256GB,docomo,4942857224900
VMFYC15166000,スマートフォン本体,SHARP,AQUOS R8 pro,AQUOS R8 pro ブラック 256GB SH-R80P,ブラック,256GB,,4550556112604
H7P34BWL7R000,スマートフォン本体,SHARP,AQUOS R8,AQUOS R8 クリーム 256GB SH-R80,クリーム,256GB,,4550556112598
Q4XXG4ZV00000,スマートフォン本体,SHARP,AQUOS R8,AQUOS R8 クリーム 256GB docomo SH-52D,クリーム,256GB,docomo,4942857231137
F9WUN1EH1I000,スマートフォン本体,SHARP,AQUOS R8,AQUOS R8 ブルー 256GB SH-R80,ブルー,256GB,,4550556112581
Z8VO5554KE000,スマートフォン本体,SHARP,AQUOS R8,AQUOS R8 ブルー 256GB docomo SH-52D,ブルー,256GB,docomo,4942857231120
41JUPM2842000,スマートフォン本体,SHARP,AQUOS R9 pro,AQUOS R9 pro ブラック 512GB SH-M30,ブラック,512GB,,4550556141932
GZWL0P5GDP000,スマートフォン本体,SHARP,AQUOS R9,AQUOS R9 グリーン 256GB SH-M28,グリーン,256GB,,4550556132947
NZXU6R7NYX000,スマートフォン本体,SHARP,AQUOS R9,AQUOS R9 グリーン 256GB SoftBank A401SH,グリーン,256GB,SoftBank,4549046143716
ADZ7TFGTB0000,スマートフォン本体,SHARP,AQUOS R9,AQUOS R9 グリーン 256GB docomo SH-51E,グリーン,256GB,docomo,4942857236811
4I520HDV95000,スマートフォン本体,SHARP,AQUOS R9,AQUOS R9 ホワイト 256GB SH-M28,ホワイト,256GB,,4550556132954
Y39C85EZG5000,スマートフォン本体,SHARP,AQUOS R9,AQUOS R9 ホワイト 256GB SoftBank A401SH,ホワイト,256GB,SoftBank,4549046143723
TUVZTHAF1N000,スマートフォン本体,SHARP,AQUOS R9,AQUOS R9 ホワイト 256GB docomo SH-51E,ホワイト,256GB,docomo,4942857236828
DG3I1OJA70000,スマートフォン本体,SHARP,AQUOS SERIE SHL25,AQUOS SERIE SHL25 ネイビー 32GB,ネイビー,32GB,,
FQW9G9IVX9000,スマートフォン本体,SHARP,AQUOS SERIE SHL25,AQUOS SERIE SHL25 ピンク 32GB,ピンク,32GB,,
33K8HJY2MS000,スマートフォン本体,SHARP,AQUOS SERIE SHL25,AQUOS SERIE SHL25 ホワイト 32GB,ホワイト,32GB,,
HTIVI9MOQ0000,スマートフォン本体,SHARP,AQUOS SERIE SHV32,AQUOS SERIE SHV32 グリーン 32GB,グリーン,32GB,,
S784MW4XH3000,スマートフォン本体,SHARP,AQUOS SERIE SHV32,AQUOS SERIE SHV32 ピンク 32GB,ピンク,32GB,,
HOEO77XVB2000,スマートフォン本体,SHARP,AQUOS SERIE SHV32,AQUOS SERIE SHV32 ホワイト 32GB,ホワイト,32GB,,
I4I9MGL457000,スマートフォン本体,SHARP,AQUOS SERIE SHV34,AQUOS SERIE SHV34 コーラルピンク 32GB,コーラルピンク,32GB,,
ETU0U1HAR6000,スマートフォン本体,SHARP,AQUOS SERIE SHV34,AQUOS SERIE SHV34 ネイビー 32GB,ネイビー,32GB,,
ZUUBYSTBSU000,スマートフォン本体,SHARP,AQUOS SERIE SHV34,AQUOS SERIE SHV34 ホワイト 32GB,ホワイト,32GB,,
KUCQ7BYZG0000,スマートフォン本体,SHARP,AQUOS SERIE mini SHV31,AQUOS SERIE mini SHV31 シアン 16GB,シアン,16GB,,
VUWJO7UN4R000,スマートフォン本体,SHARP,AQUOS SERIE mini SHV31,AQUOS SERIE mini SHV31 ブラック 16GB,ブラック,16GB,,
HYTNJ276QR000,スマートフォン本体,SHARP,AQUOS SERIE mini SHV31,AQUOS SERIE mini SHV31 ホワイト 16GB,ホワイト,16GB,,
G3WAEYP667000,スマートフォン本体,SHARP,AQUOS SERIE mini SHV31,AQUOS SERIE mini SHV31 マゼンタ 16GB,マゼンタ,16GB,,
MF6F9JCF8D000,スマートフォン本体,SHARP,AQUOS SERIE mini SHV33,AQUOS SERIE mini SHV33 サファイア 16GB,サファイア,16GB,,
OV230HYU4S000,スマートフォン本体,SHARP,AQUOS SERIE mini SHV33,AQUOS SERIE mini SHV33 スカーレット 16GB,スカーレット,16GB,,
5GHPQJ4QDS000,スマートフォン本体,SHARP,AQUOS SERIE mini SHV33,AQUOS SERIE mini SHV33 ブラック 16GB,ブラック,16GB,,
P4T1FVTDT7000,スマートフォン本体,SHARP,AQUOS SERIE mini SHV33,AQUOS SERIE mini SHV33 ホワイト 16GB,ホワイト,16GB,,
SE8AGZNEHZ000,スマートフォン本体,SHARP,AQUOS SERIE mini,AQUOS SERIE mini SHV38 シャンパンピンク 16GB,シャンパンピンク,16GB,,
214ZBFCOQW000,スマートフォン本体,SHARP,AQUOS SERIE mini,AQUOS SERIE mini SHV38 ネイビー 16GB,ネイビー,16GB,,
83WADZUDXL000,スマートフォン本体,SHARP,AQUOS SERIE mini,AQUOS SERIE mini SHV38 ホワイト 16GB,ホワイト,16GB,,
PJXI3NY51I000,スマートフォン本体,SHARP,AQUOS SH-M01,AQUOS SH-M01 ホワイト 16GB,ホワイト,16GB,,4974019835075
AWANDK4D4M000,スマートフォン本体,SHARP,AQUOS SH-M02,AQUOS SH-M02 ホワイト 16GB,ホワイト,16GB,,4974019867373
FG75YHVMSW000,スマートフォン本体,SHARP,AQUOS SH-M04,AQUOS SH-M04 ネイビー 16GB,ネイビー,16GB,,
NX9F7V24R5000,スマートフォン本体,SHARP,AQUOS SH-M04,AQUOS SH-M04 ホワイト 16GB,ホワイト,16GB,,
W6KOISN2V9000,スマートフォン本体,SHARP,AQUOS SH-M04,AQUOS SH-M04 レッド 16GB,レッド,16GB,,
UBBPZ9067H000,スマートフォン本体,SHARP,AQUOS SH-M04-A,AQUOS SH-M04-A ネイビー 16GB,ネイビー,16GB,,4974019902494
I51KI730BQ000,スマートフォン本体,SHARP,AQUOS SH-M04-A,AQUOS SH-M04-A ホワイト 16GB,ホワイト,16GB,,4974019902487
AYLGPUHST0000,スマートフォン本体,SHARP,AQUOS U SHV35,AQUOS U SHV35 エレガントブラック 16GB,エレガントブラック,16GB,,
9CBX1NK9ON000,スマートフォン本体,SHARP,AQUOS U SHV35,AQUOS U SHV35 シルキーホワイト 16GB,シルキーホワイト,16GB,,
LH3F9WYPIT000,スマートフォン本体,SHARP,AQUOS U SHV35,AQUOS U SHV35 ミントブルー 16GB,ミントブルー,16GB,,
KE4T19VHQF000,スマートフォン本体,SHARP,AQUOS U SHV37,AQUOS U SHV37 ピンク×パウダー 16GB,ピンク×パウダー,16GB,,
ZBYPR44YOL000,スマートフォン本体,SHARP,AQUOS U SHV37,AQUOS U SHV37 ブラック 16GB,ブラック,16GB,,
AYW013L3YN000,スマートフォン本体,SHARP,AQUOS U SHV37,AQUOS U SHV37 プラチナホワイト 16GB,プラチナホワイト,16GB,,
ZMDG4S7UL5000,スマートフォン本体,SHARP,AQUOS U SHV37,AQUOS U SHV37 ライム×ゴールド 16GB,ライム×ゴールド,16GB,,
ARPE2VKCUP000,スマートフォン本体,SHARP,AQUOS Xx 304SH,AQUOS Xx 304SH ブラック 32GB,ブラック,32GB,,
BF7R259A1L000,スマートフォン本体,SHARP,AQUOS Xx 304SH,AQUOS Xx 304SH プレシャスゴールド 32GB,プレシャスゴールド,32GB,,
OIU0J3A69L000,スマートフォン本体,SHARP,AQUOS Xx 304SH,AQUOS Xx 304SH ホワイト 32GB,ホワイト,32GB,,
THQY96XLKN000,スマートフォン本体,SHARP,AQUOS Xx 304SH,AQUOS Xx 304SH レッド 32GB,レッド,32GB,,
P5822FOIR0000,スマートフォン本体,SHARP,AQUOS Xx,AQUOS Xx アンバーブラック 32GB 404SH,アンバーブラック,32GB,,
Q1PBPKFN0P000,スマートフォン本体,SHARP,AQUOS Xx,AQUOS Xx ホワイト 32GB 404SH,ホワイト,32GB,,
SJ1G6Z4O31000,スマートフォン本体,SHARP,AQUOS Xx,AQUOS Xx レッド 32GB 404SH,レッド,32GB,,
5LWDLUYYVX000,スマートフォン本体,SHARP,AQUOS Xx2 mini,AQUOS Xx2 mini ピンク 16GB 503SH,ピンク,16GB,,
IG832DXKDY000,スマートフォン本体,SHARP,AQUOS Xx2 mini,AQUOS Xx2 mini ブラック 16GB 503SH,ブラック,16GB,,
AW99ZKOGFQ000,スマートフォン本体,SHARP,AQUOS Xx2 mini,AQUOS Xx2 mini ブルー 16GB 503SH,ブルー,16GB,,
UQVQPS96CU000,スマートフォン本体,SHARP,AQUOS Xx2 mini,AQUOS Xx2 mini ホワイト 16GB 503SH,ホワイト,16GB,,
4NEK0U4H1P000,スマートフォン本体,SHARP,AQUOS Xx2 mini,AQUOS Xx2 mini レッド 16GB 503SH,レッド,16GB,,
Z8ITM0P9B4000,スマートフォン本体,SHARP,AQUOS Xx2,AQUOS Xx2 パープル 32GB 502SH,パープル,32GB,,4908993984238
ZEO69WON7T000,スマートフォン本体,SHARP,AQUOS Xx2,AQUOS Xx2 ブラック 32GB 502SH,ブラック,32GB,,4908993984245
8U49CDG9RU000,スマートフォン本体,SHARP,AQUOS Xx2,AQUOS Xx2 ホワイト 32GB 502SH,ホワイト,32GB,,4908993984252
RH167EZOS3000,スマートフォン本体,SHARP,AQUOS Xx3 mini,AQUOS Xx3 mini イエローグリーン 16GB 603SH,イエローグリーン,16GB,,4549046014573
MFL2EOWLXM000,スマートフォン本体,SHARP,AQUOS Xx3 mini,AQUOS Xx3 mini ピンク 16GB 603SH,ピンク,16GB,,4549046014603
V4K1Y24EFU000,スマートフォン本体,SHARP,AQUOS Xx3 mini,AQUOS Xx3 mini ブラック 16GB 603SH,ブラック,16GB,,
U8D1STLJJ4000,スマートフォン本体,SHARP,AQUOS Xx3 mini,AQUOS Xx3 mini ブルー 16GB 603SH,ブルー,16GB,,
FPH0ZYI260000,スマートフォン本体,SHARP,AQUOS Xx3 mini,AQUOS Xx3 mini ホワイト 16GB 603SH,ホワイト,16GB,,4549046014610
G4EFK3E4GW000,スマートフォン本体,SHARP,AQUOS Xx3 mini,AQUOS Xx3 アクアブルー 32GB 603SH,アクアブルー,32GB,,4549046006684
C1XY2H7J8C000,スマートフォン本体,SHARP,AQUOS Xx3 mini,AQUOS Xx3 アンバーブラック 32GB 603SH,アンバーブラック,32GB,,4549046006707
5LFY9BII9X000,スマートフォン本体,SHARP,AQUOS Xx3,AQUOS Xx3 ピンク 32GB 506SH,ピンク,32GB,,4549046015143
6OK65DUN8M000,スマートフォン本体,SHARP,AQUOS Xx3,AQUOS Xx3 ホワイト 32GB 506SH,ホワイト,32GB,,4549046006691
XPR62WJHYX000,スマートフォン本体,SHARP,AQUOS ZETA SH-01G,AQUOS ZETA SH-01G インディゴ 32GB,インディゴ,32GB,,
I94C2ZP41D000,スマートフォン本体,SHARP,AQUOS ZETA SH-01G,AQUOS ZETA SH-01G コーラル 32GB,コーラル,32GB,,
CXURPZRFSU000,スマートフォン本体,SHARP,AQUOS ZETA SH-01G,AQUOS ZETA SH-01G シアン 32GB,シアン,32GB,,
948FK2ZJWX000,スマートフォン本体,SHARP,AQUOS ZETA SH-01G,AQUOS ZETA SH-01G ホワイト 32GB,ホワイト,32GB,,
C1F44LQQQH000,スマートフォン本体,SHARP,AQUOS ZETA SH-01H,AQUOS ZETA SH-01H ブラック 32GB,ブラック,32GB,,
9FD69I4G04000,スマートフォン本体,SHARP,AQUOS ZETA SH-01H,AQUOS ZETA SH-01H ブルー 32GB,ブルー,32GB,,
TGSC3OB7ZF000,スマートフォン本体,SHARP,AQUOS ZETA SH-01H,AQUOS ZETA SH-01H マジェンタ 32GB,マジェンタ,32GB,,
5YQ0ZD5144000,スマートフォン本体,SHARP,AQUOS ZETA SH-03G,AQUOS ZETA SH-03G ブラック 32GB,ブラック,32GB,,
APDL29HRPF000,スマートフォン本体,SHARP,AQUOS ZETA SH-03G,AQUOS ZETA SH-03G ホワイト 32GB,ホワイト,32GB,,
5BEDT24D3E000,スマートフォン本体,SHARP,AQUOS ZETA SH-03G,AQUOS ZETA SH-03G レッド 32GB,レッド,32GB,,
YWQ80KDS7S000,スマートフォン本体,SHARP,AQUOS ZETA SH-04F,AQUOS ZETA SH-04F オレンジ 32GB,オレンジ,32GB,,
5UE0YQ5BQX000,スマートフォン本体,SHARP,AQUOS ZETA SH-04F,AQUOS ZETA SH-04F ブラック 32GB,ブラック,32GB,,
C3L9DBLMO6000,スマートフォン本体,SHARP,AQUOS ZETA SH-04F,AQUOS ZETA SH-04F ホワイト 32GB,ホワイト,32GB,,
6NANYOPTMT000,スマートフォン本体,SHARP,AQUOS ZETA SH-04H,AQUOS ZETA SH-04H グリーン 32GB,グリーン,32GB,,
UOJFZDUX96000,スマートフォン本体,SHARP,AQUOS ZETA SH-04H,AQUOS ZETA SH-04H ブラック 32GB,ブラック,32GB,,
BA6ST6ZSFE000,スマートフォン本体,SHARP,AQUOS ZETA SH-04H,AQUOS ZETA SH-04H ホワイト 32GB,ホワイト,32GB,,4942857185942
OZTOLL05CL000,スマートフォン本体,SHARP,AQUOS ea,AQUOS ea ピンク 16GB 606SH,ピンク,16GB,,4549046019059
1OA4L6Y8SS000,スマートフォン本体,SHARP,AQUOS ea,AQUOS ea ブラック 16GB 606SH,ブラック,16GB,,4549046019042
VFLO1E4V16000,スマートフォン本体,SHARP,AQUOS ea,AQUOS ea ホワイト 16GB 606SH,ホワイト,16GB,,4549046019035
BWMN2MHA4K000,スマートフォン本体,SHARP,AQUOS mini,AQUOS mini ホワイト 16GB SH-M03,ホワイト,16GB,,
F15GABI4I5000,スマートフォン本体,SHARP,AQUOS mini,AQUOS mini レッド 16GB SH-M03,レッド,16GB,,
0Z9Y5JYE5C000,スマートフォン本体,SHARP,AQUOS sense lite,AQUOS sense lite ゴールド 32GB SH-M05,ゴールド,32GB,,4974019941158
1W5HPL1FCS000,スマートフォン本体,SHARP,AQUOS sense lite,AQUOS sense lite ブラック 32GB SH-M05,ブラック,32GB,,
P4VTI3B4GR000,スマートフォン本体,SHARP,AQUOS sense lite,AQUOS sense lite ホワイト 32GB SH-M05,ホワイト,32GB,,
826ARP2LG6000,スマートフォン本体,SHARP,AQUOS sense plus,AQUOS sense plus ブラック 32GB SH-M07,ブラック,32GB,,4974019967431
W82IDEWAXI000,スマートフォン本体,SHARP,AQUOS sense plus,AQUOS sense plus ベージュ 32GB SH-M07,ベージュ,32GB,,4974019967448
O8P66VYTH8000,スマートフォン本体,SHARP,AQUOS sense plus,AQUOS sense plus ホワイト 32GB SH-M07,ホワイト,32GB,,4974019967424
2N54GX5VBL000,スマートフォン本体,SHARP,AQUOS sense,AQUOS sense オパールグリーン 32GB SHV40,オパールグリーン,32GB,,
CXVZYIALDH000,スマートフォン本体,SHARP,AQUOS sense,AQUOS sense シャンパンゴールド 32GB,シャンパンゴールド,32GB,,4942857194913
PB5GEHXRQ7000,スマートフォン本体,SHARP,AQUOS sense,AQUOS sense シルキーホワイト 32GB,シルキーホワイト,32GB,,4942857194890
HEP64AT7HV000,スマートフォン本体,SHARP,AQUOS sense,AQUOS sense ノーブルレッド 32GB SHV40,ノーブルレッド,32GB,,
PCB03PIKCV000,スマートフォン本体,SHARP,AQUOS sense,AQUOS sense フロストラベンダー 32GB,フロストラベンダー,32GB,,4942857194883
U032I10NE9000,スマートフォン本体,SHARP,AQUOS sense,AQUOS sense ベルベットブラック 32GB,ベルベットブラック,32GB,,
B4V0GVF5Z1000,スマートフォン本体,SHARP,AQUOS sense,AQUOS sense ミスティピンク 32GB SHV40,ミスティピンク,32GB,,4941787061685
S1Q5HO6RFY000,スマートフォン本体,SHARP,AQUOS sense10,AQUOS sense10 カーキグリーン 128GB,カーキグリーン,128GB,,4550556178815
6O404XNJY0000,スマートフォン本体,SHARP,AQUOS sense10,AQUOS sense10 カーキグリーン 256GB,カーキグリーン,256GB,,4550556178877
KRTJ71C6G4000,スマートフォン本体,SHARP,AQUOS sense10,AQUOS sense10 デニムネイビー 128GB,デニムネイビー,128GB,,4550556178808
1HKJ0NPX82000,スマートフォン本体,SHARP,AQUOS sense10,AQUOS sense10 デニムネイビー 256GB,デニムネイビー,256GB,,4550556178860
S0SY1JE1H7000,スマートフォン本体,SHARP,AQUOS sense10,AQUOS sense10 フルブラック 128GB,フルブラック,128GB,,4550556178846
D500MKYEJZ000,スマートフォン本体,SHARP,AQUOS sense10,AQUOS sense10 フルブラック 256GB,フルブラック,256GB,,4550556178907
DH1P5H3JPU000,スマートフォン本体,SHARP,AQUOS sense10,AQUOS sense10 ペールピンク 128GB,ペールピンク,128GB,,4550556178822
8X64MMUVC3000,スマートフォン本体,SHARP,AQUOS sense10,AQUOS sense10 ペールピンク 256GB,ペールピンク,256GB,,4550556178884
4UA5200LC5000,スマートフォン本体,SHARP,AQUOS sense10,AQUOS sense10 ペールミント 128GB,ペールミント,128GB,,4550556183444
224FY4M4YF000,スマートフォン本体,SHARP,AQUOS sense10,AQUOS sense10 ペールミント 256GB,ペールミント,256GB,,4550556183451
9TIEIOHFW6000,スマートフォン本体,SHARP,AQUOS sense10,AQUOS sense10 ライトシルバー 128GB,ライトシルバー,128GB,,4550556178853
GEENLR3442000,スマートフォン本体,SHARP,AQUOS sense10,AQUOS sense10 ライトシルバー 256GB,ライトシルバー,256GB,,4550556178914
TG7UXF6T7J000,スマートフォン本体,SHARP,AQUOS sense2 かんたん,AQUOS sense2 かんたん クリアホワイト 32GB SHV43,クリアホワイト,32GB,,4974019110530
PGY9GYBALM000,スマートフォン本体,SHARP,AQUOS sense2 かんたん,AQUOS sense2 かんたん ブライトシルバー 32GB SHV43,ブライトシルバー,32GB,,
AJAFF648BY000,スマートフォン本体,SHARP,AQUOS sense2 かんたん,AQUOS sense2 かんたん ミントグリーン 32GB SHV43,ミントグリーン,32GB,,
JDNJ06OIYA000,スマートフォン本体,SHARP,AQUOS sense2,AQUOS sense2 アイスグリーン 32GB SHV43,アイスグリーン,32GB,,
B4ELLPXC4G000,スマートフォン本体,SHARP,AQUOS sense2,AQUOS sense2 アッシュイエロー 32GB SH-M08,アッシュイエロー,32GB,,4974019110523
ZVRLG9MX41000,スマートフォン本体,SHARP,AQUOS sense2,AQUOS sense2 アーバンブルー 32GB SH-M08,アーバンブルー,32GB,,4573253870295
TR1UXVBE5G000,スマートフォン本体,SHARP,AQUOS sense2,AQUOS sense2 シャンパンゴールド 32GB SH-01L,シャンパンゴールド,32GB,,
BY4SGM0M6I000,スマートフォン本体,SHARP,AQUOS sense2,AQUOS sense2 シルキーホワイト 32GB,シルキーホワイト,32GB,,
ZPYL47YTUP000,スマートフォン本体,SHARP,AQUOS sense2,AQUOS sense2 ニュアンスブラック 32GB,ニュアンスブラック,32GB,,4974019110516
3RKMTGHYYO000,スマートフォン本体,SHARP,AQUOS sense2,AQUOS sense2 ピンクゴールド 32GB,ピンクゴールド,32GB,,
9R45KULXYF000,スマートフォン本体,SHARP,AQUOS sense2,AQUOS sense2 ブロッサムピンク 32GB SH-01L,ブロッサムピンク,32GB,,4942857203479
RFN4JNKZNQ000,スマートフォン本体,SHARP,AQUOS sense2,AQUOS sense2 ホワイトシルバー 32GB SH-01L,ホワイトシルバー,32GB,,4974019110509
AE6OGMCJC6000,スマートフォン本体,SHARP,AQUOS sense3 basic,AQUOS sense3 basic シルバー 32GB,シルバー,32GB,,4941787075552
9YPFA41VIA000,スマートフォン本体,SHARP,AQUOS sense3 basic,AQUOS sense3 basic ブラック 32GB,ブラック,32GB,,4941787075569
QU2AV0SGN8000,スマートフォン本体,SHARP,AQUOS sense3 basic,AQUOS sense3 basic ライトカッパー 32GB,ライトカッパー,32GB,,4941787075545
SDCYMFU6X1000,スマートフォン本体,SHARP,AQUOS sense3 lite,AQUOS sense3 lite シルバーホワイト 64GB SH-RM12,シルバーホワイト,64GB,,4974019137292
X55OFID9DD000,スマートフォン本体,SHARP,AQUOS sense3 lite,AQUOS sense3 lite ブラック 64GB SH-RM12,ブラック,64GB,,4974019137285
89JFL0EXNP000,スマートフォン本体,SHARP,AQUOS sense3 lite,AQUOS sense3 lite ライトカッパー 64GB SH-RM12,ライトカッパー,64GB,,4974019137278
E3GLFO929I000,スマートフォン本体,SHARP,AQUOS sense3 plus サウンド,AQUOS sense3 plus サウンド クラッシィブルー 64GB SHV46,クラッシィブルー,64GB,,
0OCS2EXSPD000,スマートフォン本体,SHARP,AQUOS sense3 plus サウンド,AQUOS sense3 plus サウンド ホワイト 64GB SHV46,ホワイト,64GB,,
241NR2HM4M000,スマートフォン本体,SHARP,AQUOS sense3 plus,AQUOS sense3 plus ピンク 128GB 808SH,ピンク,128GB,,
93ADE6405Q000,スマートフォン本体,SHARP,AQUOS sense3 plus,AQUOS sense3 plus ピンク 64GB,ピンク,64GB,,
YCDCPA6GPO000,スマートフォン本体,SHARP,AQUOS sense3 plus,AQUOS sense3 plus ブラック 128GB,ブラック,128GB,,4974019137889
A2IIL12YCX000,スマートフォン本体,SHARP,AQUOS sense3 plus,AQUOS sense3 plus ブラック 64GB 901SH,ブラック,64GB,,
7IW74YRCKK000,スマートフォン本体,SHARP,AQUOS sense3 plus,AQUOS sense3 plus ホワイト 128GB,ホワイト,128GB,,4974019137896
1GAZ0HDF2Z000,スマートフォン本体,SHARP,AQUOS sense3 plus,AQUOS sense3 plus ホワイト 64GB 901SH,ホワイト,64GB,,4974019138022
H98IB521R8000,スマートフォン本体,SHARP,AQUOS sense3 plus,AQUOS sense3 plus ムーンブルー 128GB,ムーンブルー,128GB,,4974019137872
XZ4Q99U44U000,スマートフォン本体,SHARP,AQUOS sense3 plus,AQUOS sense3 plus ムーンブルー 64GB 901SH,ムーンブルー,64GB,,
GF06J36G4U000,スマートフォン本体,SHARP,AQUOS sense3,AQUOS sense3 シルバーホワイト 64GB SH-M12,シルバーホワイト,64GB,,4974019137339
U8P4LKOMAM000,スマートフォン本体,SHARP,AQUOS sense3,AQUOS sense3 シルバーホワイト 64GB au SHV45,シルバーホワイト,64GB,au,4941787072346
TDGN6YH6K6000,スマートフォン本体,SHARP,AQUOS sense3,AQUOS sense3 シルバーホワイト 64GB docomo SH-02M,シルバーホワイト,64GB,docomo,4942857207941
12K09VNXSU000,スマートフォン本体,SHARP,AQUOS sense3,AQUOS sense3 ソフトピンク 64GB SHV45,ソフトピンク,64GB,,4941787072353
ACBN8B2KX5000,スマートフォン本体,SHARP,AQUOS sense3,AQUOS sense3 ディープピンク 64GB SH-02M,ディープピンク,64GB,,4942857207958
V4OWYY2YK6000,スマートフォン本体,SHARP,AQUOS sense3,AQUOS sense3 ブラック 64GB SH-M12,ブラック,64GB,,4974019137346
IM766JLDNO000,スマートフォン本体,SHARP,AQUOS sense3,AQUOS sense3 ブラック 64GB au SHV45,ブラック,64GB,au,4941787072339
CZK7Q3YDC3000,スマートフォン本体,SHARP,AQUOS sense3,AQUOS sense3 ブラック 64GB docomo SH-02M,ブラック,64GB,docomo,4942857207934
HRXTXSBYYQ000,スマートフォン本体,SHARP,AQUOS sense3,AQUOS sense3 ライトカッパー 64GB SH-M12,ライトカッパー,64GB,,4974019137353
RHU3NWGZGQ000,スマートフォン本体,SHARP,AQUOS sense3,AQUOS sense3 ライトカッパー 64GB au SHV45,ライトカッパー,64GB,au,4941787072360
BS4OFEW6WU000,スマートフォン本体,SHARP,AQUOS sense3,AQUOS sense3 ライトカッパー 64GB docomo SH-02M,ライトカッパー,64GB,docomo,4942857207927
MQ7N41W8K8000,スマートフォン本体,SHARP,AQUOS sense4 basic,AQUOS sense4 basic シルバー 64GB A003SH,シルバー,64GB,,4549046094988
SEI9S4SB7U000,スマートフォン本体,SHARP,AQUOS sense4 basic,AQUOS sense4 basic ブラック 64GB A003SH,ブラック,64GB,,
8R4JZ5DF88000,スマートフォン本体,SHARP,AQUOS sense4 basic,AQUOS sense4 basic ライトカッパー 64GB A003SH,ライトカッパー,64GB,,4549046094971
YA9U726ORG000,スマートフォン本体,SHARP,AQUOS sense4 lite,AQUOS sense4 lite シルバー 64GB SH-RM15,シルバー,64GB,,4974019169415
QXGLK1YD3S000,スマートフォン本体,SHARP,AQUOS sense4 lite,AQUOS sense4 lite ブラック 64GB SH-RM15,ブラック,64GB,,4974019169422
I4D6MSZGUD000,スマートフォン本体,SHARP,AQUOS sense4 lite,AQUOS sense4 lite ライトカッパー 64GB SH-RM15,ライトカッパー,64GB,,4974019169408
GHMP8GZG4V000,スマートフォン本体,SHARP,AQUOS sense4 plus,AQUOS sense4 plus パープル 128GB SH-M16,パープル,128GB,,4974019169088
D0TBCDRM6T000,スマートフォン本体,SHARP,AQUOS sense4 plus,AQUOS sense4 plus ブラック 128GB SH-M16,ブラック,128GB,,4974019169101
B5V9ZB2JVL000,スマートフォン本体,SHARP,AQUOS sense4 plus,AQUOS sense4 plus ホワイト 128GB SH-M16,ホワイト,128GB,,4974019169095
YXVEALZS81000,スマートフォン本体,SHARP,AQUOS sense4,AQUOS sense4 イエロー 64GB SH-41A,イエロー,64GB,,4942857213522
JHBBG81IR9000,スマートフォン本体,SHARP,AQUOS sense4,AQUOS sense4 シルバー 64GB SH-M15,シルバー,64GB,,4974019169156
DFKDEXA9B5000,スマートフォン本体,SHARP,AQUOS sense4,AQUOS sense4 シルバー 64GB docomo SH-41A,シルバー,64GB,docomo,4942857213416
1FNTN4ANVP000,スマートフォン本体,SHARP,AQUOS sense4,AQUOS sense4 ブラック 64GB SH-M15,ブラック,64GB,,4974019169163
1ORQG5N65Q000,スマートフォン本体,SHARP,AQUOS sense4,AQUOS sense4 ブラック 64GB docomo SH-41A,ブラック,64GB,docomo,4942857213409
H4GGE6GH0L000,スマートフォン本体,SHARP,AQUOS sense4,AQUOS sense4 ブルー 64GB SH-41A,ブルー,64GB,,4942857213515
5TYFEZIW9P000,スマートフォン本体,SHARP,AQUOS sense4,AQUOS sense4 ライトカッパー 64GB SH-41A／SH-M15,ライトカッパー,64GB,,4974019169149
21P5T815ZP000,スマートフォン本体,SHARP,AQUOS sense4,AQUOS sense4 ライトブルー 64GB SH-41A,ライトブルー,64GB,,4942857213423
ABFJE3QVGM000,スマートフォン本体,SHARP,AQUOS sense4,AQUOS sense4 レッド 64GB SH-41A,レッド,64GB,,4942857213508
74XMOL24W6000,スマートフォン本体,SHARP,AQUOS sense5G,AQUOS sense5G イエローゴールド 64GB SH-53A,イエローゴールド,64GB,,4942857217056
40A7S4QAXV000,スマートフォン本体,SHARP,AQUOS sense5G,AQUOS sense5G オリーブシルバー 64GB SHG03／SH-53A,オリーブシルバー,64GB,,4941787080679
4FRVO6N7SJ000,スマートフォン本体,SHARP,AQUOS sense5G,AQUOS sense5G オリーブシルバー 64GB SIMフリー SH-M17,オリーブシルバー,64GB,SIMフリー,4974019191010
N6FT4RAVN3000,スマートフォン本体,SHARP,AQUOS sense5G,AQUOS sense5G オリーブシルバー 64GB SoftBank A004SH,オリーブシルバー,64GB,SoftBank,4549046096043
3UWUS81G6Y000,スマートフォン本体,SHARP,AQUOS sense5G,AQUOS sense5G オリーブシルバー 64GB docomo SH-53A,オリーブシルバー,64GB,docomo,
WX4G4HX96S000,スマートフォン本体,SHARP,AQUOS sense5G,AQUOS sense5G コーラルレッド 64GB SH-53A,コーラルレッド,64GB,,4942857217063
PYJ4JSAYIZ000,スマートフォン本体,SHARP,AQUOS sense5G,AQUOS sense5G スカイブルー 64GB SH-53A,スカイブルー,64GB,,4942857217049
KWLA6VUE1P000,スマートフォン本体,SHARP,AQUOS sense5G,AQUOS sense5G ニュアンスブラック 64GB SH-53A,ニュアンスブラック,64GB,,4942857217018
SI5ARE66PM000,スマートフォン本体,SHARP,AQUOS sense5G,AQUOS sense5G ブラック 64GB SH-M17,ブラック,64GB,,4974019190983
KJ36VOZU1R000,スマートフォン本体,SHARP,AQUOS sense5G,AQUOS sense5G ブラック 64GB SoftBank A004SH,ブラック,64GB,SoftBank,4549046096036
KO7B6BKR2D000,スマートフォン本体,SHARP,AQUOS sense5G,AQUOS sense5G ブラック 64GB au SHG03,ブラック,64GB,au,4941787080686
4GS9ONVUR4000,スマートフォン本体,SHARP,AQUOS sense5G,AQUOS sense5G ライトカッパー 64GB SH-M17／SH-53A,ライトカッパー,64GB,,4974019191003
HXTE7YN4A4000,スマートフォン本体,SHARP,AQUOS sense5G,AQUOS sense5G ライトカッパー 64GB SoftBank A004SH,ライトカッパー,64GB,SoftBank,4549046096029
WXIO0CSEY2000,スマートフォン本体,SHARP,AQUOS sense5G,AQUOS sense5G ライトカッパー 64GB au SHG03,ライトカッパー,64GB,au,4941787080662
2A14OCCGJA000,スマートフォン本体,SHARP,AQUOS sense5G,AQUOS sense5G ライトカッパー 64GB docomo SH-53A,ライトカッパー,64GB,docomo,
UKZS9M8P2O000,スマートフォン本体,SHARP,AQUOS sense5G,AQUOS sense5G ライラック 64GB SH-M17／SH-53A,ライラック,64GB,,4942857217032
UUAZFCT94V000,スマートフォン本体,SHARP,AQUOS sense5G,AQUOS sense5G ライラック 64GB docomo SH-53A,ライラック,64GB,docomo,
Q7LXRVZE44000,スマートフォン本体,SHARP,AQUOS sense6,AQUOS sense6 シルバー 128GB SH-M19,シルバー,128GB,,4974019206066
CYWAX5NM9M000,スマートフォン本体,SHARP,AQUOS sense6,AQUOS sense6 シルバー 64GB SH-M19,シルバー,64GB,,4974019206035
VA40X4WYIF000,スマートフォン本体,SHARP,AQUOS sense6,AQUOS sense6 シルバー 64GB au SHG05,シルバー,64GB,au,4941787087852
MRS0UJMO6W000,スマートフォン本体,SHARP,AQUOS sense6,AQUOS sense6 シルバー 64GB docomo SH-54B,シルバー,64GB,docomo,4942857219760
UTMU8O40PS000,スマートフォン本体,SHARP,AQUOS sense6,AQUOS sense6 シルバー 64GB 楽天モバイル SH-RM19,シルバー,64GB,楽天モバイル,4974019205946
S6YU44TO43000,スマートフォン本体,SHARP,AQUOS sense6,AQUOS sense6 ブラック 128GB SH-M19,ブラック,128GB,,4974019206042
7ZPC0Y4TRM000,スマートフォン本体,SHARP,AQUOS sense6,AQUOS sense6 ブラック 64GB SH-M19,ブラック,64GB,,4974019206011
5VHXGD6U3M000,スマートフォン本体,SHARP,AQUOS sense6,AQUOS sense6 ブラック 64GB au SHG05,ブラック,64GB,au,4941787087845
09SXZU44C1000,スマートフォン本体,SHARP,AQUOS sense6,AQUOS sense6 ブラック 64GB docomo SH-54B,ブラック,64GB,docomo,4942857219753
G2Z0JR44W5000,スマートフォン本体,SHARP,AQUOS sense6,AQUOS sense6 ブラック 64GB 楽天モバイル SH-RM19,ブラック,64GB,楽天モバイル,4974019205908
40O2RBWSL9000,スマートフォン本体,SHARP,AQUOS sense6,AQUOS sense6 ブルーメタリック 128GB,ブルーメタリック,128GB,,
NKVIXG9WZ5000,スマートフォン本体,SHARP,AQUOS sense6,AQUOS sense6 ブルーメタリック 64GB SH-54B,ブルーメタリック,64GB,,
2OQHYQ01BO000,スマートフォン本体,SHARP,AQUOS sense6,AQUOS sense6 ライトカッパー 128GB SH-M19,ライトカッパー,128GB,,4974019206059
HRSCR462E3000,スマートフォン本体,SHARP,AQUOS sense6,AQUOS sense6 ライトカッパー 64GB SH-M19,ライトカッパー,64GB,,4974019206028
406AIY0P4X000,スマートフォン本体,SHARP,AQUOS sense6,AQUOS sense6 ライトカッパー 64GB au SHG05,ライトカッパー,64GB,au,4941787087838
UK5L6WE47P000,スマートフォン本体,SHARP,AQUOS sense6,AQUOS sense6 ライトカッパー 64GB docomo SH-54B,ライトカッパー,64GB,docomo,4942857219746
V9416AE9E1000,スマートフォン本体,SHARP,AQUOS sense6,AQUOS sense6 ライトカッパー 64GB 楽天モバイル SH-RM19,ライトカッパー,64GB,楽天モバイル,4974019205915
G0NESURYS4000,スマートフォン本体,SHARP,AQUOS sense6s,AQUOS sense6s シルバー 64GB SHG07,シルバー,64GB,,4974019222486
RTMP378N1Q000,スマートフォン本体,SHARP,AQUOS sense6s,AQUOS sense6s ブラック 64GB SHG07,ブラック,64GB,,4974019222462
V0BEAK6SHW000,スマートフォン本体,SHARP,AQUOS sense6s,AQUOS sense6s ライトカッパー 64GB SHG07,ライトカッパー,64GB,,4974019222479
MO48F9KUX2000,スマートフォン本体,SHARP,AQUOS sense7 plus,AQUOS sense7 plus シルバー 128GB A208SH,シルバー,128GB,,4549046137142
1X45OA5WCL000,スマートフォン本体,SHARP,AQUOS sense7 plus,AQUOS sense7 plus ディープカッパー 128GB A208SH,ディープカッパー,128GB,,4549046137135
JEE4YRF7O0000,スマートフォン本体,SHARP,AQUOS sense7 plus,AQUOS sense7 plus ブラック 128GB A208SH,ブラック,128GB,,4549046137159
43Q4SXXEGR000,スマートフォン本体,SHARP,AQUOS sense7,AQUOS sense7 フォレストグリーン 128GB SH-M24,フォレストグリーン,128GB,,4974019418414
71U471CQWR000,スマートフォン本体,SHARP,AQUOS sense7,AQUOS sense7 ブラック 128GB SH-53C／SHG10／SH-M24,ブラック,128GB,,4942857225617
WBQF0BA5LA000,スマートフォン本体,SHARP,AQUOS sense7,AQUOS sense7 ブラック 128GB SIMフリー SH-M24,ブラック,128GB,SIMフリー,4974019280844
4TSB2H81U8000,スマートフォン本体,SHARP,AQUOS sense7,AQUOS sense7 ブラック 128GB au SHG10,ブラック,128GB,au,
4U0NJQSDCU000,スマートフォン本体,SHARP,AQUOS sense7,AQUOS sense7 ブルー 128GB SHG10／SH-M24,ブルー,128GB,,4941787114206
J4W08MIMTP000,スマートフォン本体,SHARP,AQUOS sense7,AQUOS sense7 ブルー 128GB SIMフリー SH-M24,ブルー,128GB,SIMフリー,4974019269443
70HPW3GAUO000,スマートフォン本体,SHARP,AQUOS sense7,AQUOS sense7 ブルー 128GB docomo SH-53C,ブルー,128GB,docomo,4942857225600
GL89SP09WX000,スマートフォン本体,SHARP,AQUOS sense7,AQUOS sense7 ライトカッパー 128GB SHG10／SH-M24,ライトカッパー,128GB,,4941787114190
XT01AC5CW4000,スマートフォン本体,SHARP,AQUOS sense7,AQUOS sense7 ライトカッパー 128GB SIMフリー SH-M24,ライトカッパー,128GB,SIMフリー,4974019269078
HZFZOJRAT5000,スマートフォン本体,SHARP,AQUOS sense7,AQUOS sense7 ライトカッパー 128GB docomo SH-53C,ライトカッパー,128GB,docomo,4942857225594
LJ785G8M72000,スマートフォン本体,SHARP,AQUOS sense7,AQUOS sense7 ラベンダー 128GB SH-53C,ラベンダー,128GB,,
93OHK4DBHP000,スマートフォン本体,SHARP,AQUOS sense8,AQUOS sense8 コバルトブラック 128GB,コバルトブラック,128GB,,4550556115339
EK7T2E43KJ000,スマートフォン本体,SHARP,AQUOS sense8,AQUOS sense8 コバルトブラック 128GB au SHG11,コバルトブラック,128GB,au,4941787123734
EQEOT9VAFD000,スマートフォン本体,SHARP,AQUOS sense8,AQUOS sense8 コバルトブラック 128GB docomo SH-54D,コバルトブラック,128GB,docomo,4942857234008
3EFPMV5UEM000,スマートフォン本体,SHARP,AQUOS sense8,AQUOS sense8 コバルトブラック 128GB 楽天モバイル SH-M26,コバルトブラック,128GB,楽天モバイル,4550556115360
F2RB9V4MSV000,スマートフォン本体,SHARP,AQUOS sense8,AQUOS sense8 ブルー 128GB SH-54D,ブルー,128GB,,
3OX7LI879I000,スマートフォン本体,SHARP,AQUOS sense8,AQUOS sense8 ブルー 128GB docomo SH-54D,ブルー,128GB,docomo,
C7LG72TVNQ000,スマートフォン本体,SHARP,AQUOS sense8,AQUOS sense8 ペールグリーン 128GB SH-M26,ペールグリーン,128GB,,4550556115315
MDWKP0AAXR000,スマートフォン本体,SHARP,AQUOS sense8,AQUOS sense8 ペールグリーン 128GB au SHG11,ペールグリーン,128GB,au,4941787123710
68U222EHO2000,スマートフォン本体,SHARP,AQUOS sense8,AQUOS sense8 ペールグリーン 128GB docomo SH-54D,ペールグリーン,128GB,docomo,4942857233988
C42HU40P6W000,スマートフォン本体,SHARP,AQUOS sense8,AQUOS sense8 ペールグリーン 128GB 楽天モバイル SH-M26,ペールグリーン,128GB,楽天モバイル,4550556115346
F4CB48Z4N2000,スマートフォン本体,SHARP,AQUOS sense8,AQUOS sense8 ライトカッパー 128GB SH-M26,ライトカッパー,128GB,,4550556115322
5LSD6TML4K000,スマートフォン本体,SHARP,AQUOS sense8,AQUOS sense8 ライトカッパー 128GB au SHG11,ライトカッパー,128GB,au,
PKFZ9EJXRZ000,スマートフォン本体,SHARP,AQUOS sense8,AQUOS sense8 ライトカッパー 128GB docomo SH-54D,ライトカッパー,128GB,docomo,4942857233995
HR9038UR6D000,スマートフォン本体,SHARP,AQUOS sense8,AQUOS sense8 ライトカッパー 128GB 楽天モバイル SH-M26,ライトカッパー,128GB,楽天モバイル,4550556115353
OOSCKAO1NZ000,スマートフォン本体,SHARP,AQUOS sense9,AQUOS sense9 グリーン 128GB au SHG14,グリーン,128GB,au,
JWV2AOF963000,スマートフォン本体,SHARP,AQUOS sense9,AQUOS sense9 グリーン 128GB docomo SH-53E,グリーン,128GB,docomo,
C439X441DN000,スマートフォン本体,SHARP,AQUOS sense9,AQUOS sense9 グリーン 256GB,グリーン,256GB,,
93ZIEI7S3Q000,スマートフォン本体,SHARP,AQUOS sense9,AQUOS sense9 グレージュ 128GB,グレージュ,128GB,,
388LK4SHNZ000,スマートフォン本体,SHARP,AQUOS sense9,AQUOS sense9 グレージュ 256GB SH-M29,グレージュ,256GB,,4550556149945
HE0M1CPTP3000,スマートフォン本体,SHARP,AQUOS sense9,AQUOS sense9 コーラル 128GB SH-M29,コーラル,128GB,,4550556144292
8OYQEOLKFU000,スマートフォン本体,SHARP,AQUOS sense9,AQUOS sense9 コーラル 128GB SoftBank SHSJW2,コーラル,128GB,SoftBank,4549046147349
LD07LDXATH000,スマートフォン本体,SHARP,AQUOS sense9,AQUOS sense9 コーラル 128GB au SHG14,コーラル,128GB,au,4941787130695
WIDLGKZ749000,スマートフォン本体,SHARP,AQUOS sense9,AQUOS sense9 コーラル 128GB docomo SH-53E,コーラル,128GB,docomo,4942857239706
2J4XRB56PY000,スマートフォン本体,SHARP,AQUOS sense9,AQUOS sense9 コーラル 256GB SH-M29,コーラル,256GB,,4550556144353
4SGZVK2SWM000,スマートフォン本体,SHARP,AQUOS sense9,AQUOS sense9 ブラック 128GB SHSJW3／SH-M29,ブラック,128GB,,4549046147356
LC1EQYEZIJ000,スマートフォン本体,SHARP,AQUOS sense9,AQUOS sense9 ブラック 128GB SIMフリー SH-M29,ブラック,128GB,SIMフリー,4550556144322
H53TZYSMFE000,スマートフォン本体,SHARP,AQUOS sense9,AQUOS sense9 ブラック 128GB au SHG14,ブラック,128GB,au,4941787130657
SEQ314JFA0000,スマートフォン本体,SHARP,AQUOS sense9,AQUOS sense9 ブラック 128GB docomo SH-53E,ブラック,128GB,docomo,4942857239737
K6DZ8GRKRS000,スマートフォン本体,SHARP,AQUOS sense9,AQUOS sense9 ブラック 256GB SH-M29,ブラック,256GB,,4550556144384
F8RQ0J84O4000,スマートフォン本体,SHARP,AQUOS sense9,AQUOS sense9 ブルー 128GB SH-M29／SH-53E,ブルー,128GB,,4550556164726
LE7TFA7R62000,スマートフォン本体,SHARP,AQUOS sense9,AQUOS sense9 ブルー 128GB SIMフリー SH-M29,ブルー,128GB,SIMフリー,4550556144285
SO81EGFNWI000,スマートフォン本体,SHARP,AQUOS sense9,AQUOS sense9 ブルー 128GB SoftBank SHSJW1,ブルー,128GB,SoftBank,4549046147332
RH4MXY9E83000,スマートフォン本体,SHARP,AQUOS sense9,AQUOS sense9 ブルー 128GB au SHG14,ブルー,128GB,au,4941787130688
3XU4OCUP9R000,スマートフォン本体,SHARP,AQUOS sense9,AQUOS sense9 ブルー 128GB docomo SH-53E,ブルー,128GB,docomo,
TGLNHE0QSG000,スマートフォン本体,SHARP,AQUOS sense9,AQUOS sense9 ブルー 256GB SH-M29,ブルー,256GB,,4550556144346
LNX4W8ATY4000,スマートフォン本体,SHARP,AQUOS sense9,AQUOS sense9 ホワイト 128GB SH-M29／SHG14,ホワイト,128GB,,4550556144315
475DAHBT4P000,スマートフォン本体,SHARP,AQUOS sense9,AQUOS sense9 ホワイト 128GB au SHG14,ホワイト,128GB,au,
ZZOZCV0X1Q000,スマートフォン本体,SHARP,AQUOS sense9,AQUOS sense9 ホワイト 128GB docomo SH-53E,ホワイト,128GB,docomo,4942857239720
PQFNV4NI4F000,スマートフォン本体,SHARP,AQUOS sense9,AQUOS sense9 ホワイト 256GB SH-M29,ホワイト,256GB,,4550556144377
HN935HB4S4000,スマートフォン本体,SHARP,AQUOS wish,AQUOS wish アイボリー 64GB,アイボリー,64GB,,4549046132420
IT4WT6BXYC000,スマートフォン本体,SHARP,AQUOS wish,AQUOS wish オリーブグリーン 64GB,オリーブグリーン,64GB,,4974019206707
C5VR1410D5000,スマートフォン本体,SHARP,AQUOS wish,AQUOS wish チャコール 64GB,チャコール,64GB,,4549046132437
AB4KZK2EEI000,スマートフォン本体,SHARP,AQUOS wish2,AQUOS wish2 アイボリー 64GB A204SH,アイボリー,64GB,,4549046135643
SHWYHWA8ZM000,スマートフォン本体,SHARP,AQUOS wish2,AQUOS wish2 アイボリー 64GB au SHG08,アイボリー,64GB,au,4941787100841
1B7IJ4FL3R000,スマートフォン本体,SHARP,AQUOS wish2,AQUOS wish2 オリーブグリーン 64GB SHG08,オリーブグリーン,64GB,,4941787100834
DRCIBJ9D45000,スマートフォン本体,SHARP,AQUOS wish2,AQUOS wish2 オリーブグリーン 64GB ワイモバイル A204SH,オリーブグリーン,64GB,ワイモバイル,4549046135636
76OXSBZAIO000,スマートフォン本体,SHARP,AQUOS wish2,AQUOS wish2 コーラル 64GB SH-51C,コーラル,64GB,,4942857224849
4UDTF89QD0000,スマートフォン本体,SHARP,AQUOS wish2,AQUOS wish2 チャコール 64GB SHG08,チャコール,64GB,,4941787100858
RN0B947R73000,スマートフォン本体,SHARP,AQUOS wish2,AQUOS wish2 チャコール 64GB docomo SH-51C,チャコール,64GB,docomo,4942857224825
4WFIH9U1MY000,スマートフォン本体,SHARP,AQUOS wish2,AQUOS wish2 チャコール 64GB ワイモバイル A204SH,チャコール,64GB,ワイモバイル,4549046135650
IG3JNME9FO000,スマートフォン本体,SHARP,AQUOS wish2,AQUOS wish2 ブルー 64GB SH-51C,ブルー,64GB,,4942857224832
Y226CY8U9E000,スマートフォン本体,SHARP,AQUOS wish2,AQUOS wish2 ホワイト 64GB SH-51C,ホワイト,64GB,,4942857224818
164XYO6V0Q000,スマートフォン本体,SHARP,AQUOS wish3,AQUOS wish3 グリーン 64GB A302SH／SH-M25,グリーン,64GB,,4549046141309
Y0LLJPREHF000,スマートフォン本体,SHARP,AQUOS wish3,AQUOS wish3 グリーン 64GB SIMフリー SH-M25,グリーン,64GB,SIMフリー,4550556103572
BHRCK4ZFND000,スマートフォン本体,SHARP,AQUOS wish3,AQUOS wish3 グリーン 64GB docomo SH-53D,グリーン,64GB,docomo,4942857233421
VFW23ULDMA000,スマートフォン本体,SHARP,AQUOS wish3,AQUOS wish3 グリーン 64GB ワイモバイル A302SH,グリーン,64GB,ワイモバイル,4549046139023
Z6OZG3BUN5000,スマートフォン本体,SHARP,AQUOS wish3,AQUOS wish3 ピンク 64GB A302SH,ピンク,64GB,,4549046139054
1CBD7EKBDR000,スマートフォン本体,SHARP,AQUOS wish3,AQUOS wish3 ブラック 64GB SH-M25,ブラック,64GB,,4550556103596
PQQ4JQYA7L000,スマートフォン本体,SHARP,AQUOS wish3,AQUOS wish3 ブラック 64GB SoftBank A302SH,ブラック,64GB,SoftBank,4549046141323
FHFN5FY0HR000,スマートフォン本体,SHARP,AQUOS wish3,AQUOS wish3 ブラック 64GB docomo SH-53D,ブラック,64GB,docomo,4942857233445
C2PE2T00G4000,スマートフォン本体,SHARP,AQUOS wish3,AQUOS wish3 ブラック 64GB ワイモバイル A302SH,ブラック,64GB,ワイモバイル,4549046139047
F3XWN4ZO14000,スマートフォン本体,SHARP,AQUOS wish3,AQUOS wish3 ブラック 64GB 楽天モバイル SH-M25,ブラック,64GB,楽天モバイル,4550556103626
41J1H2L6P3000,スマートフォン本体,SHARP,AQUOS wish3,AQUOS wish3 ホワイト 64GB SH-M25,ホワイト,64GB,,4550556103589
X3R1RGN842000,スマートフォン本体,SHARP,AQUOS wish3,AQUOS wish3 ホワイト 64GB SoftBank A302SH,ホワイト,64GB,SoftBank,4549046141316
GOPJ14ZF4P000,スマートフォン本体,SHARP,AQUOS wish3,AQUOS wish3 ホワイト 64GB docomo SH-53D,ホワイト,64GB,docomo,4942857233438
MRVU9SDL2T000,スマートフォン本体,SHARP,AQUOS wish3,AQUOS wish3 ホワイト 64GB ワイモバイル A302SH,ホワイト,64GB,ワイモバイル,4549046139030
YDU4C3Q15G000,スマートフォン本体,SHARP,AQUOS wish3,AQUOS wish3 ホワイト 64GB 楽天モバイル SH-M25,ホワイト,64GB,楽天モバイル,4550556103619
0N0W43QIAN000,スマートフォン本体,SHARP,AQUOS wish4,AQUOS wish4 ピンク 64GB A402SH,ピンク,64GB,,4549046143488
LX6TLOX4PP000,スマートフォン本体,SHARP,AQUOS wish4,AQUOS wish4 ブラック 64GB A402SH／SH-M27,ブラック,64GB,,4549046143471
OJZ8FR1PWG000,スマートフォン本体,SHARP,AQUOS wish4,AQUOS wish4 ブラック 64GB SIMフリー SH-M27,ブラック,64GB,SIMフリー,4550556131131
TBPCEHPC2G000,スマートフォン本体,SHARP,AQUOS wish4,AQUOS wish4 ブラック 64GB docomo SH-52E,ブラック,64GB,docomo,4942857236873
ITPRS1PL23000,スマートフォン本体,SHARP,AQUOS wish4,AQUOS wish4 ブルー 64GB A402SH／SH-M27,ブルー,64GB,,4549046143457
YSPBBEZCPE000,スマートフォン本体,SHARP,AQUOS wish4,AQUOS wish4 ブルー 64GB SIMフリー SH-M27,ブルー,64GB,SIMフリー,4550556131292
O4FHL4K5FI000,スマートフォン本体,SHARP,AQUOS wish4,AQUOS wish4 ブルー 64GB docomo SH-52E,ブルー,64GB,docomo,4942857236859
45WIAXXICG000,スマートフォン本体,SHARP,AQUOS wish4,AQUOS wish4 ホワイト 64GB A402SH／SH-M27,ホワイト,64GB,,4549046143464
R44KKW8508000,スマートフォン本体,SHARP,AQUOS wish4,AQUOS wish4 ホワイト 64GB SIMフリー SH-M27,ホワイト,64GB,SIMフリー,4550556131148
E94CP02HZ3000,スマートフォン本体,SHARP,AQUOS wish4,AQUOS wish4 ホワイト 64GB docomo SH-52E,ホワイト,64GB,docomo,4942857236866
W61RPFRKBB000,スマートフォン本体,SHARP,AQUOS wish5,AQUOS wish5 スミ 128GB,スミ,128GB,,4550556170567
9W5QM8LBMA000,スマートフォン本体,SHARP,AQUOS wish5,AQUOS wish5 スミ 64GB,スミ,64GB,,4942857244236
L9DNSWA5LO000,スマートフォン本体,SHARP,AQUOS wish5,AQUOS wish5 ナデシコ 128GB,ナデシコ,128GB,,4550556170574
S5W47H6Z91000,スマートフォン本体,SHARP,AQUOS wish5,AQUOS wish5 ナデシコ 64GB,ナデシコ,64GB,,4942857244212
IV0OYDLBIW000,スマートフォン本体,SHARP,AQUOS wish5,AQUOS wish5 ミソラ 128GB,ミソラ,128GB,,4550556170550
4LIJYUGOB5000,スマートフォン本体,SHARP,AQUOS wish5,AQUOS wish5 ミソラ 64GB,ミソラ,64GB,,4942857244205
P5DIQAUDGQ000,スマートフォン本体,SHARP,AQUOS wish5,AQUOS wish5 ユキ 128GB,ユキ,128GB,,4550556170598
6R8X4DDQJ8000,スマートフォン本体,SHARP,AQUOS wish5,AQUOS wish5 ユキ 64GB,ユキ,64GB,,4942857244229
EUNEVA0P6D000,スマートフォン本体,SHARP,AQUOS wish5,AQUOS wish5 ワカバ 64GB,ワカバ,64GB,,4942857244243
2STJZGYOK2000,スマートフォン本体,SHARP,AQUOS zero,AQUOS zero アドバンスドブラック 128GB,アドバンスドブラック,128GB,,4974019123981
JSQ3TAUCVR000,スマートフォン本体,SHARP,AQUOS zero2,AQUOS zero2 アストロブラック 256GB,アストロブラック,256GB,,
WXL3LZ700G000,スマートフォン本体,SHARP,AQUOS zero2,AQUOS zero2 ミスティホワイト 256GB,ミスティホワイト,256GB,,4941787072414
04QYB4O2YJ000,スマートフォン本体,SHARP,AQUOS zero5G basic DX,AQUOS zero5G basic DX ブラック 128GB SHG02,ブラック,128GB,,
DDNRASUVXZ000,スマートフォン本体,SHARP,AQUOS zero5G basic DX,AQUOS zero5G basic DX ホワイト 128GB SHG02,ホワイト,128GB,,
A0P6IA4UNC000,スマートフォン本体,SHARP,AQUOS zero5G basic,AQUOS zero5G basic ブラック 64GB A002SH,ブラック,64GB,,4549046094865
2KE0BWADNF000,スマートフォン本体,SHARP,AQUOS zero5G basic,AQUOS zero5G basic ブルー 64GB A002SH,ブルー,64GB,,
GK0TT8GP7B000,スマートフォン本体,SHARP,AQUOS zero6,AQUOS zero6 パープル 128GB,パープル,128GB,,
26SP4118WB000,スマートフォン本体,SHARP,AQUOS zero6,AQUOS zero6 ブラック 128GB,ブラック,128GB,,
2JZAI3MIS5000,スマートフォン本体,SHARP,AQUOS zero6,AQUOS zero6 ホワイト 128GB,ホワイト,128GB,,
55L0S90HT1000,スマートフォン本体,SHARP,AQUOS ロボホンスマホセット専用モデル,AQUOS ロボホンスマホセット専用モデル ホワイト 16GB,ホワイト,16GB,,
DUQEKTR51L000,スマートフォン本体,SHARP,Android One S1,Android One S1 ターコイズ 16GB,ターコイズ,16GB,,
4Q4G1QS727000,スマートフォン本体,SHARP,Android One S1,Android One S1 ピンク 16GB,ピンク,16GB,,
4A4GDS9DWL000,スマートフォン本体,SHARP,Android One S1,Android One S1 ブラック 16GB,ブラック,16GB,,
7F26VOYUFG000,スマートフォン本体,SHARP,Android One S1,Android One S1 ホワイト 16GB,ホワイト,16GB,,
EPTDW8ZHE5000,スマートフォン本体,SHARP,Android One S3,Android One S3 ターコイズ 32GB S3-SH,ターコイズ,32GB,,
UU444GZNPJ000,スマートフォン本体,SHARP,Android One S3,Android One S3 ネイビーブラック 32GB S3-SH,ネイビーブラック,32GB,,
AAAY0L4F9Q000,スマートフォン本体,SHARP,Android One S3,Android One S3 ピンク 32GB S3-SH,ピンク,32GB,,
1QWFW7WVXK000,スマートフォン本体,SHARP,Android One S3,Android One S3 ホワイト 32GB S3-SH,ホワイト,32GB,,
5QXSVDG2JH000,スマートフォン本体,SHARP,Android One S5,Android One S5 クールシルバー 32GB S5-SH,クールシルバー,32GB,,
ZLV2N4TFG3000,スマートフォン本体,SHARP,Android One S5,Android One S5 ダークブルー 32GB S5-SH,ダークブルー,32GB,,
579F6DIOVF000,スマートフォン本体,SHARP,Android One S5,Android One S5 ローズピンク 32GB S5-SH,ローズピンク,32GB,,
58JM4SNYLC000,スマートフォン本体,SHARP,Android One S7,Android One S7 シルバー 32GB S7-SH,シルバー,32GB,,
M4JB40HI4N000,スマートフォン本体,SHARP,Android One S7,Android One S7 ブラック 32GB S7-SH,ブラック,32GB,,4549046090218
GSS29T3ERM000,スマートフォン本体,SHARP,Android One S7,Android One S7 ライトカッパー 32GB S7-SH,ライトカッパー,32GB,,
VA4KY4CMCD000,スマートフォン本体,SHARP,Android One X1,Android One X1 ダークパープル 32GB,ダークパープル,32GB,,
UAPIVJP9BL000,スマートフォン本体,SHARP,Android One X1,Android One X1 ホワイト 32GB,ホワイト,32GB,,
918W3OW1HF000,スマートフォン本体,SHARP,Android One X1,Android One X1 ミントグリーン 32GB,ミントグリーン,32GB,,
U99H7DLQ1I000,スマートフォン本体,SHARP,Android One X4,Android One X4 オーシャンブルー 32GB X4-SH,オーシャンブルー,32GB,,
AXU7R1J4O3000,スマートフォン本体,SHARP,Android One X4,Android One X4 パールホワイト 32GB X4-SH,パールホワイト,32GB,,
J3K3S841MW000,スマートフォン本体,SHARP,Android One X4,Android One X4 ボルドーピンク 32GB X4-SH,ボルドーピンク,32GB,,
WTZ2G4JKRK000,スマートフォン本体,SHARP,Android One,Android One スモーキーブルー 16GB,スモーキーブルー,16GB,,
4A72N2SCSQ000,スマートフォン本体,SHARP,Android One,Android One ブラック 16GB,ブラック,16GB,,
44RAGA4VN2000,スマートフォン本体,SHARP,Android One,Android One ホワイト 16GB,ホワイト,16GB,,
G8286CX6IH000,スマートフォン本体,SHARP,Disney Mobile DM-01H,Disney Mobile DM-01H スパークルピンク 16GB,スパークルピンク,16GB,,
QOXAR4E7ZE000,スマートフォン本体,SHARP,Disney Mobile DM-01H,Disney Mobile DM-01H スパークルブルー 16GB,スパークルブルー,16GB,,
XIGDA1WBD9000,スマートフォン本体,SHARP,Disney Mobile DM-01J,Disney Mobile DM-01J ピンク 16GB,ピンク,16GB,,
J4WQ4IO4RZ000,スマートフォン本体,SHARP,Disney Mobile DM-01J,Disney Mobile DM-01J ブルー 16GB,ブルー,16GB,,
X3YBX4YGKK000,スマートフォン本体,SHARP,Disney Mobile DM-01J,Disney Mobile DM-01J ホワイト 16GB,ホワイト,16GB,,
4384DW0QCG000,スマートフォン本体,SHARP,Disney Mobile DM009SH,Disney Mobile DM009SH スターホワイト 1GB,スターホワイト,1GB,,
8A9I24ADPA000,スマートフォン本体,SHARP,Disney Mobile DM010SH,Disney Mobile DM010SH クラシックピンク 1GB,クラシックピンク,1GB,,
NHOTAMD1PX000,スマートフォン本体,SHARP,Disney Mobile DM010SH,Disney Mobile DM010SH クラシックホワイト 1GB,クラシックホワイト,1GB,,
MABEHFPT4R000,スマートフォン本体,SHARP,Disney Mobile DM011SH,Disney Mobile DM011SH シルキーピンク 1GB,シルキーピンク,1GB,,
NW114HKD5P000,スマートフォン本体,SHARP,Disney Mobile DM011SH,Disney Mobile DM011SH シルキーホワイト 1GB,シルキーホワイト,1GB,,
KC6O0H34M4000,スマートフォン本体,SHARP,Disney Mobile DM012SH,Disney Mobile DM012SH スタイルピンク 4GB,スタイルピンク,4GB,,
AY8J00FNUQ000,スマートフォン本体,SHARP,Disney Mobile DM012SH,Disney Mobile DM012SH スタイルホワイト 4GB,スタイルホワイト,4GB,,
7TPHVEEPS3000,スマートフォン本体,SHARP,Disney Mobile DM013SH,Disney Mobile DM013SH ミニーピンク 4GB,ミニーピンク,4GB,,
U24PGYTPWG000,スマートフォン本体,SHARP,Disney Mobile DM013SH,Disney Mobile DM013SH ミニーホワイト 4GB,ミニーホワイト,4GB,,
866P44TW54000,スマートフォン本体,SHARP,Disney Mobile DM013SH,Disney Mobile DM013SH ミニーローズ 4GB,ミニーローズ,4GB,,
XPH86BFUKH000,スマートフォン本体,SHARP,Disney Mobile DM014SH,Disney Mobile DM014SH ラブピンク 8GB,ラブピンク,8GB,,
J9FF0EQPSB000,スマートフォン本体,SHARP,Disney Mobile DM014SH,Disney Mobile DM014SH ラブホワイト 8GB,ラブホワイト,8GB,,
DUVTH7NQVT000,スマートフォン本体,SHARP,Disney Mobile DM015K,Disney Mobile DM015K クラシックホワイト 16GB,クラシックホワイト,16GB,,
6ZC3ABB0JE000,スマートフォン本体,SHARP,Disney Mobile DM015K,Disney Mobile DM015K スウィートピンク 16GB,スウィートピンク,16GB,,
3G2L4F2UVB000,スマートフォン本体,SHARP,Disney Mobile DM015K,Disney Mobile DM015K ハニーイエロー 16GB,ハニーイエロー,16GB,,
XJBO6521XL000,スマートフォン本体,SHARP,Disney Mobile DM016SH,Disney Mobile DM016SH ホワイト 32GB,ホワイト,32GB,,
3VFFW2JB0G000,スマートフォン本体,SHARP,Disney Mobile SH-02G,Disney Mobile SH-02G アイスブルー 32GB,アイスブルー,32GB,,
4GB3KCCBK7000,スマートフォン本体,SHARP,Disney Mobile SH-02G,Disney Mobile SH-02G スパークリングホワイト 32GB,スパークリングホワイト,32GB,,
7HW351MWBJ000,スマートフォン本体,SHARP,Disney Mobile SH-02G,Disney Mobile SH-02G ライトピンク 32GB,ライトピンク,32GB,,
SA187B0ZCV000,スマートフォン本体,SHARP,Disney Mobile SH-05F,Disney Mobile SH-05F シルキーピンク 32GB,シルキーピンク,32GB,,
GHRTUWRYYZ000,スマートフォン本体,SHARP,Disney Mobile SH-05F,Disney Mobile SH-05F シルキーブラック 32GB,シルキーブラック,32GB,,
M89NLVI9BL000,スマートフォン本体,SHARP,Disney Mobile SH-05F,Disney Mobile SH-05F シルキーホワイト 32GB,シルキーホワイト,32GB,,
KPBNZKM6AF000,スマートフォン本体,SHARP,STAR WARS mobile,STAR WARS mobile Dark Side Edition 32GB SW001SH,ダークサイドエディション,32GB,,4549046014771
UYDZ7M4J3O000,スマートフォン本体,SHARP,STAR WARS mobile,STAR WARS mobile Light Side Edition 32GB SW001SH,ライトサイドエディション,32GB,,
D2P7F1BF4N000,スマートフォン本体,SONY,Xperia 1 II (RAM 12GBモデル),Xperia 1 II (RAM 12GBモデル) パープル 256GB,パープル,256GB,,4589771643518
FZEJ092I8G000,スマートフォン本体,SONY,Xperia 1 II (RAM 12GBモデル),Xperia 1 II (RAM 12GBモデル) フロストブラック 256GB XQ-AT42,フロストブラック,256GB,,4589771643495
H8TEFOMAPZ000,スマートフォン本体,SONY,Xperia 1 II (RAM 12GBモデル),Xperia 1 II (RAM 12GBモデル) ホワイト 256GB,ホワイト,256GB,,4589771643501
RL4084RRYB000,スマートフォン本体,SONY,Xperia 1 II,Xperia 1 II パープル 128GB docomo SO-51A,パープル,128GB,docomo,
AWJ04I7V1K000,スマートフォン本体,SONY,Xperia 1 II,Xperia 1 II ブラック 128GB,ブラック,128GB,,
8PDV4EG453000,スマートフォン本体,SONY,Xperia 1 II,Xperia 1 II ホワイト 128GB,ホワイト,128GB,,4942857210989
X2YPN9UGM2000,スマートフォン本体,SONY,Xperia 1 III,Xperia 1 III フロストグリーン 256GB,フロストグリーン,256GB,,
PENKHBTYLZ000,スマートフォン本体,SONY,Xperia 1 III,Xperia 1 III フロストグリーン 512GB,フロストグリーン,512GB,,4589771645208
7IDS97I2G4000,スマートフォン本体,SONY,Xperia 1 III,Xperia 1 III フロストグレイ 512GB,フロストグレイ,512GB,,
54O13GJJ1Y000,スマートフォン本体,SONY,Xperia 1 III,Xperia 1 III フロストグレー 256GB,フロストグレー,256GB,,
MJWPNU8E3M000,スマートフォン本体,SONY,Xperia 1 III,Xperia 1 III フロストグレー 256GB docomo SO-51B,フロストグレー,256GB,docomo,
J3I5YP926T000,スマートフォン本体,SONY,Xperia 1 III,Xperia 1 III フロストグレー 512GB,フロストグレー,512GB,,4589771644652
XPYBWIAI0M000,スマートフォン本体,SONY,Xperia 1 III,Xperia 1 III フロストパープル 256GB,フロストパープル,256GB,,
TNWQFDIQIT000,スマートフォン本体,SONY,Xperia 1 III,Xperia 1 III フロストパープル 512GB,フロストパープル,512GB,,4589771644669
RISTA4E675000,スマートフォン本体,SONY,Xperia 1 III,Xperia 1 III フロストブラック 256GB,フロストブラック,256GB,,
A8GD11LGPB000,スマートフォン本体,SONY,Xperia 1 III,Xperia 1 III フロストブラック 512GB,フロストブラック,512GB,,4589771644645
2MJ27I0X54000,スマートフォン本体,SONY,Xperia 1 IV,Xperia 1 IV Gaming Edition ブラック 512GB XQ-CT44,ブラック,512GB,,4589771646656
ELQESOW6E2000,スマートフォン本体,SONY,Xperia 1 IV,Xperia 1 IV アイスホワイト 256GB,アイスホワイト,256GB,,4941787101510
O6LL8WJ4UE000,スマートフォン本体,SONY,Xperia 1 IV,Xperia 1 IV アイスホワイト 512GB,アイスホワイト,512GB,,4589771646632
X5UKU6LPAF000,スマートフォン本体,SONY,Xperia 1 IV,Xperia 1 IV パープル 256GB SO-51C,パープル,256GB,,4942857222876
C7Z3KXSFF8000,スマートフォン本体,SONY,Xperia 1 IV,Xperia 1 IV パープル 512GB,パープル,512GB,,4589771646649
7LT98FE4D3000,スマートフォン本体,SONY,Xperia 1 IV,Xperia 1 IV ブラック 256GB,ブラック,256GB,,
T5INWKAIEI000,スマートフォン本体,SONY,Xperia 1 IV,Xperia 1 IV ブラック 512GB,ブラック,512GB,,4589771646625
TGZC4Y3I1G000,スマートフォン本体,SONY,Xperia 1 Professional Edition,Xperia 1 Professional Edition ブラック 128GB,ブラック,128GB,,
O3KKGL1RSQ000,スマートフォン本体,SONY,Xperia 1 V,Xperia 1 V カーキグリーン 256GB,カーキグリーン,256GB,,
HRDYAGCW46000,スマートフォン本体,SONY,Xperia 1 V,Xperia 1 V カーキグリーン 512GB XQ-DQ44,カーキグリーン,512GB,,4589771648711
XQDGVEHZWR000,スマートフォン本体,SONY,Xperia 1 V,Xperia 1 V ブラック 256GB,ブラック,256GB,,4942857230987
37E4QB3DNL000,スマートフォン本体,SONY,Xperia 1 V,Xperia 1 V ブラック 512GB XQ-DQ44,ブラック,512GB,,4589771648698
9BZ5PDAWJ3000,スマートフォン本体,SONY,Xperia 1 V,Xperia 1 V プラチナシルバー 256GB,プラチナシルバー,256GB,,4942857230994
1N5522DTFH000,スマートフォン本体,SONY,Xperia 1 V,Xperia 1 V プラチナシルバー 512GB XQ-DQ44,プラチナシルバー,512GB,,4589771648704
UHRW4GCOCW000,スマートフォン本体,SONY,Xperia 1 VI (RAM 12GBモデル),Xperia 1 VI (RAM 12GBモデル) カーキグリーン 256GB XQEC44G1JPCX0,カーキグリーン,256GB,,4589771650455
SVDO4PIBSM000,スマートフォン本体,SONY,Xperia 1 VI (RAM 12GBモデル),Xperia 1 VI (RAM 12GBモデル) カーキグリーン 512GB XQEC44G2JPCX0,カーキグリーン,512GB,,4589771650134
B6O3OK4C30000,スマートフォン本体,SONY,Xperia 1 VI (RAM 12GBモデル),Xperia 1 VI (RAM 12GBモデル) スカーレット 256GB XQEC44R1JPCX0,スカーレット,256GB,,4589771650462
4C0O9K3EUU000,スマートフォン本体,SONY,Xperia 1 VI (RAM 12GBモデル),Xperia 1 VI (RAM 12GBモデル) スカーレット 512GB XQEC44R2JPCX0,スカーレット,512GB,,4589771650141
ACZB6VHK4Z000,スマートフォン本体,SONY,Xperia 1 VI (RAM 12GBモデル),Xperia 1 VI (RAM 12GBモデル) ブラック 256GB XQEC44B1JPCX0／SOG13／SO-51E,ブラック,256GB,,4589771650431
W8DB0V6PY8000,スマートフォン本体,SONY,Xperia 1 VI (RAM 12GBモデル),Xperia 1 VI (RAM 12GBモデル) ブラック 256GB SoftBank A401SO,ブラック,256GB,SoftBank,4549046144614
4JUT15DH99000,スマートフォン本体,SONY,Xperia 1 VI (RAM 12GBモデル),Xperia 1 VI (RAM 12GBモデル) ブラック 256GB au SOG13,ブラック,256GB,au,
EYA9MBJY1E000,スマートフォン本体,SONY,Xperia 1 VI (RAM 12GBモデル),Xperia 1 VI (RAM 12GBモデル) ブラック 256GB docomo SO-51E,ブラック,256GB,docomo,
ZBJJ8GAND3000,スマートフォン本体,SONY,Xperia 1 VI (RAM 12GBモデル),Xperia 1 VI (RAM 12GBモデル) ブラック 512GB XQEC44B2JPCX0,ブラック,512GB,,4589771650110
M07HXQN58K000,スマートフォン本体,SONY,Xperia 1 VI (RAM 12GBモデル),Xperia 1 VI (RAM 12GBモデル) プラチナシルバー 256GB SO-51E／SOG13／A401SO,プラチナシルバー,256GB,,4942857236927
MCOJSJX8ML000,スマートフォン本体,SONY,Xperia 1 VI (RAM 12GBモデル),Xperia 1 VI (RAM 12GBモデル) プラチナシルバー 256GB SIMフリー XQEC44S1JPCX0,プラチナシルバー,256GB,SIMフリー,4589771650448
TRQ9N86U62000,スマートフォン本体,SONY,Xperia 1 VI (RAM 12GBモデル),Xperia 1 VI (RAM 12GBモデル) プラチナシルバー 256GB SoftBank A401SO,プラチナシルバー,256GB,SoftBank,
4H0FLUO1FF000,スマートフォン本体,SONY,Xperia 1 VI (RAM 12GBモデル),Xperia 1 VI (RAM 12GBモデル) プラチナシルバー 256GB au SOG13,プラチナシルバー,256GB,au,
C5E7Q7ST27000,スマートフォン本体,SONY,Xperia 1 VI (RAM 12GBモデル),Xperia 1 VI (RAM 12GBモデル) プラチナシルバー 512GB XQEC44S2JPCX0,プラチナシルバー,512GB,,4589771650127
6SJ8MN2BLD000,スマートフォン本体,SONY,Xperia 1 VI (RAM 16GBモデル),Xperia 1 VI (RAM 16GBモデル) カーキグリーン 512GB XQ-EC44,カーキグリーン,512GB,,4589771650486
RB37QZNFD8000,スマートフォン本体,SONY,Xperia 1 VI (RAM 16GBモデル),Xperia 1 VI (RAM 16GBモデル) ブラック 512GB XQ-EC44,ブラック,512GB,,4589771650479
781709Y53F000,スマートフォン本体,SONY,Xperia 1 VII (RAM 12GBモデル),Xperia 1 VII (RAM 12GBモデル) オーキッドパープル 256GB XQ-FS44V1JPCX0／SOG15／SO-51F,オーキッドパープル,256GB,,4589771651063
QZG56MFSOS000,スマートフォン本体,SONY,Xperia 1 VII (RAM 12GBモデル),Xperia 1 VII (RAM 12GBモデル) オーキッドパープル 256GB au SOG15,オーキッドパープル,256GB,au,
RMFLHWTTX5000,スマートフォン本体,SONY,Xperia 1 VII (RAM 12GBモデル),Xperia 1 VII (RAM 12GBモデル) オーキッドパープル 256GB docomo SO-51F,オーキッドパープル,256GB,docomo,
TJRW80XUXY000,スマートフォン本体,SONY,Xperia 1 VII (RAM 12GBモデル),Xperia 1 VII (RAM 12GBモデル) オーキッドパープル 512GB XQ-FS44V2JPCX0,オーキッドパープル,512GB,,4589771651094
9RBBWLM35O000,スマートフォン本体,SONY,Xperia 1 VII (RAM 12GBモデル),Xperia 1 VII (RAM 12GBモデル) スレートブラック 256GB XQ-FS44B1JPCX0／A501SO／SO-51F／SOG15,スレートブラック,256GB,,4589771651049
BURN7AQU1Q000,スマートフォン本体,SONY,Xperia 1 VII (RAM 12GBモデル),Xperia 1 VII (RAM 12GBモデル) スレートブラック 256GB SoftBank A501SO,スレートブラック,256GB,SoftBank,
RXWU5JBJC6000,スマートフォン本体,SONY,Xperia 1 VII (RAM 12GBモデル),Xperia 1 VII (RAM 12GBモデル) スレートブラック 256GB au SOG15,スレートブラック,256GB,au,
KE4I3IN4L0000,スマートフォン本体,SONY,Xperia 1 VII (RAM 12GBモデル),Xperia 1 VII (RAM 12GBモデル) スレートブラック 256GB docomo SO-51F,スレートブラック,256GB,docomo,
LOJI8A31YE000,スマートフォン本体,SONY,Xperia 1 VII (RAM 12GBモデル),Xperia 1 VII (RAM 12GBモデル) スレートブラック 512GB XQ-FS44B2JPCX0,スレートブラック,512GB,,4589771651070
6VWREVA52D000,スマートフォン本体,SONY,Xperia 1 VII (RAM 12GBモデル),Xperia 1 VII (RAM 12GBモデル) モスグリーン 256GB SO-51F／XQ-FS44G1JPCX0,モスグリーン,256GB,,4589771651056
O1QIHNC0AX000,スマートフォン本体,SONY,Xperia 1 VII (RAM 12GBモデル),Xperia 1 VII (RAM 12GBモデル) モスグリーン 256GB SoftBank A501SO,モスグリーン,256GB,SoftBank,
OU4KJE2BG6000,スマートフォン本体,SONY,Xperia 1 VII (RAM 12GBモデル),Xperia 1 VII (RAM 12GBモデル) モスグリーン 256GB au SOG15,モスグリーン,256GB,au,
DD9P2TDO4J000,スマートフォン本体,SONY,Xperia 1 VII (RAM 12GBモデル),Xperia 1 VII (RAM 12GBモデル) モスグリーン 512GB XQ-FS44G2JPCX0,モスグリーン,512GB,,4589771651087
OJNCMV5B7P000,スマートフォン本体,SONY,Xperia 1 VII (RAM 16GBモデル),Xperia 1 VII (RAM 16GBモデル) オーキッドパープル 512GB XQ-FS44V3JPCX0,オーキッドパープル,512GB,,4589771651124
XTFHLN849E000,スマートフォン本体,SONY,Xperia 1 VII (RAM 16GBモデル),Xperia 1 VII (RAM 16GBモデル) スレートブラック 512GB XQ-FS44B3JPCX0,スレートブラック,512GB,,4589771651100
VWLZ8NSJMM000,スマートフォン本体,SONY,Xperia 1 VII (RAM 16GBモデル),Xperia 1 VII (RAM 16GBモデル) モスグリーン 512GB XQ-FS44G3JPCX0,モスグリーン,512GB,,4589771651117
QFYLC8WTU1000,スマートフォン本体,SONY,Xperia 1,Xperia 1 グレー 64GB SOV40,グレー,64GB,,4941787070861
7ITM25V7WD000,スマートフォン本体,SONY,Xperia 1,Xperia 1 パープル 128GB J9110,パープル,128GB,,4589771643457
ISITAL1GXJ000,スマートフォン本体,SONY,Xperia 1,Xperia 1 パープル 64GB,パープル,64GB,,
47U9PNQ6QF000,スマートフォン本体,SONY,Xperia 1,Xperia 1 ブラック 128GB J9110,ブラック,128GB,,4589771643464
6QC07YYSPW000,スマートフォン本体,SONY,Xperia 1,Xperia 1 ブラック 64GB,ブラック,64GB,,4942857206098
64S2CBYBI7000,スマートフォン本体,SONY,Xperia 1,Xperia 1 ホワイト 64GB,ホワイト,64GB,,4941787070847
NXHK9Y0N9S000,スマートフォン本体,SONY,Xperia 10 II,Xperia 10 II ブラック 64GB SO-41A／XQ-AU42,ブラック,64GB,,4942857211924
IL1ZK6TXCK000,スマートフォン本体,SONY,Xperia 10 II,Xperia 10 II ブラック 64GB au SOV43,ブラック,64GB,au,
RMJ0ESUUWQ000,スマートフォン本体,SONY,Xperia 10 II,Xperia 10 II ブラック 64GB ワイモバイル A001SO,ブラック,64GB,ワイモバイル,4549046093547
HRWWDZK13S000,スマートフォン本体,SONY,Xperia 10 II,Xperia 10 II ブルー 64GB docomo SO-41A,ブルー,64GB,docomo,4942857211825
92CVSL440A000,スマートフォン本体,SONY,Xperia 10 II,Xperia 10 II ブルー 64GB ワイモバイル A001SO,ブルー,64GB,ワイモバイル,4549046093578
AIHOQYUQ4Z000,スマートフォン本体,SONY,Xperia 10 II,Xperia 10 II ホワイト 64GB A001SO／XQ-AU42,ホワイト,64GB,,4549046093554
30DQTO4BHZ000,スマートフォン本体,SONY,Xperia 10 II,Xperia 10 II ホワイト 64GB au SOV43,ホワイト,64GB,au,
569G0XAUAW000,スマートフォン本体,SONY,Xperia 10 II,Xperia 10 II ホワイト 64GB docomo SO-41A,ホワイト,64GB,docomo,4942857211931
BULPEZNU82000,スマートフォン本体,SONY,Xperia 10 II,Xperia 10 II ミント 64GB SO-41A／SOV43,ミント,64GB,,4942857211917
E8CI9MUEGX000,スマートフォン本体,SONY,Xperia 10 II,Xperia 10 II ミント 64GB au SOV43,ミント,64GB,au,
MHW7O7M47L000,スマートフォン本体,SONY,Xperia 10 II,Xperia 10 II ミント 64GB ワイモバイル A001SO,ミント,64GB,ワイモバイル,4549046093561
SQYDWEQED6000,スマートフォン本体,SONY,Xperia 10 III Lite,Xperia 10 III Lite ピンク 64GB,ピンク,64GB,,4589771645000
JXKXUX51M2000,スマートフォン本体,SONY,Xperia 10 III Lite,Xperia 10 III Lite ブラック 64GB,ブラック,64GB,,4589771644973
XB4IX197G7000,スマートフォン本体,SONY,Xperia 10 III Lite,Xperia 10 III Lite ブルー 64GB,ブルー,64GB,,4589771644997
NBGEAHP10W000,スマートフォン本体,SONY,Xperia 10 III Lite,Xperia 10 III Lite ホワイト 64GB,ホワイト,64GB,,4589771644980
2QAYEAQC11000,スマートフォン本体,SONY,Xperia 10 III,Xperia 10 III イエロー 128GB SO-52B,イエロー,128GB,,4942857217704
GIFIAJ0V2I000,スマートフォン本体,SONY,Xperia 10 III,Xperia 10 III ピンク 128GB SO-52B／SOG04,ピンク,128GB,,4942857217698
CZ4JO3RJL5000,スマートフォン本体,SONY,Xperia 10 III,Xperia 10 III ピンク 128GB au SOG04,ピンク,128GB,au,
R0IYYK1ABS000,スマートフォン本体,SONY,Xperia 10 III,Xperia 10 III ピンク 128GB ワイモバイル A102SO,ピンク,128GB,ワイモバイル,4549046130341
HL94M5EVUK000,スマートフォン本体,SONY,Xperia 10 III,Xperia 10 III ブラック 128GB A102SO／SOG04,ブラック,128GB,,4549046130310
MBPFZLBTUN000,スマートフォン本体,SONY,Xperia 10 III,Xperia 10 III ブラック 128GB au SOG04,ブラック,128GB,au,
Q53IC5MNW8000,スマートフォン本体,SONY,Xperia 10 III,Xperia 10 III ブラック 128GB docomo SO-52B,ブラック,128GB,docomo,4942857217667
7CPPD0NUBF000,スマートフォン本体,SONY,Xperia 10 III,Xperia 10 III ブルー 128GB A102SO／SOG04,ブルー,128GB,,4549046130334
IGJPYHT4F7000,スマートフォン本体,SONY,Xperia 10 III,Xperia 10 III ブルー 128GB au SOG04,ブルー,128GB,au,
60MR6O4X7B000,スマートフォン本体,SONY,Xperia 10 III,Xperia 10 III ブルー 128GB docomo SO-52B,ブルー,128GB,docomo,4942857217681
2USQMNCM4P000,スマートフォン本体,SONY,Xperia 10 III,Xperia 10 III ホワイト 128GB SO-52B／SOG04,ホワイト,128GB,,4942857217674
H4EPWE384L000,スマートフォン本体,SONY,Xperia 10 III,Xperia 10 III ホワイト 128GB au SOG04,ホワイト,128GB,au,
872HZMZ42S000,スマートフォン本体,SONY,Xperia 10 III,Xperia 10 III ホワイト 128GB ワイモバイル A102SO,ホワイト,128GB,ワイモバイル,4549046130327
E2MTLQ6CMA000,スマートフォン本体,SONY,Xperia 10 IV,Xperia 10 IV ブラック 128GB XQ-CC44／SOG07,ブラック,128GB,,4589771648018
EADWID2UV8000,スマートフォン本体,SONY,Xperia 10 IV,Xperia 10 IV ブラック 128GB SoftBank A202SO,ブラック,128GB,SoftBank,4549046135360
60S1FGH84C000,スマートフォン本体,SONY,Xperia 10 IV,Xperia 10 IV ブラック 128GB au SOG07,ブラック,128GB,au,
SCI1GZ6FIC000,スマートフォン本体,SONY,Xperia 10 IV,Xperia 10 IV ブラック 128GB docomo SO-52C,ブラック,128GB,docomo,4942857222913
JIGH1XCZSQ000,スマートフォン本体,SONY,Xperia 10 IV,Xperia 10 IV ブラック 128GB 楽天モバイル XQ-CC44,ブラック,128GB,楽天モバイル,4589771645567
3F4AMP3U4W000,スマートフォン本体,SONY,Xperia 10 IV,Xperia 10 IV ホワイト 128GB SO-52C／SOG07,ホワイト,128GB,,4942857222920
7764W9TPLK000,スマートフォン本体,SONY,Xperia 10 IV,Xperia 10 IV ホワイト 128GB SIMフリー XQ-CC44,ホワイト,128GB,SIMフリー,4589771648025
J0W7OXRQXU000,スマートフォン本体,SONY,Xperia 10 IV,Xperia 10 IV ホワイト 128GB SoftBank A202SO,ホワイト,128GB,SoftBank,4549046135377
Q6AGYUW566000,スマートフォン本体,SONY,Xperia 10 IV,Xperia 10 IV ホワイト 128GB au SOG07,ホワイト,128GB,au,
ONQG6NCIK5000,スマートフォン本体,SONY,Xperia 10 IV,Xperia 10 IV ホワイト 128GB 楽天モバイル XQ-CC44,ホワイト,128GB,楽天モバイル,4589771645574
2P4SYNVYF4000,スマートフォン本体,SONY,Xperia 10 IV,Xperia 10 IV ミント 128GB XQ-CC44／SOG07,ミント,128GB,,4589771645598
I8MKGWM8LY000,スマートフォン本体,SONY,Xperia 10 IV,Xperia 10 IV ミント 128GB SoftBank A202SO,ミント,128GB,SoftBank,4549046135353
0W6Y3RO09W000,スマートフォン本体,SONY,Xperia 10 IV,Xperia 10 IV ミント 128GB au SOG07,ミント,128GB,au,
F7UEYU7IZ8000,スマートフォン本体,SONY,Xperia 10 IV,Xperia 10 IV ミント 128GB docomo SO-52C,ミント,128GB,docomo,4942857222937
1A49JV7NE2000,スマートフォン本体,SONY,Xperia 10 IV,Xperia 10 IV ラベンダー 128GB SO-52C／SOG07,ラベンダー,128GB,,4942857222944
RXAPZ2JHHZ000,スマートフォン本体,SONY,Xperia 10 IV,Xperia 10 IV ラベンダー 128GB au SOG07,ラベンダー,128GB,au,
BP1D7LL56A000,スマートフォン本体,SONY,Xperia 10 IV,Xperia 10 IV ラベンダー 128GB 楽天モバイル XQ-CC44,ラベンダー,128GB,楽天モバイル,4589771645581
063NJV41YD000,スマートフォン本体,SONY,Xperia 10 V Fun Edition,Xperia 10 V Fun Edition ミストグレー 128GB docomo SO-52D,ミストグレー,128GB,docomo,
IVK7MVRJ42000,スマートフォン本体,SONY,Xperia 10 V,Xperia 10 V セージグリーン 128GB,セージグリーン,128GB,,4589771648360
Q4X4XZ3Y1R000,スマートフォン本体,SONY,Xperia 10 V,Xperia 10 V ブラック 128GB,ブラック,128GB,,4589771648339
8VGNGF921J000,スマートフォン本体,SONY,Xperia 10 V,Xperia 10 V ホワイト 128GB,ホワイト,128GB,,4589771648346
AHN8U0WVSV000,スマートフォン本体,SONY,Xperia 10 V,Xperia 10 V ラベンダー 128GB,ラベンダー,128GB,,4589771648353
N3YGJQOCPB000,スマートフォン本体,SONY,Xperia 10 VI,Xperia 10 VI ブラック 128GB A402SO／XQ-ES44／SOG14／SO-52E,ブラック,128GB,,4549046144010
SSZVOMA0DR000,スマートフォン本体,SONY,Xperia 10 VI,Xperia 10 VI ブラック 128GB SIMフリー XQES44B1JPCX0,ブラック,128GB,SIMフリー,4589771650684
P9YXOA1L0F000,スマートフォン本体,SONY,Xperia 10 VI,Xperia 10 VI ブラック 128GB au SOG14,ブラック,128GB,au,
LETWRYQT1G000,スマートフォン本体,SONY,Xperia 10 VI,Xperia 10 VI ブラック 128GB docomo SO-52E,ブラック,128GB,docomo,
4CIGBDT3G7000,スマートフォン本体,SONY,Xperia 10 VI,Xperia 10 VI ブラック 128GB 楽天モバイル XQ-ES44,ブラック,128GB,楽天モバイル,
36AOUK71FM000,スマートフォン本体,SONY,Xperia 10 VI,Xperia 10 VI ブルー 128GB XQ-ES44／XQES44L1JPCX0,ブルー,128GB,,4549046143990
GKDZ28MKWO000,スマートフォン本体,SONY,Xperia 10 VI,Xperia 10 VI ブルー 128GB SoftBank A402SO,ブルー,128GB,SoftBank,
Q4RVUZYBW5000,スマートフォン本体,SONY,Xperia 10 VI,Xperia 10 VI ブルー 128GB au SOG14,ブルー,128GB,au,
N6Y2P47D3D000,スマートフォン本体,SONY,Xperia 10 VI,Xperia 10 VI ブルー 128GB docomo SO-52E,ブルー,128GB,docomo,
4JRB4WL9RS000,スマートフォン本体,SONY,Xperia 10 VI,Xperia 10 VI ホワイト 128GB SO-52E／XQ-ES44／SOG14／A402SO,ホワイト,128GB,,4942857236965
BVVGD59ED5000,スマートフォン本体,SONY,Xperia 10 VI,Xperia 10 VI ホワイト 128GB SIMフリー XQES44W1JPCX0,ホワイト,128GB,SIMフリー,4589771650691
U4EJ6S0PR2000,スマートフォン本体,SONY,Xperia 10 VI,Xperia 10 VI ホワイト 128GB SoftBank A402SO,ホワイト,128GB,SoftBank,
OPU3NQSQLG000,スマートフォン本体,SONY,Xperia 10 VI,Xperia 10 VI ホワイト 128GB au SOG14,ホワイト,128GB,au,
HZS97URHSS000,スマートフォン本体,SONY,Xperia 10 VI,Xperia 10 VI ホワイト 128GB 楽天モバイル XQ-ES44,ホワイト,128GB,楽天モバイル,
SBEJM8070S000,スマートフォン本体,SONY,Xperia 10 VII,Xperia 10 VII ターコイズ 128GB XQ-FE44L1JPCX0,ターコイズ,128GB,,4589771651711
XXOV9FNRQC000,スマートフォン本体,SONY,Xperia 10 VII,Xperia 10 VII ターコイズ 128GB au SOG16,ターコイズ,128GB,au,4941787148959
RJGEYZ5LHW000,スマートフォン本体,SONY,Xperia 10 VII,Xperia 10 VII ターコイズ 128GB docomo SO-52F,ターコイズ,128GB,docomo,4942857246353
B8O1TMFGME000,スマートフォン本体,SONY,Xperia 10 VII,Xperia 10 VII チャコールブラック 128GB XQ-FE44B1JPCX0／SOG16／SO-52F／A502SO,チャコールブラック,128GB,,4589771651698
H9TTSB1LGR000,スマートフォン本体,SONY,Xperia 10 VII,Xperia 10 VII チャコールブラック 128GB SoftBank A502SO,チャコールブラック,128GB,SoftBank,
FV9Q1HBO4E000,スマートフォン本体,SONY,Xperia 10 VII,Xperia 10 VII チャコールブラック 128GB au SOG16,チャコールブラック,128GB,au,
FXD76L0ML4000,スマートフォン本体,SONY,Xperia 10 VII,Xperia 10 VII チャコールブラック 128GB docomo SO-52F,チャコールブラック,128GB,docomo,
4DL54P1H47000,スマートフォン本体,SONY,Xperia 10 VII,Xperia 10 VII ホワイト 128GB SOG16／SO-52F／A502SO,ホワイト,128GB,,4941787148935
MAPZXGAPIP000,スマートフォン本体,SONY,Xperia 10 VII,Xperia 10 VII ホワイト 128GB SIMフリー XQ-FE44W1JPCX0,ホワイト,128GB,SIMフリー,4589771651704
Z5F9GZDWVO000,スマートフォン本体,SONY,Xperia 10 VII,Xperia 10 VII ホワイト 128GB SoftBank A502SO,ホワイト,128GB,SoftBank,
YU2X0ZALU2000,スマートフォン本体,SONY,Xperia 10 VII,Xperia 10 VII ホワイト 128GB docomo SO-52F,ホワイト,128GB,docomo,
9WBWO9PGSP000,スマートフォン本体,SONY,Xperia 5 II,Xperia 5 II グレー 128GB,グレー,128GB,,
3624LEYQ7D000,スマートフォン本体,SONY,Xperia 5 II,Xperia 5 II グレー 256GB XQ-AS42,グレー,256GB,,4589771644010
BPWS6AOYXM000,スマートフォン本体,SONY,Xperia 5 II,Xperia 5 II パープル 128GB docomo SO-52A,パープル,128GB,docomo,
3R0OFIF1DB000,スマートフォン本体,SONY,Xperia 5 II,Xperia 5 II ピンク 128GB,ピンク,128GB,,4941787076283
5CNV42PR6G000,スマートフォン本体,SONY,Xperia 5 II,Xperia 5 II ピンク 256GB XQ-AS42,ピンク,256GB,,4589771644034
4CTCGFMWH4000,スマートフォン本体,SONY,Xperia 5 II,Xperia 5 II ブラック 128GB,ブラック,128GB,,4549046095114
TRBD38A4VR000,スマートフォン本体,SONY,Xperia 5 II,Xperia 5 II ブラック 256GB XQ-AS42,ブラック,256GB,,4589771644003
B5DTZEK2BY000,スマートフォン本体,SONY,Xperia 5 II,Xperia 5 II ブルー 128GB,ブルー,128GB,,4941787076252
P9LRBD9RBP000,スマートフォン本体,SONY,Xperia 5 II,Xperia 5 II ブルー 256GB XQ-AS42,ブルー,256GB,,4589771644027
5QC4TFLNZR000,スマートフォン本体,SONY,Xperia 5 III,Xperia 5 III グリーン 128GB SO-53B／SOG05,グリーン,128GB,,4942857219845
S8DKSP8WOY000,スマートフォン本体,SONY,Xperia 5 III,Xperia 5 III グリーン 128GB SoftBank A103SO,グリーン,128GB,SoftBank,4549046132307
MY1IOPT6Y8000,スマートフォン本体,SONY,Xperia 5 III,Xperia 5 III グリーン 128GB au SOG05,グリーン,128GB,au,
4ELTSJV10U000,スマートフォン本体,SONY,Xperia 5 III,Xperia 5 III グリーン 256GB XQ-BQ42,グリーン,256GB,,4589771645499
PIJBUQNF8I000,スマートフォン本体,SONY,Xperia 5 III,Xperia 5 III ピンク 128GB SO-53B／SOG05,ピンク,128GB,,4942857219852
UW0SDY6HZV000,スマートフォン本体,SONY,Xperia 5 III,Xperia 5 III ピンク 128GB au SOG05,ピンク,128GB,au,
AK041EDISD000,スマートフォン本体,SONY,Xperia 5 III,Xperia 5 III ピンク 256GB XQ-BQ42,ピンク,256GB,,4589771645505
3JV94URXXC000,スマートフォン本体,SONY,Xperia 5 III,Xperia 5 III フロストシルバー 128GB A103SO／SOG05,フロストシルバー,128GB,,4549046132291
HY8CAFIYB7000,スマートフォン本体,SONY,Xperia 5 III,Xperia 5 III フロストシルバー 128GB au SOG05,フロストシルバー,128GB,au,
I304MQZ5KF000,スマートフォン本体,SONY,Xperia 5 III,Xperia 5 III フロストシルバー 128GB docomo SO-53B,フロストシルバー,128GB,docomo,4942857219838
12OPQT9CAX000,スマートフォン本体,SONY,Xperia 5 III,Xperia 5 III フロストブラック 128GB SoftBank A103SO,フロストブラック,128GB,SoftBank,4549046132284
4ZWX8KJFMG000,スマートフォン本体,SONY,Xperia 5 III,Xperia 5 III フロストブラック 128GB docomo SO-53B,フロストブラック,128GB,docomo,4942857219821
THKMUPFWS9000,スマートフォン本体,SONY,Xperia 5 III,Xperia 5 III ブラック 256GB XQ-BQ42,ブラック,256GB,,4589771645482
FD2K7L1MQO000,スマートフォン本体,SONY,Xperia 5 IV,Xperia 5 IV エクリュホワイト 128GB SO-54C／XQ-CQ44,エクリュホワイト,128GB,,4942857225723
Z3KE6BNF6X000,スマートフォン本体,SONY,Xperia 5 IV,Xperia 5 IV エクリュホワイト 128GB SoftBank A204SO,エクリュホワイト,128GB,SoftBank,4549046137555
LYXBL6PKJB000,スマートフォン本体,SONY,Xperia 5 IV,Xperia 5 IV エクリュホワイト 128GB au SOG09,エクリュホワイト,128GB,au,4941787114145
4CV4KZ0MPZ000,スマートフォン本体,SONY,Xperia 5 IV,Xperia 5 IV エクリュホワイト 128GB 楽天モバイル XQ-CQ44,エクリュホワイト,128GB,楽天モバイル,
NO7NGSFBW7000,スマートフォン本体,SONY,Xperia 5 IV,Xperia 5 IV エクリュホワイト 256GB XQ-CQ44,エクリュホワイト,256GB,,4589771647479
ROH9WB32R4000,スマートフォン本体,SONY,Xperia 5 IV,Xperia 5 IV グリーン 128GB au SOG09,グリーン,128GB,au,4941787114169
COX1MMBZ9V000,スマートフォン本体,SONY,Xperia 5 IV,Xperia 5 IV グリーン 128GB docomo SO-54C,グリーン,128GB,docomo,4942857225730
RPYP9OD0J8000,スマートフォン本体,SONY,Xperia 5 IV,Xperia 5 IV グリーン 256GB XQ-CQ44,グリーン,256GB,,4589771647486
ZZW2QLOVAT000,スマートフォン本体,SONY,Xperia 5 IV,Xperia 5 IV パープル 128GB XQ-CQ44,パープル,128GB,,4942857225754
9G97JXR239000,スマートフォン本体,SONY,Xperia 5 IV,Xperia 5 IV パープル 128GB docomo SO-54C,パープル,128GB,docomo,
CP03JNTQ4E000,スマートフォン本体,SONY,Xperia 5 IV,Xperia 5 IV パープル 256GB,パープル,256GB,,
48R36T0364000,スマートフォン本体,SONY,Xperia 5 IV,Xperia 5 IV ブラック 128GB SOG09／XQ-CQ44,ブラック,128GB,,4941787114152
NJNWB97K8L000,スマートフォン本体,SONY,Xperia 5 IV,Xperia 5 IV ブラック 128GB SoftBank A204SO,ブラック,128GB,SoftBank,4549046137562
4WOAUKDHHW000,スマートフォン本体,SONY,Xperia 5 IV,Xperia 5 IV ブラック 128GB docomo SO-54C,ブラック,128GB,docomo,4942857225716
D1DP8DHFT6000,スマートフォン本体,SONY,Xperia 5 IV,Xperia 5 IV ブラック 128GB 楽天モバイル XQ-CQ44,ブラック,128GB,楽天モバイル,
XEF0WMFASD000,スマートフォン本体,SONY,Xperia 5 IV,Xperia 5 IV ブラック 256GB XQ-CQ44,ブラック,256GB,,4589771647462
L2C6WS9LFX000,スマートフォン本体,SONY,Xperia 5 IV,Xperia 5 IV ブルー 128GB SO-54C,ブルー,128GB,,
H114EUPJTU000,スマートフォン本体,SONY,Xperia 5 IV,Xperia 5 IV ブルー 128GB docomo SO-54C,ブルー,128GB,docomo,
X7937XTI4J000,スマートフォン本体,SONY,Xperia 5 IV,Xperia 5 IV ブルー 256GB,ブルー,256GB,,
CZ1NM4XYKJ000,スマートフォン本体,SONY,Xperia 5 V,Xperia 5 V ブラック 128GB SO-53D,ブラック,128GB,,4942857233896
6KT8I4KWVU000,スマートフォン本体,SONY,Xperia 5 V,Xperia 5 V ブラック 256GB XQ-DE44,ブラック,256GB,,4589771649695
90FLJ3XJHV000,スマートフォン本体,SONY,Xperia 5 V,Xperia 5 V ブルー 128GB SO-53D,ブルー,128GB,,
0HD0C9NF3N000,スマートフォン本体,SONY,Xperia 5 V,Xperia 5 V ブルー 256GB XQ-DE44,ブルー,256GB,,4589771649718
EYXQBKJSI8000,スマートフォン本体,SONY,Xperia 5 V,Xperia 5 V プラチナシルバー 128GB SO-53D,プラチナシルバー,128GB,,
JC0XH5DLD7000,スマートフォン本体,SONY,Xperia 5 V,Xperia 5 V プラチナシルバー 256GB XQ-DE44,プラチナシルバー,256GB,,4589771649701
D8JEZZ3SLO000,スマートフォン本体,SONY,Xperia 5,Xperia 5 グレー 64GB,グレー,64GB,,4549046090348
JXNOF38W4F000,スマートフォン本体,SONY,Xperia 5,Xperia 5 ブルー 64GB,ブルー,64GB,,4941787072025
EC6OW9XT9N000,スマートフォン本体,SONY,Xperia 5,Xperia 5 レッド 64GB,レッド,64GB,,4942857207866
WB4FBT4CKE000,スマートフォン本体,SONY,Xperia 8 Lite,Xperia 8 Lite ブラック 64GB J3273,ブラック,64GB,,
98TBIVZQUX000,スマートフォン本体,SONY,Xperia 8 Lite,Xperia 8 Lite ホワイト 64GB J3273,ホワイト,64GB,,4941787080815
OVWIDHKQG7000,スマートフォン本体,SONY,Xperia 8,Xperia 8 オレンジ 64GB,オレンジ,64GB,,4549046089748
KYNBXWEH2H000,スマートフォン本体,SONY,Xperia 8,Xperia 8 ブラック 64GB,ブラック,64GB,,4549046089724
OQIG6ZZQCJ000,スマートフォン本体,SONY,Xperia 8,Xperia 8 ブルー 64GB,ブルー,64GB,,4941787072087
5OF90U4ZDN000,スマートフォン本体,SONY,Xperia 8,Xperia 8 ホワイト 64GB,ホワイト,64GB,,4941787072063
PIYLIB1TYH000,スマートフォン本体,SONY,Xperia A,Xperia A ピンク 32GB SO-04E,ピンク,32GB,,
G2LS31CR4I000,スマートフォン本体,SONY,Xperia A,Xperia A ブラック 32GB SO-04E,ブラック,32GB,,4942857166354
S7TJX239QT000,スマートフォン本体,SONY,Xperia A,Xperia A ホワイト 32GB SO-04E,ホワイト,32GB,,
8BFUY7EA1O000,スマートフォン本体,SONY,Xperia A,Xperia A ミント 32GB SO-04E,ミント,32GB,,
66A3KEXZVL000,スマートフォン本体,SONY,Xperia A2,Xperia A2 オレンジ 16GB SO-04F,オレンジ,16GB,,
5JSK9GIPH4000,スマートフォン本体,SONY,Xperia A2,Xperia A2 グレーブラック 16GB SO-04F,グレーブラック,16GB,,
KI4US567HQ000,スマートフォン本体,SONY,Xperia A2,Xperia A2 ホワイト 16GB SO-04F,ホワイト,16GB,,
ZAW3Z4VHN7000,スマートフォン本体,SONY,Xperia A2,Xperia A2 ラベンダー 16GB SO-04F,ラベンダー,16GB,,
I828L45ERY000,スマートフォン本体,SONY,Xperia A4,Xperia A4 グレー 16GB SO-04G,グレー,16GB,,
78Z47MCJ97000,スマートフォン本体,SONY,Xperia A4,Xperia A4 ピンク 16GB SO-04G,ピンク,16GB,,
NIVO5K8N1S000,スマートフォン本体,SONY,Xperia A4,Xperia A4 ブルー 16GB SO-04G,ブルー,16GB,,
X2MSI89WR4000,スマートフォン本体,SONY,Xperia A4,Xperia A4 ホワイト 16GB SO-04G,ホワイト,16GB,,4942857180268
GJ9AEAHNMM000,スマートフォン本体,SONY,Xperia AX,Xperia AX ターコイズ 16GB SO-01E,ターコイズ,16GB,,
4365RIQRF1000,スマートフォン本体,SONY,Xperia AX,Xperia AX ピンク 16GB SO-01E,ピンク,16GB,,
82MKTUBFXL000,スマートフォン本体,SONY,Xperia AX,Xperia AX ブラック 16GB SO-01E,ブラック,16GB,,
A7YYFUWL5I000,スマートフォン本体,SONY,Xperia AX,Xperia AX ホワイト 16GB SO-01E,ホワイト,16GB,,
S9TS22PS4F000,スマートフォン本体,SONY,Xperia Ace II,Xperia Ace II ブラック 64GB SO-41B,ブラック,64GB,,
OIDD3D5I2Q000,スマートフォン本体,SONY,Xperia Ace II,Xperia Ace II ブルー 64GB SO-41B,ブルー,64GB,,4942857217568
11AHL854VA000,スマートフォン本体,SONY,Xperia Ace II,Xperia Ace II ホワイト 64GB SO-41B,ホワイト,64GB,,4942857217551
NZSSMV84NJ000,スマートフォン本体,SONY,Xperia Ace III,Xperia Ace III グレー 64GB au SOG08,グレー,64GB,au,4941787101558
TJP65J1HM8000,スマートフォン本体,SONY,Xperia Ace III,Xperia Ace III グレー 64GB docomo SO-53C,グレー,64GB,docomo,4942857223026
ZUFFWN30WI000,スマートフォン本体,SONY,Xperia Ace III,Xperia Ace III ブラック 64GB docomo SO-53C,ブラック,64GB,docomo,4942857223019
9UUTFCLS6C000,スマートフォン本体,SONY,Xperia Ace III,Xperia Ace III ブラック 64GB ワイモバイル A203SO,ブラック,64GB,ワイモバイル,4549046134967
V0NZW19UGN000,スマートフォン本体,SONY,Xperia Ace III,Xperia Ace III ブリックオレンジ 64GB docomo SO-53C,ブリックオレンジ,64GB,docomo,4942857223033
P90ZXKF5BE000,スマートフォン本体,SONY,Xperia Ace III,Xperia Ace III ブリックオレンジ 64GB ワイモバイル A203SO,ブリックオレンジ,64GB,ワイモバイル,4549046134950
SY2OWHLS2P000,スマートフォン本体,SONY,Xperia Ace III,Xperia Ace III ブルー 64GB au SOG08,ブルー,64GB,au,4941787101572
1LJF4ZI47A000,スマートフォン本体,SONY,Xperia Ace III,Xperia Ace III ブルー 64GB ワイモバイル A203SO,ブルー,64GB,ワイモバイル,4549046134981
5U2A64JEIU000,スマートフォン本体,SONY,Xperia Ace,Xperia Ace パープル 64GB,パープル,64GB,,4589771642467
UXAHG9UBAC000,スマートフォン本体,SONY,Xperia Ace,Xperia Ace ブラック 64GB,ブラック,64GB,,
ML3D31UYZL000,スマートフォン本体,SONY,Xperia Ace,Xperia Ace ホワイト 64GB,ホワイト,64GB,,4589771642474
U7KF1WPJ1Q000,スマートフォン本体,SONY,Xperia GX,Xperia GX ブラック 16GB SO-04D,ブラック,16GB,,
BGR1QZLWKQ000,スマートフォン本体,SONY,Xperia GX,Xperia GX ホワイト 16GB SO-04D,ホワイト,16GB,,
EF1ZNA91AP000,スマートフォン本体,SONY,Xperia J1 Compact,Xperia J1 Compact ホワイト 16GB D5788,ホワイト,16GB,,
ZWCSRLMEIO000,スマートフォン本体,SONY,Xperia NX,Xperia NX ブラック 32GB SO-02D,ブラック,32GB,,
6PDT24LW34000,スマートフォン本体,SONY,Xperia NX,Xperia NX ホワイト 32GB SO-02D,ホワイト,32GB,,
KOZD3Y0SQO000,スマートフォン本体,SONY,Xperia PLAY,Xperia PLAY ブラック 1GB SO-01D,ブラック,1GB,,
TATD398H3T000,スマートフォン本体,SONY,Xperia PRO,Xperia PRO ブラック 512GB XQ-AQ52,ブラック,512GB,,4589771643549
9G7NICVCD8000,スマートフォン本体,SONY,Xperia PRO-I,Xperia PRO-I フロストブラック 512GB XQ-BE42,フロストブラック,512GB,,4589771645321
LB4VN91OL9000,スマートフォン本体,SONY,Xperia SX,Xperia SX オレンジ 8GB SO-05D,オレンジ,8GB,,
GBHT9KYM8U000,スマートフォン本体,SONY,Xperia SX,Xperia SX ピンク 8GB SO-05D,ピンク,8GB,,
KE7DRIW19J000,スマートフォン本体,SONY,Xperia SX,Xperia SX ブラック 8GB SO-05D,ブラック,8GB,,
D4QN1P3RXH000,スマートフォン本体,SONY,Xperia SX,Xperia SX ホワイト 8GB SO-05D,ホワイト,8GB,,
VKA8MC9D5U000,スマートフォン本体,SONY,Xperia UL,Xperia UL ピンク 16GB SOL22,ピンク,16GB,,
FSB4SG7DB6000,スマートフォン本体,SONY,Xperia UL,Xperia UL ブラック 16GB SOL22,ブラック,16GB,,
C59YD0Y7N9000,スマートフォン本体,SONY,Xperia UL,Xperia UL ホワイト 16GB SOL22,ホワイト,16GB,,
F8BKGO8Y3Y000,スマートフォン本体,SONY,Xperia VL,Xperia VL ピンク 16GB SOL21,ピンク,16GB,,
CQ7IGEENLM000,スマートフォン本体,SONY,Xperia VL,Xperia VL ブラック 16GB SOL21,ブラック,16GB,,
O2NGIIA77T000,スマートフォン本体,SONY,Xperia VL,Xperia VL ブルー 16GB SOL21,ブルー,16GB,,
QPWNB437CC000,スマートフォン本体,SONY,Xperia VL,Xperia VL ホワイト 16GB SOL21,ホワイト,16GB,,
WIU2FAFZPP000,スマートフォン本体,SONY,Xperia X Compact,Xperia X Compact ピンク 32GB SO-02J,ピンク,32GB,,
ZL3BI5OUNI000,スマートフォン本体,SONY,Xperia X Compact,Xperia X Compact ホワイト 32GB SO-02J,ホワイト,32GB,,4942857188011
TB0L0L2M86000,スマートフォン本体,SONY,Xperia X Compact,Xperia X Compact ミストブルー 32GB SO-02J,ミストブルー,32GB,,4942857188028
VRS7SU274N000,スマートフォン本体,SONY,Xperia X Compact,Xperia X Compact ユニバースブラック 32GB SO-02J,ユニバースブラック,32GB,,4942857188004
07ZWYUS8SC000,スマートフォン本体,SONY,Xperia X Performance,Xperia X Performance グラファイトブラック 32GB,グラファイトブラック,32GB,,4942857185874
I0SNX1IEEH000,スマートフォン本体,SONY,Xperia X Performance,Xperia X Performance ホワイト 32GB,ホワイト,32GB,,4941787057343
STOLTTWR5A000,スマートフォン本体,SONY,Xperia X Performance,Xperia X Performance ライムゴールド 32GB,ライムゴールド,32GB,,
9BGYT1MI7R000,スマートフォン本体,SONY,Xperia X Performance,Xperia X Performance ローズゴールド 32GB,ローズゴールド,32GB,,4549046006882
00068EA6VC000,スマートフォン本体,SONY,Xperia X,Xperia X グリーン 32GB,グリーン,32GB,,
ZZ3CZE4S12000,スマートフォン本体,SONY,Xperia X,Xperia X シルバー 32GB,シルバー,32GB,,
703T5FPFLV000,スマートフォン本体,SONY,Xperia X,Xperia X ピンク 32GB,ピンク,32GB,,
T5HN4IL9A2000,スマートフォン本体,SONY,Xperia X,Xperia X ブラック 32GB,ブラック,32GB,,
71KVEQZR47000,スマートフォン本体,SONY,Xperia XZ Premium,Xperia XZ Premium ディープシーブラック 64GB,ディープシーブラック,64GB,,
O5445WO9OT000,スマートフォン本体,SONY,Xperia XZ Premium,Xperia XZ Premium ルミナスクロム 64GB SO-04J,ルミナスクロム,64GB,,
B1565WDFXP000,スマートフォン本体,SONY,Xperia XZ Premium,Xperia XZ Premium ロッソ 64GB SO-04J,ロッソ,64GB,,
DCWM1RBIHC000,スマートフォン本体,SONY,Xperia XZ,Xperia XZ シルバー 32GB,シルバー,32GB,,
AZF260L9AS000,スマートフォン本体,SONY,Xperia XZ,Xperia XZ ディープピンク 32GB,ディープピンク,32GB,,
526C4ULQ0L000,スマートフォン本体,SONY,Xperia XZ,Xperia XZ ネイビー 32GB,ネイビー,32GB,,4549046013798
Y33SZKUGMS000,スマートフォン本体,SONY,Xperia XZ,Xperia XZ フォレストブルー 32GB,フォレストブルー,32GB,,4942857187939
KMKOCZ43ZL000,スマートフォン本体,SONY,Xperia XZ,Xperia XZ ブラック 32GB,ブラック,32GB,,
VQ93OGTXQ2000,スマートフォン本体,SONY,Xperia XZ,Xperia XZ プラチナ 32GB,プラチナ,32GB,,4942857187922
UPYWT2S7VE000,スマートフォン本体,SONY,Xperia XZ1 Compact,Xperia XZ1 Compact トワイライトピンク 32GB SO-02K,トワイライト ピンク,32GB,,
63POAT2BS8000,スマートフォン本体,SONY,Xperia XZ1 Compact,Xperia XZ1 Compact ブラック 32GB SO-02K,ブラック,32GB,,
9041Z4B92V000,スマートフォン本体,SONY,Xperia XZ1 Compact,Xperia XZ1 Compact ホリゾンブルー 32GB SO-02K,ホリゾンブルー,32GB,,
75X0PMC6LK000,スマートフォン本体,SONY,Xperia XZ1 Compact,Xperia XZ1 Compact ホワイト シルバー 32GB SO-02K,ホワイトシルバー,32GB,,
DI07B5C61O000,スマートフォン本体,SONY,Xperia XZ1,Xperia XZ1 ウォームシルバー 64GB,ウォームシルバー,64GB,,4941787061418
ZOURK7G9DN000,スマートフォン本体,SONY,Xperia XZ1,Xperia XZ1 ブラック 64GB,ブラック,64GB,,4941787061401
MCH9D275BR000,スマートフォン本体,SONY,Xperia XZ1,Xperia XZ1 ムーンリットブルー 64GB,ムーンリットブルー,64GB,,
X3T287Y54K000,スマートフォン本体,SONY,Xperia XZ1,Xperia XZ1 ヴィーナスピンク 64GB,ヴィーナスピンク,64GB,,
2K1TOOG6ZM000,スマートフォン本体,SONY,Xperia XZ2 Compact,Xperia XZ2 Compact コーラル ピンク 64GB SO-05K,コーラルピンク,64GB,,
LHG7TT33HK000,スマートフォン本体,SONY,Xperia XZ2 Compact,Xperia XZ2 Compact ブラック 64GB SO-05K,ブラック,64GB,,
TF3MD1IZKM000,スマートフォン本体,SONY,Xperia XZ2 Compact,Xperia XZ2 Compact ホワイト シルバー 64GB SO-05K,ホワイトシルバー,64GB,,
G661BW3O09000,スマートフォン本体,SONY,Xperia XZ2 Compact,Xperia XZ2 Compact モスグリーン 64GB SO-05K,モッソグリーン,64GB,,
5KQQ7ON7JG000,スマートフォン本体,SONY,Xperia XZ2 Premium,Xperia XZ2 Premium クロムシルバー 64GB,クロムシルバー,64GB,,4941787064006
E2LI3P2WB1000,スマートフォン本体,SONY,Xperia XZ2 Premium,Xperia XZ2 Premium クロムブラック 64GB,クロムブラック,64GB,,4941787064013
C4YEP54KGI000,スマートフォン本体,SONY,Xperia XZ2,Xperia XZ2 アッシュピンク 64GB,アッシュピンク,64GB,,
2HWZ8SXPT3000,スマートフォン本体,SONY,Xperia XZ2,Xperia XZ2 ディープグリーン 64GB,ディープグリーン,64GB,,
6WSVWAXZL2000,スマートフォン本体,SONY,Xperia XZ2,Xperia XZ2 リキッドシルバー 64GB,リキッドシルバー,64GB,,
3OPQ0TFM0C000,スマートフォン本体,SONY,Xperia XZ2,Xperia XZ2 リキッドブラック 64GB,リキッドブラック,64GB,,4941787063979
9XBZNXKX98000,スマートフォン本体,SONY,Xperia XZ3,Xperia XZ3 フォレストグリーン 64GB,フォレストグリーン,64GB,,
WOGQD8WGWA000,スマートフォン本体,SONY,Xperia XZ3,Xperia XZ3 ブラック 64GB,ブラック,64GB,,4941787064907
5O2N03GY33000,スマートフォン本体,SONY,Xperia XZ3,Xperia XZ3 ホワイト シルバー 64GB,ホワイトシルバー,64GB,,
FJV1NPVCY2000,スマートフォン本体,SONY,Xperia XZ3,Xperia XZ3 ボルドーレッド 64GB,ボルドーレッド,64GB,,
9P094KB474000,スマートフォン本体,SONY,Xperia XZs,Xperia XZs アイスブルー 32GB,アイスブルー,32GB,,
F96FRVN994000,スマートフォン本体,SONY,Xperia XZs,Xperia XZs ウォームシルバー 32GB,ワームシルバー,32GB,,
XMULEUILUM000,スマートフォン本体,SONY,Xperia XZs,Xperia XZs シトラス 32GB,シトラス,32GB,,4549046016157
RIISJDTCCJ000,スマートフォン本体,SONY,Xperia XZs,Xperia XZs ブラック 32GB,ブラック,32GB,,
FUZHPW4S9V000,スマートフォン本体,SONY,Xperia Z Ultra,Xperia Z Ultra パープル 32GB SOL24,パープル,32GB,,4941787047313
77FCZDMV9P000,スマートフォン本体,SONY,Xperia Z Ultra,Xperia Z Ultra ブラック 32GB SOL24,ブラック,32GB,,
AZPPAXW3MJ000,スマートフォン本体,SONY,Xperia Z Ultra,Xperia Z Ultra ホワイト 32GB SOL24,ホワイト,32GB,,
JEH5UQMPU4000,スマートフォン本体,SONY,Xperia Z,Xperia Z パープル 16GB SO-02E,パープル,16GB,,
SGVINH5CZV000,スマートフォン本体,SONY,Xperia Z,Xperia Z ブラック 16GB SO-02E,ブラック,16GB,,
4CQFS64HY8000,スマートフォン本体,SONY,Xperia Z,Xperia Z ホワイト 16GB SO-02E,ホワイト,16GB,,
FAGETAUY5Y000,スマートフォン本体,SONY,Xperia Z1 f,Xperia Z1 f ピンク 16GB SO-02F,ピンク,16GB,,
ZZZYG486KE000,スマートフォン本体,SONY,Xperia Z1 f,Xperia Z1 f ブラック 16GB SO-02F,ブラック,16GB,,
OUJY8RP5RU000,スマートフォン本体,SONY,Xperia Z1 f,Xperia Z1 f ホワイト 16GB SO-02F,ホワイト,16GB,,
C8ZYDVNJF2000,スマートフォン本体,SONY,Xperia Z1 f,Xperia Z1 f ライム 16GB SO-02F,ライム,16GB,,
88CWVWIVNO000,スマートフォン本体,SONY,Xperia Z1,Xperia Z1 パープル 32GB,パープル,32GB,,
OREC5Z5VNM000,スマートフォン本体,SONY,Xperia Z1,Xperia Z1 ブラック 32GB,ブラック,32GB,,
X9AQ8XGA6H000,スマートフォン本体,SONY,Xperia Z1,Xperia Z1 ホワイト 32GB,ホワイト,32GB,,
FOKWMOED41000,スマートフォン本体,SONY,Xperia Z2,Xperia Z2 パープル 32GB SO-03F,パープル,32GB,,
TD1W1G8O7G000,スマートフォン本体,SONY,Xperia Z2,Xperia Z2 ブラック 32GB SO-03F,ブラック,32GB,,
CRBUR9NX3I000,スマートフォン本体,SONY,Xperia Z2,Xperia Z2 ホワイト 32GB SO-03F,ホワイト,32GB,,
F75I5WA4FM000,スマートフォン本体,SONY,Xperia Z3 Compact,Xperia Z3 Compact オレンジ 16GB SO-02G,オレンジ,16GB,,
58PRO35HAF000,スマートフォン本体,SONY,Xperia Z3 Compact,Xperia Z3 Compact グリーン 16GB SO-02G,グリーン,16GB,,
ZG2AVMSSD5000,スマートフォン本体,SONY,Xperia Z3 Compact,Xperia Z3 Compact ブラック 16GB SO-02G,ブラック,16GB,,
5Z4MMMH2OI000,スマートフォン本体,SONY,Xperia Z3 Compact,Xperia Z3 Compact ホワイト 16GB SO-02G,ホワイト,16GB,,
OU1YI0CVWN000,スマートフォン本体,SONY,Xperia Z3,Xperia Z3 カッパー 32GB,カッパー,32GB,,4908993971825
4HGUBJVJZ1000,スマートフォン本体,SONY,Xperia Z3,Xperia Z3 シルバーグリーン 32GB,シルバーグリーン,32GB,,4942857176650
WQHO2DJFAZ000,スマートフォン本体,SONY,Xperia Z3,Xperia Z3 ブラック 32GB,ブラック,32GB,,4908993971818
EY3BLSR6C9000,スマートフォン本体,SONY,Xperia Z3,Xperia Z3 ホワイト 32GB,ホワイト,32GB,,4941787051693
ZVKHHMIBX2000,スマートフォン本体,SONY,Xperia Z4,Xperia Z4 アクアグリーン 32GB,アクアグリーン,32GB,,4941787054366
5WD7ZJKZJT000,スマートフォン本体,SONY,Xperia Z4,Xperia Z4 カッパー 32GB,カッパー,32GB,,4908993981305
7I78HP77US000,スマートフォン本体,SONY,Xperia Z4,Xperia Z4 ブラック 32GB,ブラック,32GB,,4942857180367
PB0MOBSMUF000,スマートフォン本体,SONY,Xperia Z4,Xperia Z4 ホワイト 32GB,ホワイト,32GB,,4908993981282
9WCXK99Z22000,スマートフォン本体,SONY,Xperia Z5 Compact,Xperia Z5 Compact イエロー 32GB,イエロー,32GB,,4942857182644
3Q5A90YJ2D000,スマートフォン本体,SONY,Xperia Z5 Compact,Xperia Z5 Compact コーラル 32GB SO-03H,コーラル,32GB,,4942857182651
X7Q6MWLRWB000,スマートフォン本体,SONY,Xperia Z5 Compact,Xperia Z5 Compact ブラック 32GB SO-03H,ブラック,32GB,,4942857182620
AGQJR4X7J0000,スマートフォン本体,SONY,Xperia Z5 Compact,Xperia Z5 Compact ホワイト 32GB,ホワイト,32GB,,4942857182637
HCOCPZ31WY000,スマートフォン本体,SONY,Xperia Z5 Premium,Xperia Z5 Premium クローム 32GB SO-03H,クローム,32GB,,4942857182705
64G5GP50Y5000,スマートフォン本体,SONY,Xperia Z5,Xperia Z5 グラファイトブラック 32GB,グラファイトブラック,32GB,,4942857182545
00F1IT0IHO000,スマートフォン本体,SONY,Xperia Z5,Xperia Z5 グリーン 32GB,グリーン,32GB,,4942857182576
UWT8OVBFO3000,スマートフォン本体,SONY,Xperia Z5,Xperia Z5 ゴールド 32GB,ゴールド,32GB,,4941787056155
WUH9Q3EMIG000,スマートフォン本体,SONY,Xperia Z5,Xperia Z5 ピンク 32GB,ピンク,32GB,,4942857185577
BFGMWO828H000,スマートフォン本体,SONY,Xperia Z5 Premium,Xperia Z5 プレミアムブラック 32GB,ブラック,32GB,,4942857182712
PAE6UQSXD4000,スマートフォン本体,SONY,Xperia Z5,Xperia Z5 ホワイト 32GB,ホワイト,32GB,,
C44WLC400I000,スマートフォン本体,SONY,Xperia ZL2,Xperia ZL2 ターコイズ 32GB SOL25,ターコイズ,32GB,,
U8KVMJJZ19000,スマートフォン本体,SONY,Xperia ZL2,Xperia ZL2 ブラック 32GB SOL25,ブラック,32GB,,
TR0U0PBPWD000,スマートフォン本体,SONY,Xperia ZL2,Xperia ZL2 ホワイト 32GB SOL25,ホワイト,32GB,,
UUM5JT0JYX000,スマートフォン本体,SONY,Xperia acro HD,Xperia acro HD アクア 16GB,アクア,16GB,,
5SR9S8XLG0000,スマートフォン本体,SONY,Xperia acro HD,Xperia acro HD サクラ 16GB,サクラ,16GB,,
4KO59SU6AL000,スマートフォン本体,SONY,Xperia acro HD,Xperia acro HD セラミック 16GB,セラミック,16GB,,
RNX9DXNG40000,スマートフォン本体,SONY,Xperia acro HD,Xperia acro HD ブラック 16GB IS12S,ブラック,16GB,,
IC0G21FU3G000,スマートフォン本体,SONY,Xperia acro HD,Xperia acro HD ブルー 16GB IS12S,ブルー,16GB,,
040G1A5KW1000,スマートフォン本体,SONY,Xperia acro HD,Xperia acro HD ホワイト 16GB IS12S,ホワイト,16GB,,
59XHIJ8CV0000,スマートフォン本体,SONY,Xperia acro HD,Xperia acro HD ルージュ 16GB IS12S,ルージュ,16GB,,
LM4KS88DJS000,スマートフォン本体,SONY,Xperia acro,Xperia acro アクア 1GB,アクア,1GB,,
KRSP2U6N9V000,スマートフォン本体,SONY,Xperia acro,Xperia acro ブラック 1GB,ブラック,1GB,,
848JM6ZEPR000,スマートフォン本体,SONY,Xperia acro,Xperia acro ホワイト 1GB,ホワイト,1GB,,
Q73DXUX4F4000,スマートフォン本体,SONY,Xperia acro,Xperia acro ルビー 1GB,ルビー,1GB,,
CCDLVS4DHR000,スマートフォン本体,SONY,Xperia arc,Xperia arc サクラピンク 1GB SO-01C,サクラピンク,1GB,,
KE1MY7171N000,スマートフォン本体,SONY,Xperia arc,Xperia arc ミスティシルバー 1GB SO-01C,ミスティシルバー,1GB,,
WXHD1VXPY7000,スマートフォン本体,SONY,Xperia arc,Xperia arc ミッドナイトブルー 1GB SO-01C,ミッドナイトブルー,1GB,,
PLJUXFBJS1000,スマートフォン本体,SONY,Xperia feat. HATSUNE MIKU,Xperia feat. HATSUNE MIKU グリーン 32GB SO-04E,グリーン,32GB,,
BWGXHHDE0C000,スマートフォン本体,SONY,Xperia ray,Xperia ray ゴールド 1GB SO-03C,ゴールド,1GB,,
P9XRDUBNNE000,スマートフォン本体,SONY,Xperia ray,Xperia ray ピンク 1GB SO-03C,ピンク,1GB,,
5POO14DGCF000,スマートフォン本体,SONY,Xperia ray,Xperia ray ホワイト 1GB SO-03C,ホワイト,1GB,,
W44QV149H5000,スマートフォン本体,SONY,Xperia,Xperia ブラック 1GB,ブラック,1GB,,
4Z44T2QYWF000,スマートフォン本体,Xiaomi,Mi 10 Lite 5G,Mi 10 Lite 5G コズミックグレー 128GB,コズミックグレー,128GB,,
GOCCI8T8HF000,スマートフォン本体,Xiaomi,Mi 10 Lite 5G,Mi 10 Lite 5G ドリームホワイト 128GB,ドリームホワイト,128GB,,
4GD84YBYDO000,スマートフォン本体,Xiaomi,Mi 11 Lite 5G,Mi 11 Lite 5G シトラスイエロー 128GB M2101K9R,シトラスイエロー,128GB,,6934177739842
HI260CGFF5000,スマートフォン本体,Xiaomi,Mi 11 Lite 5G,Mi 11 Lite 5G トリュフブラック 128GB M2101K9R,トリュフブラック,128GB,,6934177739828
9W4VTY24D0000,スマートフォン本体,Xiaomi,Mi 11 Lite 5G,Mi 11 Lite 5G ミントグリーン 128GB M2101K9R,ミントグリーン,128GB,,6934177739866
VJAXS1VM58000,スマートフォン本体,Xiaomi,Mi Note 10 Lite,Mi Note 10 Lite グレイシャーホワイト 128GB,グレイシャーホワイト,128GB,,6941059641636
J5TDAXI7C6000,スマートフォン本体,Xiaomi,Mi Note 10 Lite,Mi Note 10 Lite グレイシャーホワイト 64GB,グレイシャーホワイト,64GB,,6941059641414
BY83HRQ29X000,スマートフォン本体,Xiaomi,Mi Note 10 Lite,Mi Note 10 Lite ネビュラパープル 128GB,ネビュラパープル,128GB,,6941059641629
005O5JJCG7000,スマートフォン本体,Xiaomi,Mi Note 10 Lite,Mi Note 10 Lite ネビュラパープル 64GB,ネビュラパープル,64GB,,6941059641117
GX9HN2NSMV000,スマートフォン本体,Xiaomi,Mi Note 10 Pro,Mi Note 10 Pro グレイシャーホワイト 256GB M1910F4S,グレイシャーホワイト,256GB,,
MV0ZG4VPSI000,スマートフォン本体,Xiaomi,Mi Note 10 Pro,Mi Note 10 Pro ミッドナイトブラック 256GB M1910F4S,ミッドナイトブラック,256GB,,4573197031707
HVVCLL8ZNK000,スマートフォン本体,Xiaomi,Mi Note 10,Mi Note 10 グレイシャーホワイト 128GB M1910F4G,グレイシャーホワイト,128GB,,
I6H70V1ANM000,スマートフォン本体,Xiaomi,Mi Note 10,Mi Note 10 ミッドナイトブラック 128GB M1910F4G,ミッドナイトブラック,128GB,,
YD5YE0FRW0000,スマートフォン本体,Xiaomi,POCO F4 GT,POCO F4 GT サイバーイエロー 128GB 21121210G,サイバーイエロー,128GB,,
B64BML0KLU000,スマートフォン本体,Xiaomi,POCO F4 GT,POCO F4 GT サイバーイエロー 256GB 21121210G,サイバーイエロー,256GB,,6934177780745
1VMG8GFU53000,スマートフォン本体,Xiaomi,POCO F4 GT,POCO F4 GT ステルスブラック 128GB 21121210G,ステルスブラック,128GB,,6934177780806
UK4DRCPL8W000,スマートフォン本体,Xiaomi,POCO F4 GT,POCO F4 GT ステルスブラック 256GB 21121210G,ステルスブラック,256GB,,6934177780738
66F0J9IWYF000,スマートフォン本体,Xiaomi,POCO F4 GT,POCO F4 GT ナイトシルバー 128GB 21121210G,ナイトシルバー,128GB,,6934177780820
AFYN4JCENJ000,スマートフォン本体,Xiaomi,POCO F4 GT,POCO F4 GT ナイトシルバー 256GB 21121210G,ナイトシルバー,256GB,,6934177780875
QHPB32YJAW000,スマートフォン本体,Xiaomi,POCO F6 Pro,POCO F6 Pro ブラック 256GB MZB0HEIJP,ブラック,256GB,,
4V6DNKA3L4000,スマートフォン本体,Xiaomi,POCO F6 Pro,POCO F6 Pro ブラック 512GB MZB0HEIJP,ブラック,512GB,,
A0EPGVMSYZ000,スマートフォン本体,Xiaomi,POCO F6 Pro,POCO F6 Pro ホワイト 256GB MZB0HEHJP,ホワイト,256GB,,
AX9M2NPF21000,スマートフォン本体,Xiaomi,POCO F6 Pro,POCO F6 Pro ホワイト 512GB MZB0HEKJP,ホワイト,512GB,,
H54MI3HPES000,スマートフォン本体,Xiaomi,POCO F7 Pro,POCO F7 Pro シルバー 256GB MZB0JVMJP,シルバー,256GB,,
N4M5LAYPRZ000,スマートフォン本体,Xiaomi,POCO F7 Pro,POCO F7 Pro シルバー 512GB MZB0JVNJP,シルバー,512GB,,
6MNR629J5L000,スマートフォン本体,Xiaomi,POCO F7 Pro,POCO F7 Pro ブラック 256GB MZB0JVKJP,ブラック,256GB,,
ARXAJKC0U0000,スマートフォン本体,Xiaomi,POCO F7 Pro,POCO F7 Pro ブラック 512GB MZB0JVIJP,ブラック,512GB,,
Q49JTGI849000,スマートフォン本体,Xiaomi,POCO F7 Pro,POCO F7 Pro ブルー 256GB MZB0JVPJP,ブルー,256GB,,
7RDJD5VK8D000,スマートフォン本体,Xiaomi,POCO F7 Pro,POCO F7 Pro ブルー 512GB MZB0JVFJP,ブルー,512GB,,
1G08PGWINS000,スマートフォン本体,Xiaomi,POCO F7 Ultra,POCO F7 Ultra イエロー 256GB MZB0K42JP,イエロー,256GB,,
504TO0YHIM000,スマートフォン本体,Xiaomi,POCO F7 Ultra,POCO F7 Ultra イエロー 512GB MZB0K3ZJP,イエロー,512GB,,
HQ7X66Z4LH000,スマートフォン本体,Xiaomi,POCO F7 Ultra,POCO F7 Ultra ブラック 256GB MZB0K40JP,ブラック,256GB,,
6DXKJ4HGWK000,スマートフォン本体,Xiaomi,POCO F7 Ultra,POCO F7 Ultra ブラック 512GB MZB0K43JP,ブラック,512GB,,
4WMSG79K44000,スマートフォン本体,Xiaomi,POCO M7 Pro 5G,POCO M7 Pro 5G グリーン 256GB MZB0K4HJP,グリーン,256GB,,
SG4DQHD2ML000,スマートフォン本体,Xiaomi,POCO M7 Pro 5G,POCO M7 Pro 5G シルバー 256GB MZB0K4FJP,シルバー,256GB,,
5NG4JZ84M7000,スマートフォン本体,Xiaomi,POCO M7 Pro 5G,POCO M7 Pro 5G パープル 256GB MZB0K4GJP,パープル,256GB,,
5XMBK8XOWU000,スマートフォン本体,Xiaomi,POCO X7 Pro,POCO X7 Pro イエロー 256GB MZB0J3DJP,イエロー,256GB,,
PRQ0HXEXRT000,スマートフォン本体,Xiaomi,POCO X7 Pro,POCO X7 Pro イエロー 512GB MZB0J3BJP,イエロー,512GB,,
Q4I4E357N6000,スマートフォン本体,Xiaomi,POCO X7 Pro,POCO X7 Pro グリーン 256GB MZB0J2QJP,グリーン,256GB,,
ZQ7MK3AJ6Q000,スマートフォン本体,Xiaomi,POCO X7 Pro,POCO X7 Pro グリーン 512GB MZB0J1HJP,グリーン,512GB,,
SRO1YSSDYE000,スマートフォン本体,Xiaomi,POCO X7 Pro,POCO X7 Pro ブラック 256GB MZB0J1MJP,ブラック,256GB,,
LZ8FBUH5GQ000,スマートフォン本体,Xiaomi,POCO X7 Pro,POCO X7 Pro ブラック 512GB MZB0J2HJP,ブラック,512GB,,
0NYWR8NJK7000,スマートフォン本体,Xiaomi,REDMI Note 15 5G,REDMI Note 15 5G グレイシャーブルー 256GB MZB0NMVJP,グレイシャーブルー,256GB,,6932554442040
D6U0W83B1W000,スマートフォン本体,Xiaomi,REDMI Note 15 5G,REDMI Note 15 5G グレイシャーブルー 512GB MZB0NRMJP,グレイシャーブルー,512GB,,6932554480066
FO4ZP47SGT000,スマートフォン本体,Xiaomi,REDMI Note 15 5G,REDMI Note 15 5G ブラック 256GB MZB0NMWJP,ブラック,256GB,,6932554442088
O94M70Q3WH000,スマートフォン本体,Xiaomi,REDMI Note 15 5G,REDMI Note 15 5G ブラック 512GB MZB0NRPJP,ブラック,512GB,,6932554483913
F6AC0RJAC1000,スマートフォン本体,Xiaomi,REDMI Note 15 5G,REDMI Note 15 5G ミストパープル 256GB MZB0NMRJP,ミストパープル,256GB,,6932554441975
0HQZKVLWB7000,スマートフォン本体,Xiaomi,REDMI Note 15 5G,REDMI Note 15 5G ミストパープル 512GB MZB0NRVJP,ミストパープル,512GB,,6932554484460
T9UPLXWXTZ000,スマートフォン本体,Xiaomi,REDMI Note 15 Pro 5G,REDMI Note 15 Pro 5G グレイシャーブルー 256GB MZB0LZ5JP,グレイシャーブルー,256GB,,6932554470043
LBL17HC5N1000,スマートフォン本体,Xiaomi,REDMI Note 15 Pro 5G,REDMI Note 15 Pro 5G グレイシャーブルー 512GB MZB0MC1JP,グレイシャーブルー,512GB,,6932554478407
3K3JN61YZE000,スマートフォン本体,Xiaomi,REDMI Note 15 Pro 5G,REDMI Note 15 Pro 5G チタングレー 256GB MZB0LZ6JP,チタングレー,256GB,,6932554470050
3YJ7JHH4LF000,スマートフォン本体,Xiaomi,REDMI Note 15 Pro 5G,REDMI Note 15 Pro 5G チタングレー 512GB MZB0MD7JP,チタングレー,512GB,,6932554485146
EGUW6KHQ4G000,スマートフォン本体,Xiaomi,REDMI Note 15 Pro 5G,REDMI Note 15 Pro 5G ブラック 256GB MZB0M1YJP,ブラック,256GB,,6932554471408
548KU14I9I000,スマートフォン本体,Xiaomi,REDMI Note 15 Pro 5G,REDMI Note 15 Pro 5G ブラック 512GB MZB0MCRJP,ブラック,512GB,,6932554478490
6MW7UMJ569000,スマートフォン本体,Xiaomi,Redmi 12 5G,Redmi 12 5G スカイブルー 128GB,スカイブルー,128GB,,
4YLKM5NWJD000,スマートフォン本体,Xiaomi,Redmi 12 5G,Redmi 12 5G スカイブルー 256GB,スカイブルー,256GB,,
Z1L1S8BGGG000,スマートフォン本体,Xiaomi,Redmi 12 5G,Redmi 12 5G ポーラーシルバー 128GB,ポーラーシルバー,128GB,,
19KV2X36N8000,スマートフォン本体,Xiaomi,Redmi 12 5G,Redmi 12 5G ポーラーシルバー 256GB,ポーラーシルバー,256GB,,
7046GGMKO0000,スマートフォン本体,Xiaomi,Redmi 12 5G,Redmi 12 5G ミッドナイトブラック 128GB,ミッドナイトブラック,128GB,,
0NURLFO640000,スマートフォン本体,Xiaomi,Redmi 12 5G,Redmi 12 5G ミッドナイトブラック 256GB,ミッドナイトブラック,256GB,,
QYWPCS3M92000,スマートフォン本体,Xiaomi,Redmi 12 5G,Redmi 12 5G ムーンライトホワイト 128GB,ムーンライトホワイト,128GB,,
7QQPO463VP000,スマートフォン本体,Xiaomi,Redmi 12 5G,Redmi 12 5G ムーンライトホワイト 256GB 23076RA4BR,ムーンライトホワイト,256GB,,
RBF74ZHSY0000,スマートフォン本体,Xiaomi,Redmi 12C,Redmi 12C グラファイトグレー 64GB 2212ARNC4L,グラファイトグレー,64GB,,6941812714966
2KE58R5PF6000,スマートフォン本体,Xiaomi,Redmi 12C,Redmi 12C ミントグリーン 64GB 2212ARNC4L,ミントグリーン,64GB,,6941812716366
0MCHWUGD1Z000,スマートフォン本体,Xiaomi,Redmi 14C,Redmi 14C スターリーブルー 128GB 2409BRN2CL,スターリーブルー,128GB,,
HNCZESVR7S000,スマートフォン本体,Xiaomi,Redmi 14C,Redmi 14C スターリーブルー 256GB 2409BRN2CL,スターリーブルー,256GB,,
410TALR70X000,スマートフォン本体,Xiaomi,Redmi 14C,Redmi 14C セージグリーン 128GB 2409BRN2CL,セージグリーン,128GB,,
7HS34MI4NJ000,スマートフォン本体,Xiaomi,Redmi 14C,Redmi 14C セージグリーン 256GB 2409BRN2CL,セージグリーン,256GB,,
4LWUJJ7HJZ000,スマートフォン本体,Xiaomi,Redmi 14C,Redmi 14C ミッドナイトブラック 128GB 2409BRN2CL,ミッドナイトブラック,128GB,,
KK364CXC0I000,スマートフォン本体,Xiaomi,Redmi 14C,Redmi 14C ミッドナイトブラック 256GB 2409BRN2CL,ミッドナイトブラック,256GB,,
S6GMBXIW5Y000,スマートフォン本体,Xiaomi,Redmi 9T,Redmi 9T オーシャングリーン 128GB,オーシャングリーン,128GB,,6934177730566
SMP1GCEGH0000,スマートフォン本体,Xiaomi,Redmi 9T,Redmi 9T オーシャングリーン 64GB,オーシャングリーン,64GB,,6934177730580
Y7JTKIM29K000,スマートフォン本体,Xiaomi,Redmi 9T,Redmi 9T カーボングレー 128GB,カーボングレー,128GB,,6934177730603
JA2CKWGFSG000,スマートフォン本体,Xiaomi,Redmi 9T,Redmi 9T カーボングレー 64GB,カーボングレー,64GB,,6934177729980
4KC5HOYDRC000,スマートフォン本体,Xiaomi,Redmi Note 10 JE,Redmi Note 10 JE クロームシルバー 64GB XIG02,クロームシルバー,64GB,,4941787083984
1ALH4QVNQJ000,スマートフォン本体,Xiaomi,Redmi Note 10 JE,Redmi Note 10 JE グラファイトグレー 64GB XIG02,グラファイトグレー,64GB,,4941787083991
1JYNIVTZAW000,スマートフォン本体,Xiaomi,Redmi Note 10 Pro,Redmi Note 10 Pro オニキスグレー 128GB M2101K6R,オニキスグレー,128GB,,6934177731587
9LZX91UWAA000,スマートフォン本体,Xiaomi,Redmi Note 10 Pro,Redmi Note 10 Pro グラディエントブロンズ 128GB M2101K6R,グラディエントブロンズ,128GB,,6934177734755
YNIL422SUL000,スマートフォン本体,Xiaomi,Redmi Note 10 Pro,Redmi Note 10 Pro グレイシャーブルー 128GB M2101K6R,グレイシャーブルー,128GB,,6934177734762
GUXDJDO3DY000,スマートフォン本体,Xiaomi,Redmi Note 10T,Redmi Note 10T アジュールブラック 64GB A101XM,アジュールブラック,64GB,,6934177777820
B17L3GKR0C000,スマートフォン本体,Xiaomi,Redmi Note 10T,Redmi Note 10T アジュールブラック 64GB SoftBank A101XM,アジュールブラック,64GB,SoftBank,4549046134035
N0C3QIWT2I000,スマートフォン本体,Xiaomi,Redmi Note 10T,Redmi Note 10T ナイトタイムブルー 64GB A101XM,ナイトタイムブルー,64GB,,6934177786532
TOJK3XNZ66000,スマートフォン本体,Xiaomi,Redmi Note 10T,Redmi Note 10T ナイトタイムブルー 64GB SoftBank A101XM,ナイトタイムブルー,64GB,SoftBank,4549046134028
Q4FWH81R44000,スマートフォン本体,Xiaomi,Redmi Note 10T,Redmi Note 10T レイクブルー 64GB A101XM,レイクブルー,64GB,,6934177777837
H5KTRSTLDA000,スマートフォン本体,Xiaomi,Redmi Note 11 Pro 5G,Redmi Note 11 Pro 5G アトランティックブルー 128GB 2201116SR,アトランティックブルー,128GB,,6934177770777
QXDZSJ5K6K000,スマートフォン本体,Xiaomi,Redmi Note 11 Pro 5G,Redmi Note 11 Pro 5G グラファイトグレー 128GB 2201116SR,グラファイトグレー,128GB,,6934177770432
VV4AY5NUOI000,スマートフォン本体,Xiaomi,Redmi Note 11 Pro 5G,Redmi Note 11 Pro 5G グラファイトグレー 128GB 楽天モバイル 2201116SR,グラファイトグレー,128GB,楽天モバイル,6934177789786
03QOJQHRHJ000,スマートフォン本体,Xiaomi,Redmi Note 11 Pro 5G,Redmi Note 11 Pro 5G ポーラーホワイト 128GB 2201116SR,ポーラーホワイト,128GB,,6934177770692
RSLOY4EXV8000,スマートフォン本体,Xiaomi,Redmi Note 11 Pro 5G,Redmi Note 11 Pro 5G ポーラーホワイト 128GB 楽天モバイル 2201116SR,ポーラーホワイト,128GB,楽天モバイル,6934177789724
8MX8214VFV000,スマートフォン本体,Xiaomi,Redmi Note 11,Redmi Note 11 グラファイトグレー 64GB 2201117TL,グラファイトグレー,64GB,,6934177767258
5JJEIKPK7K000,スマートフォン本体,Xiaomi,Redmi Note 11,Redmi Note 11 スターブルー 64GB 2201117TL,スターブルー,64GB,,6934177768408
M6PG6RZF8G000,スマートフォン本体,Xiaomi,Redmi Note 11,Redmi Note 11 トワイライトブルー 64GB 2201117TL,トワイライトブルー,64GB,,6934177768354
QOS2WEUAOC000,スマートフォン本体,Xiaomi,Redmi Note 13 Pro 5G,Redmi Note 13 Pro 5G オーシャンティール 256GB XIG05,オーシャンティール,256GB,,4941787127657
6EWJJ20JB1000,スマートフォン本体,Xiaomi,Redmi Note 13 Pro 5G,Redmi Note 13 Pro 5G オーロラパープル 256GB XIG05,オーロラパープル,256GB,,
50OAXRFPFH000,スマートフォン本体,Xiaomi,Redmi Note 13 Pro 5G,Redmi Note 13 Pro 5G ミッドナイトブラック 256GB XIG05,ミッドナイトブラック,256GB,,4941787127664
4HOMAOS7IP000,スマートフォン本体,Xiaomi,Redmi Note 13 Pro+ 5G,Redmi Note 13 Pro+ 5G オーロラパープル 256GB 24040RA98R,オーロラパープル,256GB,,6941812775660
O374A0MXTR000,スマートフォン本体,Xiaomi,Redmi Note 13 Pro+ 5G,Redmi Note 13 Pro+ 5G オーロラパープル 512GB MZB0GX8JP,オーロラパープル,512GB,,6941812775622
L6IJOSD0LW000,スマートフォン本体,Xiaomi,Redmi Note 13 Pro+ 5G,Redmi Note 13 Pro+ 5G ミッドナイトブラック 256GB 24040RA98R,ミッドナイトブラック,256GB,,6941812775653
7YU5DC2QV4000,スマートフォン本体,Xiaomi,Redmi Note 13 Pro+ 5G,Redmi Note 13 Pro+ 5G ミッドナイトブラック 512GB MZB0GXAJP,ミッドナイトブラック,512GB,,6941812775646
Z4YGHWUR0A000,スマートフォン本体,Xiaomi,Redmi Note 13 Pro+ 5G,Redmi Note 13 Pro+ 5G ムーンライトホワイト 256GB 24040RA98R,ムーンライトホワイト,256GB,,6941812775639
LVPWE4DB7Q000,スマートフォン本体,Xiaomi,Redmi Note 13 Pro+ 5G,Redmi Note 13 Pro+ 5G ムーンライトホワイト 512GB MZB0GX7JP,ムーンライトホワイト,512GB,,6941812775615
51LS2ODIL3000,スマートフォン本体,Xiaomi,Redmi Note 14 Pro 5G,Redmi Note 14 Pro 5G コーラルグリーン 256GB MZB0ILYJP,コーラルグリーン,256GB,,6932554402730
CXM2O3DV2T000,スマートフォン本体,Xiaomi,Redmi Note 14 Pro 5G,Redmi Note 14 Pro 5G コーラルグリーン 512GB MZB0IN4JP,コーラルグリーン,512GB,,6932554402310
7ROUSX1HWC000,スマートフォン本体,Xiaomi,Redmi Note 14 Pro 5G,Redmi Note 14 Pro 5G ミッドナイトブラック 256GB MZB0I8NJP,ミッドナイトブラック,256GB,,6941812757734
UZX8LVDEU9000,スマートフォン本体,Xiaomi,Redmi Note 14 Pro 5G,Redmi Note 14 Pro 5G ミッドナイトブラック 512GB MZB0I8LJP,ミッドナイトブラック,512GB,,6941812757642
1OF4EZY4U7000,スマートフォン本体,Xiaomi,Redmi Note 14 Pro 5G,Redmi Note 14 Pro 5G ラベンダーパープル 256GB MZB0IMTJP,ラベンダーパープル,256GB,,6932554402426
QIHIXCBEX2000,スマートフォン本体,Xiaomi,Redmi Note 14 Pro 5G,Redmi Note 14 Pro 5G ラベンダーパープル 512GB MZB0IN2JP,ラベンダーパープル,512GB,,6932554402334
IIEF54VAYF000,スマートフォン本体,Xiaomi,Redmi Note 9S,Redmi Note 9S オーロラブルー 128GB M2003J6A1R,オーロラブルー,128GB,,6941059643074
X27PZPZ372000,スマートフォン本体,Xiaomi,Redmi Note 9S,Redmi Note 9S オーロラブルー 64GB M2003J6A1R,オーロラブルー,64GB,,6941059643081
M5T0UEM2KC000,スマートフォン本体,Xiaomi,Redmi Note 9S,Redmi Note 9S グレイシャーホワイト 128GB M2003J6A1R,グレイシャーホワイト,128GB,,6941059643104
7LPMRJO0DV000,スマートフォン本体,Xiaomi,Redmi Note 9S,Redmi Note 9S グレイシャーホワイト 64GB M2003J6A1R,グレイシャーホワイト,64GB,,6941059643111
LOPHF251JA000,スマートフォン本体,Xiaomi,Redmi Note 9T,Redmi Note 9T デイブレイクパープル 128GB,デイブレイクパープル,128GB,,
5AANM9G0DR000,スマートフォン本体,Xiaomi,Redmi Note 9T,Redmi Note 9T デイブレイクパープル 64GB A001XM,デイブレイクパープル,64GB,,4549046099907
4V741IUGCK000,スマートフォン本体,Xiaomi,Redmi Note 9T,Redmi Note 9T ナイトフォールブラック 128GB A001XM,ナイトフォールブラック,128GB,,4549046131706
D47QKJKYU6000,スマートフォン本体,Xiaomi,Redmi Note 9T,Redmi Note 9T ナイトフォールブラック 64GB A001XM,ナイトフォールブラック,64GB,,4549046099891
YLIVGOO9DX000,スマートフォン本体,Xiaomi,Xiaomi 11T Pro,Xiaomi 11T Pro セレスティアルブルー 128GB 2107113SR,セレスティアルブルー,128GB,,6934177749650
QIEBQOECK4000,スマートフォン本体,Xiaomi,Xiaomi 11T Pro,Xiaomi 11T Pro セレスティアルブルー 256GB 2107113SR,セレスティアルブルー,256GB,,6934177749896
E0Y1XD45UN000,スマートフォン本体,Xiaomi,Xiaomi 11T Pro,Xiaomi 11T Pro ムーンライトホワイト 128GB 2107113SR,ムーンライトホワイト,128GB,,6934177750267
QD3GAGNB3X000,スマートフォン本体,Xiaomi,Xiaomi 11T Pro,Xiaomi 11T Pro ムーンライトホワイト 256GB 2107113SR,ムーンライトホワイト,256GB,,6934177749728
DPZ19772D6000,スマートフォン本体,Xiaomi,Xiaomi 11T Pro,Xiaomi 11T Pro メテオライトグレー 128GB 2107113SR,メテオライトグレー,128GB,,6934177750397
YVQQUFVVK9000,スマートフォン本体,Xiaomi,Xiaomi 11T Pro,Xiaomi 11T Pro メテオライトグレー 256GB 2107113SR,メテオライトグレー,256GB,,6934177749780
NWETSBHQQR000,スマートフォン本体,Xiaomi,Xiaomi 11T,Xiaomi 11T セレスティアルブルー 128GB 21081111RG,セレスティアルブルー,128GB,,6934177751127
M79XZLJ85P000,スマートフォン本体,Xiaomi,Xiaomi 11T,Xiaomi 11T ムーンライトホワイト 128GB 21081111RG,ムーンライトホワイト,128GB,,6934177750816
4O4XX44DV4000,スマートフォン本体,Xiaomi,Xiaomi 11T,Xiaomi 11T メテオライトグレー 128GB 21081111RG,メテオライトグレー,128GB,,6934177751059
G1F1EJ49PZ000,スマートフォン本体,Xiaomi,Xiaomi 12T Pro,Xiaomi 12T Pro ブラック 128GB 22081212R,ブラック,128GB,,6934177798344
RI3R70V674000,スマートフォン本体,Xiaomi,Xiaomi 12T Pro,Xiaomi 12T Pro ブラック 256GB A201XM,ブラック,256GB,,
77DJOULX70000,スマートフォン本体,Xiaomi,Xiaomi 12T Pro,Xiaomi 12T Pro ブルー 128GB 22081212R,ブルー,128GB,,6934177798412
413L3E9PWG000,スマートフォン本体,Xiaomi,Xiaomi 12T Pro,Xiaomi 12T Pro ブルー 256GB A201XM,ブルー,256GB,,
24SL2QV3KL000,スマートフォン本体,Xiaomi,Xiaomi 13T Pro,Xiaomi 13T Pro アルパインブルー 256GB,アルパインブルー,256GB,,6941812735497
K7HDR6BC35000,スマートフォン本体,Xiaomi,Xiaomi 13T Pro,Xiaomi 13T Pro ブラック 256GB,ブラック,256GB,,6941812735978
LXUQ0LRT7N000,スマートフォン本体,Xiaomi,Xiaomi 13T Pro,Xiaomi 13T Pro メドウグリーン 256GB,メドウグリーン,256GB,,6941812735541
PC9EC2AXHA000,スマートフォン本体,Xiaomi,Xiaomi 13T,Xiaomi 13T アルパインブルー 256GB XIG04,アルパインブルー,256GB,,
8UASF6TP2T000,スマートフォン本体,Xiaomi,Xiaomi 13T,Xiaomi 13T ブラック 256GB XIG04,ブラック,256GB,,
C2I47ES072000,スマートフォン本体,Xiaomi,Xiaomi 13T,Xiaomi 13T メドウグリーン 256GB XIG04,メドウグリーン,256GB,,
EGTQNDJT0A000,スマートフォン本体,Xiaomi,Xiaomi 14 Ultra,Xiaomi 14 Ultra ブラック 512GB 24030PN60G,ブラック,512GB,,
V3SSMGJB0N000,スマートフォン本体,Xiaomi,Xiaomi 14 Ultra,Xiaomi 14 Ultra ホワイト 512GB 24030PN60G,ホワイト,512GB,,
R4AFSQR1KF000,スマートフォン本体,Xiaomi,Xiaomi 14T Pro,Xiaomi 14T Pro チタングレー 256GB,チタングレー,256GB,,
82S0TQKC1Y000,スマートフォン本体,Xiaomi,Xiaomi 14T Pro,Xiaomi 14T Pro チタングレー 512GB,チタングレー,512GB,,6941812709979
0VCXTC8YX4000,スマートフォン本体,Xiaomi,Xiaomi 14T Pro,Xiaomi 14T Pro チタンブラック 256GB,チタンブラック,256GB,,
K5421WPJFT000,スマートフォン本体,Xiaomi,Xiaomi 14T Pro,Xiaomi 14T Pro チタンブラック 512GB,チタンブラック,512GB,,6941812709900
7S6AGFXVUW000,スマートフォン本体,Xiaomi,Xiaomi 14T Pro,Xiaomi 14T Pro チタンブルー 256GB,チタンブルー,256GB,,
WIEQG1460K000,スマートフォン本体,Xiaomi,Xiaomi 14T Pro,Xiaomi 14T Pro チタンブルー 512GB,チタンブルー,512GB,,6941812709849
ME7NQJ9AKS000,スマートフォン本体,Xiaomi,Xiaomi 14T,Xiaomi 14T チタングレー 256GB XIG07,チタングレー,256GB,,
4WKVIGW4J9000,スマートフォン本体,Xiaomi,Xiaomi 14T,Xiaomi 14T チタンブルー 256GB XIG07,チタンブルー,256GB,,
XXZLDIBOD4000,スマートフォン本体,Xiaomi,Xiaomi 14T,Xiaomi 14T レモングリーン 256GB XIG07,レモングリーン,256GB,,
V9UMA5G4CM000,スマートフォン本体,Xiaomi,Xiaomi 15 Ultra,Xiaomi 15 Ultra シルバークローム 1TB 25010PN30G,シルバークローム,1TB,,6932554420680
M3VGADHCN8000,スマートフォン本体,Xiaomi,Xiaomi 15 Ultra,Xiaomi 15 Ultra シルバークローム 512GB 25010PN30G,シルバークローム,512GB,,6932554420673
GJHT8WW2K9000,スマートフォン本体,Xiaomi,Xiaomi 15 Ultra,Xiaomi 15 Ultra ブラック 512GB 25010PN30G,ブラック,512GB,,6932554420697
Y4R8XD3DHK000,スマートフォン本体,Xiaomi,Xiaomi 15 Ultra,Xiaomi 15 Ultra ホワイト 512GB 25010PN30G,ホワイト,512GB,,6932554420666
KAVRP1M781000,スマートフォン本体,Xiaomi,Xiaomi 15,Xiaomi 15 グリーン 256GB 24129PN74G,グリーン,256GB,,6932554437213
IEMZ8BOZP2000,スマートフォン本体,Xiaomi,Xiaomi 15,Xiaomi 15 グリーン 512GB 24129PN74G,グリーン,512GB,,6932554437237
YZEH3N47WY000,スマートフォン本体,Xiaomi,Xiaomi 15,Xiaomi 15 ブラック 256GB 24129PN74G,ブラック,256GB,,6932554437244
6E9MLGAAAF000,スマートフォン本体,Xiaomi,Xiaomi 15,Xiaomi 15 ブラック 512GB 24129PN74G,ブラック,512GB,,6932554437206
TPI7VT03IO000,スマートフォン本体,Xiaomi,Xiaomi 15,Xiaomi 15 ホワイト 256GB 24129PN74G,ホワイト,256GB,,6932554437220
JGP4Q3J9SJ000,スマートフォン本体,Xiaomi,Xiaomi 15,Xiaomi 15 ホワイト 512GB 24129PN74G,ホワイト,512GB,,6932554437190
MQY6PH72SN000,スマートフォン本体,ZTE,Libero 5G II,Libero 5G II ピンク 64GB,ピンク,64GB,,
5NT4P3Z86K000,スマートフォン本体,ZTE,Libero 5G II,Libero 5G II ブラック 64GB,ブラック,64GB,,
4MUEAOPM5V000,スマートフォン本体,ZTE,Libero 5G II,Libero 5G II ホワイト 64GB,ホワイト,64GB,,
BPEA4WG203000,スマートフォン本体,ZTE,Libero 5G III,Libero 5G III パープル 64GB,パープル,64GB,,
RMMJUSWZ7M000,スマートフォン本体,ZTE,Libero 5G III,Libero 5G III ブラック 64GB,ブラック,64GB,,
HHPH3HH7I0000,スマートフォン本体,ZTE,Libero 5G III,Libero 5G III ホワイト 64GB,ホワイト,64GB,,
V6LRX6HTXD000,スマートフォン本体,ZTE,Libero 5G IV,Libero 5G IV ブラック 128GB A302ZT,ブラック,128GB,,
6D44KX43IG000,スマートフォン本体,ZTE,Libero 5G IV,Libero 5G IV ブルー 128GB A302ZT,ブルー,128GB,,
X5UZ5IG9GT000,スマートフォン本体,ZTE,Libero 5G IV,Libero 5G IV ホワイト 128GB A302ZT,ホワイト,128GB,,
8J0UAF0U78000,スマートフォン本体,ZTE,Libero 5G,Libero 5G ブルー 64GB,ブルー,64GB,,
KVYLQK5WLO000,スマートフォン本体,ZTE,Libero 5G,Libero 5G ホワイト 64GB,ホワイト,64GB,,
OFO30BIEUT000,スマートフォン本体,ZTE,Libero 5G,Libero 5G レッド 64GB,レッド,64GB,,
XFDS2AEK65000,スマートフォン本体,ZTE,Libero Flip,Libero Flip ゴールド 128GB A304ZT,ゴールド,128GB,,
D3Y4U37117000,スマートフォン本体,ZTE,Libero Flip,Libero Flip ブルー 128GB A304ZT,ブルー,128GB,,
48HWUIAW6I000,スマートフォン本体,ZTE,Libero Flip,Libero Flip ホワイト 128GB A304ZT,ホワイト,128GB,,
GFUQ5S5F7W000,スマートフォン本体,ZTE,Libero S10,Libero S10 ホワイト 32GB 901ZT,ホワイト,32GB,,4549046091482
LUTLX44S9A000,スマートフォン本体,ZTE,Libero3,Libero3 ブラック 64GB,ブラック,64GB,,
UHRLQKQV7G000,スマートフォン本体,いつも頑張っているお母さんのためのローヤルゼリー,Google Pixel 8,Google Pixel 8 ヘーゼル 256GB GZPFO,ヘーゼル,256GB,,
49UP7U8JGF000,スマートフォン本体,いつも頑張っているお母さんのためのローヤルゼリー,Google Pixel 8,Google Pixel 8 ローズ 256GB GZPFO,ローズ,256GB,,
R3L2FOWK6J000,スマートフォン本体,いつも頑張っているお母さんのためのローヤルゼリー,Google Pixel 9 Pro,Google Pixel 9 Pro ヘーゼル 128GB GWVK6,ヘーゼル,128GB,,
L9UN9XU4J0000,スマートフォン本体,いつも頑張っているお母さんのためのローヤルゼリー,Google Pixel 9 Pro,Google Pixel 9 Pro ヘーゼル 512GB GWVK6,ヘーゼル,512GB,,
5Z963XOPJZ000,スマートフォン本体,いつも頑張っているお母さんのためのローヤルゼリー,Google Pixel 9 Pro,Google Pixel 9 Pro ローズクォーツ 128GB GWVK6,ローズクォーツ,128GB,,
9ZB4YDTZR9000,スマートフォン本体,いつも頑張っているお母さんのためのローヤルゼリー,Google Pixel 9 Pro,Google Pixel 9 Pro ローズクォーツ 512GB GWVK6,ローズクォーツ,512GB,,
WIMF3LWR4E000,スマートフォン本体,いつも頑張っているお母さんのためのローヤルゼリー,Google Pixel 9a,Google Pixel 9a ピオニー 256GB G3Y12,ピオニー,256GB,,
N3K4WU17D4000,スマートフォン本体,シュガーベイビー,Xperia 5 III,Xperia 5 III フロストブラック 128GB SOG05,ブラック,128GB,,4941787087722
6DZQOHZZ1N000,スマートフォン本体,テンプティッドスイーツ,iPhone 8 Plus,iPhone 8 Plus レッド 128GB -,レッド,128GB,,4549995047448
EXWOHU9G46000,スマートフォン本体,ディズニー・モバイル,Disney Mobile F-08D,Disney mobile F-08D ホワイト 4GB,ホワイト,4GB,,
734J49WYLF000,iPad本体,Apple,iPad (第10世代) 10.9インチ,iPad (第10世代) 10.9インチ　イエロー　256GB　Wifiモデル MPQA3J/A,イエロー,256GB,Wi-Fi,4549995361612
724XY875O6000,iPad本体,Apple,iPad (第10世代) 10.9インチ,iPad (第10世代) 10.9インチ　イエロー　256GB　セルラーモデル MQ6V3J/A,イエロー,256GB,Wi-Fi + Cellular,4549995359091
OJ31V5O21U000,iPad本体,Apple,iPad (第10世代) 10.9インチ,iPad (第10世代) 10.9インチ　イエロー　64GB　Wifiモデル MPQ23J/A,イエロー,64GB,Wi-Fi,4549995361537
P6SS19I2LQ000,iPad本体,Apple,iPad (第10世代) 10.9インチ,iPad (第10世代) 10.9インチ　イエロー　64GB　セルラーモデル MQ6L3J/A,イエロー,64GB,Wi-Fi + Cellular,4549995358773
XCAPFO1Z6E000,iPad本体,Apple,iPad (第10世代) 10.9インチ,iPad (第10世代) 10.9インチ　シルバー　256GB　Wifiモデル MPQ83J/A,シルバー,256GB,Wi-Fi,4549995361599
FWZPCE23SY000,iPad本体,Apple,iPad (第10世代) 10.9インチ,iPad (第10世代) 10.9インチ　シルバー　256GB　セルラーモデル MQ6T3J/A,シルバー,256GB,Wi-Fi + Cellular,4549995359015
ON6VHBLG1U000,iPad本体,Apple,iPad (第10世代) 10.9インチ,iPad (第10世代) 10.9インチ　シルバー　64GB　Wifiモデル MPQ03J/A,シルバー,64GB,Wi-Fi,4549995361513
DZ9P864D4D000,iPad本体,Apple,iPad (第10世代) 10.9インチ,iPad (第10世代) 10.9インチ　シルバー　64GB　セルラーモデル MQ6J3J/A,シルバー,64GB,Wi-Fi + Cellular,4549995358698
OHZNLXTDU1000,iPad本体,Apple,iPad (第10世代) 10.9インチ,iPad (第10世代) 10.9インチ　ピンク　256GB　Wifiモデル MPQC3J/A,ピンク,256GB,Wi-Fi,4549995361629
F8O24Y5NJC000,iPad本体,Apple,iPad (第10世代) 10.9インチ,iPad (第10世代) 10.9インチ　ピンク　256GB　セルラーモデル MQ6W3J/A,ピンク,256GB,Wi-Fi + Cellular,4549995359138
O8H444BG3V000,iPad本体,Apple,iPad (第10世代) 10.9インチ,iPad (第10世代) 10.9インチ　ピンク　64GB　Wifiモデル MPQ33J/A,ピンク,64GB,Wi-Fi,4549995361544
QRVGMOT7PU000,iPad本体,Apple,iPad (第10世代) 10.9インチ,iPad (第10世代) 10.9インチ　ピンク　64GB　セルラーモデル MQ6M3J/A,ピンク,64GB,Wi-Fi + Cellular,4549995358810
QILHYNFL1V000,iPad本体,Apple,iPad (第10世代) 10.9インチ,iPad (第10世代) 10.9インチ　ブルー　256GB　Wifiモデル MPQ93J/A,ブルー,256GB,Wi-Fi,4549995361605
I6R64W71TX000,iPad本体,Apple,iPad (第10世代) 10.9インチ,iPad (第10世代) 10.9インチ　ブルー　256GB　セルラーモデル MQ6U3J/A,ブルー,256GB,Wi-Fi + Cellular,4549995359053
I5WL3PA236000,iPad本体,Apple,iPad (第10世代) 10.9インチ,iPad (第10世代) 10.9インチ　ブルー　64GB　Wifiモデル MPQ13J/A,ブルー,64GB,Wi-Fi,4549995361520
PU4HXBR0GW000,iPad本体,Apple,iPad (第10世代) 10.9インチ,iPad (第10世代) 10.9インチ　ブルー　64GB　セルラーモデル MQ6K3J/A,ブルー,64GB,Wi-Fi + Cellular,4549995358735
PNAY31H9L4000,iPad本体,Apple,iPad (第11世代) 11インチ,iPad (第11世代) 11インチ　イエロー　128GB　Wifiモデル MD4D4J/A,イエロー,128GB,Wi-Fi,4549995560091
E0MZCPA5BO000,iPad本体,Apple,iPad (第11世代) 11インチ,iPad (第11世代) 11インチ　イエロー　128GB　セルラーモデル MD7H4J/A,イエロー,128GB,Wi-Fi + Cellular,4549995560923
S42Z0R21UW000,iPad本体,Apple,iPad (第11世代) 11インチ,iPad (第11世代) 11インチ　イエロー　256GB　Wifiモデル MD4J4J/A,イエロー,256GB,Wi-Fi,4549995560138
KWQ9NR1M34000,iPad本体,Apple,iPad (第11世代) 11インチ,iPad (第11世代) 11インチ　イエロー　256GB　セルラーモデル MD7M4J/A,イエロー,256GB,Wi-Fi + Cellular,4549995561081
4C366NL022000,iPad本体,Apple,iPad (第11世代) 11インチ,iPad (第11世代) 11インチ　イエロー　512GB　Wifiモデル MD5A4J/A,イエロー,512GB,Wi-Fi,4549995560176
24H258RVXQ000,iPad本体,Apple,iPad (第11世代) 11インチ,iPad (第11世代) 11インチ　イエロー　512GB　セルラーモデル MD7R4J/A,イエロー,512GB,Wi-Fi + Cellular,4549995561241
W4OVKD0TP6000,iPad本体,Apple,iPad (第11世代) 11インチ,iPad (第11世代) 11インチ　シルバー　128GB　Wifiモデル MD3Y4J/A,シルバー,128GB,Wi-Fi,4549995560077
K83XTAYRYR000,iPad本体,Apple,iPad (第11世代) 11インチ,iPad (第11世代) 11インチ　シルバー　128GB　セルラーモデル MD7F4J/A,シルバー,128GB,Wi-Fi + Cellular,4549995560848
455X9VSSFD000,iPad本体,Apple,iPad (第11世代) 11インチ,iPad (第11世代) 11インチ　シルバー　256GB　Wifiモデル MD4G4J/A,シルバー,256GB,Wi-Fi,4549995560114
IVNDDE9QEI000,iPad本体,Apple,iPad (第11世代) 11インチ,iPad (第11世代) 11インチ　シルバー　256GB　セルラーモデル MD7K4J/A,シルバー,256GB,Wi-Fi + Cellular,4549995561005
B484Y2VGH4000,iPad本体,Apple,iPad (第11世代) 11インチ,iPad (第11世代) 11インチ　シルバー　512GB　Wifiモデル MD4Q4J/A,シルバー,512GB,Wi-Fi,4549995560152
ASIS2ASS2W000,iPad本体,Apple,iPad (第11世代) 11インチ,iPad (第11世代) 11インチ　シルバー　512GB　セルラーモデル MD7P4J/A,シルバー,512GB,Wi-Fi + Cellular,4549995561166
6TVTZ7H434000,iPad本体,Apple,iPad (第11世代) 11インチ,iPad (第11世代) 11インチ　ピンク　128GB　Wifiモデル MD4E4J/A,ピンク,128GB,Wi-Fi,4549995560107
2WPFMUO6NW000,iPad本体,Apple,iPad (第11世代) 11インチ,iPad (第11世代) 11インチ　ピンク　128GB　セルラーモデル MD7J4J/A,ピンク,128GB,Wi-Fi + Cellular,4549995560961
3XAVK9OBR8000,iPad本体,Apple,iPad (第11世代) 11インチ,iPad (第11世代) 11インチ　ピンク　256GB　Wifiモデル MD4P4J/A,ピンク,256GB,Wi-Fi,4549995560145
72YS4QON02000,iPad本体,Apple,iPad (第11世代) 11インチ,iPad (第11世代) 11インチ　ピンク　256GB　セルラーモデル MD7N4J/A,ピンク,256GB,Wi-Fi + Cellular,4549995561128
T4WH9304BU000,iPad本体,Apple,iPad (第11世代) 11インチ,iPad (第11世代) 11インチ　ピンク　512GB　Wifiモデル MD5C4J/A,ピンク,512GB,Wi-Fi,4549995560183
RG09I4T0PL000,iPad本体,Apple,iPad (第11世代) 11インチ,iPad (第11世代) 11インチ　ピンク　512GB　セルラーモデル MD7T4J/A,ピンク,512GB,Wi-Fi + Cellular,4549995561289
7CTK4S290O000,iPad本体,Apple,iPad (第11世代) 11インチ,iPad (第11世代) 11インチ　ブルー　128GB　Wifiモデル MD4A4J/A,ブルー,128GB,Wi-Fi,4549995560084
BMQKM1KB7Y000,iPad本体,Apple,iPad (第11世代) 11インチ,iPad (第11世代) 11インチ　ブルー　128GB　セルラーモデル MD7G4J/A,ブルー,128GB,Wi-Fi + Cellular,4549995560886
1L8M1QRVB4000,iPad本体,Apple,iPad (第11世代) 11インチ,iPad (第11世代) 11インチ　ブルー　256GB　Wifiモデル MD4H4J/A,ブルー,256GB,Wi-Fi,4549995560121
2UPE263O3M000,iPad本体,Apple,iPad (第11世代) 11インチ,iPad (第11世代) 11インチ　ブルー　256GB　セルラーモデル MD7L4J/A,ブルー,256GB,Wi-Fi + Cellular,4549995561043
PB9XWKSEBD000,iPad本体,Apple,iPad (第11世代) 11インチ,iPad (第11世代) 11インチ　ブルー　512GB　Wifiモデル MD4Y4J/A,ブルー,512GB,Wi-Fi,4549995560169
GC43YC21VC000,iPad本体,Apple,iPad (第11世代) 11インチ,iPad (第11世代) 11インチ　ブルー　512GB　セルラーモデル MD7Q4J/A,ブルー,512GB,Wi-Fi + Cellular,4549995561203
T0F7O3YNLF000,iPad本体,Apple,iPad (第1世代) 9.7インチ,iPad (第1世代) 9.7インチ　ブラック　16GB　Wifiモデル MB292J/A,ブラック,16GB,Wi-Fi,4547597580011
NPR2KKCCIY000,iPad本体,Apple,iPad (第1世代) 9.7インチ,iPad (第1世代) 9.7インチ　ブラック　16GB　セルラーモデル MC349J/A,ブラック,16GB,Wi-Fi + Cellular,4547597717868
SZKCL340DR000,iPad本体,Apple,iPad (第1世代) 9.7インチ,iPad (第1世代) 9.7インチ　ブラック　32GB　Wifiモデル MB293J/A,ブラック,32GB,Wi-Fi,4547597580042
4HMEQ9NC6M000,iPad本体,Apple,iPad (第1世代) 9.7インチ,iPad (第1世代) 9.7インチ　ブラック　32GB　セルラーモデル MC496J/A,ブラック,32GB,Wi-Fi + Cellular,4547597717875
W9YYC8VK8I000,iPad本体,Apple,iPad (第1世代) 9.7インチ,iPad (第1世代) 9.7インチ　ブラック　64GB　Wifiモデル MB294J/A,ブラック,64GB,Wi-Fi,4547597580066
S7I04LR9YJ000,iPad本体,Apple,iPad (第1世代) 9.7インチ,iPad (第1世代) 9.7インチ　ブラック　64GB　セルラーモデル MC497J/A,ブラック,64GB,Wi-Fi + Cellular,4547597717882
NWFCYR9EF1000,iPad本体,Apple,iPad (第2世代) 9.7インチ,iPad (第2世代) 9.7インチ　ブラック　16GB　Wifiモデル MC769J/A,ブラック,16GB,Wi-Fi,4547597754870
0X1IO5C7RN000,iPad本体,Apple,iPad (第2世代) 9.7インチ,iPad (第2世代) 9.7インチ　ブラック　16GB　セルラーモデル MC773J/A,ブラック,16GB,Wi-Fi + Cellular,4547597755136
8Y8MX4PR8K000,iPad本体,Apple,iPad (第2世代) 9.7インチ,iPad (第2世代) 9.7インチ　ブラック　32GB　Wifiモデル MC770J/A,ブラック,32GB,Wi-Fi,4547597754887
UNLDNUW8GN000,iPad本体,Apple,iPad (第2世代) 9.7インチ,iPad (第2世代) 9.7インチ　ブラック　32GB　セルラーモデル MC774J/A,ブラック,32GB,Wi-Fi + Cellular,4547597755143
MVSUXYU27K000,iPad本体,Apple,iPad (第2世代) 9.7インチ,iPad (第2世代) 9.7インチ　ブラック　64GB　Wifiモデル MC916J/A,ブラック,64GB,Wi-Fi,4547597754894
CF4BGXSTA0000,iPad本体,Apple,iPad (第2世代) 9.7インチ,iPad (第2世代) 9.7インチ　ブラック　64GB　セルラーモデル MC775J/A,ブラック,64GB,Wi-Fi + Cellular,4547597755150
V7O2GK48ZT000,iPad本体,Apple,iPad (第2世代) 9.7インチ,iPad (第2世代) 9.7インチ　ホワイト　16GB　Wifiモデル MC979J/A,ホワイト,16GB,Wi-Fi,4547597758861
4YHS8PVX23000,iPad本体,Apple,iPad (第2世代) 9.7インチ,iPad (第2世代) 9.7インチ　ホワイト　16GB　セルラーモデル MC982J/A,ホワイト,16GB,Wi-Fi + Cellular,4547597758779
T31JY44H3R000,iPad本体,Apple,iPad (第2世代) 9.7インチ,iPad (第2世代) 9.7インチ　ホワイト　32GB　Wifiモデル MC980J/A,ホワイト,32GB,Wi-Fi,4547597758878
R51BR48GEA000,iPad本体,Apple,iPad (第2世代) 9.7インチ,iPad (第2世代) 9.7インチ　ホワイト　32GB　セルラーモデル MC983J/A,ホワイト,32GB,Wi-Fi + Cellular,4547597758786
41ZPZWDM7C000,iPad本体,Apple,iPad (第2世代) 9.7インチ,iPad (第2世代) 9.7インチ　ホワイト　64GB　Wifiモデル MC981J/A,ホワイト,64GB,Wi-Fi,4547597758892
V7BOYCKOZ7000,iPad本体,Apple,iPad (第2世代) 9.7インチ,iPad (第2世代) 9.7インチ　ホワイト　64GB　セルラーモデル MC984J/A,ホワイト,64GB,Wi-Fi + Cellular,4547597758816
I2EAVPBXB8000,iPad本体,Apple,iPad (第3世代) 9.7インチ,iPad (第3世代) 9.7インチ　ブラック　16GB　Wifiモデル MC705J/A,ブラック,16GB,Wi-Fi,4547597798010
YJZ5QNK1LL000,iPad本体,Apple,iPad (第3世代) 9.7インチ,iPad (第3世代) 9.7インチ　ブラック　16GB　セルラーモデル MD366J/A,ブラック,16GB,Wi-Fi + Cellular,4547597808382
WDEZ6THG2F000,iPad本体,Apple,iPad (第3世代) 9.7インチ,iPad (第3世代) 9.7インチ　ブラック　32GB　Wifiモデル MC706J/A,ブラック,32GB,Wi-Fi,4547597798027
4694DSF7LS000,iPad本体,Apple,iPad (第3世代) 9.7インチ,iPad (第3世代) 9.7インチ　ブラック　32GB　セルラーモデル MD367J/A,ブラック,32GB,Wi-Fi + Cellular,4547597808399
PU4WFYMMWY000,iPad本体,Apple,iPad (第3世代) 9.7インチ,iPad (第3世代) 9.7インチ　ブラック　64GB　Wifiモデル MC707J/A,ブラック,64GB,Wi-Fi,4547597798034
HL02B6AZM5000,iPad本体,Apple,iPad (第3世代) 9.7インチ,iPad (第3世代) 9.7インチ　ブラック　64GB　セルラーモデル MD368J/A,ブラック,64GB,Wi-Fi + Cellular,4547597808405
Y8DFWKYRT2000,iPad本体,Apple,iPad (第3世代) 9.7インチ,iPad (第3世代) 9.7インチ　ホワイト　16GB　Wifiモデル MD328J/A,ホワイト,16GB,Wi-Fi,4547597798041
AQJQDW2SKH000,iPad本体,Apple,iPad (第3世代) 9.7インチ,iPad (第3世代) 9.7インチ　ホワイト　16GB　セルラーモデル MD369J/A,ホワイト,16GB,Wi-Fi + Cellular,4547597808412
ZNXNVUIFRQ000,iPad本体,Apple,iPad (第3世代) 9.7インチ,iPad (第3世代) 9.7インチ　ホワイト　32GB　Wifiモデル MD329J/A,ホワイト,32GB,Wi-Fi,4547597798058
KVYEDBU64I000,iPad本体,Apple,iPad (第3世代) 9.7インチ,iPad (第3世代) 9.7インチ　ホワイト　32GB　セルラーモデル MD370J/A,ホワイト,32GB,Wi-Fi + Cellular,4547597808429
4PDTYFYV1P000,iPad本体,Apple,iPad (第3世代) 9.7インチ,iPad (第3世代) 9.7インチ　ホワイト　64GB　Wifiモデル MD330J/A,ホワイト,64GB,Wi-Fi,4547597798065
7P5F42FNFG000,iPad本体,Apple,iPad (第3世代) 9.7インチ,iPad (第3世代) 9.7インチ　ホワイト　64GB　セルラーモデル MD371J/A,ホワイト,64GB,Wi-Fi + Cellular,4547597808436
E7BOBGJ6SZ000,iPad本体,Apple,iPad (第4世代) 9.7インチ,iPad (第4世代) 9.7インチ　ブラック　16GB　Wifiモデル MD510J/A,ブラック,16GB,Wi-Fi,4547597825143
XYXRA8YXD8000,iPad本体,Apple,iPad (第4世代) 9.7インチ,iPad (第4世代) 9.7インチ　ブラック　16GB　セルラーモデル MD522J/A,ブラック,16GB,Wi-Fi + Cellular,4547597825778
XCKDOPJFLN000,iPad本体,Apple,iPad (第4世代) 9.7インチ,iPad (第4世代) 9.7インチ　ブラック　32GB　Wifiモデル MD511J/A,ブラック,32GB,Wi-Fi,4547597825150
ELH9G85CH5000,iPad本体,Apple,iPad (第4世代) 9.7インチ,iPad (第4世代) 9.7インチ　ブラック　32GB　セルラーモデル MD523J/A,ブラック,32GB,Wi-Fi + Cellular,4547597825785
6MLN1FMPFH000,iPad本体,Apple,iPad (第4世代) 9.7インチ,iPad (第4世代) 9.7インチ　ブラック　64GB　Wifiモデル MD512J/A,ブラック,64GB,Wi-Fi,4547597825167
W14HGZL2Y4000,iPad本体,Apple,iPad (第4世代) 9.7インチ,iPad (第4世代) 9.7インチ　ブラック　64GB　セルラーモデル MD524J/A,ブラック,64GB,Wi-Fi + Cellular,4547597825792
4IRDATDX7D000,iPad本体,Apple,iPad (第4世代) 9.7インチ,iPad (第4世代) 9.7インチ　ホワイト　16GB　Wifiモデル MD513J/A,ホワイト,16GB,Wi-Fi,4547597825174
935ZIK47JC000,iPad本体,Apple,iPad (第4世代) 9.7インチ,iPad (第4世代) 9.7インチ　ホワイト　16GB　セルラーモデル MD525J/A,ホワイト,16GB,Wi-Fi + Cellular,4547597825808
1RF6RHMF6H000,iPad本体,Apple,iPad (第4世代) 9.7インチ,iPad (第4世代) 9.7インチ　ホワイト　32GB　Wifiモデル MD514J/A,ホワイト,32GB,Wi-Fi,4547597825181
RX2GRX635U000,iPad本体,Apple,iPad (第4世代) 9.7インチ,iPad (第4世代) 9.7インチ　ホワイト　32GB　セルラーモデル MD526J/A,ホワイト,32GB,Wi-Fi + Cellular,4547597825815
8B7QS4D839000,iPad本体,Apple,iPad (第4世代) 9.7インチ,iPad (第4世代) 9.7インチ　ホワイト　64GB　Wifiモデル MD515J/A,ホワイト,64GB,Wi-Fi,4547597825198
SSYI4T4C2X000,iPad本体,Apple,iPad (第4世代) 9.7インチ,iPad (第4世代) 9.7インチ　ホワイト　64GB　セルラーモデル MD527J/A,ホワイト,64GB,Wi-Fi + Cellular,4547597825822
0JOCFIEZNS000,iPad本体,Apple,iPad (第5世代) 9.7インチ,iPad (第5世代) 9.7インチ　ゴールド　128GB　Wifiモデル MPGW2J/A,ゴールド,128GB,Wi-Fi,4547597978344
1AZ3Y05AWC000,iPad本体,Apple,iPad (第5世代) 9.7インチ,iPad (第5世代) 9.7インチ　ゴールド　128GB　セルラーモデル MPG52J/A,ゴールド,128GB,Wi-Fi + Cellular,4547597978504
F9M3XXCK6C000,iPad本体,Apple,iPad (第5世代) 9.7インチ,iPad (第5世代) 9.7インチ　ゴールド　32GB　Wifiモデル MPGT2J/A,ゴールド,32GB,Wi-Fi,4547597978337
17L5J7VHR4000,iPad本体,Apple,iPad (第5世代) 9.7インチ,iPad (第5世代) 9.7インチ　ゴールド　32GB　セルラーモデル MPG42J/A,ゴールド,32GB,Wi-Fi + Cellular,4547597978498
0LR4QFCZLB000,iPad本体,Apple,iPad (第5世代) 9.7インチ,iPad (第5世代) 9.7インチ　シルバー　128GB　Wifiモデル MP2J2J/A,シルバー,128GB,Wi-Fi,4547597973264
1NH6X429K4000,iPad本体,Apple,iPad (第5世代) 9.7インチ,iPad (第5世代) 9.7インチ　シルバー　128GB　セルラーモデル MP272J/A,シルバー,128GB,Wi-Fi + Cellular,4547597972809
LEI0PDXP5P000,iPad本体,Apple,iPad (第5世代) 9.7インチ,iPad (第5世代) 9.7インチ　シルバー　32GB　Wifiモデル MP2G2J/A,シルバー,32GB,Wi-Fi,4547597973240
TWWG65CSZ7000,iPad本体,Apple,iPad (第5世代) 9.7インチ,iPad (第5世代) 9.7インチ　シルバー　32GB　セルラーモデル MP1L2J/A,シルバー,32GB,Wi-Fi + Cellular,4547597972786
B24OZEBAG8000,iPad本体,Apple,iPad (第5世代) 9.7インチ,iPad (第5世代) 9.7インチ　スペースグレイ　128GB　Wifiモデル MP2H2J/A,スペースグレイ,128GB,Wi-Fi,4547597973257
2CAXI67JKR000,iPad本体,Apple,iPad (第5世代) 9.7インチ,iPad (第5世代) 9.7インチ　スペースグレイ　128GB　セルラーモデル MP262J/A,スペースグレイ,128GB,Wi-Fi + Cellular,4547597972793
8M207UY6P8000,iPad本体,Apple,iPad (第5世代) 9.7インチ,iPad (第5世代) 9.7インチ　スペースグレイ　32GB　Wifiモデル MP2F2J/A,スペースグレイ,32GB,Wi-Fi,4547597973233
RAQQQN44JX000,iPad本体,Apple,iPad (第5世代) 9.7インチ,iPad (第5世代) 9.7インチ　スペースグレイ　32GB　セルラーモデル MP1J2J/A,スペースグレイ,32GB,Wi-Fi + Cellular,
USUPNHNVQS000,iPad本体,Apple,iPad (第6世代) 9.7インチ,iPad (第6世代) 9.7インチ　ゴールド　128GB　Wifiモデル MRJP2J/A,ゴールド,128GB,Wi-Fi,4549995030013
4OXQDLP41N000,iPad本体,Apple,iPad (第6世代) 9.7インチ,iPad (第6世代) 9.7インチ　ゴールド　128GB　セルラーモデル MRM22J/A,ゴールド,128GB,Wi-Fi + Cellular,4549995162196
T4Y30JN84P000,iPad本体,Apple,iPad (第6世代) 9.7インチ,iPad (第6世代) 9.7インチ　ゴールド　32GB　Wifiモデル MRJN2J/A,ゴールド,32GB,Wi-Fi,4549995030006
ZKBP4DQCNC000,iPad本体,Apple,iPad (第6世代) 9.7インチ,iPad (第6世代) 9.7インチ　ゴールド　32GB　セルラーモデル MRM02J/A,ゴールド,32GB,Wi-Fi + Cellular,4549995162189
RZYTHFR087000,iPad本体,Apple,iPad (第6世代) 9.7インチ,iPad (第6世代) 9.7インチ　シルバー　128GB　Wifiモデル MR7K2J/A,シルバー,128GB,Wi-Fi,4549995017397
PEUAWHHGNC000,iPad本体,Apple,iPad (第6世代) 9.7インチ,iPad (第6世代) 9.7インチ　シルバー　128GB　セルラーモデル MR732J/A,シルバー,128GB,Wi-Fi + Cellular,4549995162172
QT7GRQZQ81000,iPad本体,Apple,iPad (第6世代) 9.7インチ,iPad (第6世代) 9.7インチ　シルバー　32GB　Wifiモデル MR7G2J/A,シルバー,32GB,Wi-Fi,4549995017366
82QT4BRB4G000,iPad本体,Apple,iPad (第6世代) 9.7インチ,iPad (第6世代) 9.7インチ　シルバー　32GB　セルラーモデル MR6P2J/A,シルバー,32GB,Wi-Fi + Cellular,4549995017304
E72R1EF0PU000,iPad本体,Apple,iPad (第6世代) 9.7インチ,iPad (第6世代) 9.7インチ　スペースグレイ　128GB　Wifiモデル MR7J2J/A,スペースグレイ,128GB,Wi-Fi,4549995017380
8X618VAQFB000,iPad本体,Apple,iPad (第6世代) 9.7インチ,iPad (第6世代) 9.7インチ　スペースグレイ　128GB　セルラーモデル MR722J/A,スペースグレイ,128GB,Wi-Fi + Cellular,4549995162165
Q843TO4BQ4000,iPad本体,Apple,iPad (第6世代) 9.7インチ,iPad (第6世代) 9.7インチ　スペースグレイ　32GB　Wifiモデル MR7F2J/A,スペースグレイ,32GB,Wi-Fi,4549995017359
CUZFQ25VB8000,iPad本体,Apple,iPad (第6世代) 9.7インチ,iPad (第6世代) 9.7インチ　スペースグレイ　32GB　セルラーモデル MR6N2J/A,スペースグレイ,32GB,Wi-Fi + Cellular,4549995162141
1AUJ340DAS000,iPad本体,Apple,iPad (第7世代) 10.2インチ,iPad (第7世代) 10.2インチ　ゴールド　128GB　Wifiモデル MW792J/A,ゴールド,128GB,Wi-Fi,4549995080728
1UZIEG8B1H000,iPad本体,Apple,iPad (第7世代) 10.2インチ,iPad (第7世代) 10.2インチ　ゴールド　128GB　セルラーモデル MW6G2J/A,ゴールド,128GB,Wi-Fi + Cellular,4549995132632
T0Y41B1IEK000,iPad本体,Apple,iPad (第7世代) 10.2インチ,iPad (第7世代) 10.2インチ　ゴールド　32GB　Wifiモデル MW762J/A,ゴールド,32GB,Wi-Fi,4549995080698
726W8F4ZTS000,iPad本体,Apple,iPad (第7世代) 10.2インチ,iPad (第7世代) 10.2インチ　ゴールド　32GB　セルラーモデル MW6D2J/A,ゴールド,32GB,Wi-Fi + Cellular,4549995132601
1OL284JHMX000,iPad本体,Apple,iPad (第7世代) 10.2インチ,iPad (第7世代) 10.2インチ　シルバー　128GB　Wifiモデル MW782J/A,シルバー,128GB,Wi-Fi,4549995080711
QVHERGS4Q5000,iPad本体,Apple,iPad (第7世代) 10.2インチ,iPad (第7世代) 10.2インチ　シルバー　128GB　セルラーモデル MW6F2J/A,シルバー,128GB,Wi-Fi + Cellular,4549995132625
1V1SI2DY5J000,iPad本体,Apple,iPad (第7世代) 10.2インチ,iPad (第7世代) 10.2インチ　シルバー　32GB　Wifiモデル MW752J/A,シルバー,32GB,Wi-Fi,4549995080681
A1C7NAXPR1000,iPad本体,Apple,iPad (第7世代) 10.2インチ,iPad (第7世代) 10.2インチ　シルバー　32GB　セルラーモデル MW6C2J/A,シルバー,32GB,Wi-Fi + Cellular,4549995132595
0A2J1KF4K5000,iPad本体,Apple,iPad (第7世代) 10.2インチ,iPad (第7世代) 10.2インチ　スペースグレイ　128GB　Wifiモデル MW772J/A,スペースグレイ,128GB,Wi-Fi,4549995080704
3U45NQ56UD000,iPad本体,Apple,iPad (第7世代) 10.2インチ,iPad (第7世代) 10.2インチ　スペースグレイ　128GB　セルラーモデル MW6E2J/A,スペースグレイ,128GB,Wi-Fi + Cellular,4549995132618
05GVW4VZ9J000,iPad本体,Apple,iPad (第7世代) 10.2インチ,iPad (第7世代) 10.2インチ　スペースグレイ　32GB　Wifiモデル MW742J/A,スペースグレイ,32GB,Wi-Fi,4549995080674
04W22MGV6Y000,iPad本体,Apple,iPad (第7世代) 10.2インチ,iPad (第7世代) 10.2インチ　スペースグレイ　32GB　セルラーモデル MW6A2J/A,スペースグレイ,32GB,Wi-Fi + Cellular,4549995132588
0EBR9L9O6Z000,iPad本体,Apple,iPad (第8世代) 10.2インチ,iPad (第8世代) 10.2インチ　ゴールド　128GB　Wifiモデル MYLF2J/A,ゴールド,128GB,Wi-Fi,4549995179507
LK4EAK4MQM000,iPad本体,Apple,iPad (第8世代) 10.2インチ,iPad (第8世代) 10.2インチ　ゴールド　128GB　セルラーモデル MYMN2J/A,ゴールド,128GB,Wi-Fi + Cellular,4549995169027
4CTJ840QWL000,iPad本体,Apple,iPad (第8世代) 10.2インチ,iPad (第8世代) 10.2インチ　ゴールド　32GB　Wifiモデル MYLC2J/A,ゴールド,32GB,Wi-Fi,4549995179477
8Y62SSTPDV000,iPad本体,Apple,iPad (第8世代) 10.2インチ,iPad (第8世代) 10.2インチ　ゴールド　32GB　セルラーモデル MYMK2J/A,ゴールド,32GB,Wi-Fi + Cellular,4549995168907
ZM751E99V2000,iPad本体,Apple,iPad (第8世代) 10.2インチ,iPad (第8世代) 10.2インチ　シルバー　128GB　Wifiモデル MYLE2J/A,シルバー,128GB,Wi-Fi,4549995179491
1N8AG4KPJV000,iPad本体,Apple,iPad (第8世代) 10.2インチ,iPad (第8世代) 10.2インチ　シルバー　128GB　セルラーモデル MYMM2J/A,シルバー,128GB,Wi-Fi + Cellular,4549995168983
BBIOB011ZN000,iPad本体,Apple,iPad (第8世代) 10.2インチ,iPad (第8世代) 10.2インチ　シルバー　32GB　Wifiモデル MYLA2J/A,シルバー,32GB,Wi-Fi,4549995179460
NR3N6MXNFA000,iPad本体,Apple,iPad (第8世代) 10.2インチ,iPad (第8世代) 10.2インチ　シルバー　32GB　セルラーモデル MYMJ2J/A,シルバー,32GB,Wi-Fi + Cellular,4549995168860
BSUKR524A0000,iPad本体,Apple,iPad (第8世代) 10.2インチ,iPad (第8世代) 10.2インチ　スペースグレイ　128GB　Wifiモデル MYLD2J/A,スペースグレイ,128GB,Wi-Fi,4549995179484
5990BU8FZZ000,iPad本体,Apple,iPad (第8世代) 10.2インチ,iPad (第8世代) 10.2インチ　スペースグレイ　128GB　セルラーモデル MYML2J/A,スペースグレイ,128GB,Wi-Fi + Cellular,4549995168945
Z1PQ7MAZ5T000,iPad本体,Apple,iPad (第8世代) 10.2インチ,iPad (第8世代) 10.2インチ　スペースグレイ　32GB　Wifiモデル MYL92J/A,スペースグレイ,32GB,Wi-Fi,4549995179453
YJBIFFOMWP000,iPad本体,Apple,iPad (第8世代) 10.2インチ,iPad (第8世代) 10.2インチ　スペースグレイ　32GB　セルラーモデル MYMH2J/A,スペースグレイ,32GB,Wi-Fi + Cellular,4549995168822
FN749RUK8P000,iPad本体,Apple,iPad (第9世代) 10.2インチ,iPad (第9世代) 10.2インチ　シルバー　256GB　Wifiモデル MK2P3J/A,シルバー,256GB,Wi-Fi,4549995250022
PGX342BEMA000,iPad本体,Apple,iPad (第9世代) 10.2インチ,iPad (第9世代) 10.2インチ　シルバー　256GB　セルラーモデル MK4H3J/A,シルバー,256GB,Wi-Fi + Cellular,4549995251272
2QQTG824Y0000,iPad本体,Apple,iPad (第9世代) 10.2インチ,iPad (第9世代) 10.2インチ　シルバー　64GB　Wifiモデル MK2L3J/A,シルバー,64GB,Wi-Fi,4549995249996
TSFDUT61WO000,iPad本体,Apple,iPad (第9世代) 10.2インチ,iPad (第9世代) 10.2インチ　シルバー　64GB　セルラーモデル MK493J/A,シルバー,64GB,Wi-Fi + Cellular,4549995251159
X3S1KBVX5F000,iPad本体,Apple,iPad (第9世代) 10.2インチ,iPad (第9世代) 10.2インチ　スペースグレイ　256GB　Wifiモデル MK2N3J/A,スペースグレイ,256GB,Wi-Fi,4549995250015
6U7VA3GI22000,iPad本体,Apple,iPad (第9世代) 10.2インチ,iPad (第9世代) 10.2インチ　スペースグレイ　256GB　セルラーモデル MK4E3J/A,スペースグレイ,256GB,Wi-Fi + Cellular,4549995251234
JBM0U0CYWV000,iPad本体,Apple,iPad (第9世代) 10.2インチ,iPad (第9世代) 10.2インチ　スペースグレイ　64GB　Wifiモデル MK2K3J/A,スペースグレイ,64GB,Wi-Fi,4549995249989
4UO5VQAY1O000,iPad本体,Apple,iPad (第9世代) 10.2インチ,iPad (第9世代) 10.2インチ　スペースグレイ　64GB　セルラーモデル MK473J/A,スペースグレイ,64GB,Wi-Fi + Cellular,4549995251111
CLZCME1TAT000,iPad本体,Apple,iPad Air (第1世代) 9.7インチ,iPad Air (第1世代) 9.7インチ　シルバー　128GB　Wifiモデル ME906J/A,シルバー,128GB,Wi-Fi,4547597854495
57V9P5II86000,iPad本体,Apple,iPad Air (第1世代) 9.7インチ,iPad Air (第1世代) 9.7インチ　シルバー　128GB　セルラーモデル ME988J/A,シルバー,128GB,Wi-Fi + Cellular,
M5F5G8Z4K4000,iPad本体,Apple,iPad Air (第1世代) 9.7インチ,iPad Air (第1世代) 9.7インチ　シルバー　16GB　Wifiモデル MD788J/A,シルバー,16GB,Wi-Fi,4547597854440
TU4480B8LR000,iPad本体,Apple,iPad Air (第1世代) 9.7インチ,iPad Air (第1世代) 9.7インチ　シルバー　16GB　セルラーモデル MD794J/A,シルバー,16GB,Wi-Fi + Cellular,
IK195BMNTD000,iPad本体,Apple,iPad Air (第1世代) 9.7インチ,iPad Air (第1世代) 9.7インチ　シルバー　32GB　Wifiモデル MD789J/A,シルバー,32GB,Wi-Fi,4547597854457
KMCWDNFJVQ000,iPad本体,Apple,iPad Air (第1世代) 9.7インチ,iPad Air (第1世代) 9.7インチ　シルバー　32GB　セルラーモデル MD795J/A,シルバー,32GB,Wi-Fi + Cellular,
SQ1VBDYIL3000,iPad本体,Apple,iPad Air (第1世代) 9.7インチ,iPad Air (第1世代) 9.7インチ　シルバー　64GB　Wifiモデル MD790J/A,シルバー,64GB,Wi-Fi,4547597854464
7C9YFQXC0D000,iPad本体,Apple,iPad Air (第1世代) 9.7インチ,iPad Air (第1世代) 9.7インチ　シルバー　64GB　セルラーモデル MD796J/A,シルバー,64GB,Wi-Fi + Cellular,
OWD4N97QMO000,iPad本体,Apple,iPad Air (第1世代) 9.7インチ,iPad Air (第1世代) 9.7インチ　スペースグレイ　128GB　Wifiモデル ME898J/A,スペースグレイ,128GB,Wi-Fi,4547597854471
JCGNJ3AVHW000,iPad本体,Apple,iPad Air (第1世代) 9.7インチ,iPad Air (第1世代) 9.7インチ　スペースグレイ　128GB　セルラーモデル ME987J/A,スペースグレイ,128GB,Wi-Fi + Cellular,
NNS20TVYQN000,iPad本体,Apple,iPad Air (第1世代) 9.7インチ,iPad Air (第1世代) 9.7インチ　スペースグレイ　16GB　Wifiモデル MD785J/A,スペースグレイ,16GB,Wi-Fi,4547597854419
U4IWSV4JTQ000,iPad本体,Apple,iPad Air (第1世代) 9.7インチ,iPad Air (第1世代) 9.7インチ　スペースグレイ　16GB　セルラーモデル MD791J/A,スペースグレイ,16GB,Wi-Fi + Cellular,
9Z94QER93F000,iPad本体,Apple,iPad Air (第1世代) 9.7インチ,iPad Air (第1世代) 9.7インチ　スペースグレイ　32GB　Wifiモデル MD786J/A,スペースグレイ,32GB,Wi-Fi,4547597854426
BZA4W9JTGI000,iPad本体,Apple,iPad Air (第1世代) 9.7インチ,iPad Air (第1世代) 9.7インチ　スペースグレイ　32GB　セルラーモデル MD792J/A,スペースグレイ,32GB,Wi-Fi + Cellular,
QQKU7OLC6A000,iPad本体,Apple,iPad Air (第1世代) 9.7インチ,iPad Air (第1世代) 9.7インチ　スペースグレイ　64GB　Wifiモデル MD787J/A,スペースグレイ,64GB,Wi-Fi,4547597854433
Z4BOBQ9FVO000,iPad本体,Apple,iPad Air (第1世代) 9.7インチ,iPad Air (第1世代) 9.7インチ　スペースグレイ　64GB　セルラーモデル MD793J/A,スペースグレイ,64GB,Wi-Fi + Cellular,
8L0H4JIHZ4000,iPad本体,Apple,iPad Air (第2世代) 9.7インチ,iPad Air (第2世代) 9.7インチ　ゴールド　128GB　Wifiモデル MH1J2J/A,ゴールド,128GB,Wi-Fi,4547597895009
H6KVWAVB0C000,iPad本体,Apple,iPad Air (第2世代) 9.7インチ,iPad Air (第2世代) 9.7インチ　ゴールド　128GB　セルラーモデル MH1G2J/A,ゴールド,128GB,Wi-Fi + Cellular,4547597895870
2XPA854GWX000,iPad本体,Apple,iPad Air (第2世代) 9.7インチ,iPad Air (第2世代) 9.7インチ　ゴールド　16GB　Wifiモデル MH0W2J/A,ゴールド,16GB,Wi-Fi,4547597894965
GQM1B9I5Y7000,iPad本体,Apple,iPad Air (第2世代) 9.7インチ,iPad Air (第2世代) 9.7インチ　ゴールド　16GB　セルラーモデル MH1C2J/A,ゴールド,16GB,Wi-Fi + Cellular,4547597895856
Q4M30Q3UW7000,iPad本体,Apple,iPad Air (第2世代) 9.7インチ,iPad Air (第2世代) 9.7インチ　ゴールド　32GB　Wifiモデル MNV72J/A,ゴールド,32GB,Wi-Fi,4547597968338
YWXPK0DSW4000,iPad本体,Apple,iPad Air (第2世代) 9.7インチ,iPad Air (第2世代) 9.7インチ　ゴールド　32GB　セルラーモデル MNVR2J/A,ゴールド,32GB,Wi-Fi + Cellular,4547597968512
OKAQUR4UF3000,iPad本体,Apple,iPad Air (第2世代) 9.7インチ,iPad Air (第2世代) 9.7インチ　ゴールド　64GB　Wifiモデル MH182J/A,ゴールド,64GB,Wi-Fi,4547597894989
AKBT1BKLZU000,iPad本体,Apple,iPad Air (第2世代) 9.7インチ,iPad Air (第2世代) 9.7インチ　ゴールド　64GB　セルラーモデル MH172J/A,ゴールド,64GB,Wi-Fi + Cellular,4547597895832
B6BON0R3B6000,iPad本体,Apple,iPad Air (第2世代) 9.7インチ,iPad Air (第2世代) 9.7インチ　シルバー　128GB　Wifiモデル MGTY2J/A,シルバー,128GB,Wi-Fi,4547597894057
JNRCK3Y4OC000,iPad本体,Apple,iPad Air (第2世代) 9.7インチ,iPad Air (第2世代) 9.7インチ　シルバー　128GB　セルラーモデル MGWM2J/A,シルバー,128GB,Wi-Fi + Cellular,4547597894187
9GZAK54DA3000,iPad本体,Apple,iPad Air (第2世代) 9.7インチ,iPad Air (第2世代) 9.7インチ　シルバー　16GB　Wifiモデル MGLW2J/A,シルバー,16GB,Wi-Fi,4547597894033
PBM29X9OAZ000,iPad本体,Apple,iPad Air (第2世代) 9.7インチ,iPad Air (第2世代) 9.7インチ　シルバー　16GB　セルラーモデル MGH72J/A,シルバー,16GB,Wi-Fi + Cellular,4547597891223
9RMUNN4YGO000,iPad本体,Apple,iPad Air (第2世代) 9.7インチ,iPad Air (第2世代) 9.7インチ　シルバー　32GB　Wifiモデル MNV62J/A,シルバー,32GB,Wi-Fi,4547597968321
M9X5JS8HJR000,iPad本体,Apple,iPad Air (第2世代) 9.7インチ,iPad Air (第2世代) 9.7インチ　シルバー　32GB　セルラーモデル MNVQ2J/A,シルバー,32GB,Wi-Fi + Cellular,4547597968482
AP264KLGO4000,iPad本体,Apple,iPad Air (第2世代) 9.7インチ,iPad Air (第2世代) 9.7インチ　シルバー　64GB　Wifiモデル MGKM2J/A,シルバー,64GB,Wi-Fi,4547597894019
3ASYK63BKH000,iPad本体,Apple,iPad Air (第2世代) 9.7インチ,iPad Air (第2世代) 9.7インチ　シルバー　64GB　セルラーモデル MGHY2J/A,シルバー,64GB,Wi-Fi + Cellular,4547597891421
7B842L2BCF000,iPad本体,Apple,iPad Air (第2世代) 9.7インチ,iPad Air (第2世代) 9.7インチ　スペースグレイ　128GB　Wifiモデル MGTX2J/A,スペースグレイ,128GB,Wi-Fi,4547597894040
ZQMGJPZP1B000,iPad本体,Apple,iPad Air (第2世代) 9.7インチ,iPad Air (第2世代) 9.7インチ　スペースグレイ　128GB　セルラーモデル MGWL2J/A,スペースグレイ,128GB,Wi-Fi + Cellular,4547597894163
X47ERL3Q3G000,iPad本体,Apple,iPad Air (第2世代) 9.7インチ,iPad Air (第2世代) 9.7インチ　スペースグレイ　16GB　Wifiモデル MGL12J/A,スペースグレイ,16GB,Wi-Fi,4547597894026
BQIO4C5X66000,iPad本体,Apple,iPad Air (第2世代) 9.7インチ,iPad Air (第2世代) 9.7インチ　スペースグレイ　16GB　セルラーモデル MGGX2J/A,スペースグレイ,16GB,Wi-Fi + Cellular,4547597891209
ZUBOFP6504000,iPad本体,Apple,iPad Air (第2世代) 9.7インチ,iPad Air (第2世代) 9.7インチ　スペースグレイ　32GB　Wifiモデル MNV22J/A,スペースグレイ,32GB,Wi-Fi,4547597968314
CP4Y59O9AD000,iPad本体,Apple,iPad Air (第2世代) 9.7インチ,iPad Air (第2世代) 9.7インチ　スペースグレイ　32GB　セルラーモデル MNVP2J/A,スペースグレイ,32GB,Wi-Fi + Cellular,4547597968451
0HERNRH4HH000,iPad本体,Apple,iPad Air (第2世代) 9.7インチ,iPad Air (第2世代) 9.7インチ　スペースグレイ　64GB　Wifiモデル MGKL2J/A,スペースグレイ,64GB,Wi-Fi,4547597894002
N2OG1X44ZB000,iPad本体,Apple,iPad Air (第2世代) 9.7インチ,iPad Air (第2世代) 9.7インチ　スペースグレイ　64GB　セルラーモデル MGHX2J/A,スペースグレイ,64GB,Wi-Fi + Cellular,4547597891407
TFI82Q4ZC0000,iPad本体,Apple,iPad Air (第3世代) 10.5インチ,iPad Air (第3世代) 10.5インチ　ゴールド　256GB　Wifiモデル MUUT2J/A,ゴールド,256GB,Wi-Fi,4549995067217
P5VIDVBS88000,iPad本体,Apple,iPad Air (第3世代) 10.5インチ,iPad Air (第3世代) 10.5インチ　ゴールド　256GB　セルラーモデル MV0Q2J/A,ゴールド,256GB,Wi-Fi + Cellular,4549995129403
3YKE3AFKTH000,iPad本体,Apple,iPad Air (第3世代) 10.5インチ,iPad Air (第3世代) 10.5インチ　ゴールド　64GB　Wifiモデル MUUL2J/A,ゴールド,64GB,Wi-Fi,4549995067156
ZMTVRGY2K9000,iPad本体,Apple,iPad Air (第3世代) 10.5インチ,iPad Air (第3世代) 10.5インチ　ゴールド　64GB　セルラーモデル MV0F2J/A,ゴールド,64GB,Wi-Fi + Cellular,4549995129373
JLT33NOMAF000,iPad本体,Apple,iPad Air (第3世代) 10.5インチ,iPad Air (第3世代) 10.5インチ　シルバー　256GB　Wifiモデル MUUR2J/A,シルバー,256GB,Wi-Fi,4549995067200
DCJKIXWLN6000,iPad本体,Apple,iPad Air (第3世代) 10.5インチ,iPad Air (第3世代) 10.5インチ　シルバー　256GB　セルラーモデル MV0P2J/A,シルバー,256GB,Wi-Fi + Cellular,4549995129397
3A76FTYLH4000,iPad本体,Apple,iPad Air (第3世代) 10.5インチ,iPad Air (第3世代) 10.5インチ　シルバー　64GB　Wifiモデル MUUK2J/A,シルバー,64GB,Wi-Fi,4549995067149
9G998I44LC000,iPad本体,Apple,iPad Air (第3世代) 10.5インチ,iPad Air (第3世代) 10.5インチ　シルバー　64GB　セルラーモデル MV0E2J/A,シルバー,64GB,Wi-Fi + Cellular,4549995129366
S1MFB0NMMC000,iPad本体,Apple,iPad Air (第3世代) 10.5インチ,iPad Air (第3世代) 10.5インチ　スペースグレイ　256GB　Wifiモデル MUUQ2J/A,スペースグレイ,256GB,Wi-Fi,4549995067194
K5BXLG1G56000,iPad本体,Apple,iPad Air (第3世代) 10.5インチ,iPad Air (第3世代) 10.5インチ　スペースグレイ　256GB　セルラーモデル MV0N2J/A,スペースグレイ,256GB,Wi-Fi + Cellular,4549995129380
Q4ELCIDBO2000,iPad本体,Apple,iPad Air (第3世代) 10.5インチ,iPad Air (第3世代) 10.5インチ　スペースグレイ　64GB　Wifiモデル MUUJ2J/A,スペースグレイ,64GB,Wi-Fi,4549995067132
7WP6VO5J30000,iPad本体,Apple,iPad Air (第3世代) 10.5インチ,iPad Air (第3世代) 10.5インチ　スペースグレイ　64GB　セルラーモデル MV0D2J/A,スペースグレイ,64GB,Wi-Fi + Cellular,4549995129359
NBQ10M2XOM000,iPad本体,Apple,iPad Air (第4世代) 10.9インチ,iPad Air (第4世代) 10.9インチ　グリーン　256GB　Wifiモデル MYG02J/A,グリーン,256GB,Wi-Fi,4549995164688
NPXSMF7QRN000,iPad本体,Apple,iPad Air (第4世代) 10.9インチ,iPad Air (第4世代) 10.9インチ　グリーン　256GB　セルラーモデル MYH72J/A,グリーン,256GB,Wi-Fi + Cellular,4549995165609
N82CCG6KE2000,iPad本体,Apple,iPad Air (第4世代) 10.9インチ,iPad Air (第4世代) 10.9インチ　グリーン　64GB　Wifiモデル MYFR2J/A,グリーン,64GB,Wi-Fi,4549995164633
T77RW3WTQU000,iPad本体,Apple,iPad Air (第4世代) 10.9インチ,iPad Air (第4世代) 10.9インチ　グリーン　64GB　セルラーモデル MYH12J/A,グリーン,64GB,Wi-Fi + Cellular,4549995165401
0Q9QVGFAO9000,iPad本体,Apple,iPad Air (第4世代) 10.9インチ,iPad Air (第4世代) 10.9インチ　シルバー　256GB　Wifiモデル MYFW2J/A,シルバー,256GB,Wi-Fi,4549995164657
84WMH51ZZ9000,iPad本体,Apple,iPad Air (第4世代) 10.9インチ,iPad Air (第4世代) 10.9インチ　シルバー　256GB　セルラーモデル MYH42J/A,シルバー,256GB,Wi-Fi + Cellular,4549995165487
9798WQ4PL5000,iPad本体,Apple,iPad Air (第4世代) 10.9インチ,iPad Air (第4世代) 10.9インチ　シルバー　64GB　Wifiモデル MYFN2J/A,シルバー,64GB,Wi-Fi,4549995164602
SVXQPPWUN5000,iPad本体,Apple,iPad Air (第4世代) 10.9インチ,iPad Air (第4世代) 10.9インチ　シルバー　64GB　セルラーモデル MYGX2J/A,シルバー,64GB,Wi-Fi + Cellular,4549995165289
F8YSRBDF4N000,iPad本体,Apple,iPad Air (第4世代) 10.9インチ,iPad Air (第4世代) 10.9インチ　スカイブルー　256GB　Wifiモデル MYFY2J/A,スカイブルー,256GB,Wi-Fi,4549995164671
V07EUZ3I9D000,iPad本体,Apple,iPad Air (第4世代) 10.9インチ,iPad Air (第4世代) 10.9インチ　スカイブルー　256GB　セルラーモデル MYH62J/A,スカイブルー,256GB,Wi-Fi + Cellular,4549995165562
HOH1G0T56P000,iPad本体,Apple,iPad Air (第4世代) 10.9インチ,iPad Air (第4世代) 10.9インチ　スカイブルー　64GB　Wifiモデル MYFQ2J/A,スカイブルー,64GB,Wi-Fi,4549995164626
WA87SNRRUX000,iPad本体,Apple,iPad Air (第4世代) 10.9インチ,iPad Air (第4世代) 10.9インチ　スカイブルー　64GB　セルラーモデル MYH02J/A,スカイブルー,64GB,Wi-Fi + Cellular,4549995165364
7IXL2DCHGK000,iPad本体,Apple,iPad Air (第4世代) 10.9インチ,iPad Air (第4世代) 10.9インチ　スペースグレイ　256GB　Wifiモデル MYFT2J/A,スペースグレイ,256GB,Wi-Fi,4549995164640
QFQQAY38JP000,iPad本体,Apple,iPad Air (第4世代) 10.9インチ,iPad Air (第4世代) 10.9インチ　スペースグレイ　256GB　セルラーモデル MYH22J/A,スペースグレイ,256GB,Wi-Fi + Cellular,4549995165449
WQH30NMULK000,iPad本体,Apple,iPad Air (第4世代) 10.9インチ,iPad Air (第4世代) 10.9インチ　スペースグレイ　64GB　Wifiモデル MYFM2J/A,スペースグレイ,64GB,Wi-Fi,4549995164596
GGSTR03UQ7000,iPad本体,Apple,iPad Air (第4世代) 10.9インチ,iPad Air (第4世代) 10.9インチ　スペースグレイ　64GB　セルラーモデル MYGW2J/A,スペースグレイ,64GB,Wi-Fi + Cellular,4549995165241
5W3WUWFDSK000,iPad本体,Apple,iPad Air (第4世代) 10.9インチ,iPad Air (第4世代) 10.9インチ　ローズゴールド　256GB　Wifiモデル MYFX2J/A,ローズゴールド,256GB,Wi-Fi,4549995164664
2S4TVFH3OX000,iPad本体,Apple,iPad Air (第4世代) 10.9インチ,iPad Air (第4世代) 10.9インチ　ローズゴールド　256GB　セルラーモデル MYH52J/A,ローズゴールド,256GB,Wi-Fi + Cellular,4549995165524
GLROUE4477000,iPad本体,Apple,iPad Air (第4世代) 10.9インチ,iPad Air (第4世代) 10.9インチ　ローズゴールド　64GB　Wifiモデル MYFP2J/A,ローズゴールド,64GB,Wi-Fi,4549995164619
D1GT581NLE000,iPad本体,Apple,iPad Air (第4世代) 10.9インチ,iPad Air (第4世代) 10.9インチ　ローズゴールド　64GB　セルラーモデル MYGY2J/A,ローズゴールド,64GB,Wi-Fi + Cellular,4549995165326
IN4Y7OOQOI000,iPad本体,Apple,iPad Air (第5世代) 10.9インチ,iPad Air (第5世代) 10.9インチ　スターライト　256GB　Wifiモデル MM9P3J/A,スターライト,256GB,Wi-Fi,4549995295252
WX1CJBORNO000,iPad本体,Apple,iPad Air (第5世代) 10.9インチ,iPad Air (第5世代) 10.9インチ　スターライト　256GB　セルラーモデル MM743J/A,スターライト,256GB,Wi-Fi + Cellular,4549995296426
5XEGMUTTD4000,iPad本体,Apple,iPad Air (第5世代) 10.9インチ,iPad Air (第5世代) 10.9インチ　スターライト　64GB　Wifiモデル MM9F3J/A,スターライト,64GB,Wi-Fi,4549995295177
EP4146DHT4000,iPad本体,Apple,iPad Air (第5世代) 10.9インチ,iPad Air (第5世代) 10.9インチ　スターライト　64GB　セルラーモデル MM6V3J/A,スターライト,64GB,Wi-Fi + Cellular,4549995296105
MP0XDAIPH5000,iPad本体,Apple,iPad Air (第5世代) 10.9インチ,iPad Air (第5世代) 10.9インチ　スペースグレイ　256GB　Wifiモデル MM9L3J/A,スペースグレイ,256GB,Wi-Fi,4549995295221
YGM9X0R5RN000,iPad本体,Apple,iPad Air (第5世代) 10.9インチ,iPad Air (第5世代) 10.9インチ　スペースグレイ　256GB　セルラーモデル MM713J/A,スペースグレイ,256GB,Wi-Fi + Cellular,4549995296303
45NL84HRA1000,iPad本体,Apple,iPad Air (第5世代) 10.9インチ,iPad Air (第5世代) 10.9インチ　スペースグレイ　64GB　Wifiモデル MM9C3J/A,スペースグレイ,64GB,Wi-Fi,4549995295146
R0EE8SJ4B8000,iPad本体,Apple,iPad Air (第5世代) 10.9インチ,iPad Air (第5世代) 10.9インチ　スペースグレイ　64GB　セルラーモデル MM6R3J/A,スペースグレイ,64GB,Wi-Fi + Cellular,4549995295986
F4O3RXSF1D000,iPad本体,Apple,iPad Air (第5世代) 10.9インチ,iPad Air (第5世代) 10.9インチ　パープル　256GB　Wifiモデル MME63J/A,パープル,256GB,Wi-Fi,4549995297652
9J1D0VYG62000,iPad本体,Apple,iPad Air (第5世代) 10.9インチ,iPad Air (第5世代) 10.9インチ　パープル　256GB　セルラーモデル MMED3J/A,パープル,256GB,Wi-Fi + Cellular,4549995301786
IT4NH7YVSY000,iPad本体,Apple,iPad Air (第5世代) 10.9インチ,iPad Air (第5世代) 10.9インチ　パープル　64GB　Wifiモデル MME23J/A,パープル,64GB,Wi-Fi,4549995297638
FUAXNGMTPP000,iPad本体,Apple,iPad Air (第5世代) 10.9インチ,iPad Air (第5世代) 10.9インチ　パープル　64GB　セルラーモデル MME93J/A,パープル,64GB,Wi-Fi + Cellular,4549995301700
PTD4JRODN4000,iPad本体,Apple,iPad Air (第5世代) 10.9インチ,iPad Air (第5世代) 10.9インチ　ピンク　256GB　Wifiモデル MM9M3J/A,ピンク,256GB,Wi-Fi,4549995295238
TC4HZAX278000,iPad本体,Apple,iPad Air (第5世代) 10.9インチ,iPad Air (第5世代) 10.9インチ　ピンク　256GB　セルラーモデル MM723J/A,ピンク,256GB,Wi-Fi + Cellular,4549995296341
KXGJV67BEJ000,iPad本体,Apple,iPad Air (第5世代) 10.9インチ,iPad Air (第5世代) 10.9インチ　ピンク　64GB　Wifiモデル MM9D3J/A,ピンク,64GB,Wi-Fi,4549995295153
NV7ZE6XJ77000,iPad本体,Apple,iPad Air (第5世代) 10.9インチ,iPad Air (第5世代) 10.9インチ　ピンク　64GB　セルラーモデル MM6T3J/A,ピンク,64GB,Wi-Fi + Cellular,4549995296020
OFEHLFDLX0000,iPad本体,Apple,iPad Air (第5世代) 10.9インチ,iPad Air (第5世代) 10.9インチ　ブルー　256GB　Wifiモデル MM9N3J/A,ブルー,256GB,Wi-Fi,4549995295245
IMPS4MPGLK000,iPad本体,Apple,iPad Air (第5世代) 10.9インチ,iPad Air (第5世代) 10.9インチ　ブルー　256GB　セルラーモデル MM733J/A,ブルー,256GB,Wi-Fi + Cellular,4549995296389
WMFIF94A03000,iPad本体,Apple,iPad Air (第5世代) 10.9インチ,iPad Air (第5世代) 10.9インチ　ブルー　64GB　Wifiモデル MM9E3J/A,ブルー,64GB,Wi-Fi,4549995295160
H4ESAVQK2L000,iPad本体,Apple,iPad Air (第5世代) 10.9インチ,iPad Air (第5世代) 10.9インチ　ブルー　64GB　セルラーモデル MM6U3J/A,ブルー,64GB,Wi-Fi + Cellular,4549995296068
CWP46NWYSR000,iPad本体,Apple,iPad Air (第6世代) 11インチ,iPad Air (第6世代) 11インチ　スターライト　128GB　Wifiモデル MUWE3J/A,スターライト,128GB,Wi-Fi,4549995449310
E685H8PYSA000,iPad本体,Apple,iPad Air (第6世代) 11インチ,iPad Air (第6世代) 11インチ　スターライト　128GB　セルラーモデル MUXF3J/A,スターライト,128GB,Wi-Fi + Cellular,4549995449921
GLS5YKNCV5000,iPad本体,Apple,iPad Air (第6世代) 11インチ,iPad Air (第6世代) 11インチ　スターライト　1TB　Wifiモデル MUWT3J/A,スターライト,1TB,Wi-Fi,4549995449433
0H6NW7M97Y000,iPad本体,Apple,iPad Air (第6世代) 11インチ,iPad Air (第6世代) 11インチ　スターライト　1TB　セルラーモデル MUXU3J/A,スターライト,1TB,Wi-Fi + Cellular,4549995450040
M3CO6NWQ4C000,iPad本体,Apple,iPad Air (第6世代) 11インチ,iPad Air (第6世代) 11インチ　スターライト　256GB　Wifiモデル MUWJ3J/A,スターライト,256GB,Wi-Fi,4549995449358
DO7K5DRNX8000,iPad本体,Apple,iPad Air (第6世代) 11インチ,iPad Air (第6世代) 11インチ　スターライト　256GB　セルラーモデル MUXK3J/A,スターライト,256GB,Wi-Fi + Cellular,4549995449969
VK1I01SZDD000,iPad本体,Apple,iPad Air (第6世代) 11インチ,iPad Air (第6世代) 11インチ　スターライト　512GB　Wifiモデル MUWN3J/A,スターライト,512GB,Wi-Fi,4549995449396
INO3K1KOLN000,iPad本体,Apple,iPad Air (第6世代) 11インチ,iPad Air (第6世代) 11インチ　スターライト　512GB　セルラーモデル MUXP3J/A,スターライト,512GB,Wi-Fi + Cellular,4549995450002
G5RMQPTF42000,iPad本体,Apple,iPad Air (第6世代) 11インチ,iPad Air (第6世代) 11インチ　スペースグレイ　128GB　Wifiモデル MUWC3J/A,スペースグレイ,128GB,Wi-Fi,4549995449297
5XD82E27OD000,iPad本体,Apple,iPad Air (第6世代) 11インチ,iPad Air (第6世代) 11インチ　スペースグレイ　128GB　セルラーモデル MUXD3J/A,スペースグレイ,128GB,Wi-Fi + Cellular,4549995449907
GBWBWJ9J05000,iPad本体,Apple,iPad Air (第6世代) 11インチ,iPad Air (第6世代) 11インチ　スペースグレイ　1TB　Wifiモデル MUWQ3J/A,スペースグレイ,1TB,Wi-Fi,4549995449419
Z8VQCSZZQ4000,iPad本体,Apple,iPad Air (第6世代) 11インチ,iPad Air (第6世代) 11インチ　スペースグレイ　1TB　セルラーモデル MUXR3J/A,スペースグレイ,1TB,Wi-Fi + Cellular,4549995450026
E11UEQL1NY000,iPad本体,Apple,iPad Air (第6世代) 11インチ,iPad Air (第6世代) 11インチ　スペースグレイ　256GB　Wifiモデル MUWG3J/A,スペースグレイ,256GB,Wi-Fi,4549995449334
P2ELKNG82E000,iPad本体,Apple,iPad Air (第6世代) 11インチ,iPad Air (第6世代) 11インチ　スペースグレイ　256GB　セルラーモデル MUXH3J/A,スペースグレイ,256GB,Wi-Fi + Cellular,4549995449945
3SXQX3W4RJ000,iPad本体,Apple,iPad Air (第6世代) 11インチ,iPad Air (第6世代) 11インチ　スペースグレイ　512GB　Wifiモデル MUWL3J/A,スペースグレイ,512GB,Wi-Fi,4549995449372
8VLX4820PI000,iPad本体,Apple,iPad Air (第6世代) 11インチ,iPad Air (第6世代) 11インチ　スペースグレイ　512GB　セルラーモデル MUXM3J/A,スペースグレイ,512GB,Wi-Fi + Cellular,4549995449983
7ORC1MTV83000,iPad本体,Apple,iPad Air (第6世代) 11インチ,iPad Air (第6世代) 11インチ　パープル　128GB　Wifiモデル MUWF3J/A,パープル,128GB,Wi-Fi,4549995449327
RGL42GBAZH000,iPad本体,Apple,iPad Air (第6世代) 11インチ,iPad Air (第6世代) 11インチ　パープル　128GB　セルラーモデル MUXG3J/A,パープル,128GB,Wi-Fi + Cellular,4549995449938
F040QS9ES9000,iPad本体,Apple,iPad Air (第6世代) 11インチ,iPad Air (第6世代) 11インチ　パープル　1TB　Wifiモデル MUWU3J/A,パープル,1TB,Wi-Fi,4549995449440
C4CZ2QERAR000,iPad本体,Apple,iPad Air (第6世代) 11インチ,iPad Air (第6世代) 11インチ　パープル　1TB　セルラーモデル MUXV3J/A,パープル,1TB,Wi-Fi + Cellular,4549995450057
AP3Q0TL5RV000,iPad本体,Apple,iPad Air (第6世代) 11インチ,iPad Air (第6世代) 11インチ　パープル　256GB　Wifiモデル MUWK3J/A,パープル,256GB,Wi-Fi,4549995449365
7RFUWHLG4Z000,iPad本体,Apple,iPad Air (第6世代) 11インチ,iPad Air (第6世代) 11インチ　パープル　256GB　セルラーモデル MUXL3J/A,パープル,256GB,Wi-Fi + Cellular,4549995449976
LT2Q0DX6QK000,iPad本体,Apple,iPad Air (第6世代) 11インチ,iPad Air (第6世代) 11インチ　パープル　512GB　Wifiモデル MUWP3J/A,パープル,512GB,Wi-Fi,4549995449402
I5B0EKMOBA000,iPad本体,Apple,iPad Air (第6世代) 11インチ,iPad Air (第6世代) 11インチ　パープル　512GB　セルラーモデル MUXQ3J/A,パープル,512GB,Wi-Fi + Cellular,4549995450019
C0QRDQ9W4N000,iPad本体,Apple,iPad Air (第6世代) 11インチ,iPad Air (第6世代) 11インチ　ブルー　128GB　Wifiモデル MUWD3J/A,ブルー,128GB,Wi-Fi,4549995449303
CB8CX8GSQ7000,iPad本体,Apple,iPad Air (第6世代) 11インチ,iPad Air (第6世代) 11インチ　ブルー　128GB　セルラーモデル MUXE3J/A,ブルー,128GB,Wi-Fi + Cellular,4549995449914
K89WUPUZM0000,iPad本体,Apple,iPad Air (第6世代) 11インチ,iPad Air (第6世代) 11インチ　ブルー　1TB　Wifiモデル MUWR3J/A,ブルー,1TB,Wi-Fi,4549995449426
8NF01X630G000,iPad本体,Apple,iPad Air (第6世代) 11インチ,iPad Air (第6世代) 11インチ　ブルー　1TB　セルラーモデル MUXT3J/A,ブルー,1TB,Wi-Fi + Cellular,4549995450033
LLGTJ7VJ45000,iPad本体,Apple,iPad Air (第6世代) 11インチ,iPad Air (第6世代) 11インチ　ブルー　256GB　Wifiモデル MUWH3J/A,ブルー,256GB,Wi-Fi,4549995449341
FL4BCM5SAX000,iPad本体,Apple,iPad Air (第6世代) 11インチ,iPad Air (第6世代) 11インチ　ブルー　256GB　セルラーモデル MUXJ3J/A,ブルー,256GB,Wi-Fi + Cellular,4549995449952
Q22494UAP8000,iPad本体,Apple,iPad Air (第6世代) 11インチ,iPad Air (第6世代) 11インチ　ブルー　512GB　Wifiモデル MUWM3J/A,ブルー,512GB,Wi-Fi,4549995449389
TH1ATY02TO000,iPad本体,Apple,iPad Air (第6世代) 11インチ,iPad Air (第6世代) 11インチ　ブルー　512GB　セルラーモデル MUXN3J/A,ブルー,512GB,Wi-Fi + Cellular,4549995449990
J0R1CBY7LQ000,iPad本体,Apple,iPad Air (第6世代) 13インチ,iPad Air (第6世代) 13インチ　スターライト　128GB　Wifiモデル MV293J/A,スターライト,128GB,Wi-Fi,4549995452990
HRYGZOYW4W000,iPad本体,Apple,iPad Air (第6世代) 13インチ,iPad Air (第6世代) 13インチ　スターライト　128GB　セルラーモデル MV6T3J/A,スターライト,128GB,Wi-Fi + Cellular,4549995453515
5L8W435NQQ000,iPad本体,Apple,iPad Air (第6世代) 13インチ,iPad Air (第6世代) 13インチ　スターライト　1TB　Wifiモデル MV2R3J/A,スターライト,1TB,Wi-Fi,4549995453119
28618S44G1000,iPad本体,Apple,iPad Air (第6世代) 13インチ,iPad Air (第6世代) 13インチ　スターライト　1TB　セルラーモデル MV763J/A,スターライト,1TB,Wi-Fi + Cellular,4549995453638
I1307ULOJI000,iPad本体,Apple,iPad Air (第6世代) 13インチ,iPad Air (第6世代) 13インチ　スターライト　256GB　Wifiモデル MV2G3J/A,スターライト,256GB,Wi-Fi,4549995453034
KCPMNXY0A3000,iPad本体,Apple,iPad Air (第6世代) 13インチ,iPad Air (第6世代) 13インチ　スターライト　256GB　セルラーモデル MV6X3J/A,スターライト,256GB,Wi-Fi + Cellular,4549995453553
F89JLD0D57000,iPad本体,Apple,iPad Air (第6世代) 13インチ,iPad Air (第6世代) 13インチ　スターライト　512GB　Wifiモデル MV2L3J/A,スターライト,512GB,Wi-Fi,4549995453072
OYU80QN38T000,iPad本体,Apple,iPad Air (第6世代) 13インチ,iPad Air (第6世代) 13インチ　スターライト　512GB　セルラーモデル MV723J/A,スターライト,512GB,Wi-Fi + Cellular,4549995453591
0SDZ6A12CQ000,iPad本体,Apple,iPad Air (第6世代) 13インチ,iPad Air (第6世代) 13インチ　スペースグレイ　128GB　Wifiモデル MV273J/A,スペースグレイ,128GB,Wi-Fi,4549995452976
5LT0JWTO51000,iPad本体,Apple,iPad Air (第6世代) 13インチ,iPad Air (第6世代) 13インチ　スペースグレイ　128GB　セルラーモデル MV6Q3J/A,スペースグレイ,128GB,Wi-Fi + Cellular,4549995453492
91190VDTMZ000,iPad本体,Apple,iPad Air (第6世代) 13インチ,iPad Air (第6世代) 13インチ　スペースグレイ　1TB　Wifiモデル MV2P3J/A,スペースグレイ,1TB,Wi-Fi,4549995453096
SDZKRSCI3N000,iPad本体,Apple,iPad Air (第6世代) 13インチ,iPad Air (第6世代) 13インチ　スペースグレイ　1TB　セルラーモデル MV743J/A,スペースグレイ,1TB,Wi-Fi + Cellular,4549995453614
X3PP6N24C4000,iPad本体,Apple,iPad Air (第6世代) 13インチ,iPad Air (第6世代) 13インチ　スペースグレイ　256GB　Wifiモデル MV2D3J/A,スペースグレイ,256GB,Wi-Fi,4549995453010
VIBC7ZJQA5000,iPad本体,Apple,iPad Air (第6世代) 13インチ,iPad Air (第6世代) 13インチ　スペースグレイ　256GB　セルラーモデル MV6V3J/A,スペースグレイ,256GB,Wi-Fi + Cellular,4549995453539
0JAB9UMFLO000,iPad本体,Apple,iPad Air (第6世代) 13インチ,iPad Air (第6世代) 13インチ　スペースグレイ　512GB　Wifiモデル MV2J3J/A,スペースグレイ,512GB,Wi-Fi,4549995453058
Z5BEE54N3E000,iPad本体,Apple,iPad Air (第6世代) 13インチ,iPad Air (第6世代) 13インチ　スペースグレイ　512GB　セルラーモデル MV703J/A,スペースグレイ,512GB,Wi-Fi + Cellular,4549995453577
QD9NV2SX4X000,iPad本体,Apple,iPad Air (第6世代) 13インチ,iPad Air (第6世代) 13インチ　パープル　128GB　Wifiモデル MV2C3J/A,パープル,128GB,Wi-Fi,4549995453003
NAQMXCZPDN000,iPad本体,Apple,iPad Air (第6世代) 13インチ,iPad Air (第6世代) 13インチ　パープル　128GB　セルラーモデル MV6U3J/A,パープル,128GB,Wi-Fi + Cellular,4549995453522
GEFLIBK539000,iPad本体,Apple,iPad Air (第6世代) 13インチ,iPad Air (第6世代) 13インチ　パープル　1TB　Wifiモデル MV2T3J/A,パープル,1TB,Wi-Fi,4549995453126
4Q1HXJD3PI000,iPad本体,Apple,iPad Air (第6世代) 13インチ,iPad Air (第6世代) 13インチ　パープル　1TB　セルラーモデル MV773J/A,パープル,1TB,Wi-Fi + Cellular,4549995453645
09Z6BXXVYY000,iPad本体,Apple,iPad Air (第6世代) 13インチ,iPad Air (第6世代) 13インチ　パープル　256GB　Wifiモデル MV2H3J/A,パープル,256GB,Wi-Fi,4549995453041
6MKK3Y7W2G000,iPad本体,Apple,iPad Air (第6世代) 13インチ,iPad Air (第6世代) 13インチ　パープル　256GB　セルラーモデル MV6Y3J/A,パープル,256GB,Wi-Fi + Cellular,4549995453560
T18U370ILJ000,iPad本体,Apple,iPad Air (第6世代) 13インチ,iPad Air (第6世代) 13インチ　パープル　512GB　Wifiモデル MV2N3J/A,パープル,512GB,Wi-Fi,4549995453089
1GWUT7Z0UA000,iPad本体,Apple,iPad Air (第6世代) 13インチ,iPad Air (第6世代) 13インチ　パープル　512GB　セルラーモデル MV733J/A,パープル,512GB,Wi-Fi + Cellular,4549995453607
JEZXI9V25P000,iPad本体,Apple,iPad Air (第6世代) 13インチ,iPad Air (第6世代) 13インチ　ブルー　128GB　Wifiモデル MV283J/A,ブルー,128GB,Wi-Fi,4549995452983
Y8WXH2O3YJ000,iPad本体,Apple,iPad Air (第6世代) 13インチ,iPad Air (第6世代) 13インチ　ブルー　128GB　セルラーモデル MV6R3J/A,ブルー,128GB,Wi-Fi + Cellular,4549995453508
OW0DQNBUG3000,iPad本体,Apple,iPad Air (第6世代) 13インチ,iPad Air (第6世代) 13インチ　ブルー　1TB　Wifiモデル MV2Q3J/A,ブルー,1TB,Wi-Fi,4549995453102
AC9WCX27RV000,iPad本体,Apple,iPad Air (第6世代) 13インチ,iPad Air (第6世代) 13インチ　ブルー　1TB　セルラーモデル MV753J/A,ブルー,1TB,Wi-Fi + Cellular,4549995453621
EV8IVD9AP2000,iPad本体,Apple,iPad Air (第6世代) 13インチ,iPad Air (第6世代) 13インチ　ブルー　256GB　Wifiモデル MV2F3J/A,ブルー,256GB,Wi-Fi,4549995453027
3F4WFIGSH4000,iPad本体,Apple,iPad Air (第6世代) 13インチ,iPad Air (第6世代) 13インチ　ブルー　256GB　セルラーモデル MV6W3J/A,ブルー,256GB,Wi-Fi + Cellular,4549995453546
Z1E1EK5KIZ000,iPad本体,Apple,iPad Air (第6世代) 13インチ,iPad Air (第6世代) 13インチ　ブルー　512GB　Wifiモデル MV2K3J/A,ブルー,512GB,Wi-Fi,4549995453065
DJ54DRKGCW000,iPad本体,Apple,iPad Air (第6世代) 13インチ,iPad Air (第6世代) 13インチ　ブルー　512GB　セルラーモデル MV713J/A,ブルー,512GB,Wi-Fi + Cellular,4549995453584
QRIUYUV3B0000,iPad本体,Apple,iPad Air (第7世代) 11インチ,iPad Air (第7世代) 11インチ　スターライト　128GB　Wifiモデル MC9Y4J/A,スターライト,128GB,Wi-Fi,4549995555257
C98V77SAF1000,iPad本体,Apple,iPad Air (第7世代) 11インチ,iPad Air (第7世代) 11インチ　スターライト　128GB　セルラーモデル MCFX4J/A,スターライト,128GB,Wi-Fi + Cellular,4549995555776
CHCBKAC3N3000,iPad本体,Apple,iPad Air (第7世代) 11インチ,iPad Air (第7世代) 11インチ　スターライト　1TB　Wifiモデル MCAQ4J/A,スターライト,1TB,Wi-Fi,4549995555370
O14N89ZDSX000,iPad本体,Apple,iPad Air (第7世代) 11インチ,iPad Air (第7世代) 11インチ　スターライト　1TB　セルラーモデル MCGA4J/A,スターライト,1TB,Wi-Fi + Cellular,4549995555899
Z5ZO4Z2QN9000,iPad本体,Apple,iPad Air (第7世代) 11インチ,iPad Air (第7世代) 11インチ　スターライト　256GB　Wifiモデル MCA44J/A,スターライト,256GB,Wi-Fi,4549995555295
VZX3LN8XR4000,iPad本体,Apple,iPad Air (第7世代) 11インチ,iPad Air (第7世代) 11インチ　スターライト　256GB　セルラーモデル MCG24J/A,スターライト,256GB,Wi-Fi + Cellular,4549995555813
W7CZAIY0NR000,iPad本体,Apple,iPad Air (第7世代) 11インチ,iPad Air (第7世代) 11インチ　スターライト　512GB　Wifiモデル MCAA4J/A,スターライト,512GB,Wi-Fi,4549995555332
YKXTTFW668000,iPad本体,Apple,iPad Air (第7世代) 11インチ,iPad Air (第7世代) 11インチ　スターライト　512GB　セルラーモデル MCG64J/A,スターライト,512GB,Wi-Fi + Cellular,4549995555851
RGB2M44OBB000,iPad本体,Apple,iPad Air (第7世代) 11インチ,iPad Air (第7世代) 11インチ　スペースグレイ　128GB　Wifiモデル MC9W4J/A,スペースグレイ,128GB,Wi-Fi,4549995555233
QYUOEWHYWM000,iPad本体,Apple,iPad Air (第7世代) 11インチ,iPad Air (第7世代) 11インチ　スペースグレイ　128GB　セルラーモデル MCFV4J/A,スペースグレイ,128GB,Wi-Fi + Cellular,4549995555752
UU5VYOFIOX000,iPad本体,Apple,iPad Air (第7世代) 11インチ,iPad Air (第7世代) 11インチ　スペースグレイ　1TB　Wifiモデル MCAH4J/A,スペースグレイ,1TB,Wi-Fi,4549995555356
9IMQ14VUWU000,iPad本体,Apple,iPad Air (第7世代) 11インチ,iPad Air (第7世代) 11インチ　スペースグレイ　1TB　セルラーモデル MCG84J/A,スペースグレイ,1TB,Wi-Fi + Cellular,4549995555875
5RJ232K2EQ000,iPad本体,Apple,iPad Air (第7世代) 11インチ,iPad Air (第7世代) 11インチ　スペースグレイ　256GB　Wifiモデル MCA14J/A,スペースグレイ,256GB,Wi-Fi,4549995555271
APUNHB9LXJ000,iPad本体,Apple,iPad Air (第7世代) 11インチ,iPad Air (第7世代) 11インチ　スペースグレイ　256GB　セルラーモデル MCG04J/A,スペースグレイ,256GB,Wi-Fi + Cellular,4549995555790
N64UBFQ28I000,iPad本体,Apple,iPad Air (第7世代) 11インチ,iPad Air (第7世代) 11インチ　スペースグレイ　512GB　Wifiモデル MCA74J/A,スペースグレイ,512GB,Wi-Fi,4549995555318
CZ6ZW32NG1000,iPad本体,Apple,iPad Air (第7世代) 11インチ,iPad Air (第7世代) 11インチ　スペースグレイ　512GB　セルラーモデル MCG44J/A,スペースグレイ,512GB,Wi-Fi + Cellular,4549995555837
QVBCOD87DH000,iPad本体,Apple,iPad Air (第7世代) 11インチ,iPad Air (第7世代) 11インチ　パープル　128GB　Wifiモデル MCA04J/A,パープル,128GB,Wi-Fi,4549995555264
1O46MFRO18000,iPad本体,Apple,iPad Air (第7世代) 11インチ,iPad Air (第7世代) 11インチ　パープル　128GB　セルラーモデル MCFY4J/A,パープル,128GB,Wi-Fi + Cellular,4549995555783
9731FLLAOT000,iPad本体,Apple,iPad Air (第7世代) 11インチ,iPad Air (第7世代) 11インチ　パープル　1TB　Wifiモデル MCAU4J/A,パープル,1TB,Wi-Fi,4549995555387
ELDYWZGR5J000,iPad本体,Apple,iPad Air (第7世代) 11インチ,iPad Air (第7世代) 11インチ　パープル　1TB　セルラーモデル MCGC4J/A,パープル,1TB,Wi-Fi + Cellular,4549995555905
V0JS3AAS9J000,iPad本体,Apple,iPad Air (第7世代) 11インチ,iPad Air (第7世代) 11インチ　パープル　256GB　Wifiモデル MCA64J/A,パープル,256GB,Wi-Fi,4549995555301
GI6M5HKOXN000,iPad本体,Apple,iPad Air (第7世代) 11インチ,iPad Air (第7世代) 11インチ　パープル　256GB　セルラーモデル MCG34J/A,パープル,256GB,Wi-Fi + Cellular,4549995555820
7EFWMHUOVS000,iPad本体,Apple,iPad Air (第7世代) 11インチ,iPad Air (第7世代) 11インチ　パープル　512GB　Wifiモデル MCAE4J/A,パープル,512GB,Wi-Fi,4549995555349
AQT4R8415U000,iPad本体,Apple,iPad Air (第7世代) 11インチ,iPad Air (第7世代) 11インチ　パープル　512GB　セルラーモデル MCG74J/A,パープル,512GB,Wi-Fi + Cellular,4549995555868
GICLQYFS8F000,iPad本体,Apple,iPad Air (第7世代) 11インチ,iPad Air (第7世代) 11インチ　ブルー　128GB　Wifiモデル MC9X4J/A,ブルー,128GB,Wi-Fi,4549995555240
2SHFBAUWHU000,iPad本体,Apple,iPad Air (第7世代) 11インチ,iPad Air (第7世代) 11インチ　ブルー　128GB　セルラーモデル MCFW4J/A,ブルー,128GB,Wi-Fi + Cellular,4549995555769
XY6BA2BZOL000,iPad本体,Apple,iPad Air (第7世代) 11インチ,iPad Air (第7世代) 11インチ　ブルー　1TB　Wifiモデル MCAJ4J/A,ブルー,1TB,Wi-Fi,4549995555363
05RND0DU6Q000,iPad本体,Apple,iPad Air (第7世代) 11インチ,iPad Air (第7世代) 11インチ　ブルー　1TB　セルラーモデル MCG94J/A,ブルー,1TB,Wi-Fi + Cellular,4549995555882
8OP5P5E174000,iPad本体,Apple,iPad Air (第7世代) 11インチ,iPad Air (第7世代) 11インチ　ブルー　256GB　Wifiモデル MCA34J/A,ブルー,256GB,Wi-Fi,4549995555288
QWY93ZON9X000,iPad本体,Apple,iPad Air (第7世代) 11インチ,iPad Air (第7世代) 11インチ　ブルー　256GB　セルラーモデル MCG14J/A,ブルー,256GB,Wi-Fi + Cellular,4549995555806
169G8VQ1G2000,iPad本体,Apple,iPad Air (第7世代) 11インチ,iPad Air (第7世代) 11インチ　ブルー　512GB　Wifiモデル MCA94J/A,ブルー,512GB,Wi-Fi,4549995555325
QX576KUK34000,iPad本体,Apple,iPad Air (第7世代) 11インチ,iPad Air (第7世代) 11インチ　ブルー　512GB　セルラーモデル MCG54J/A,ブルー,512GB,Wi-Fi + Cellular,4549995555844
TWQM7ZISD0000,iPad本体,Apple,iPad Air (第7世代) 13インチ,iPad Air (第7世代) 13インチ　スターライト　128GB　Wifiモデル MCNK4J/A,スターライト,128GB,Wi-Fi,4549995556339
BI3G4RHCWM000,iPad本体,Apple,iPad Air (第7世代) 13インチ,iPad Air (第7世代) 13インチ　スターライト　128GB　セルラーモデル MCJ34J/A,スターライト,128GB,Wi-Fi + Cellular,4549995556858
OTPR24KE4G000,iPad本体,Apple,iPad Air (第7世代) 13インチ,iPad Air (第7世代) 13インチ　スターライト　1TB　Wifiモデル MCQ24J/A,スターライト,1TB,Wi-Fi,4549995556452
FTEV03KBZU000,iPad本体,Apple,iPad Air (第7世代) 13インチ,iPad Air (第7世代) 13インチ　スターライト　1TB　セルラーモデル MCJG4J/A,スターライト,1TB,Wi-Fi + Cellular,4549995556971
8NA5VL4C4I000,iPad本体,Apple,iPad Air (第7世代) 13インチ,iPad Air (第7世代) 13インチ　スターライト　256GB　Wifiモデル MCNQ4J/A,スターライト,256GB,Wi-Fi,4549995556377
DRUF69BKYS000,iPad本体,Apple,iPad Air (第7世代) 13インチ,iPad Air (第7世代) 13インチ　スターライト　256GB　セルラーモデル MCJ74J/A,スターライト,256GB,Wi-Fi + Cellular,4549995556896
93SV3T2FMX000,iPad本体,Apple,iPad Air (第7世代) 13インチ,iPad Air (第7世代) 13インチ　スターライト　512GB　Wifiモデル MCNX4J/A,スターライト,512GB,Wi-Fi,4549995556414
3YE2OKAA9H000,iPad本体,Apple,iPad Air (第7世代) 13インチ,iPad Air (第7世代) 13インチ　スターライト　512GB　セルラーモデル MCJC4J/A,スターライト,512GB,Wi-Fi + Cellular,4549995556933
S9585PC6DY000,iPad本体,Apple,iPad Air (第7世代) 13インチ,iPad Air (第7世代) 13インチ　スペースグレイ　128GB　Wifiモデル MCNH4J/A,スペースグレイ,128GB,Wi-Fi,4549995556315
00OT54M3FR000,iPad本体,Apple,iPad Air (第7世代) 13インチ,iPad Air (第7世代) 13インチ　スペースグレイ　128GB　セルラーモデル MCJ14J/A,スペースグレイ,128GB,Wi-Fi + Cellular,4549995556834
SZIH71SQL8000,iPad本体,Apple,iPad Air (第7世代) 13インチ,iPad Air (第7世代) 13インチ　スペースグレイ　1TB　Wifiモデル MCQ04J/A,スペースグレイ,1TB,Wi-Fi,4549995556438
B8UM2XL40G000,iPad本体,Apple,iPad Air (第7世代) 13インチ,iPad Air (第7世代) 13インチ　スペースグレイ　1TB　セルラーモデル MCJE4J/A,スペースグレイ,1TB,Wi-Fi + Cellular,4549995556957
H7QVXJ9M4B000,iPad本体,Apple,iPad Air (第7世代) 13インチ,iPad Air (第7世代) 13インチ　スペースグレイ　256GB　Wifiモデル MCNN4J/A,スペースグレイ,256GB,Wi-Fi,4549995556353
ZL9S9RCKJ3000,iPad本体,Apple,iPad Air (第7世代) 13インチ,iPad Air (第7世代) 13インチ　スペースグレイ　256GB　セルラーモデル MCJ54J/A,スペースグレイ,256GB,Wi-Fi + Cellular,4549995556872
AY6H8HMII8000,iPad本体,Apple,iPad Air (第7世代) 13インチ,iPad Air (第7世代) 13インチ　スペースグレイ　512GB　Wifiモデル MCNT4J/A,スペースグレイ,512GB,Wi-Fi,4549995556391
EQZ9XFNXOZ000,iPad本体,Apple,iPad Air (第7世代) 13インチ,iPad Air (第7世代) 13インチ　スペースグレイ　512GB　セルラーモデル MCJ94J/A,スペースグレイ,512GB,Wi-Fi + Cellular,4549995556919
KW6P09MG5K000,iPad本体,Apple,iPad Air (第7世代) 13インチ,iPad Air (第7世代) 13インチ　パープル　128GB　Wifiモデル MCNL4J/A,パープル,128GB,Wi-Fi,4549995556346
WP1VFC9I5L000,iPad本体,Apple,iPad Air (第7世代) 13インチ,iPad Air (第7世代) 13インチ　パープル　128GB　セルラーモデル MCJ44J/A,パープル,128GB,Wi-Fi + Cellular,4549995556865
1KF61FEYI3000,iPad本体,Apple,iPad Air (第7世代) 13インチ,iPad Air (第7世代) 13インチ　パープル　1TB　Wifiモデル MCQ34J/A,パープル,1TB,Wi-Fi,4549995556469
6ABUZVZL3J000,iPad本体,Apple,iPad Air (第7世代) 13インチ,iPad Air (第7世代) 13インチ　パープル　1TB　セルラーモデル MCJH4J/A,パープル,1TB,Wi-Fi + Cellular,4549995556988
9SCE71B281000,iPad本体,Apple,iPad Air (第7世代) 13インチ,iPad Air (第7世代) 13インチ　パープル　256GB　Wifiモデル MCNR4J/A,パープル,256GB,Wi-Fi,4549995556384
YAYCWER24K000,iPad本体,Apple,iPad Air (第7世代) 13インチ,iPad Air (第7世代) 13インチ　パープル　256GB　セルラーモデル MCJ84J/A,パープル,256GB,Wi-Fi + Cellular,4549995556902
Q9VXNUVIMO000,iPad本体,Apple,iPad Air (第7世代) 13インチ,iPad Air (第7世代) 13インチ　パープル　512GB　Wifiモデル MCNY4J/A,パープル,512GB,Wi-Fi,4549995556421
HKX86X6DEM000,iPad本体,Apple,iPad Air (第7世代) 13インチ,iPad Air (第7世代) 13インチ　パープル　512GB　セルラーモデル MCJD4J/A,パープル,512GB,Wi-Fi + Cellular,4549995556940
TN7KK8KWOR000,iPad本体,Apple,iPad Air (第7世代) 13インチ,iPad Air (第7世代) 13インチ　ブルー　128GB　Wifiモデル MCNJ4J/A,ブルー,128GB,Wi-Fi,4549995556322
0NEUXGY2LA000,iPad本体,Apple,iPad Air (第7世代) 13インチ,iPad Air (第7世代) 13インチ　ブルー　128GB　セルラーモデル MCJ24J/A,ブルー,128GB,Wi-Fi + Cellular,4549995556841
X6B2VMEJLF000,iPad本体,Apple,iPad Air (第7世代) 13インチ,iPad Air (第7世代) 13インチ　ブルー　1TB　Wifiモデル MCQ14J/A,ブルー,1TB,Wi-Fi,4549995556445
2CYJ3X86RH000,iPad本体,Apple,iPad Air (第7世代) 13インチ,iPad Air (第7世代) 13インチ　ブルー　1TB　セルラーモデル MCJF4J/A,ブルー,1TB,Wi-Fi + Cellular,4549995556964
TFWBLBMEQ3000,iPad本体,Apple,iPad Air (第7世代) 13インチ,iPad Air (第7世代) 13インチ　ブルー　256GB　Wifiモデル MCNP4J/A,ブルー,256GB,Wi-Fi,4549995556360
U1BNCZ4KT0000,iPad本体,Apple,iPad Air (第7世代) 13インチ,iPad Air (第7世代) 13インチ　ブルー　256GB　セルラーモデル MCJ64J/A,ブルー,256GB,Wi-Fi + Cellular,4549995556889
AD9112K2ZP000,iPad本体,Apple,iPad Air (第7世代) 13インチ,iPad Air (第7世代) 13インチ　ブルー　512GB　Wifiモデル MCNW4J/A,ブルー,512GB,Wi-Fi,4549995556407
UNH0UVGH6A000,iPad本体,Apple,iPad Air (第7世代) 13インチ,iPad Air (第7世代) 13インチ　ブルー　512GB　セルラーモデル MCJA4J/A,ブルー,512GB,Wi-Fi + Cellular,4549995556926
0UGQZ60548000,iPad本体,Apple,iPad Air (第8世代) 11インチ,iPad Air (第8世代) 11インチ　スターライト　128GB　Wifiモデル MH334J/A,スターライト,128GB,Wi-Fi,4549995662016
LDDO7Q03X0000,iPad本体,Apple,iPad Air (第8世代) 11インチ,iPad Air (第8世代) 11インチ　スターライト　128GB　セルラーモデル MH7A4J/A,スターライト,128GB,Wi-Fi + Cellular,4549995662535
8A59KZRRN4000,iPad本体,Apple,iPad Air (第8世代) 11インチ,iPad Air (第8世代) 11インチ　スターライト　1TB　Wifiモデル MH3J4J/A,スターライト,1TB,Wi-Fi,4549995662139
ODK3GBI4P9000,iPad本体,Apple,iPad Air (第8世代) 11インチ,iPad Air (第8世代) 11インチ　スターライト　1TB　セルラーモデル MH7P4J/A,スターライト,1TB,Wi-Fi + Cellular,4549995662658
PTL3HFEMKZ000,iPad本体,Apple,iPad Air (第8世代) 11インチ,iPad Air (第8世代) 11インチ　スターライト　256GB　Wifiモデル MH374J/A,スターライト,256GB,Wi-Fi,4549995662054
XJVQTVMK6P000,iPad本体,Apple,iPad Air (第8世代) 11インチ,iPad Air (第8世代) 11インチ　スターライト　256GB　セルラーモデル MH7F4J/A,スターライト,256GB,Wi-Fi + Cellular,4549995662573
KR9EKQ8U7S000,iPad本体,Apple,iPad Air (第8世代) 11インチ,iPad Air (第8世代) 11インチ　スターライト　512GB　Wifiモデル MH3D4J/A,スターライト,512GB,Wi-Fi,4549995662092
K2GX7Q317W000,iPad本体,Apple,iPad Air (第8世代) 11インチ,iPad Air (第8世代) 11インチ　スターライト　512GB　セルラーモデル MH7K4J/A,スターライト,512GB,Wi-Fi + Cellular,4549995662610
XMXC6MJD6N000,iPad本体,Apple,iPad Air (第8世代) 11インチ,iPad Air (第8世代) 11インチ　スペースグレイ　128GB　Wifiモデル MH304J/A,スペースグレイ,128GB,Wi-Fi,4549995661996
B1ET4ZCPAM000,iPad本体,Apple,iPad Air (第8世代) 11インチ,iPad Air (第8世代) 11インチ　スペースグレイ　128GB　セルラーモデル MH784J/A,スペースグレイ,128GB,Wi-Fi + Cellular,4549995662511
M399CAHC28000,iPad本体,Apple,iPad Air (第8世代) 11インチ,iPad Air (第8世代) 11インチ　スペースグレイ　1TB　Wifiモデル MH3G4J/A,スペースグレイ,1TB,Wi-Fi,4549995662115
JBVB4O12XU000,iPad本体,Apple,iPad Air (第8世代) 11インチ,iPad Air (第8世代) 11インチ　スペースグレイ　1TB　セルラーモデル MH7M4J/A,スペースグレイ,1TB,Wi-Fi + Cellular,4549995662634
ZRAJ19Q4JS000,iPad本体,Apple,iPad Air (第8世代) 11インチ,iPad Air (第8世代) 11インチ　スペースグレイ　256GB　Wifiモデル MH354J/A,スペースグレイ,256GB,Wi-Fi,4549995662030
YLMQAR4VIN000,iPad本体,Apple,iPad Air (第8世代) 11インチ,iPad Air (第8世代) 11インチ　スペースグレイ　256GB　セルラーモデル MH7D4J/A,スペースグレイ,256GB,Wi-Fi + Cellular,4549995662559
KO49UCSO09000,iPad本体,Apple,iPad Air (第8世代) 11インチ,iPad Air (第8世代) 11インチ　スペースグレイ　512GB　Wifiモデル MH3A4J/A,スペースグレイ,512GB,Wi-Fi,4549995662078
W1JYYHB96S000,iPad本体,Apple,iPad Air (第8世代) 11インチ,iPad Air (第8世代) 11インチ　スペースグレイ　512GB　セルラーモデル MH7H4J/A,スペースグレイ,512GB,Wi-Fi + Cellular,4549995662597
E0PH04OSTD000,iPad本体,Apple,iPad Air (第8世代) 11インチ,iPad Air (第8世代) 11インチ　パープル　128GB　Wifiモデル MH344J/A,パープル,128GB,Wi-Fi,4549995662023
NH4YYZ4Q6N000,iPad本体,Apple,iPad Air (第8世代) 11インチ,iPad Air (第8世代) 11インチ　パープル　128GB　セルラーモデル MH7C4J/A,パープル,128GB,Wi-Fi + Cellular,4549995662542
JPNDKR2OAK000,iPad本体,Apple,iPad Air (第8世代) 11インチ,iPad Air (第8世代) 11インチ　パープル　1TB　Wifiモデル MH3K4J/A,パープル,1TB,Wi-Fi,4549995662146
48F8I7ZPUU000,iPad本体,Apple,iPad Air (第8世代) 11インチ,iPad Air (第8世代) 11インチ　パープル　1TB　セルラーモデル MH7Q4J/A,パープル,1TB,Wi-Fi + Cellular,4549995662665
TEOUSFOI2D000,iPad本体,Apple,iPad Air (第8世代) 11インチ,iPad Air (第8世代) 11インチ　パープル　256GB　Wifiモデル MH394J/A,パープル,256GB,Wi-Fi,4549995662061
XIPWZLNTPP000,iPad本体,Apple,iPad Air (第8世代) 11インチ,iPad Air (第8世代) 11インチ　パープル　256GB　セルラーモデル MH7G4J/A,パープル,256GB,Wi-Fi + Cellular,4549995662580
UVKK4P8FQS000,iPad本体,Apple,iPad Air (第8世代) 11インチ,iPad Air (第8世代) 11インチ　パープル　512GB　Wifiモデル MH3E4J/A,パープル,512GB,Wi-Fi,4549995662108
EH1YL2PHED000,iPad本体,Apple,iPad Air (第8世代) 11インチ,iPad Air (第8世代) 11インチ　パープル　512GB　セルラーモデル MH7L4J/A,パープル,512GB,Wi-Fi + Cellular,4549995662627
C2CQY9YFBH000,iPad本体,Apple,iPad Air (第8世代) 11インチ,iPad Air (第8世代) 11インチ　ブルー　128GB　Wifiモデル MH314J/A,ブルー,128GB,Wi-Fi,4549995662009
J01PEZGBQ4000,iPad本体,Apple,iPad Air (第8世代) 11インチ,iPad Air (第8世代) 11インチ　ブルー　128GB　セルラーモデル MH794J/A,ブルー,128GB,Wi-Fi + Cellular,4549995662528
Q4OW4RFP62000,iPad本体,Apple,iPad Air (第8世代) 11インチ,iPad Air (第8世代) 11インチ　ブルー　1TB　Wifiモデル MH3H4J/A,ブルー,1TB,Wi-Fi,4549995662122
R5DFSK3EL3000,iPad本体,Apple,iPad Air (第8世代) 11インチ,iPad Air (第8世代) 11インチ　ブルー　1TB　セルラーモデル MH7N4J/A,ブルー,1TB,Wi-Fi + Cellular,4549995662641
X9441EIYRX000,iPad本体,Apple,iPad Air (第8世代) 11インチ,iPad Air (第8世代) 11インチ　ブルー　256GB　Wifiモデル MH364J/A,ブルー,256GB,Wi-Fi,4549995662047
NHXOLQAKQI000,iPad本体,Apple,iPad Air (第8世代) 11インチ,iPad Air (第8世代) 11インチ　ブルー　256GB　セルラーモデル MH7E4J/A,ブルー,256GB,Wi-Fi + Cellular,4549995662566
LT8ZJZ2R12000,iPad本体,Apple,iPad Air (第8世代) 11インチ,iPad Air (第8世代) 11インチ　ブルー　512GB　Wifiモデル MH3C4J/A,ブルー,512GB,Wi-Fi,4549995662085
9TB0NLXDNX000,iPad本体,Apple,iPad Air (第8世代) 11インチ,iPad Air (第8世代) 11インチ　ブルー　512GB　セルラーモデル MH7J4J/A,ブルー,512GB,Wi-Fi + Cellular,4549995662603
IZIYANOYI4000,iPad本体,Apple,iPad Air (第8世代) 13インチ,iPad Air (第8世代) 13インチ　スターライト　128GB　Wifiモデル MH5Q4J/A,スターライト,128GB,Wi-Fi,4549995663099
0YCBM3Y4N3000,iPad本体,Apple,iPad Air (第8世代) 13インチ,iPad Air (第8世代) 13インチ　スターライト　128GB　セルラーモデル MH9F4J/A,スターライト,128GB,Wi-Fi + Cellular,4549995663617
746VB46QFG000,iPad本体,Apple,iPad Air (第8世代) 13インチ,iPad Air (第8世代) 13インチ　スターライト　1TB　Wifiモデル MH654J/A,スターライト,1TB,Wi-Fi,4549995663211
ZPMUPZ9P4U000,iPad本体,Apple,iPad Air (第8世代) 13インチ,iPad Air (第8世代) 13インチ　スターライト　1TB　セルラーモデル MH9U4J/A,スターライト,1TB,Wi-Fi + Cellular,4549995663730
YRCJL4S9W6000,iPad本体,Apple,iPad Air (第8世代) 13インチ,iPad Air (第8世代) 13インチ　スターライト　256GB　Wifiモデル MH5W4J/A,スターライト,256GB,Wi-Fi,4549995663136
VA3P46TU2H000,iPad本体,Apple,iPad Air (第8世代) 13インチ,iPad Air (第8世代) 13インチ　スターライト　256GB　セルラーモデル MH9K4J/A,スターライト,256GB,Wi-Fi + Cellular,4549995663655
9354C63S42000,iPad本体,Apple,iPad Air (第8世代) 13インチ,iPad Air (第8世代) 13インチ　スターライト　512GB　Wifiモデル MH614J/A,スターライト,512GB,Wi-Fi,4549995663174
2MS4L8ISY1000,iPad本体,Apple,iPad Air (第8世代) 13インチ,iPad Air (第8世代) 13インチ　スターライト　512GB　セルラーモデル MH9P4J/A,スターライト,512GB,Wi-Fi + Cellular,4549995663693
RE63CZJBD5000,iPad本体,Apple,iPad Air (第8世代) 13インチ,iPad Air (第8世代) 13インチ　スペースグレイ　128GB　Wifiモデル MH5N4J/A,スペースグレイ,128GB,Wi-Fi,4549995663075
HP8UNHDHY4000,iPad本体,Apple,iPad Air (第8世代) 13インチ,iPad Air (第8世代) 13インチ　スペースグレイ　128GB　セルラーモデル MH9D4J/A,スペースグレイ,128GB,Wi-Fi + Cellular,4549995663594
HQSEN0L1GN000,iPad本体,Apple,iPad Air (第8世代) 13インチ,iPad Air (第8世代) 13インチ　スペースグレイ　1TB　Wifiモデル MH634J/A,スペースグレイ,1TB,Wi-Fi,4549995663198
CNNE1PDN9J000,iPad本体,Apple,iPad Air (第8世代) 13インチ,iPad Air (第8世代) 13インチ　スペースグレイ　1TB　セルラーモデル MH9R4J/A,スペースグレイ,1TB,Wi-Fi + Cellular,4549995663716
C1RS8BAX7O000,iPad本体,Apple,iPad Air (第8世代) 13インチ,iPad Air (第8世代) 13インチ　スペースグレイ　256GB　Wifiモデル MH5U4J/A,スペースグレイ,256GB,Wi-Fi,4549995663112
QYPY142744000,iPad本体,Apple,iPad Air (第8世代) 13インチ,iPad Air (第8世代) 13インチ　スペースグレイ　256GB　セルラーモデル MH9H4J/A,スペースグレイ,256GB,Wi-Fi + Cellular,4549995663631
U8GC24S6X9000,iPad本体,Apple,iPad Air (第8世代) 13インチ,iPad Air (第8世代) 13インチ　スペースグレイ　512GB　Wifiモデル MH5Y4J/A,スペースグレイ,512GB,Wi-Fi,4549995663150
UTPN2KRSDZ000,iPad本体,Apple,iPad Air (第8世代) 13インチ,iPad Air (第8世代) 13インチ　スペースグレイ　512GB　セルラーモデル MH9M4J/A,スペースグレイ,512GB,Wi-Fi + Cellular,4549995663679
Z8D6GDI0W1000,iPad本体,Apple,iPad Air (第8世代) 13インチ,iPad Air (第8世代) 13インチ　パープル　128GB　Wifiモデル MH5T4J/A,パープル,128GB,Wi-Fi,4549995663105
UPO7ZP2P5D000,iPad本体,Apple,iPad Air (第8世代) 13インチ,iPad Air (第8世代) 13インチ　パープル　128GB　セルラーモデル MH9G4J/A,パープル,128GB,Wi-Fi + Cellular,4549995663624
JZEB1T01Q3000,iPad本体,Apple,iPad Air (第8世代) 13インチ,iPad Air (第8世代) 13インチ　パープル　1TB　Wifiモデル MHDK4J/A,パープル,1TB,Wi-Fi,4549995663228
6I3UPC0DOI000,iPad本体,Apple,iPad Air (第8世代) 13インチ,iPad Air (第8世代) 13インチ　パープル　1TB　セルラーモデル MH9V4J/A,パープル,1TB,Wi-Fi + Cellular,4549995663747
DCYGIABW7F000,iPad本体,Apple,iPad Air (第8世代) 13インチ,iPad Air (第8世代) 13インチ　パープル　256GB　Wifiモデル MH5X4J/A,パープル,256GB,Wi-Fi,4549995663143
7AOX8JBMDQ000,iPad本体,Apple,iPad Air (第8世代) 13インチ,iPad Air (第8世代) 13インチ　パープル　256GB　セルラーモデル MH9L4J/A,パープル,256GB,Wi-Fi + Cellular,4549995663662
7YBO9XGF5Y000,iPad本体,Apple,iPad Air (第8世代) 13インチ,iPad Air (第8世代) 13インチ　パープル　512GB　Wifiモデル MH624J/A,パープル,512GB,Wi-Fi,4549995663181
1JHXKO1NSJ000,iPad本体,Apple,iPad Air (第8世代) 13インチ,iPad Air (第8世代) 13インチ　パープル　512GB　セルラーモデル MH9Q4J/A,パープル,512GB,Wi-Fi + Cellular,4549995663709
37GYMG44CE000,iPad本体,Apple,iPad Air (第8世代) 13インチ,iPad Air (第8世代) 13インチ　ブルー　128GB　Wifiモデル MH5P4J/A,ブルー,128GB,Wi-Fi,4549995663082
0XWWLJH4DV000,iPad本体,Apple,iPad Air (第8世代) 13インチ,iPad Air (第8世代) 13インチ　ブルー　128GB　セルラーモデル MH9E4J/A,ブルー,128GB,Wi-Fi + Cellular,4549995663600
CREFFCXT4K000,iPad本体,Apple,iPad Air (第8世代) 13インチ,iPad Air (第8世代) 13インチ　ブルー　1TB　Wifiモデル MH644J/A,ブルー,1TB,Wi-Fi,4549995663204
Z14FK8WUGK000,iPad本体,Apple,iPad Air (第8世代) 13インチ,iPad Air (第8世代) 13インチ　ブルー　1TB　セルラーモデル MH9T4J/A,ブルー,1TB,Wi-Fi + Cellular,4549995663723
E5D063ER2V000,iPad本体,Apple,iPad Air (第8世代) 13インチ,iPad Air (第8世代) 13インチ　ブルー　256GB　Wifiモデル MH5V4J/A,ブルー,256GB,Wi-Fi,4549995663129
XT8LZPC822000,iPad本体,Apple,iPad Air (第8世代) 13インチ,iPad Air (第8世代) 13インチ　ブルー　256GB　セルラーモデル MH9J4J/A,ブルー,256GB,Wi-Fi + Cellular,4549995663648
AR6SIMVSCT000,iPad本体,Apple,iPad Air (第8世代) 13インチ,iPad Air (第8世代) 13インチ　ブルー　512GB　Wifiモデル MH604J/A,ブルー,512GB,Wi-Fi,4549995663167
IOW2R5V49Z000,iPad本体,Apple,iPad Air (第8世代) 13インチ,iPad Air (第8世代) 13インチ　ブルー　512GB　セルラーモデル MH9N4J/A,ブルー,512GB,Wi-Fi + Cellular,4549995663686
CDRFTAWL44000,iPad本体,Apple,iPad Pro (第1世代) 11インチ,iPad Pro (第1世代) 11インチ　シルバー　1TB　Wifiモデル MTXW2J/A,シルバー,1TB,Wi-Fi,4549995048742
JCSP3FG2C9000,iPad本体,Apple,iPad Pro (第1世代) 11インチ,iPad Pro (第1世代) 11インチ　シルバー　1TB　セルラーモデル MU222J/A,シルバー,1TB,Wi-Fi + Cellular,4549995129342
RWX0SCVWI4000,iPad本体,Apple,iPad Pro (第1世代) 11インチ,iPad Pro (第1世代) 11インチ　シルバー　256GB　Wifiモデル MTXR2J/A,シルバー,256GB,Wi-Fi,4549995048704
TMMW9VFKC8000,iPad本体,Apple,iPad Pro (第1世代) 11インチ,iPad Pro (第1世代) 11インチ　シルバー　256GB　セルラーモデル MU172J/A,シルバー,256GB,Wi-Fi + Cellular,4549995129304
KIRKU3GSXV000,iPad本体,Apple,iPad Pro (第1世代) 11インチ,iPad Pro (第1世代) 11インチ　シルバー　512GB　Wifiモデル MTXU2J/A,シルバー,512GB,Wi-Fi,4549995048728
7Y216IOLXK000,iPad本体,Apple,iPad Pro (第1世代) 11インチ,iPad Pro (第1世代) 11インチ　シルバー　512GB　セルラーモデル MU1M2J/A,シルバー,512GB,Wi-Fi + Cellular,4549995129328
RXGOBI4M7D000,iPad本体,Apple,iPad Pro (第1世代) 11インチ,iPad Pro (第1世代) 11インチ　シルバー　64GB　Wifiモデル MTXP2J/A,シルバー,64GB,Wi-Fi,4549995048681
YGY54V0NFB000,iPad本体,Apple,iPad Pro (第1世代) 11インチ,iPad Pro (第1世代) 11インチ　シルバー　64GB　セルラーモデル MU0U2J/A,シルバー,64GB,Wi-Fi + Cellular,4549995129281
JSYFQFW38M000,iPad本体,Apple,iPad Pro (第1世代) 11インチ,iPad Pro (第1世代) 11インチ　スペースグレイ　1TB　Wifiモデル MTXV2J/A,スペースグレイ,1TB,Wi-Fi,4549995048735
KCFSL2CX46000,iPad本体,Apple,iPad Pro (第1世代) 11インチ,iPad Pro (第1世代) 11インチ　スペースグレイ　1TB　セルラーモデル MU1V2J/A,スペースグレイ,1TB,Wi-Fi + Cellular,4549995129335
Y5AZDB4TCP000,iPad本体,Apple,iPad Pro (第1世代) 11インチ,iPad Pro (第1世代) 11インチ　スペースグレイ　256GB　Wifiモデル MTXQ2J/A,スペースグレイ,256GB,Wi-Fi,4549995048698
7T4DWT4R7D000,iPad本体,Apple,iPad Pro (第1世代) 11インチ,iPad Pro (第1世代) 11インチ　スペースグレイ　256GB　セルラーモデル MU102J/A,スペースグレイ,256GB,Wi-Fi + Cellular,4549995129298
HG4HAEDABC000,iPad本体,Apple,iPad Pro (第1世代) 11インチ,iPad Pro (第1世代) 11インチ　スペースグレイ　512GB　Wifiモデル MTXT2J/A,スペースグレイ,512GB,Wi-Fi,4549995048711
4DB90QWZB0000,iPad本体,Apple,iPad Pro (第1世代) 11インチ,iPad Pro (第1世代) 11インチ　スペースグレイ　512GB　セルラーモデル MU1F2J/A,スペースグレイ,512GB,Wi-Fi + Cellular,4549995129311
J4LL7I46V5000,iPad本体,Apple,iPad Pro (第1世代) 11インチ,iPad Pro (第1世代) 11インチ　スペースグレイ　64GB　Wifiモデル MTXN2J/A,スペースグレイ,64GB,Wi-Fi,4549995048674
IOLRFB9OK5000,iPad本体,Apple,iPad Pro (第1世代) 11インチ,iPad Pro (第1世代) 11インチ　スペースグレイ　64GB　セルラーモデル MU0M2J/A,スペースグレイ,64GB,Wi-Fi + Cellular,4549995129274
G1XOTLRYEU000,iPad本体,Apple,iPad Pro (第1世代) 12.9インチ,iPad Pro (第1世代) 12.9インチ　ゴールド　128GB　Wifiモデル ML0R2J/A,ゴールド,128GB,Wi-Fi,4547597927489
D87QY4SQ08000,iPad本体,Apple,iPad Pro (第1世代) 12.9インチ,iPad Pro (第1世代) 12.9インチ　ゴールド　128GB　セルラーモデル ML2K2J/A,ゴールド,128GB,Wi-Fi + Cellular,4547597928097
28CEXCTRKM000,iPad本体,Apple,iPad Pro (第1世代) 12.9インチ,iPad Pro (第1世代) 12.9インチ　ゴールド　256GB　Wifiモデル ML0V2J/A,ゴールド,256GB,Wi-Fi,4547597927571
1V014AO644000,iPad本体,Apple,iPad Pro (第1世代) 12.9インチ,iPad Pro (第1世代) 12.9インチ　ゴールド　256GB　セルラーモデル ML2N2J/A,ゴールド,256GB,Wi-Fi + Cellular,
ZJLZUZL44U000,iPad本体,Apple,iPad Pro (第1世代) 12.9インチ,iPad Pro (第1世代) 12.9インチ　ゴールド　32GB　Wifiモデル ML0H2J/A,ゴールド,32GB,Wi-Fi,4547597927304
XP4VMWNH4I000,iPad本体,Apple,iPad Pro (第1世代) 12.9インチ,iPad Pro (第1世代) 12.9インチ　シルバー　128GB　Wifiモデル ML0Q2J/A,シルバー,128GB,Wi-Fi,4547597927458
5SBYWT3ED4000,iPad本体,Apple,iPad Pro (第1世代) 12.9インチ,iPad Pro (第1世代) 12.9インチ　シルバー　128GB　セルラーモデル ML2J2J/A,シルバー,128GB,Wi-Fi + Cellular,4547597928066
RF2U9ABRBE000,iPad本体,Apple,iPad Pro (第1世代) 12.9インチ,iPad Pro (第1世代) 12.9インチ　シルバー　256GB　Wifiモデル ML0U2J/A,シルバー,256GB,Wi-Fi,4547597927540
5OA44W882Q000,iPad本体,Apple,iPad Pro (第1世代) 12.9インチ,iPad Pro (第1世代) 12.9インチ　シルバー　256GB　セルラーモデル ML2M2J/A,シルバー,256GB,Wi-Fi + Cellular,4547597928158
2UR3D6RYII000,iPad本体,Apple,iPad Pro (第1世代) 12.9インチ,iPad Pro (第1世代) 12.9インチ　シルバー　32GB　Wifiモデル ML0G2J/A,シルバー,32GB,Wi-Fi,4547597927267
P5PJAMBM8Z000,iPad本体,Apple,iPad Pro (第1世代) 12.9インチ,iPad Pro (第1世代) 12.9インチ　スペースグレイ　128GB　Wifiモデル ML0N2J/A,スペースグレイ,128GB,Wi-Fi,4547597927427
TUM86B1Q7T000,iPad本体,Apple,iPad Pro (第1世代) 12.9インチ,iPad Pro (第1世代) 12.9インチ　スペースグレイ　128GB　セルラーモデル ML2I2J/A,スペースグレイ,128GB,Wi-Fi + Cellular,4547597928035
4FEFQB4MNZ000,iPad本体,Apple,iPad Pro (第1世代) 12.9インチ,iPad Pro (第1世代) 12.9インチ　スペースグレイ　256GB　Wifiモデル ML0T2J/A,スペースグレイ,256GB,Wi-Fi,4547597927519
B93P4BS3GY000,iPad本体,Apple,iPad Pro (第1世代) 12.9インチ,iPad Pro (第1世代) 12.9インチ　スペースグレイ　256GB　セルラーモデル ML2L2J/A,スペースグレイ,256GB,Wi-Fi + Cellular,4547597928127
RCADTFWJP7000,iPad本体,Apple,iPad Pro (第1世代) 12.9インチ,iPad Pro (第1世代) 12.9インチ　スペースグレイ　32GB　Wifiモデル ML0F2J/A,スペースグレイ,32GB,Wi-Fi,4547597927229
HJRO8564W4000,iPad本体,Apple,iPad Pro (第2世代) 11インチ,iPad Pro (第2世代) 11インチ　シルバー　128GB　Wifiモデル MY252J/A,シルバー,128GB,Wi-Fi,4549995147278
RBABI2UCWQ000,iPad本体,Apple,iPad Pro (第2世代) 11インチ,iPad Pro (第2世代) 11インチ　シルバー　128GB　セルラーモデル MY2W2J/A,シルバー,128GB,Wi-Fi + Cellular,4549995147322
X8K2CYPSIV000,iPad本体,Apple,iPad Pro (第2世代) 11インチ,iPad Pro (第2世代) 11インチ　シルバー　1TB　Wifiモデル MXDH2J/A,シルバー,1TB,Wi-Fi,4549995117806
J6U3NUCB3F000,iPad本体,Apple,iPad Pro (第2世代) 11インチ,iPad Pro (第2世代) 11インチ　シルバー　1TB　セルラーモデル MXE92J/A,シルバー,1TB,Wi-Fi + Cellular,4549995119626
XWA1FDH26P000,iPad本体,Apple,iPad Pro (第2世代) 11インチ,iPad Pro (第2世代) 11インチ　シルバー　256GB　Wifiモデル MXDD2J/A,シルバー,256GB,Wi-Fi,4549995117769
IVKESW4PIU000,iPad本体,Apple,iPad Pro (第2世代) 11インチ,iPad Pro (第2世代) 11インチ　シルバー　256GB　セルラーモデル MXE52J/A,シルバー,256GB,Wi-Fi + Cellular,4549995119503
AF3ESELT8V000,iPad本体,Apple,iPad Pro (第2世代) 11インチ,iPad Pro (第2世代) 11インチ　シルバー　512GB　Wifiモデル MXDF2J/A,シルバー,512GB,Wi-Fi,4549995117783
O549XHG8FB000,iPad本体,Apple,iPad Pro (第2世代) 11インチ,iPad Pro (第2世代) 11インチ　シルバー　512GB　セルラーモデル MXE72J/A,シルバー,512GB,Wi-Fi + Cellular,4549995119565
FWFOVHL4VX000,iPad本体,Apple,iPad Pro (第2世代) 11インチ,iPad Pro (第2世代) 11インチ　スペースグレイ　128GB　Wifiモデル MY232J/A,スペースグレイ,128GB,Wi-Fi,4549995147261
85JYKHSLP4000,iPad本体,Apple,iPad Pro (第2世代) 11インチ,iPad Pro (第2世代) 11インチ　スペースグレイ　128GB　セルラーモデル MY2V2J/A,スペースグレイ,128GB,Wi-Fi + Cellular,4549995147285
D914KGU79E000,iPad本体,Apple,iPad Pro (第2世代) 11インチ,iPad Pro (第2世代) 11インチ　スペースグレイ　1TB　Wifiモデル MXDG2J/A,スペースグレイ,1TB,Wi-Fi,4549995117790
GFJMSJ1VTX000,iPad本体,Apple,iPad Pro (第2世代) 11インチ,iPad Pro (第2世代) 11インチ　スペースグレイ　1TB　セルラーモデル MXE82J/A,スペースグレイ,1TB,Wi-Fi + Cellular,4549995119596
74O424W4N4000,iPad本体,Apple,iPad Pro (第2世代) 11インチ,iPad Pro (第2世代) 11インチ　スペースグレイ　256GB　Wifiモデル MXDC2J/A,スペースグレイ,256GB,Wi-Fi,4549995117752
70IK7KKKSK000,iPad本体,Apple,iPad Pro (第2世代) 11インチ,iPad Pro (第2世代) 11インチ　スペースグレイ　256GB　セルラーモデル MXE42J/A,スペースグレイ,256GB,Wi-Fi + Cellular,4549995119473
CCY6C4XAZR000,iPad本体,Apple,iPad Pro (第2世代) 11インチ,iPad Pro (第2世代) 11インチ　スペースグレイ　512GB　Wifiモデル MXDE2J/A,スペースグレイ,512GB,Wi-Fi,4549995117776
GKRC1AIK7G000,iPad本体,Apple,iPad Pro (第2世代) 11インチ,iPad Pro (第2世代) 11インチ　スペースグレイ　512GB　セルラーモデル MXE62J/A,スペースグレイ,512GB,Wi-Fi + Cellular,4549995119534
27TJRV8THS000,iPad本体,Apple,iPad Pro (第2世代) 12.9インチ,iPad Pro (第2世代) 12.9インチ　ゴールド　256GB　Wifiモデル MP6J2J/A,ゴールド,256GB,Wi-Fi,4547597975961
S6VRF42MB0000,iPad本体,Apple,iPad Pro (第2世代) 12.9インチ,iPad Pro (第2世代) 12.9インチ　ゴールド　256GB　セルラーモデル MPA62J/A,ゴールド,256GB,Wi-Fi + Cellular,4547597976944
AHSRSFM1TG000,iPad本体,Apple,iPad Pro (第2世代) 12.9インチ,iPad Pro (第2世代) 12.9インチ　ゴールド　512GB　Wifiモデル MPL12J/A,ゴールド,512GB,Wi-Fi,4547597988480
B7HCTH82ZX000,iPad本体,Apple,iPad Pro (第2世代) 12.9インチ,iPad Pro (第2世代) 12.9インチ　ゴールド　512GB　セルラーモデル MPLL2J/A,ゴールド,512GB,Wi-Fi + Cellular,
Z8H2LABWTT000,iPad本体,Apple,iPad Pro (第2世代) 12.9インチ,iPad Pro (第2世代) 12.9インチ　ゴールド　64GB　Wifiモデル MQDD2J/A,ゴールド,64GB,Wi-Fi,4547597993422
AF2TWEA55J000,iPad本体,Apple,iPad Pro (第2世代) 12.9インチ,iPad Pro (第2世代) 12.9インチ　ゴールド　64GB　セルラーモデル MQEF2J/A,ゴールド,64GB,Wi-Fi + Cellular,4547597993736
DG4AFBYQX8000,iPad本体,Apple,iPad Pro (第2世代) 12.9インチ,iPad Pro (第2世代) 12.9インチ　シルバー　256GB　Wifiモデル MP6H2J/A,シルバー,256GB,Wi-Fi,4547597975954
V7I4742966000,iPad本体,Apple,iPad Pro (第2世代) 12.9インチ,iPad Pro (第2世代) 12.9インチ　シルバー　256GB　セルラーモデル MPA52J/A,シルバー,256GB,Wi-Fi + Cellular,4547597976937
197X3L8ZT4000,iPad本体,Apple,iPad Pro (第2世代) 12.9インチ,iPad Pro (第2世代) 12.9インチ　シルバー　512GB　Wifiモデル MPL02J/A,シルバー,512GB,Wi-Fi,4547597988473
DDDMN8WKNR000,iPad本体,Apple,iPad Pro (第2世代) 12.9インチ,iPad Pro (第2世代) 12.9インチ　シルバー　512GB　セルラーモデル MPLK2J/A,シルバー,512GB,Wi-Fi + Cellular,
FZ4IVSHN1C000,iPad本体,Apple,iPad Pro (第2世代) 12.9インチ,iPad Pro (第2世代) 12.9インチ　シルバー　64GB　Wifiモデル MQDC2J/A,シルバー,64GB,Wi-Fi,4547597993415
UI7LTLM4Y5000,iPad本体,Apple,iPad Pro (第2世代) 12.9インチ,iPad Pro (第2世代) 12.9インチ　シルバー　64GB　セルラーモデル MQEE2J/A,シルバー,64GB,Wi-Fi + Cellular,
I1S88RBL08000,iPad本体,Apple,iPad Pro (第2世代) 12.9インチ,iPad Pro (第2世代) 12.9インチ　スペースグレイ　256GB　Wifiモデル MP6G2J/A,スペースグレイ,256GB,Wi-Fi,4547597975947
0FP95V20M2000,iPad本体,Apple,iPad Pro (第2世代) 12.9インチ,iPad Pro (第2世代) 12.9インチ　スペースグレイ　256GB　セルラーモデル MPA42J/A,スペースグレイ,256GB,Wi-Fi + Cellular,4547597976920
J522TRTBKN000,iPad本体,Apple,iPad Pro (第2世代) 12.9インチ,iPad Pro (第2世代) 12.9インチ　スペースグレイ　512GB　Wifiモデル MPKY2J/A,スペースグレイ,512GB,Wi-Fi,4547597988466
RCLZBD3SAI000,iPad本体,Apple,iPad Pro (第2世代) 12.9インチ,iPad Pro (第2世代) 12.9インチ　スペースグレイ　512GB　セルラーモデル MPLJ2J/A,スペースグレイ,512GB,Wi-Fi + Cellular,4547597979983
CLUB32C6BZ000,iPad本体,Apple,iPad Pro (第2世代) 12.9インチ,iPad Pro (第2世代) 12.9インチ　スペースグレイ　64GB　Wifiモデル MQDA2J/A,スペースグレイ,64GB,Wi-Fi,4547597993408
AS55416OQB000,iPad本体,Apple,iPad Pro (第2世代) 12.9インチ,iPad Pro (第2世代) 12.9インチ　スペースグレイ　64GB　セルラーモデル MQED2J/A,スペースグレイ,64GB,Wi-Fi + Cellular,4547597993712
S7ABF4659C000,iPad本体,Apple,iPad Pro (第3世代) 11インチ,iPad Pro (第3世代) 11インチ　シルバー　128GB　Wifiモデル MHQT3J/A,シルバー,128GB,Wi-Fi,4549995208061
TGDIH7RZNU000,iPad本体,Apple,iPad Pro (第3世代) 11インチ,iPad Pro (第3世代) 11インチ　シルバー　128GB　セルラーモデル MHW63J/A,シルバー,128GB,Wi-Fi + Cellular,4549995208955
ITF3MZTGIW000,iPad本体,Apple,iPad Pro (第3世代) 11インチ,iPad Pro (第3世代) 11インチ　シルバー　1TB　Wifiモデル MHR03J/A,シルバー,1TB,Wi-Fi,4549995208122
462CBEMQSO000,iPad本体,Apple,iPad Pro (第3世代) 11インチ,iPad Pro (第3世代) 11インチ　シルバー　1TB　セルラーモデル MHWD3J/A,シルバー,1TB,Wi-Fi + Cellular,4549995209198
345MPZMY96000,iPad本体,Apple,iPad Pro (第3世代) 11インチ,iPad Pro (第3世代) 11インチ　シルバー　256GB　Wifiモデル MHQV3J/A,シルバー,256GB,Wi-Fi,4549995208085
4E7XGS272S000,iPad本体,Apple,iPad Pro (第3世代) 11インチ,iPad Pro (第3世代) 11インチ　シルバー　256GB　セルラーモデル MHW83J/A,シルバー,256GB,Wi-Fi + Cellular,4549995209037
1IMD577ULU000,iPad本体,Apple,iPad Pro (第3世代) 11インチ,iPad Pro (第3世代) 11インチ　シルバー　2TB　Wifiモデル MHR33J/A,シルバー,2TB,Wi-Fi,4549995208146
ET4HL57ZH6000,iPad本体,Apple,iPad Pro (第3世代) 11インチ,iPad Pro (第3世代) 11インチ　シルバー　2TB　セルラーモデル MHWF3J/A,シルバー,2TB,Wi-Fi + Cellular,4549995209273
V4QHWZU4FZ000,iPad本体,Apple,iPad Pro (第3世代) 11インチ,iPad Pro (第3世代) 11インチ　シルバー　512GB　Wifiモデル MHQX3J/A,シルバー,512GB,Wi-Fi,4549995208108
00S65L27HW000,iPad本体,Apple,iPad Pro (第3世代) 11インチ,iPad Pro (第3世代) 11インチ　シルバー　512GB　セルラーモデル MHWA3J/A,シルバー,512GB,Wi-Fi + Cellular,4549995209112
3M3EEXK9SH000,iPad本体,Apple,iPad Pro (第3世代) 11インチ,iPad Pro (第3世代) 11インチ　スペースグレイ　128GB　Wifiモデル MHQR3J/A,スペースグレイ,128GB,Wi-Fi,4549995208054
0SYB26LRPU000,iPad本体,Apple,iPad Pro (第3世代) 11インチ,iPad Pro (第3世代) 11インチ　スペースグレイ　128GB　セルラーモデル MHW53J/A,スペースグレイ,128GB,Wi-Fi + Cellular,4549995208917
D358AGC416000,iPad本体,Apple,iPad Pro (第3世代) 11インチ,iPad Pro (第3世代) 11インチ　スペースグレイ　1TB　Wifiモデル MHQY3J/A,スペースグレイ,1TB,Wi-Fi,4549995208115
HKWIFX736L000,iPad本体,Apple,iPad Pro (第3世代) 11インチ,iPad Pro (第3世代) 11インチ　スペースグレイ　1TB　セルラーモデル MHWC3J/A,スペースグレイ,1TB,Wi-Fi + Cellular,4549995209150
M5DVXOQXD8000,iPad本体,Apple,iPad Pro (第3世代) 11インチ,iPad Pro (第3世代) 11インチ　スペースグレイ　256GB　Wifiモデル MHQU3J/A,スペースグレイ,256GB,Wi-Fi,4549995208078
842S4ECXTH000,iPad本体,Apple,iPad Pro (第3世代) 11インチ,iPad Pro (第3世代) 11インチ　スペースグレイ　256GB　セルラーモデル MHW73J/A,スペースグレイ,256GB,Wi-Fi + Cellular,4549995208993
EPTCK7ICR0000,iPad本体,Apple,iPad Pro (第3世代) 11インチ,iPad Pro (第3世代) 11インチ　スペースグレイ　2TB　Wifiモデル MHR23J/A,スペースグレイ,2TB,Wi-Fi,4549995208139
N0J1P13CM9000,iPad本体,Apple,iPad Pro (第3世代) 11インチ,iPad Pro (第3世代) 11インチ　スペースグレイ　2TB　セルラーモデル MHWE3J/A,スペースグレイ,2TB,Wi-Fi + Cellular,4549995209235
9YEBL1KW7E000,iPad本体,Apple,iPad Pro (第3世代) 11インチ,iPad Pro (第3世代) 11インチ　スペースグレイ　512GB　Wifiモデル MHQW3J/A,スペースグレイ,512GB,Wi-Fi,4549995208092
XDH9GZZ2KY000,iPad本体,Apple,iPad Pro (第3世代) 11インチ,iPad Pro (第3世代) 11インチ　スペースグレイ　512GB　セルラーモデル MHW93J/A,スペースグレイ,512GB,Wi-Fi + Cellular,4549995209075
5IZ5MX49JA000,iPad本体,Apple,iPad Pro (第3世代) 12.9インチ,iPad Pro (第3世代) 12.9インチ　シルバー　1TB　Wifiモデル MTFT2J/A,シルバー,1TB,Wi-Fi,4549995044034
K4UGBIWACT000,iPad本体,Apple,iPad Pro (第3世代) 12.9インチ,iPad Pro (第3世代) 12.9インチ　シルバー　1TB　セルラーモデル MTJV2J/A,シルバー,1TB,Wi-Fi + Cellular,4549995129267
A5717VDIPP000,iPad本体,Apple,iPad Pro (第3世代) 12.9インチ,iPad Pro (第3世代) 12.9インチ　シルバー　256GB　Wifiモデル MTFN2J/A,シルバー,256GB,Wi-Fi,4549995043990
SE9VGQIVVB000,iPad本体,Apple,iPad Pro (第3世代) 12.9インチ,iPad Pro (第3世代) 12.9インチ　シルバー　256GB　セルラーモデル MTJ62J/A,シルバー,256GB,Wi-Fi + Cellular,4549995044379
XZGK8DYBVG000,iPad本体,Apple,iPad Pro (第3世代) 12.9インチ,iPad Pro (第3世代) 12.9インチ　シルバー　512GB　Wifiモデル MTFQ2J/A,シルバー,512GB,Wi-Fi,4549995044010
F95BADSZE2000,iPad本体,Apple,iPad Pro (第3世代) 12.9インチ,iPad Pro (第3世代) 12.9インチ　シルバー　512GB　セルラーモデル MTJJ2J/A,シルバー,512GB,Wi-Fi + Cellular,4549995129243
LY4EL343IQ000,iPad本体,Apple,iPad Pro (第3世代) 12.9インチ,iPad Pro (第3世代) 12.9インチ　シルバー　64GB　Wifiモデル MTEM2J/A,シルバー,64GB,Wi-Fi,4549995043976
33TI71ZIIB000,iPad本体,Apple,iPad Pro (第3世代) 12.9インチ,iPad Pro (第3世代) 12.9インチ　シルバー　64GB　セルラーモデル MTHP2J/A,シルバー,64GB,Wi-Fi + Cellular,4549995129205
T1VBAT5KLK000,iPad本体,Apple,iPad Pro (第3世代) 12.9インチ,iPad Pro (第3世代) 12.9インチ　スペースグレイ　1TB　Wifiモデル MTFR2J/A,スペースグレイ,1TB,Wi-Fi,4549995044027
9WO57DS5RE000,iPad本体,Apple,iPad Pro (第3世代) 12.9インチ,iPad Pro (第3世代) 12.9インチ　スペースグレイ　1TB　セルラーモデル MTJP2J/A,スペースグレイ,1TB,Wi-Fi + Cellular,4549995129250
7I8SOZHWTR000,iPad本体,Apple,iPad Pro (第3世代) 12.9インチ,iPad Pro (第3世代) 12.9インチ　スペースグレイ　256GB　Wifiモデル MTFL2J/A,スペースグレイ,256GB,Wi-Fi,4549995043983
FQTOQ2IWOD000,iPad本体,Apple,iPad Pro (第3世代) 12.9インチ,iPad Pro (第3世代) 12.9インチ　スペースグレイ　256GB　セルラーモデル MTHV2J/A,スペースグレイ,256GB,Wi-Fi + Cellular,4549995129212
AGQSP8UDWU000,iPad本体,Apple,iPad Pro (第3世代) 12.9インチ,iPad Pro (第3世代) 12.9インチ　スペースグレイ　512GB　Wifiモデル MTFP2J/A,スペースグレイ,512GB,Wi-Fi,4549995044003
7TXIH0J8JA000,iPad本体,Apple,iPad Pro (第3世代) 12.9インチ,iPad Pro (第3世代) 12.9インチ　スペースグレイ　512GB　セルラーモデル MTJD2J/A,スペースグレイ,512GB,Wi-Fi + Cellular,4549995129236
OESFE2P1AF000,iPad本体,Apple,iPad Pro (第3世代) 12.9インチ,iPad Pro (第3世代) 12.9インチ　スペースグレイ　64GB　Wifiモデル MTEL2J/A,スペースグレイ,64GB,Wi-Fi,4549995043969
HL34VEHGKR000,iPad本体,Apple,iPad Pro (第3世代) 12.9インチ,iPad Pro (第3世代) 12.9インチ　スペースグレイ　64GB　セルラーモデル MTHJ2J/A,スペースグレイ,64GB,Wi-Fi + Cellular,4549995129199
QT6Z2O1FOG000,iPad本体,Apple,iPad Pro (第4世代) 11インチ,iPad Pro (第4世代) 11インチ　シルバー　128GB　Wifiモデル MNXE3J/A,シルバー,128GB,Wi-Fi,4549995347388
JXMQRU3Y4K000,iPad本体,Apple,iPad Pro (第4世代) 11インチ,iPad Pro (第4世代) 11インチ　シルバー　128GB　セルラーモデル MNYD3J/A,シルバー,128GB,Wi-Fi + Cellular,4549995350135
AW4EUIPVI3000,iPad本体,Apple,iPad Pro (第4世代) 11インチ,iPad Pro (第4世代) 11インチ　シルバー　1TB　Wifiモデル MNXL3J/A,シルバー,1TB,Wi-Fi,4549995347449
8UF2UG8W2N000,iPad本体,Apple,iPad Pro (第4世代) 11インチ,iPad Pro (第4世代) 11インチ　シルバー　1TB　セルラーモデル MNYK3J/A,シルバー,1TB,Wi-Fi + Cellular,4549995350197
7Z0V75J5EM000,iPad本体,Apple,iPad Pro (第4世代) 11インチ,iPad Pro (第4世代) 11インチ　シルバー　256GB　Wifiモデル MNXG3J/A,シルバー,256GB,Wi-Fi,4549995347401
4S08C4NJ0W000,iPad本体,Apple,iPad Pro (第4世代) 11インチ,iPad Pro (第4世代) 11インチ　シルバー　256GB　セルラーモデル MNYF3J/A,シルバー,256GB,Wi-Fi + Cellular,4549995350159
ZKXSSGR5F7000,iPad本体,Apple,iPad Pro (第4世代) 11インチ,iPad Pro (第4世代) 11インチ　シルバー　2TB　Wifiモデル MNXN3J/A,シルバー,2TB,Wi-Fi,4549995347463
RWCY4PYFNB000,iPad本体,Apple,iPad Pro (第4世代) 11インチ,iPad Pro (第4世代) 11インチ　シルバー　2TB　セルラーモデル MNYM3J/A,シルバー,2TB,Wi-Fi + Cellular,4549995350210
WQ5RERQF47000,iPad本体,Apple,iPad Pro (第4世代) 11インチ,iPad Pro (第4世代) 11インチ　シルバー　512GB　Wifiモデル MNXJ3J/A,シルバー,512GB,Wi-Fi,4549995347425
AZ1C0QB1P7000,iPad本体,Apple,iPad Pro (第4世代) 11インチ,iPad Pro (第4世代) 11インチ　シルバー　512GB　セルラーモデル MNYH3J/A,シルバー,512GB,Wi-Fi + Cellular,4549995350173
I0DXVOQOCO000,iPad本体,Apple,iPad Pro (第4世代) 11インチ,iPad Pro (第4世代) 11インチ　スペースグレイ　128GB　Wifiモデル MNXD3J/A,スペースグレイ,128GB,Wi-Fi,4549995347371
5TZHL3FMKR000,iPad本体,Apple,iPad Pro (第4世代) 11インチ,iPad Pro (第4世代) 11インチ　スペースグレイ　128GB　セルラーモデル MNYC3J/A,スペースグレイ,128GB,Wi-Fi + Cellular,4549995350128
0UTDHXEXE0000,iPad本体,Apple,iPad Pro (第4世代) 11インチ,iPad Pro (第4世代) 11インチ　スペースグレイ　1TB　Wifiモデル MNXK3J/A,スペースグレイ,1TB,Wi-Fi,4549995347432
F427APJ19M000,iPad本体,Apple,iPad Pro (第4世代) 11インチ,iPad Pro (第4世代) 11インチ　スペースグレイ　1TB　セルラーモデル MNYJ3J/A,スペースグレイ,1TB,Wi-Fi + Cellular,4549995350180
0LV5N6A4WM000,iPad本体,Apple,iPad Pro (第4世代) 11インチ,iPad Pro (第4世代) 11インチ　スペースグレイ　256GB　Wifiモデル MNXF3J/A,スペースグレイ,256GB,Wi-Fi,4549995347395
F13763IYVO000,iPad本体,Apple,iPad Pro (第4世代) 11インチ,iPad Pro (第4世代) 11インチ　スペースグレイ　256GB　セルラーモデル MNYE3J/A,スペースグレイ,256GB,Wi-Fi + Cellular,4549995350142
96CS392D7I000,iPad本体,Apple,iPad Pro (第4世代) 11インチ,iPad Pro (第4世代) 11インチ　スペースグレイ　2TB　Wifiモデル MNXM3J/A,スペースグレイ,2TB,Wi-Fi,4549995347456
FEZPQ5C5G8000,iPad本体,Apple,iPad Pro (第4世代) 11インチ,iPad Pro (第4世代) 11インチ　スペースグレイ　2TB　セルラーモデル MNYL3J/A,スペースグレイ,2TB,Wi-Fi + Cellular,4549995350203
3IYPQFU5PD000,iPad本体,Apple,iPad Pro (第4世代) 11インチ,iPad Pro (第4世代) 11インチ　スペースグレイ　512GB　Wifiモデル MNXH3J/A,スペースグレイ,512GB,Wi-Fi,4549995347418
T53SZ6O7I4000,iPad本体,Apple,iPad Pro (第4世代) 11インチ,iPad Pro (第4世代) 11インチ　スペースグレイ　512GB　セルラーモデル MNYG3J/A,スペースグレイ,512GB,Wi-Fi + Cellular,4549995350166
HKOYWSSNHE000,iPad本体,Apple,iPad Pro (第4世代) 12.9インチ,iPad Pro (第4世代) 12.9インチ　シルバー　128GB　Wifiモデル MY2J2J/A,シルバー,128GB,Wi-Fi,4549995147476
RC69YYD7MT000,iPad本体,Apple,iPad Pro (第4世代) 12.9インチ,iPad Pro (第4世代) 12.9インチ　シルバー　128GB　セルラーモデル MY3D2J/A,シルバー,128GB,Wi-Fi + Cellular,4549995147643
O22HJ1LVQP000,iPad本体,Apple,iPad Pro (第4世代) 12.9インチ,iPad Pro (第4世代) 12.9インチ　シルバー　1TB　Wifiモデル MXAY2J/A,シルバー,1TB,Wi-Fi,4549995117332
4LYSG6UE8J000,iPad本体,Apple,iPad Pro (第4世代) 12.9インチ,iPad Pro (第4世代) 12.9インチ　シルバー　1TB　セルラーモデル MXFA2J/A,シルバー,1TB,Wi-Fi + Cellular,4549995121988
AN95IWH1C2000,iPad本体,Apple,iPad Pro (第4世代) 12.9インチ,iPad Pro (第4世代) 12.9インチ　シルバー　256GB　Wifiモデル MXAU2J/A,シルバー,256GB,Wi-Fi,4549995117295
74OOPJ1U9T000,iPad本体,Apple,iPad Pro (第4世代) 12.9インチ,iPad Pro (第4世代) 12.9インチ　シルバー　256GB　セルラーモデル MXF62J/A,シルバー,256GB,Wi-Fi + Cellular,4549995121865
EZG6SAKOVY000,iPad本体,Apple,iPad Pro (第4世代) 12.9インチ,iPad Pro (第4世代) 12.9インチ　シルバー　512GB　Wifiモデル MXAW2J/A,シルバー,512GB,Wi-Fi,4549995117318
SBIMJ8NQFZ000,iPad本体,Apple,iPad Pro (第4世代) 12.9インチ,iPad Pro (第4世代) 12.9インチ　シルバー　512GB　セルラーモデル MXF82J/A,シルバー,512GB,Wi-Fi + Cellular,4549995121926
A868ZRS1KH000,iPad本体,Apple,iPad Pro (第4世代) 12.9インチ,iPad Pro (第4世代) 12.9インチ　スペースグレイ　128GB　Wifiモデル MY2H2J/A,スペースグレイ,128GB,Wi-Fi,4549995147469
ZQXCGQW7QA000,iPad本体,Apple,iPad Pro (第4世代) 12.9インチ,iPad Pro (第4世代) 12.9インチ　スペースグレイ　128GB　セルラーモデル MY3C2J/A,スペースグレイ,128GB,Wi-Fi + Cellular,4549995147605
IZN6TGEZXH000,iPad本体,Apple,iPad Pro (第4世代) 12.9インチ,iPad Pro (第4世代) 12.9インチ　スペースグレイ　1TB　Wifiモデル MXAX2J/A,スペースグレイ,1TB,Wi-Fi,4549995117325
OGB13F0D8B000,iPad本体,Apple,iPad Pro (第4世代) 12.9インチ,iPad Pro (第4世代) 12.9インチ　スペースグレイ　1TB　セルラーモデル MXF92J/A,スペースグレイ,1TB,Wi-Fi + Cellular,4549995121957
YDQB4YCGVR000,iPad本体,Apple,iPad Pro (第4世代) 12.9インチ,iPad Pro (第4世代) 12.9インチ　スペースグレイ　256GB　Wifiモデル MXAT2J/A,スペースグレイ,256GB,Wi-Fi,4549995117288
LE9BRRXOOI000,iPad本体,Apple,iPad Pro (第4世代) 12.9インチ,iPad Pro (第4世代) 12.9インチ　スペースグレイ　256GB　セルラーモデル MXF52J/A,スペースグレイ,256GB,Wi-Fi + Cellular,4549995121834
SYGWQ69BWQ000,iPad本体,Apple,iPad Pro (第4世代) 12.9インチ,iPad Pro (第4世代) 12.9インチ　スペースグレイ　512GB　Wifiモデル MXAV2J/A,スペースグレイ,512GB,Wi-Fi,4549995117301
P3H2Y15YUX000,iPad本体,Apple,iPad Pro (第4世代) 12.9インチ,iPad Pro (第4世代) 12.9インチ　スペースグレイ　512GB　セルラーモデル MXF72J/A,スペースグレイ,512GB,Wi-Fi + Cellular,4549995121896
V4OPROJNC9000,iPad本体,Apple,iPad Pro (第5世代) 12.9インチ,iPad Pro (第5世代) 12.9インチ　シルバー　128GB　Wifiモデル MHNG3J/A,シルバー,128GB,Wi-Fi,4549995208429
AYUK2HGHK5000,iPad本体,Apple,iPad Pro (第5世代) 12.9インチ,iPad Pro (第5世代) 12.9インチ　シルバー　128GB　セルラーモデル MHR53J/A,シルバー,128GB,Wi-Fi + Cellular,4549995209631
F3409R5PDW000,iPad本体,Apple,iPad Pro (第5世代) 12.9インチ,iPad Pro (第5世代) 12.9インチ　シルバー　1TB　Wifiモデル MHNN3J/A,シルバー,1TB,Wi-Fi,4549995208481
G5F4ZNNKBU000,iPad本体,Apple,iPad Pro (第5世代) 12.9インチ,iPad Pro (第5世代) 12.9インチ　シルバー　1TB　セルラーモデル MHRC3J/A,シルバー,1TB,Wi-Fi + Cellular,4549995209877
GX85C3VGXH000,iPad本体,Apple,iPad Pro (第5世代) 12.9インチ,iPad Pro (第5世代) 12.9インチ　シルバー　256GB　Wifiモデル MHNJ3J/A,シルバー,256GB,Wi-Fi,4549995208443
1QZCCDFLMI000,iPad本体,Apple,iPad Pro (第5世代) 12.9インチ,iPad Pro (第5世代) 12.9インチ　シルバー　256GB　セルラーモデル MHR73J/A,シルバー,256GB,Wi-Fi + Cellular,4549995209716
S99LR4CSHS000,iPad本体,Apple,iPad Pro (第5世代) 12.9インチ,iPad Pro (第5世代) 12.9インチ　シルバー　2TB　Wifiモデル MHNQ3J/A,シルバー,2TB,Wi-Fi,4549995208504
Q3IICRA6IH000,iPad本体,Apple,iPad Pro (第5世代) 12.9インチ,iPad Pro (第5世代) 12.9インチ　シルバー　2TB　セルラーモデル MHRE3J/A,シルバー,2TB,Wi-Fi + Cellular,4549995209952
1330QDAECJ000,iPad本体,Apple,iPad Pro (第5世代) 12.9インチ,iPad Pro (第5世代) 12.9インチ　シルバー　512GB　Wifiモデル MHNL3J/A,シルバー,512GB,Wi-Fi,4549995208467
RNWBEGK9R8000,iPad本体,Apple,iPad Pro (第5世代) 12.9インチ,iPad Pro (第5世代) 12.9インチ　シルバー　512GB　セルラーモデル MHR93J/A,シルバー,512GB,Wi-Fi + Cellular,4549995209792
6F3H9EKIJP000,iPad本体,Apple,iPad Pro (第5世代) 12.9インチ,iPad Pro (第5世代) 12.9インチ　スペースグレイ　128GB　Wifiモデル MHNF3J/A,スペースグレイ,128GB,Wi-Fi,4549995208412
N20ASFZ0T8000,iPad本体,Apple,iPad Pro (第5世代) 12.9インチ,iPad Pro (第5世代) 12.9インチ　スペースグレイ　128GB　セルラーモデル MHR43J/A,スペースグレイ,128GB,Wi-Fi + Cellular,4549995209594
VMOD4EF0G4000,iPad本体,Apple,iPad Pro (第5世代) 12.9インチ,iPad Pro (第5世代) 12.9インチ　スペースグレイ　1TB　Wifiモデル MHNM3J/A,スペースグレイ,1TB,Wi-Fi,4549995208474
6RHA6WSNRQ000,iPad本体,Apple,iPad Pro (第5世代) 12.9インチ,iPad Pro (第5世代) 12.9インチ　スペースグレイ　1TB　セルラーモデル MHRA3J/A,スペースグレイ,1TB,Wi-Fi + Cellular,4549995209839
DUC48ZHM64000,iPad本体,Apple,iPad Pro (第5世代) 12.9インチ,iPad Pro (第5世代) 12.9インチ　スペースグレイ　256GB　Wifiモデル MHNH3J/A,スペースグレイ,256GB,Wi-Fi,4549995208436
UMNIA0Z4QS000,iPad本体,Apple,iPad Pro (第5世代) 12.9インチ,iPad Pro (第5世代) 12.9インチ　スペースグレイ　256GB　セルラーモデル MHR63J/A,スペースグレイ,256GB,Wi-Fi + Cellular,4549995209679
TQA0YLIL8C000,iPad本体,Apple,iPad Pro (第5世代) 12.9インチ,iPad Pro (第5世代) 12.9インチ　スペースグレイ　2TB　Wifiモデル MHNP3J/A,スペースグレイ,2TB,Wi-Fi,4549995208498
34HI6EMG87000,iPad本体,Apple,iPad Pro (第5世代) 12.9インチ,iPad Pro (第5世代) 12.9インチ　スペースグレイ　2TB　セルラーモデル MHRD3J/A,スペースグレイ,2TB,Wi-Fi + Cellular,4549995209914
8JSOSVX7WY000,iPad本体,Apple,iPad Pro (第5世代) 12.9インチ,iPad Pro (第5世代) 12.9インチ　スペースグレイ　512GB　Wifiモデル MHNK3J/A,スペースグレイ,512GB,Wi-Fi,4549995208450
AHHHNUJP1E000,iPad本体,Apple,iPad Pro (第5世代) 12.9インチ,iPad Pro (第5世代) 12.9インチ　スペースグレイ　512GB　セルラーモデル MHR83J/A,スペースグレイ,512GB,Wi-Fi + Cellular,4549995209754
EOB4AG3ZH2000,iPad本体,Apple,iPad Pro (第6世代) 12.9インチ,iPad Pro (第6世代) 12.9インチ　シルバー　128GB　Wifiモデル MNXQ3J/A,シルバー,128GB,Wi-Fi,4549995348088
KY907N7N1Q000,iPad本体,Apple,iPad Pro (第6世代) 12.9インチ,iPad Pro (第6世代) 12.9インチ　シルバー　128GB　セルラーモデル MP1Y3J/A,シルバー,128GB,Wi-Fi + Cellular,4549995348866
HMT0MJ6I8R000,iPad本体,Apple,iPad Pro (第6世代) 12.9インチ,iPad Pro (第6世代) 12.9インチ　シルバー　1TB　Wifiモデル MNXX3J/A,シルバー,1TB,Wi-Fi,4549995348149
ITH2DHB7O8000,iPad本体,Apple,iPad Pro (第6世代) 12.9インチ,iPad Pro (第6世代) 12.9インチ　シルバー　1TB　セルラーモデル MP253J/A,シルバー,1TB,Wi-Fi + Cellular,4549995349108
XR4Z4CR78V000,iPad本体,Apple,iPad Pro (第6世代) 12.9インチ,iPad Pro (第6世代) 12.9インチ　シルバー　256GB　Wifiモデル MNXT3J/A,シルバー,256GB,Wi-Fi,4549995348101
J7SHLVCEQH000,iPad本体,Apple,iPad Pro (第6世代) 12.9インチ,iPad Pro (第6世代) 12.9インチ　シルバー　256GB　セルラーモデル MP213J/A,シルバー,256GB,Wi-Fi + Cellular,4549995348941
OIIOFX81QQ000,iPad本体,Apple,iPad Pro (第6世代) 12.9インチ,iPad Pro (第6世代) 12.9インチ　シルバー　2TB　Wifiモデル MNY03J/A,シルバー,2TB,Wi-Fi,4549995348163
O9S3DRQ7PX000,iPad本体,Apple,iPad Pro (第6世代) 12.9インチ,iPad Pro (第6世代) 12.9インチ　シルバー　2TB　セルラーモデル MP273J/A,シルバー,2TB,Wi-Fi + Cellular,4549995349184
59DM104ET7000,iPad本体,Apple,iPad Pro (第6世代) 12.9インチ,iPad Pro (第6世代) 12.9インチ　シルバー　512GB　Wifiモデル MNXV3J/A,シルバー,512GB,Wi-Fi,4549995348125
LM0SBQ7XED000,iPad本体,Apple,iPad Pro (第6世代) 12.9インチ,iPad Pro (第6世代) 12.9インチ　シルバー　512GB　セルラーモデル MP233J/A,シルバー,512GB,Wi-Fi + Cellular,4549995349023
UPFG2PKUQU000,iPad本体,Apple,iPad Pro (第6世代) 12.9インチ,iPad Pro (第6世代) 12.9インチ　スペースグレイ　128GB　Wifiモデル MNXP3J/A,スペースグレイ,128GB,Wi-Fi,4549995348071
SA9W0MLANQ000,iPad本体,Apple,iPad Pro (第6世代) 12.9インチ,iPad Pro (第6世代) 12.9インチ　スペースグレイ　128GB　セルラーモデル MP1X3J/A,スペースグレイ,128GB,Wi-Fi + Cellular,4549995348828
8TP5F9KG2S000,iPad本体,Apple,iPad Pro (第6世代) 12.9インチ,iPad Pro (第6世代) 12.9インチ　スペースグレイ　1TB　Wifiモデル MNXW3J/A,スペースグレイ,1TB,Wi-Fi,4549995348132
36B1G0QAPE000,iPad本体,Apple,iPad Pro (第6世代) 12.9インチ,iPad Pro (第6世代) 12.9インチ　スペースグレイ　1TB　セルラーモデル MP243J/A,スペースグレイ,1TB,Wi-Fi + Cellular,4549995349061
6VXJXXAB3P000,iPad本体,Apple,iPad Pro (第6世代) 12.9インチ,iPad Pro (第6世代) 12.9インチ　スペースグレイ　256GB　Wifiモデル MNXR3J/A,スペースグレイ,256GB,Wi-Fi,4549995348095
V7MN9BDZIV000,iPad本体,Apple,iPad Pro (第6世代) 12.9インチ,iPad Pro (第6世代) 12.9インチ　スペースグレイ　256GB　セルラーモデル MP203J/A,スペースグレイ,256GB,Wi-Fi + Cellular,4549995348903
AN1T3ORS64000,iPad本体,Apple,iPad Pro (第6世代) 12.9インチ,iPad Pro (第6世代) 12.9インチ　スペースグレイ　2TB　Wifiモデル MNXY3J/A,スペースグレイ,2TB,Wi-Fi,4549995348156
Q8PEIU6KJI000,iPad本体,Apple,iPad Pro (第6世代) 12.9インチ,iPad Pro (第6世代) 12.9インチ　スペースグレイ　2TB　セルラーモデル MP263J/A,スペースグレイ,2TB,Wi-Fi + Cellular,4549995349146
GE5XITPOLZ000,iPad本体,Apple,iPad Pro (第6世代) 12.9インチ,iPad Pro (第6世代) 12.9インチ　スペースグレイ　512GB　Wifiモデル MNXU3J/A,スペースグレイ,512GB,Wi-Fi,4549995348118
8GA51DEXVA000,iPad本体,Apple,iPad Pro (第6世代) 12.9インチ,iPad Pro (第6世代) 12.9インチ　スペースグレイ　512GB　セルラーモデル MP223J/A,スペースグレイ,512GB,Wi-Fi + Cellular,4549995348989
G05634AOQ1000,iPad本体,Apple,iPad Pro (第7世代) 11インチ,iPad Pro (第7世代) 11インチ　シルバー　1TB　Wifiモデル MVVF3J/A,シルバー,1TB,Wi-Fi,4549995451269
1AJW23G561000,iPad本体,Apple,iPad Pro (第7世代) 11インチ,iPad Pro (第7世代) 11インチ　シルバー　1TB　Wifiモデル　ナノガラス MWR73J/A,シルバー,1TB,Wi-Fi,4549995488999
YQSN1K7DY7000,iPad本体,Apple,iPad Pro (第7世代) 11インチ,iPad Pro (第7世代) 11インチ　シルバー　1TB　セルラーモデル MVW63J/A,シルバー,1TB,Wi-Fi + Cellular,4549995451764
0MJX3C9Q1Z000,iPad本体,Apple,iPad Pro (第7世代) 11インチ,iPad Pro (第7世代) 11インチ　シルバー　1TB　セルラーモデル　ナノガラス MWRQ3J/A,シルバー,1TB,Wi-Fi + Cellular,4549995489101
H7NZTC4J44000,iPad本体,Apple,iPad Pro (第7世代) 11インチ,iPad Pro (第7世代) 11インチ　シルバー　256GB　Wifiモデル MVV93J/A,シルバー,256GB,Wi-Fi,4549995451221
SYWQQ2ZE04000,iPad本体,Apple,iPad Pro (第7世代) 11インチ,iPad Pro (第7世代) 11インチ　シルバー　256GB　セルラーモデル MVW23J/A,シルバー,256GB,Wi-Fi + Cellular,4549995451603
940AGCQ4YM000,iPad本体,Apple,iPad Pro (第7世代) 11インチ,iPad Pro (第7世代) 11インチ　シルバー　2TB　Wifiモデル MVVH3J/A,シルバー,2TB,Wi-Fi,4549995451283
YEYIR5U1ZT000,iPad本体,Apple,iPad Pro (第7世代) 11インチ,iPad Pro (第7世代) 11インチ　シルバー　2TB　Wifiモデル　ナノガラス MWR93J/A,シルバー,2TB,Wi-Fi,4549995489019
ITZOBI4UQF000,iPad本体,Apple,iPad Pro (第7世代) 11インチ,iPad Pro (第7世代) 11インチ　シルバー　2TB　セルラーモデル MVW83J/A,シルバー,2TB,Wi-Fi + Cellular,4549995451849
5NQTGYV5NX000,iPad本体,Apple,iPad Pro (第7世代) 11インチ,iPad Pro (第7世代) 11インチ　シルバー　2TB　セルラーモデル　ナノガラス MWRT3J/A,シルバー,2TB,Wi-Fi + Cellular,4549995489187
GDX60STCV6000,iPad本体,Apple,iPad Pro (第7世代) 11インチ,iPad Pro (第7世代) 11インチ　シルバー　512GB　Wifiモデル MVVD3J/A,シルバー,512GB,Wi-Fi,4549995451245
7MR6SJLECB000,iPad本体,Apple,iPad Pro (第7世代) 11インチ,iPad Pro (第7世代) 11インチ　シルバー　512GB　セルラーモデル MVW43J/A,シルバー,512GB,Wi-Fi + Cellular,4549995451689
W93I9OD06N000,iPad本体,Apple,iPad Pro (第7世代) 11インチ,iPad Pro (第7世代) 11インチ　スペースブラック　1TB　Wifiモデル MVVE3J/A,スペースブラック,1TB,Wi-Fi,4549995451252
XSCUZYRZAB000,iPad本体,Apple,iPad Pro (第7世代) 11インチ,iPad Pro (第7世代) 11インチ　スペースブラック　1TB　Wifiモデル　ナノガラス MWR63J/A,スペースブラック,1TB,Wi-Fi,4549995488982
HKVVW1S37N000,iPad本体,Apple,iPad Pro (第7世代) 11インチ,iPad Pro (第7世代) 11インチ　スペースブラック　1TB　セルラーモデル MVW53J/A,スペースブラック,1TB,Wi-Fi + Cellular,4549995451726
ZNO8GH45H5000,iPad本体,Apple,iPad Pro (第7世代) 11インチ,iPad Pro (第7世代) 11インチ　スペースブラック　1TB　セルラーモデル　ナノガラス MWRP3J/A,スペースブラック,1TB,Wi-Fi + Cellular,4549995489064
OXV9TRIVAS000,iPad本体,Apple,iPad Pro (第7世代) 11インチ,iPad Pro (第7世代) 11インチ　スペースブラック　256GB　Wifiモデル MVV83J/A,スペースブラック,256GB,Wi-Fi,4549995451214
JU21NG19OC000,iPad本体,Apple,iPad Pro (第7世代) 11インチ,iPad Pro (第7世代) 11インチ　スペースブラック　256GB　セルラーモデル MVW13J/A,スペースブラック,256GB,Wi-Fi + Cellular,4549995451566
JHKLCMZSK1000,iPad本体,Apple,iPad Pro (第7世代) 11インチ,iPad Pro (第7世代) 11インチ　スペースブラック　2TB　Wifiモデル MVVG3J/A,スペースブラック,2TB,Wi-Fi,4549995451276
Q6RFQDXH2S000,iPad本体,Apple,iPad Pro (第7世代) 11インチ,iPad Pro (第7世代) 11インチ　スペースブラック　2TB　Wifiモデル　ナノガラス MWR83J/A,スペースブラック,2TB,Wi-Fi,4549995489002
ZJBVZBU7SI000,iPad本体,Apple,iPad Pro (第7世代) 11インチ,iPad Pro (第7世代) 11インチ　スペースブラック　2TB　セルラーモデル MVW73J/A,スペースブラック,2TB,Wi-Fi + Cellular,4549995451801
2OM71LA1E2000,iPad本体,Apple,iPad Pro (第7世代) 11インチ,iPad Pro (第7世代) 11インチ　スペースブラック　2TB　セルラーモデル　ナノガラス MWRR3J/A,スペースブラック,2TB,Wi-Fi + Cellular,4549995489149
4ZH4QBFYXY000,iPad本体,Apple,iPad Pro (第7世代) 11インチ,iPad Pro (第7世代) 11インチ　スペースブラック　512GB　Wifiモデル MVVC3J/A,スペースブラック,512GB,Wi-Fi,4549995451238
BA8H4K1PI1000,iPad本体,Apple,iPad Pro (第7世代) 11インチ,iPad Pro (第7世代) 11インチ　スペースブラック　512GB　セルラーモデル MVW33J/A,スペースブラック,512GB,Wi-Fi + Cellular,4549995451641
OOUPQ9BQ4N000,iPad本体,Apple,iPad Pro (第7世代) 13インチ,iPad Pro (第7世代) 13インチ　シルバー　1TB　Wifiモデル MVX73J/A,シルバー,1TB,Wi-Fi,4549995452136
4JW8OIN9XC000,iPad本体,Apple,iPad Pro (第7世代) 13インチ,iPad Pro (第7世代) 13インチ　シルバー　1TB　Wifiモデル　ナノガラス MWRG3J/A,シルバー,1TB,Wi-Fi,4549995489033
291NNSLGZ5000,iPad本体,Apple,iPad Pro (第7世代) 13インチ,iPad Pro (第7世代) 13インチ　シルバー　1TB　セルラーモデル MVXX3J/A,シルバー,1TB,Wi-Fi + Cellular,4549995452600
B0VZSIUHED000,iPad本体,Apple,iPad Pro (第7世代) 13インチ,iPad Pro (第7世代) 13インチ　シルバー　1TB　セルラーモデル　ナノガラス MWT03J/A,シルバー,1TB,Wi-Fi + Cellular,4549995489262
80LAGTK49P000,iPad本体,Apple,iPad Pro (第7世代) 13インチ,iPad Pro (第7世代) 13インチ　シルバー　256GB　Wifiモデル MVX33J/A,シルバー,256GB,Wi-Fi,4549995452099
XPRL02NPRT000,iPad本体,Apple,iPad Pro (第7世代) 13インチ,iPad Pro (第7世代) 13インチ　シルバー　256GB　セルラーモデル MVXT3J/A,シルバー,256GB,Wi-Fi + Cellular,4549995452440
TO8ODPW1ZY000,iPad本体,Apple,iPad Pro (第7世代) 13インチ,iPad Pro (第7世代) 13インチ　シルバー　2TB　Wifiモデル MVX93J/A,シルバー,2TB,Wi-Fi,4549995452150
STPCWUNAB3000,iPad本体,Apple,iPad Pro (第7世代) 13インチ,iPad Pro (第7世代) 13インチ　シルバー　2TB　Wifiモデル　ナノガラス MWRJ3J/A,シルバー,2TB,Wi-Fi,4549995489057
VVTFVE242L000,iPad本体,Apple,iPad Pro (第7世代) 13インチ,iPad Pro (第7世代) 13インチ　シルバー　2TB　セルラーモデル MVY03J/A,シルバー,2TB,Wi-Fi + Cellular,4549995452686
TLYLBIHTGD000,iPad本体,Apple,iPad Pro (第7世代) 13インチ,iPad Pro (第7世代) 13インチ　シルバー　2TB　セルラーモデル　ナノガラス MWT23J/A,シルバー,2TB,Wi-Fi + Cellular,4549995489347
C9VZHC74BW000,iPad本体,Apple,iPad Pro (第7世代) 13インチ,iPad Pro (第7世代) 13インチ　シルバー　512GB　Wifiモデル MVX53J/A,シルバー,512GB,Wi-Fi,4549995452112
MBEG2359ML000,iPad本体,Apple,iPad Pro (第7世代) 13インチ,iPad Pro (第7世代) 13インチ　シルバー　512GB　セルラーモデル MVXV3J/A,シルバー,512GB,Wi-Fi + Cellular,4549995452525
4QRIOHQC9W000,iPad本体,Apple,iPad Pro (第7世代) 13インチ,iPad Pro (第7世代) 13インチ　スペースブラック　1TB　Wifiモデル MVX63J/A,スペースブラック,1TB,Wi-Fi,4549995452129
FJ8V7B2DT6000,iPad本体,Apple,iPad Pro (第7世代) 13インチ,iPad Pro (第7世代) 13インチ　スペースブラック　1TB　Wifiモデル　ナノガラス MWRF3J/A,スペースブラック,1TB,Wi-Fi,4549995489026
7VA24447H2000,iPad本体,Apple,iPad Pro (第7世代) 13インチ,iPad Pro (第7世代) 13インチ　スペースブラック　1TB　セルラーモデル MVXW3J/A,スペースブラック,1TB,Wi-Fi + Cellular,4549995452563
NIY83DRRK8000,iPad本体,Apple,iPad Pro (第7世代) 13インチ,iPad Pro (第7世代) 13インチ　スペースブラック　1TB　セルラーモデル　ナノガラス MWRY3J/A,スペースブラック,1TB,Wi-Fi + Cellular,4549995489224
QSQGH0CCGL000,iPad本体,Apple,iPad Pro (第7世代) 13インチ,iPad Pro (第7世代) 13インチ　スペースブラック　256GB　Wifiモデル MVX23J/A,スペースブラック,256GB,Wi-Fi,4549995452082
2UZGNOSDXE000,iPad本体,Apple,iPad Pro (第7世代) 13インチ,iPad Pro (第7世代) 13インチ　スペースブラック　256GB　セルラーモデル MVXR3J/A,スペースブラック,256GB,Wi-Fi + Cellular,4549995452402
3A3MRQY6Y4000,iPad本体,Apple,iPad Pro (第7世代) 13インチ,iPad Pro (第7世代) 13インチ　スペースブラック　2TB　Wifiモデル MVX83J/A,スペースブラック,2TB,Wi-Fi,4549995452143
UKS6Z4P8HH000,iPad本体,Apple,iPad Pro (第7世代) 13インチ,iPad Pro (第7世代) 13インチ　スペースブラック　2TB　Wifiモデル　ナノガラス MWRH3J/A,スペースブラック,2TB,Wi-Fi,4549995489040
YKVKERNS4U000,iPad本体,Apple,iPad Pro (第7世代) 13インチ,iPad Pro (第7世代) 13インチ　スペースブラック　2TB　セルラーモデル MVXY3J/A,スペースブラック,2TB,Wi-Fi + Cellular,4549995452648
24A8OG4H4O000,iPad本体,Apple,iPad Pro (第7世代) 13インチ,iPad Pro (第7世代) 13インチ　スペースブラック　2TB　セルラーモデル　ナノガラス MWT13J/A,スペースブラック,2TB,Wi-Fi + Cellular,4549995489309
GDOXLXR8BL000,iPad本体,Apple,iPad Pro (第7世代) 13インチ,iPad Pro (第7世代) 13インチ　スペースブラック　512GB　Wifiモデル MVX43J/A,スペースブラック,512GB,Wi-Fi,4549995452105
9Y46QPCQ3D000,iPad本体,Apple,iPad Pro (第7世代) 13インチ,iPad Pro (第7世代) 13インチ　スペースブラック　512GB　セルラーモデル MVXU3J/A,スペースブラック,512GB,Wi-Fi + Cellular,4549995452488
TJ2HIMTEY8000,iPad本体,Apple,iPad Pro (第8世代) 11インチ,iPad Pro (第8世代) 11インチ　シルバー　1TB　Wifiモデル MDWQ4J/A,シルバー,1TB,Wi-Fi,4549995616651
KI1LNBRLUS000,iPad本体,Apple,iPad Pro (第8世代) 11インチ,iPad Pro (第8世代) 11インチ　シルバー　1TB　Wifiモデル　ナノガラス MDWT4J/A,シルバー,1TB,Wi-Fi,4549995616675
4HJ6P7TRAV000,iPad本体,Apple,iPad Pro (第8世代) 11インチ,iPad Pro (第8世代) 11インチ　シルバー　1TB　セルラーモデル ME2V4J/A,シルバー,1TB,Wi-Fi + Cellular,4549995617047
LL57AV34XN000,iPad本体,Apple,iPad Pro (第8世代) 11インチ,iPad Pro (第8世代) 11インチ　シルバー　1TB　セルラーモデル　ナノガラス ME2X4J/A,シルバー,1TB,Wi-Fi + Cellular,4549995617122
A2R6GOXR9L000,iPad本体,Apple,iPad Pro (第8世代) 11インチ,iPad Pro (第8世代) 11インチ　シルバー　256GB　Wifiモデル MDWL4J/A,シルバー,256GB,Wi-Fi,4549995616613
4HD2ZWDAS9000,iPad本体,Apple,iPad Pro (第8世代) 11インチ,iPad Pro (第8世代) 11インチ　シルバー　256GB　セルラーモデル ME2P4J/A,シルバー,256GB,Wi-Fi + Cellular,4549995616880
I1JVU6Y5R4000,iPad本体,Apple,iPad Pro (第8世代) 11インチ,iPad Pro (第8世代) 11インチ　シルバー　2TB　Wifiモデル MDWV4J/A,シルバー,2TB,Wi-Fi,4549995616699
1WCHWMBQJN000,iPad本体,Apple,iPad Pro (第8世代) 11インチ,iPad Pro (第8世代) 11インチ　シルバー　2TB　Wifiモデル　ナノガラス MDWX4J/A,シルバー,2TB,Wi-Fi,4549995616712
6IOFOH0R5O000,iPad本体,Apple,iPad Pro (第8世代) 11インチ,iPad Pro (第8世代) 11インチ　シルバー　2TB　セルラーモデル ME6A4J/A,シルバー,2TB,Wi-Fi + Cellular,4549995617207
N2V1NV55B5000,iPad本体,Apple,iPad Pro (第8世代) 11インチ,iPad Pro (第8世代) 11インチ　シルバー　2TB　セルラーモデル　ナノガラス ME6D4J/A,シルバー,2TB,Wi-Fi + Cellular,4549995617283
24JSNNX8UI000,iPad本体,Apple,iPad Pro (第8世代) 11インチ,iPad Pro (第8世代) 11インチ　シルバー　512GB　Wifiモデル MDWN4J/A,シルバー,512GB,Wi-Fi,4549995616637
PRT2Y0IBUH000,iPad本体,Apple,iPad Pro (第8世代) 11インチ,iPad Pro (第8世代) 11インチ　シルバー　512GB　セルラーモデル ME2T4J/A,シルバー,512GB,Wi-Fi + Cellular,4549995616965
QV5YLZ4G7Q000,iPad本体,Apple,iPad Pro (第8世代) 11インチ,iPad Pro (第8世代) 11インチ　スペースブラック　1TB　Wifiモデル MDWP4J/A,スペースブラック,1TB,Wi-Fi,4549995616644
SMZWP2OCG3000,iPad本体,Apple,iPad Pro (第8世代) 11インチ,iPad Pro (第8世代) 11インチ　スペースブラック　1TB　Wifiモデル　ナノガラス MDWR4J/A,スペースブラック,1TB,Wi-Fi,4549995616668
150DGQSMPF000,iPad本体,Apple,iPad Pro (第8世代) 11インチ,iPad Pro (第8世代) 11インチ　スペースブラック　1TB　セルラーモデル ME2U4J/A,スペースブラック,1TB,Wi-Fi + Cellular,4549995617009
YX3F49MCP6000,iPad本体,Apple,iPad Pro (第8世代) 11インチ,iPad Pro (第8世代) 11インチ　スペースブラック　1TB　セルラーモデル　ナノガラス ME2W4J/A,スペースブラック,1TB,Wi-Fi + Cellular,4549995617085
34VC41WLV2000,iPad本体,Apple,iPad Pro (第8世代) 11インチ,iPad Pro (第8世代) 11インチ　スペースブラック　256GB　Wifiモデル MDWK4J/A,スペースブラック,256GB,Wi-Fi,4549995616606
QFHRE9XQ8C000,iPad本体,Apple,iPad Pro (第8世代) 11インチ,iPad Pro (第8世代) 11インチ　スペースブラック　256GB　セルラーモデル ME2N4J/A,スペースブラック,256GB,Wi-Fi + Cellular,4549995616842
6H9BARG5W5000,iPad本体,Apple,iPad Pro (第8世代) 11インチ,iPad Pro (第8世代) 11インチ　スペースブラック　2TB　Wifiモデル MDWU4J/A,スペースブラック,2TB,Wi-Fi,4549995616682
O4UNKDFWAY000,iPad本体,Apple,iPad Pro (第8世代) 11インチ,iPad Pro (第8世代) 11インチ　スペースブラック　2TB　Wifiモデル　ナノガラス MDWW4J/A,スペースブラック,2TB,Wi-Fi,4549995616705
Z4P3I5PC1T000,iPad本体,Apple,iPad Pro (第8世代) 11インチ,iPad Pro (第8世代) 11インチ　スペースブラック　2TB　セルラーモデル ME2Y4J/A,スペースブラック,2TB,Wi-Fi + Cellular,4549995617160
7S9L6VE5NP000,iPad本体,Apple,iPad Pro (第8世代) 11インチ,iPad Pro (第8世代) 11インチ　スペースブラック　2TB　セルラーモデル　ナノガラス ME6C4J/A,スペースブラック,2TB,Wi-Fi + Cellular,4549995617245
BS624RP8PC000,iPad本体,Apple,iPad Pro (第8世代) 11インチ,iPad Pro (第8世代) 11インチ　スペースブラック　512GB　Wifiモデル MDWM4J/A,スペースブラック,512GB,Wi-Fi,4549995616620
AWZ8IYR2YS000,iPad本体,Apple,iPad Pro (第8世代) 11インチ,iPad Pro (第8世代) 11インチ　スペースブラック　512GB　セルラーモデル ME2Q4J/A,スペースブラック,512GB,Wi-Fi + Cellular,4549995616927
66II7EETSB000,iPad本体,Apple,iPad Pro (第8世代) 13インチ,iPad Pro (第8世代) 13インチ　シルバー　1TB　Wifiモデル MDYP4J/A,シルバー,1TB,Wi-Fi,4549995616774
79QNRWCKTK000,iPad本体,Apple,iPad Pro (第8世代) 13インチ,iPad Pro (第8世代) 13インチ　シルバー　1TB　Wifiモデル　ナノガラス MDYR4J/A,シルバー,1TB,Wi-Fi,4549995616798
5LAA87L12L000,iPad本体,Apple,iPad Pro (第8世代) 13インチ,iPad Pro (第8世代) 13インチ　シルバー　1TB　セルラーモデル ME8F4J/A,シルバー,1TB,Wi-Fi + Cellular,4549995617528
QQP732QKW4000,iPad本体,Apple,iPad Pro (第8世代) 13インチ,iPad Pro (第8世代) 13インチ　シルバー　1TB　セルラーモデル　ナノガラス ME8H4J/A,シルバー,1TB,Wi-Fi + Cellular,4549995617603
BGG26U9BOG000,iPad本体,Apple,iPad Pro (第8世代) 13インチ,iPad Pro (第8世代) 13インチ　シルバー　256GB　Wifiモデル MDYK4J/A,シルバー,256GB,Wi-Fi,4549995616736
NTFFN9JT4P000,iPad本体,Apple,iPad Pro (第8世代) 13インチ,iPad Pro (第8世代) 13インチ　シルバー　256GB　セルラーモデル ME7X4J/A,シルバー,256GB,Wi-Fi + Cellular,4549995617368
G8RWNYG0QI000,iPad本体,Apple,iPad Pro (第8世代) 13インチ,iPad Pro (第8世代) 13インチ　シルバー　2TB　Wifiモデル MDYU4J/A,シルバー,2TB,Wi-Fi,4549995616811
BU3H8Z52JI000,iPad本体,Apple,iPad Pro (第8世代) 13インチ,iPad Pro (第8世代) 13インチ　シルバー　2TB　Wifiモデル　ナノガラス MDYW4J/A,シルバー,2TB,Wi-Fi,4549995616835
7HTQ9EFD9T000,iPad本体,Apple,iPad Pro (第8世代) 13インチ,iPad Pro (第8世代) 13インチ　シルバー　2TB　セルラーモデル ME8K4J/A,シルバー,2TB,Wi-Fi + Cellular,4549995617689
PAW467LUMG000,iPad本体,Apple,iPad Pro (第8世代) 13インチ,iPad Pro (第8世代) 13インチ　シルバー　2TB　セルラーモデル　ナノガラス ME8N4J/A,シルバー,2TB,Wi-Fi + Cellular,4549995617764
4RW7K9AXHU000,iPad本体,Apple,iPad Pro (第8世代) 13インチ,iPad Pro (第8世代) 13インチ　シルバー　512GB　Wifiモデル MDYM4J/A,シルバー,512GB,Wi-Fi,4549995616750
MYGBCBG4II000,iPad本体,Apple,iPad Pro (第8世代) 13インチ,iPad Pro (第8世代) 13インチ　シルバー　512GB　セルラーモデル ME8C4J/A,シルバー,512GB,Wi-Fi + Cellular,4549995617443
RSPRNMXSQ1000,iPad本体,Apple,iPad Pro (第8世代) 13インチ,iPad Pro (第8世代) 13インチ　スペースブラック　1TB　Wifiモデル MDYN4J/A,スペースブラック,1TB,Wi-Fi,4549995616767
WAF6A6B6TN000,iPad本体,Apple,iPad Pro (第8世代) 13インチ,iPad Pro (第8世代) 13インチ　スペースブラック　1TB　Wifiモデル　ナノガラス MDYQ4J/A,スペースブラック,1TB,Wi-Fi,4549995616781
HZ0HFXALQI000,iPad本体,Apple,iPad Pro (第8世代) 13インチ,iPad Pro (第8世代) 13インチ　スペースブラック　1TB　セルラーモデル ME8D4J/A,スペースブラック,1TB,Wi-Fi + Cellular,4549995617481
388Y7U1XYB000,iPad本体,Apple,iPad Pro (第8世代) 13インチ,iPad Pro (第8世代) 13インチ　スペースブラック　1TB　セルラーモデル　ナノガラス ME8G4J/A,スペースブラック,1TB,Wi-Fi + Cellular,4549995617566
6BVSC4DVZW000,iPad本体,Apple,iPad Pro (第8世代) 13インチ,iPad Pro (第8世代) 13インチ　スペースブラック　256GB　Wifiモデル MDYJ4J/A,スペースブラック,256GB,Wi-Fi,4549995616729
NKINB15SUX000,iPad本体,Apple,iPad Pro (第8世代) 13インチ,iPad Pro (第8世代) 13インチ　スペースブラック　256GB　セルラーモデル ME7W4J/A,スペースブラック,256GB,Wi-Fi + Cellular,4549995617320
T1H41TKYJ5000,iPad本体,Apple,iPad Pro (第8世代) 13インチ,iPad Pro (第8世代) 13インチ　スペースブラック　2TB　Wifiモデル MDYT4J/A,スペースブラック,2TB,Wi-Fi,4549995616804
99SRI11B10000,iPad本体,Apple,iPad Pro (第8世代) 13インチ,iPad Pro (第8世代) 13インチ　スペースブラック　2TB　Wifiモデル　ナノガラス MDYV4J/A,スペースブラック,2TB,Wi-Fi,4549995616828
EQIWN4BE3X000,iPad本体,Apple,iPad Pro (第8世代) 13インチ,iPad Pro (第8世代) 13インチ　スペースブラック　2TB　セルラーモデル ME8J4J/A,スペースブラック,2TB,Wi-Fi + Cellular,4549995617641
7J4R8E478W000,iPad本体,Apple,iPad Pro (第8世代) 13インチ,iPad Pro (第8世代) 13インチ　スペースブラック　2TB　セルラーモデル　ナノガラス ME8M4J/A,スペースブラック,2TB,Wi-Fi + Cellular,4549995617726
2IA7W1LFI5000,iPad本体,Apple,iPad Pro (第8世代) 13インチ,iPad Pro (第8世代) 13インチ　スペースブラック　512GB　Wifiモデル MDYL4J/A,スペースブラック,512GB,Wi-Fi,4549995616743
CERWAHTIWM000,iPad本体,Apple,iPad Pro (第8世代) 13インチ,iPad Pro (第8世代) 13インチ　スペースブラック　512GB　セルラーモデル ME7Y4J/A,スペースブラック,512GB,Wi-Fi + Cellular,4549995617405
7T01LW2AAO000,iPad本体,Apple,iPad Pro 10.5インチ,iPad Pro 10.5インチ　ゴールド　256GB　Wifiモデル MPF12J/A,ゴールド,256GB,Wi-Fi,4547597977941
KBZ9H5MHSZ000,iPad本体,Apple,iPad Pro 10.5インチ,iPad Pro 10.5インチ　ゴールド　256GB　セルラーモデル MPHJ2J/A,ゴールド,256GB,Wi-Fi + Cellular,4547597979457
08CWY2WP1M000,iPad本体,Apple,iPad Pro 10.5インチ,iPad Pro 10.5インチ　ゴールド　512GB　Wifiモデル MPGK2J/A,ゴールド,512GB,Wi-Fi,4547597977989
RTFUNWMQW0000,iPad本体,Apple,iPad Pro 10.5インチ,iPad Pro 10.5インチ　ゴールド　512GB　セルラーモデル MPMG2J/A,ゴールド,512GB,Wi-Fi + Cellular,4547597980156
Q1L736GIRU000,iPad本体,Apple,iPad Pro 10.5インチ,iPad Pro 10.5インチ　ゴールド　64GB　Wifiモデル MQDX2J/A,ゴールド,64GB,Wi-Fi,4547597993576
PVIQBVQXTP000,iPad本体,Apple,iPad Pro 10.5インチ,iPad Pro 10.5インチ　ゴールド　64GB　セルラーモデル MQF12J/A,ゴールド,64GB,Wi-Fi + Cellular,4549995139082
SIHAQ4JU5E000,iPad本体,Apple,iPad Pro 10.5インチ,iPad Pro 10.5インチ　シルバー　256GB　Wifiモデル MPF02J/A,シルバー,256GB,Wi-Fi,4547597977934
DCHTIHWH9T000,iPad本体,Apple,iPad Pro 10.5インチ,iPad Pro 10.5インチ　シルバー　256GB　セルラーモデル MPHH2J/A,シルバー,256GB,Wi-Fi + Cellular,4547597979440
80EXO6HWQ9000,iPad本体,Apple,iPad Pro 10.5インチ,iPad Pro 10.5インチ　シルバー　512GB　Wifiモデル MPGJ2J/A,シルバー,512GB,Wi-Fi,4547597977972
JGV7GLBX95000,iPad本体,Apple,iPad Pro 10.5インチ,iPad Pro 10.5インチ　シルバー　512GB　セルラーモデル MPMF2J/A,シルバー,512GB,Wi-Fi + Cellular,
VZG33GWOOT000,iPad本体,Apple,iPad Pro 10.5インチ,iPad Pro 10.5インチ　シルバー　64GB　Wifiモデル MQDW2J/A,シルバー,64GB,Wi-Fi,4547597993569
GLMQFPX7B7000,iPad本体,Apple,iPad Pro 10.5インチ,iPad Pro 10.5インチ　シルバー　64GB　セルラーモデル MQF02J/A,シルバー,64GB,Wi-Fi + Cellular,4549995139075
BDE3CJ2ISU000,iPad本体,Apple,iPad Pro 10.5インチ,iPad Pro 10.5インチ　スペースグレイ　256GB　Wifiモデル MPDY2J/A,スペースグレイ,256GB,Wi-Fi,4547597977927
BHVU392C35000,iPad本体,Apple,iPad Pro 10.5インチ,iPad Pro 10.5インチ　スペースグレイ　256GB　セルラーモデル MPHG2J/A,スペースグレイ,256GB,Wi-Fi + Cellular,4547597979433
OVFMD91QLE000,iPad本体,Apple,iPad Pro 10.5インチ,iPad Pro 10.5インチ　スペースグレイ　512GB　Wifiモデル MPGH2J/A,スペースグレイ,512GB,Wi-Fi,4547597977965
JQ5G50UTVT000,iPad本体,Apple,iPad Pro 10.5インチ,iPad Pro 10.5インチ　スペースグレイ　512GB　セルラーモデル MPME2J/A,スペースグレイ,512GB,Wi-Fi + Cellular,4547597980132
AFQOSZ0YPI000,iPad本体,Apple,iPad Pro 10.5インチ,iPad Pro 10.5インチ　スペースグレイ　64GB　Wifiモデル MQDT2J/A,スペースグレイ,64GB,Wi-Fi,4547597993552
ZFLFRQI0J7000,iPad本体,Apple,iPad Pro 10.5インチ,iPad Pro 10.5インチ　スペースグレイ　64GB　セルラーモデル MQEY2J/A,スペースグレイ,64GB,Wi-Fi + Cellular,4549995139068
JG7U46PI65000,iPad本体,Apple,iPad Pro 10.5インチ,iPad Pro 10.5インチ　ローズゴールド　256GB　Wifiモデル MPF22J/A,ローズゴールド,256GB,Wi-Fi,4547597977958
W2JSO04FB7000,iPad本体,Apple,iPad Pro 10.5インチ,iPad Pro 10.5インチ　ローズゴールド　256GB　セルラーモデル MPHK2J/A,ローズゴールド,256GB,Wi-Fi + Cellular,
HMIXFT7OYD000,iPad本体,Apple,iPad Pro 10.5インチ,iPad Pro 10.5インチ　ローズゴールド　512GB　Wifiモデル MPGL2J/A,ローズゴールド,512GB,Wi-Fi,4547597977996
DQIV0QHI41000,iPad本体,Apple,iPad Pro 10.5インチ,iPad Pro 10.5インチ　ローズゴールド　512GB　セルラーモデル MPMH2J/A,ローズゴールド,512GB,Wi-Fi + Cellular,4547597980163
AO874NQJP5000,iPad本体,Apple,iPad Pro 10.5インチ,iPad Pro 10.5インチ　ローズゴールド　64GB　Wifiモデル MQDY2J/A,ローズゴールド,64GB,Wi-Fi,4547597993583
HCKE4KX1F5000,iPad本体,Apple,iPad Pro 10.5インチ,iPad Pro 10.5インチ　ローズゴールド　64GB　セルラーモデル MQF22J/A,ローズゴールド,64GB,Wi-Fi + Cellular,4547597993996
GYGCZCHOR4000,iPad本体,Apple,iPad Pro 9.7インチ,iPad Pro 9.7インチ　ゴールド　128GB　Wifiモデル MLMX2J/A,ゴールド,128GB,Wi-Fi,4547597940372
FOU78V375G000,iPad本体,Apple,iPad Pro 9.7インチ,iPad Pro 9.7インチ　ゴールド　128GB　セルラーモデル MLQ52J/A,ゴールド,128GB,Wi-Fi + Cellular,4547597947920
GTRYNX4SMK000,iPad本体,Apple,iPad Pro 9.7インチ,iPad Pro 9.7インチ　ゴールド　256GB　Wifiモデル MLN12J/A,ゴールド,256GB,Wi-Fi,4547597940402
IZ0RVIMZ9J000,iPad本体,Apple,iPad Pro 9.7インチ,iPad Pro 9.7インチ　ゴールド　256GB　セルラーモデル MLQ82J/A,ゴールド,256GB,Wi-Fi + Cellular,
Z7O1T1I6E0000,iPad本体,Apple,iPad Pro 9.7インチ,iPad Pro 9.7インチ　ゴールド　32GB　Wifiモデル MLMQ2J/A,ゴールド,32GB,Wi-Fi,4547597940310
YU248PCS9P000,iPad本体,Apple,iPad Pro 9.7インチ,iPad Pro 9.7インチ　ゴールド　32GB　セルラーモデル MLPY2J/A,ゴールド,32GB,Wi-Fi + Cellular,4547597947869
RN4FW1LBUU000,iPad本体,Apple,iPad Pro 9.7インチ,iPad Pro 9.7インチ　シルバー　128GB　Wifiモデル MLMW2J/A,シルバー,128GB,Wi-Fi,4547597940365
402YSN7F1U000,iPad本体,Apple,iPad Pro 9.7インチ,iPad Pro 9.7インチ　シルバー　128GB　セルラーモデル MLQ42J/A,シルバー,128GB,Wi-Fi + Cellular,4547597947913
XKYKTZRYF3000,iPad本体,Apple,iPad Pro 9.7インチ,iPad Pro 9.7インチ　シルバー　256GB　Wifiモデル MLN02J/A,シルバー,256GB,Wi-Fi,4547597940396
K44YFP1I6N000,iPad本体,Apple,iPad Pro 9.7インチ,iPad Pro 9.7インチ　シルバー　256GB　セルラーモデル MLQ72J/A,シルバー,256GB,Wi-Fi + Cellular,4547597947944
2LAI7IN0RV000,iPad本体,Apple,iPad Pro 9.7インチ,iPad Pro 9.7インチ　シルバー　32GB　Wifiモデル MLMP2J/A,シルバー,32GB,Wi-Fi,4547597940303
AOU5GD6GE8000,iPad本体,Apple,iPad Pro 9.7インチ,iPad Pro 9.7インチ　シルバー　32GB　セルラーモデル MLPX2J/A,シルバー,32GB,Wi-Fi + Cellular,4547597947852
3816XIQOTU000,iPad本体,Apple,iPad Pro 9.7インチ,iPad Pro 9.7インチ　スペースグレイ　128GB　Wifiモデル MLMV2J/A,スペースグレイ,128GB,Wi-Fi,4547597940358
7XFLOYRPKH000,iPad本体,Apple,iPad Pro 9.7インチ,iPad Pro 9.7インチ　スペースグレイ　128GB　セルラーモデル MLQ32J/A,スペースグレイ,128GB,Wi-Fi + Cellular,4547597947906
ZOH6808JM2000,iPad本体,Apple,iPad Pro 9.7インチ,iPad Pro 9.7インチ　スペースグレイ　256GB　Wifiモデル MLMY2J/A,スペースグレイ,256GB,Wi-Fi,4547597940389
IPUJDJ4WAD000,iPad本体,Apple,iPad Pro 9.7インチ,iPad Pro 9.7インチ　スペースグレイ　256GB　セルラーモデル MLQ62J/A,スペースグレイ,256GB,Wi-Fi + Cellular,4547597947937
TLK0RHVY2X000,iPad本体,Apple,iPad Pro 9.7インチ,iPad Pro 9.7インチ　スペースグレイ　32GB　Wifiモデル MLMN2J/A,スペースグレイ,32GB,Wi-Fi,4547597940297
WJB7V4H1EB000,iPad本体,Apple,iPad Pro 9.7インチ,iPad Pro 9.7インチ　スペースグレイ　32GB　セルラーモデル MLPW2J/A,スペースグレイ,32GB,Wi-Fi + Cellular,4547597947845
7TZZ0EPTIR000,iPad本体,Apple,iPad Pro 9.7インチ,iPad Pro 9.7インチ　ローズゴールド　128GB　Wifiモデル MM192J/A,ローズゴールド,128GB,Wi-Fi,4547597945285
MYPA577GOD000,iPad本体,Apple,iPad Pro 9.7インチ,iPad Pro 9.7インチ　ローズゴールド　128GB　セルラーモデル MLYL2J/A,ローズゴールド,128GB,Wi-Fi + Cellular,4547597947999
P1CW5461CM000,iPad本体,Apple,iPad Pro 9.7インチ,iPad Pro 9.7インチ　ローズゴールド　256GB　Wifiモデル MM1A2J/A,ローズゴールド,256GB,Wi-Fi,4547597945292
XXI8UNLKOH000,iPad本体,Apple,iPad Pro 9.7インチ,iPad Pro 9.7インチ　ローズゴールド　256GB　セルラーモデル MLYM2J/A,ローズゴールド,256GB,Wi-Fi + Cellular,
EBI216COD2000,iPad本体,Apple,iPad Pro 9.7インチ,iPad Pro 9.7インチ　ローズゴールド　32GB　Wifiモデル MM172J/A,ローズゴールド,32GB,Wi-Fi,4547597945261
QVLCG5WXC1000,iPad本体,Apple,iPad Pro 9.7インチ,iPad Pro 9.7インチ　ローズゴールド　32GB　セルラーモデル MLYJ2J/A,ローズゴールド,32GB,Wi-Fi + Cellular,4547597947975
8TFELELXS5000,iPad本体,Apple,iPad mini (第1世代) 7.9インチ,iPad mini (第1世代) 7.9インチ　ブラック＆スレート　16GB　Wifiモデル MD528J/A,ブラック＆スレート,16GB,Wi-Fi,4547597826836
IO0991DR64000,iPad本体,Apple,iPad mini (第1世代) 7.9インチ,iPad mini (第1世代) 7.9インチ　ブラック＆スレート　16GB　セルラーモデル MD540J/A,ブラック＆スレート,16GB,Wi-Fi + Cellular,4547597826904
V7BAS5A38L000,iPad本体,Apple,iPad mini (第1世代) 7.9インチ,iPad mini (第1世代) 7.9インチ　ブラック＆スレート　32GB　Wifiモデル MD529J/A,ブラック＆スレート,32GB,Wi-Fi,4547597826690
T74EQV4WOU000,iPad本体,Apple,iPad mini (第1世代) 7.9インチ,iPad mini (第1世代) 7.9インチ　ブラック＆スレート　32GB　セルラーモデル MD541J/A,ブラック＆スレート,32GB,Wi-Fi + Cellular,4547597826911
R0X09M0E4Z000,iPad本体,Apple,iPad mini (第1世代) 7.9インチ,iPad mini (第1世代) 7.9インチ　ブラック＆スレート　64GB　Wifiモデル MD530J/A,ブラック＆スレート,64GB,Wi-Fi,4547597831120
KF81P83HQR000,iPad本体,Apple,iPad mini (第1世代) 7.9インチ,iPad mini (第1世代) 7.9インチ　ブラック＆スレート　64GB　セルラーモデル MD542J/A,ブラック＆スレート,64GB,Wi-Fi + Cellular,4547597826928
CGTDF2H2PV000,iPad本体,Apple,iPad mini (第1世代) 7.9インチ,iPad mini (第1世代) 7.9インチ　ホワイト＆シルバー　16GB　Wifiモデル MD531J/A,ホワイト＆シルバー,16GB,Wi-Fi,4547597826867
Y9JOMDWONG000,iPad本体,Apple,iPad mini (第1世代) 7.9インチ,iPad mini (第1世代) 7.9インチ　ホワイト＆シルバー　16GB　セルラーモデル MD543J/A,ホワイト＆シルバー,16GB,Wi-Fi + Cellular,4547597826935
5MA0ICG3PD000,iPad本体,Apple,iPad mini (第1世代) 7.9インチ,iPad mini (第1世代) 7.9インチ　ホワイト＆シルバー　32GB　Wifiモデル MD532J/A,ホワイト＆シルバー,32GB,Wi-Fi,4547597826720
RYXA3VQJZ4000,iPad本体,Apple,iPad mini (第1世代) 7.9インチ,iPad mini (第1世代) 7.9インチ　ホワイト＆シルバー　32GB　セルラーモデル MD544J/A,ホワイト＆シルバー,32GB,Wi-Fi + Cellular,4547597826942
7T90PNBLG5000,iPad本体,Apple,iPad mini (第1世代) 7.9インチ,iPad mini (第1世代) 7.9インチ　ホワイト＆シルバー　64GB　Wifiモデル MD533J/A,ホワイト＆シルバー,64GB,Wi-Fi,4547597831151
5PGSSS2BO6000,iPad本体,Apple,iPad mini (第1世代) 7.9インチ,iPad mini (第1世代) 7.9インチ　ホワイト＆シルバー　64GB　セルラーモデル MD545J/A,ホワイト＆シルバー,64GB,Wi-Fi + Cellular,4547597826959
G9AXIBARYC000,iPad本体,Apple,iPad mini (第2世代) 7.9インチ,iPad mini (第2世代) 7.9インチ　シルバー　128GB　Wifiモデル ME860J/A,シルバー,128GB,Wi-Fi,4547597853887
IGN5P9ZBBC000,iPad本体,Apple,iPad mini (第2世代) 7.9インチ,iPad mini (第2世代) 7.9インチ　シルバー　128GB　セルラーモデル ME840J/A,シルバー,128GB,Wi-Fi + Cellular,
3U6U2ATJRJ000,iPad本体,Apple,iPad mini (第2世代) 7.9インチ,iPad mini (第2世代) 7.9インチ　シルバー　16GB　Wifiモデル ME279J/A,シルバー,16GB,Wi-Fi,4547597853696
8L87V4UNW1000,iPad本体,Apple,iPad mini (第2世代) 7.9インチ,iPad mini (第2世代) 7.9インチ　シルバー　16GB　セルラーモデル ME814J/A,シルバー,16GB,Wi-Fi + Cellular,
TZONN6S0GI000,iPad本体,Apple,iPad mini (第2世代) 7.9インチ,iPad mini (第2世代) 7.9インチ　シルバー　32GB　Wifiモデル ME280J/A,シルバー,32GB,Wi-Fi,4547597853689
SGOM6IB0C6000,iPad本体,Apple,iPad mini (第2世代) 7.9インチ,iPad mini (第2世代) 7.9インチ　シルバー　32GB　セルラーモデル ME824J/A,シルバー,32GB,Wi-Fi + Cellular,
W76BE4OQN2000,iPad本体,Apple,iPad mini (第2世代) 7.9インチ,iPad mini (第2世代) 7.9インチ　シルバー　64GB　Wifiモデル ME281J/A,シルバー,64GB,Wi-Fi,4547597853672
GHCEX3BN2O000,iPad本体,Apple,iPad mini (第2世代) 7.9インチ,iPad mini (第2世代) 7.9インチ　シルバー　64GB　セルラーモデル ME832J/A,シルバー,64GB,Wi-Fi + Cellular,
8LT32OEA8Y000,iPad本体,Apple,iPad mini (第2世代) 7.9インチ,iPad mini (第2世代) 7.9インチ　スペースグレイ　128GB　Wifiモデル ME856J/A,スペースグレイ,128GB,Wi-Fi,4547597853634
0GW2VFFJ3F000,iPad本体,Apple,iPad mini (第2世代) 7.9インチ,iPad mini (第2世代) 7.9インチ　スペースグレイ　128GB　セルラーモデル ME836J/A,スペースグレイ,128GB,Wi-Fi + Cellular,
E1W4N4AWE5000,iPad本体,Apple,iPad mini (第2世代) 7.9インチ,iPad mini (第2世代) 7.9インチ　スペースグレイ　16GB　Wifiモデル ME276J/A,スペースグレイ,16GB,Wi-Fi,4547597853641
X1UKRFHR4S000,iPad本体,Apple,iPad mini (第2世代) 7.9インチ,iPad mini (第2世代) 7.9インチ　スペースグレイ　16GB　セルラーモデル ME800J/A,スペースグレイ,16GB,Wi-Fi + Cellular,
HOX4TF4G6R000,iPad本体,Apple,iPad mini (第2世代) 7.9インチ,iPad mini (第2世代) 7.9インチ　スペースグレイ　32GB　Wifiモデル ME277J/A,スペースグレイ,32GB,Wi-Fi,4547597853658
C4FJEXWQB2000,iPad本体,Apple,iPad mini (第2世代) 7.9インチ,iPad mini (第2世代) 7.9インチ　スペースグレイ　32GB　セルラーモデル ME820J/A,スペースグレイ,32GB,Wi-Fi + Cellular,4547597857557
RELOZSMU65000,iPad本体,Apple,iPad mini (第2世代) 7.9インチ,iPad mini (第2世代) 7.9インチ　スペースグレイ　64GB　Wifiモデル ME278J/A,スペースグレイ,64GB,Wi-Fi,4547597853665
IYWCV4FOYE000,iPad本体,Apple,iPad mini (第2世代) 7.9インチ,iPad mini (第2世代) 7.9インチ　スペースグレイ　64GB　セルラーモデル ME828J/A,スペースグレイ,64GB,Wi-Fi + Cellular,
ABO3VVZ0SO000,iPad本体,Apple,iPad mini (第3世代) 7.9インチ,iPad mini (第3世代) 7.9インチ　ゴールド　128GB　Wifiモデル MGYK2J/A,ゴールド,128GB,Wi-Fi,4547597895221
6BGB96KTCT000,iPad本体,Apple,iPad mini (第3世代) 7.9インチ,iPad mini (第3世代) 7.9インチ　ゴールド　128GB　セルラーモデル MGYU2J/A,ゴールド,128GB,Wi-Fi + Cellular,4547597895320
87U42BR44J000,iPad本体,Apple,iPad mini (第3世代) 7.9インチ,iPad mini (第3世代) 7.9インチ　ゴールド　16GB　Wifiモデル MGYE2J/A,ゴールド,16GB,Wi-Fi,4547597895214
U0Q0RKPHST000,iPad本体,Apple,iPad mini (第3世代) 7.9インチ,iPad mini (第3世代) 7.9インチ　ゴールド　16GB　セルラーモデル MGYR2J/A,ゴールド,16GB,Wi-Fi + Cellular,4547597895313
PWN9SK34D1000,iPad本体,Apple,iPad mini (第3世代) 7.9インチ,iPad mini (第3世代) 7.9インチ　ゴールド　64GB　Wifiモデル MGY92J/A,ゴールド,64GB,Wi-Fi,4547597895207
03SMJI6KR4000,iPad本体,Apple,iPad mini (第3世代) 7.9インチ,iPad mini (第3世代) 7.9インチ　ゴールド　64GB　セルラーモデル MGYN2J/A,ゴールド,64GB,Wi-Fi + Cellular,4547597895306
JV062G0WWY000,iPad本体,Apple,iPad mini (第3世代) 7.9インチ,iPad mini (第3世代) 7.9インチ　シルバー　128GB　Wifiモデル MGP42J/A,シルバー,128GB,Wi-Fi,4547597893876
EX3MET7Q0C000,iPad本体,Apple,iPad mini (第3世代) 7.9インチ,iPad mini (第3世代) 7.9インチ　シルバー　128GB　セルラーモデル MGJ32J/A,シルバー,128GB,Wi-Fi + Cellular,4547597891506
5ADPLMK1WB000,iPad本体,Apple,iPad mini (第3世代) 7.9インチ,iPad mini (第3世代) 7.9インチ　シルバー　16GB　Wifiモデル MGNV2J/A,シルバー,16GB,Wi-Fi,4547597893852
W447BNN2GQ000,iPad本体,Apple,iPad mini (第3世代) 7.9インチ,iPad mini (第3世代) 7.9インチ　シルバー　16GB　セルラーモデル MGHW2J/A,シルバー,16GB,Wi-Fi + Cellular,4547597891384
86ZTGF63WD000,iPad本体,Apple,iPad mini (第3世代) 7.9インチ,iPad mini (第3世代) 7.9インチ　シルバー　64GB　Wifiモデル MGGT2J/A,シルバー,64GB,Wi-Fi,4547597893838
VOMG705I1D000,iPad本体,Apple,iPad mini (第3世代) 7.9インチ,iPad mini (第3世代) 7.9インチ　シルバー　64GB　セルラーモデル MGJ12J/A,シルバー,64GB,Wi-Fi + Cellular,4547597891469
ZGK6BIOTGS000,iPad本体,Apple,iPad mini (第3世代) 7.9インチ,iPad mini (第3世代) 7.9インチ　スペースグレイ　128GB　Wifiモデル MGP32J/A,スペースグレイ,128GB,Wi-Fi,4547597893869
OI41RCUL1L000,iPad本体,Apple,iPad mini (第3世代) 7.9インチ,iPad mini (第3世代) 7.9インチ　スペースグレイ　128GB　セルラーモデル MGJ22J/A,スペースグレイ,128GB,Wi-Fi + Cellular,4547597891483
P4BAA1ZUV3000,iPad本体,Apple,iPad mini (第3世代) 7.9インチ,iPad mini (第3世代) 7.9インチ　スペースグレイ　16GB　Wifiモデル MGNR2J/A,スペースグレイ,16GB,Wi-Fi,4547597893845
59AR8ZPW7Q000,iPad本体,Apple,iPad mini (第3世代) 7.9インチ,iPad mini (第3世代) 7.9インチ　スペースグレイ　16GB　セルラーモデル MGHV2J/A,スペースグレイ,16GB,Wi-Fi + Cellular,4547597891360
BOHGY5HUSA000,iPad本体,Apple,iPad mini (第3世代) 7.9インチ,iPad mini (第3世代) 7.9インチ　スペースグレイ　64GB　Wifiモデル MGGQ2J/A,スペースグレイ,64GB,Wi-Fi,4547597893821
M0C8TEKB8W000,iPad本体,Apple,iPad mini (第3世代) 7.9インチ,iPad mini (第3世代) 7.9インチ　スペースグレイ　64GB　セルラーモデル MGJ02J/A,スペースグレイ,64GB,Wi-Fi + Cellular,4547597891445
6EJQ4LUQJ9000,iPad本体,Apple,iPad mini (第4世代) 7.9インチ,iPad mini (第4世代) 7.9インチ　ゴールド　128GB　Wifiモデル MK9Q2J/A,ゴールド,128GB,Wi-Fi,4547597918395
J33SOP6YZS000,iPad本体,Apple,iPad mini (第4世代) 7.9インチ,iPad mini (第4世代) 7.9インチ　ゴールド　128GB　セルラーモデル MK782J/A,ゴールド,128GB,Wi-Fi + Cellular,4547597918692
8NDDRXAHGE000,iPad本体,Apple,iPad mini (第4世代) 7.9インチ,iPad mini (第4世代) 7.9インチ　ゴールド　16GB　Wifiモデル MK6L2J/A,ゴールド,16GB,Wi-Fi,4547597918333
NZEIVV6OV8000,iPad本体,Apple,iPad mini (第4世代) 7.9インチ,iPad mini (第4世代) 7.9インチ　ゴールド　16GB　セルラーモデル MK712J/A,ゴールド,16GB,Wi-Fi + Cellular,4547597918630
SYE4VB341H000,iPad本体,Apple,iPad mini (第4世代) 7.9インチ,iPad mini (第4世代) 7.9インチ　ゴールド　32GB　Wifiモデル MNY32J/A,ゴールド,32GB,Wi-Fi,4547597969014
BE381ELO17000,iPad本体,Apple,iPad mini (第4世代) 7.9インチ,iPad mini (第4世代) 7.9インチ　ゴールド　32GB　セルラーモデル MNWG2J/A,ゴールド,32GB,Wi-Fi + Cellular,4547597968772
0EF1AI0O7F000,iPad本体,Apple,iPad mini (第4世代) 7.9インチ,iPad mini (第4世代) 7.9インチ　ゴールド　64GB　Wifiモデル MK9J2J/A,ゴールド,64GB,Wi-Fi,4547597918364
GFCC1N211M000,iPad本体,Apple,iPad mini (第4世代) 7.9インチ,iPad mini (第4世代) 7.9インチ　ゴールド　64GB　セルラーモデル MK752J/A,ゴールド,64GB,Wi-Fi + Cellular,4547597918661
3VYJFOV7Q7000,iPad本体,Apple,iPad mini (第4世代) 7.9インチ,iPad mini (第4世代) 7.9インチ　シルバー　128GB　Wifiモデル MK9P2J/A,シルバー,128GB,Wi-Fi,4547597918388
X4E44JFRM6000,iPad本体,Apple,iPad mini (第4世代) 7.9インチ,iPad mini (第4世代) 7.9インチ　シルバー　128GB　セルラーモデル MK772J/A,シルバー,128GB,Wi-Fi + Cellular,4547597918685
LUDGT6WQPM000,iPad本体,Apple,iPad mini (第4世代) 7.9インチ,iPad mini (第4世代) 7.9インチ　シルバー　16GB　Wifiモデル MK6K2J/A,シルバー,16GB,Wi-Fi,4547597918326
DKJI37XL2D000,iPad本体,Apple,iPad mini (第4世代) 7.9インチ,iPad mini (第4世代) 7.9インチ　シルバー　16GB　セルラーモデル MK702J/A,シルバー,16GB,Wi-Fi + Cellular,4547597918623
9HTL8PBSUC000,iPad本体,Apple,iPad mini (第4世代) 7.9インチ,iPad mini (第4世代) 7.9インチ　シルバー　32GB　Wifiモデル MNY22J/A,シルバー,32GB,Wi-Fi,4547597969007
151BBZIAJA000,iPad本体,Apple,iPad mini (第4世代) 7.9インチ,iPad mini (第4世代) 7.9インチ　シルバー　32GB　セルラーモデル MNWF2J/A,シルバー,32GB,Wi-Fi + Cellular,
PFFEMVCUAH000,iPad本体,Apple,iPad mini (第4世代) 7.9インチ,iPad mini (第4世代) 7.9インチ　シルバー　64GB　Wifiモデル MK9H2J/A,シルバー,64GB,Wi-Fi,4547597918357
JCK40VP9OV000,iPad本体,Apple,iPad mini (第4世代) 7.9インチ,iPad mini (第4世代) 7.9インチ　シルバー　64GB　セルラーモデル MK732J/A,シルバー,64GB,Wi-Fi + Cellular,4547597918654
QESBF1F5KI000,iPad本体,Apple,iPad mini (第4世代) 7.9インチ,iPad mini (第4世代) 7.9インチ　スペースグレイ　128GB　Wifiモデル MK9N2J/A,スペースグレイ,128GB,Wi-Fi,4547597918371
9QKE1COYY9000,iPad本体,Apple,iPad mini (第4世代) 7.9インチ,iPad mini (第4世代) 7.9インチ　スペースグレイ　128GB　セルラーモデル MK762J/A,スペースグレイ,128GB,Wi-Fi + Cellular,4547597918678
EJNWWT6UZK000,iPad本体,Apple,iPad mini (第4世代) 7.9インチ,iPad mini (第4世代) 7.9インチ　スペースグレイ　16GB　Wifiモデル MK6J2J/A,スペースグレイ,16GB,Wi-Fi,4547597918319
EJUHW8422U000,iPad本体,Apple,iPad mini (第4世代) 7.9インチ,iPad mini (第4世代) 7.9インチ　スペースグレイ　16GB　セルラーモデル MK6Y2J/A,スペースグレイ,16GB,Wi-Fi + Cellular,4547597918616
YHKW1NNHLJ000,iPad本体,Apple,iPad mini (第4世代) 7.9インチ,iPad mini (第4世代) 7.9インチ　スペースグレイ　32GB　Wifiモデル MNY12J/A,スペースグレイ,32GB,Wi-Fi,4547597968994
XE9TRVMJBF000,iPad本体,Apple,iPad mini (第4世代) 7.9インチ,iPad mini (第4世代) 7.9インチ　スペースグレイ　32GB　セルラーモデル MNWE2J/A,スペースグレイ,32GB,Wi-Fi + Cellular,
G3N9LN44HG000,iPad本体,Apple,iPad mini (第4世代) 7.9インチ,iPad mini (第4世代) 7.9インチ　スペースグレイ　64GB　Wifiモデル MK9G2J/A,スペースグレイ,64GB,Wi-Fi,4547597918340
YR7XP870V4000,iPad本体,Apple,iPad mini (第4世代) 7.9インチ,iPad mini (第4世代) 7.9インチ　スペースグレイ　64GB　セルラーモデル MK722J/A,スペースグレイ,64GB,Wi-Fi + Cellular,4547597918647
D705IAUZJS000,iPad本体,Apple,iPad mini (第5世代) 7.9インチ,iPad mini (第5世代) 7.9インチ　ゴールド　256GB　Wifiモデル MUU62J/A,ゴールド,256GB,Wi-Fi,4549995066302
T5Q7LV0G53000,iPad本体,Apple,iPad mini (第5世代) 7.9インチ,iPad mini (第5世代) 7.9インチ　ゴールド　256GB　セルラーモデル MUXE2J/A,ゴールド,256GB,Wi-Fi + Cellular,4549995132571
DP5FJCCCIK000,iPad本体,Apple,iPad mini (第5世代) 7.9インチ,iPad mini (第5世代) 7.9インチ　ゴールド　64GB　Wifiモデル MUQY2J/A,ゴールド,64GB,Wi-Fi,4549995066241
AEEM214LI3000,iPad本体,Apple,iPad mini (第5世代) 7.9インチ,iPad mini (第5世代) 7.9インチ　ゴールド　64GB　セルラーモデル MUX72J/A,ゴールド,64GB,Wi-Fi + Cellular,4549995132540
ZG3F0A2OXL000,iPad本体,Apple,iPad mini (第5世代) 7.9インチ,iPad mini (第5世代) 7.9インチ　シルバー　256GB　Wifiモデル MUU52J/A,シルバー,256GB,Wi-Fi,4549995066296
74DTM41O8I000,iPad本体,Apple,iPad mini (第5世代) 7.9インチ,iPad mini (第5世代) 7.9インチ　シルバー　256GB　セルラーモデル MUXD2J/A,シルバー,256GB,Wi-Fi + Cellular,4549995132564
9UUT2AKNW9000,iPad本体,Apple,iPad mini (第5世代) 7.9インチ,iPad mini (第5世代) 7.9インチ　シルバー　64GB　Wifiモデル MUQX2J/A,シルバー,64GB,Wi-Fi,4549995066234
KJA2D9N1SS000,iPad本体,Apple,iPad mini (第5世代) 7.9インチ,iPad mini (第5世代) 7.9インチ　シルバー　64GB　セルラーモデル MUX62J/A,シルバー,64GB,Wi-Fi + Cellular,4549995132533
HSE8AK9LP4000,iPad本体,Apple,iPad mini (第5世代) 7.9インチ,iPad mini (第5世代) 7.9インチ　スペースグレイ　256GB　Wifiモデル MUU32J/A,スペースグレイ,256GB,Wi-Fi,4549995066289
AV0IC7ORRR000,iPad本体,Apple,iPad mini (第5世代) 7.9インチ,iPad mini (第5世代) 7.9インチ　スペースグレイ　256GB　セルラーモデル MUXC2J/A,スペースグレイ,256GB,Wi-Fi + Cellular,4549995132557
XBFDJTFP41000,iPad本体,Apple,iPad mini (第5世代) 7.9インチ,iPad mini (第5世代) 7.9インチ　スペースグレイ　64GB　Wifiモデル MUQW2J/A,スペースグレイ,64GB,Wi-Fi,4549995066227
TWGLUAQSDO000,iPad本体,Apple,iPad mini (第5世代) 7.9インチ,iPad mini (第5世代) 7.9インチ　スペースグレイ　64GB　セルラーモデル MUX52J/A,スペースグレイ,64GB,Wi-Fi + Cellular,4549995132526
TJ0OA59JUN000,iPad本体,Apple,iPad mini (第6世代) 8.3インチ,iPad mini (第6世代) 8.3インチ　スターライト　256GB　Wifiモデル MK7V3J/A,スターライト,256GB,Wi-Fi,4549995251593
FU1X0CHX79000,iPad本体,Apple,iPad mini (第6世代) 8.3インチ,iPad mini (第6世代) 8.3インチ　スターライト　256GB　セルラーモデル MK8H3J/A,スターライト,256GB,Wi-Fi + Cellular,4549995250640
BI8RSYTSFS000,iPad本体,Apple,iPad mini (第6世代) 8.3インチ,iPad mini (第6世代) 8.3インチ　スターライト　64GB　Wifiモデル MK7P3J/A,スターライト,64GB,Wi-Fi,4549995251548
1FNS4JP5V9000,iPad本体,Apple,iPad mini (第6世代) 8.3インチ,iPad mini (第6世代) 8.3インチ　スターライト　64GB　セルラーモデル MK8C3J/A,スターライト,64GB,Wi-Fi + Cellular,4549995250442
ZESTSOPP0P000,iPad本体,Apple,iPad mini (第6世代) 8.3インチ,iPad mini (第6世代) 8.3インチ　スペースグレイ　256GB　Wifiモデル MK7T3J/A,スペースグレイ,256GB,Wi-Fi,4549995251579
76XQKVV4MW000,iPad本体,Apple,iPad mini (第6世代) 8.3インチ,iPad mini (第6世代) 8.3インチ　スペースグレイ　256GB　セルラーモデル MK8F3J/A,スペースグレイ,256GB,Wi-Fi + Cellular,4549995250565
9K49PNLYHI000,iPad本体,Apple,iPad mini (第6世代) 8.3インチ,iPad mini (第6世代) 8.3インチ　スペースグレイ　64GB　Wifiモデル MK7M3J/A,スペースグレイ,64GB,Wi-Fi,4549995251524
5ZB5ENW4KN000,iPad本体,Apple,iPad mini (第6世代) 8.3インチ,iPad mini (第6世代) 8.3インチ　スペースグレイ　64GB　セルラーモデル MK893J/A,スペースグレイ,64GB,Wi-Fi + Cellular,4549995250367
UW4IV0OA4J000,iPad本体,Apple,iPad mini (第6世代) 8.3インチ,iPad mini (第6世代) 8.3インチ　パープル　256GB　Wifiモデル MK7X3J/A,パープル,256GB,Wi-Fi,4549995251616
R6TR8Q4BUF000,iPad本体,Apple,iPad mini (第6世代) 8.3インチ,iPad mini (第6世代) 8.3インチ　パープル　256GB　セルラーモデル MK8K3J/A,パープル,256GB,Wi-Fi + Cellular,4549995250725
TU0C3R08VG000,iPad本体,Apple,iPad mini (第6世代) 8.3インチ,iPad mini (第6世代) 8.3インチ　パープル　64GB　Wifiモデル MK7R3J/A,パープル,64GB,Wi-Fi,4549995251562
SCAG6S83CU000,iPad本体,Apple,iPad mini (第6世代) 8.3インチ,iPad mini (第6世代) 8.3インチ　パープル　64GB　セルラーモデル MK8E3J/A,パープル,64GB,Wi-Fi + Cellular,4549995250527
2ICMHAV1NV000,iPad本体,Apple,iPad mini (第6世代) 8.3インチ,iPad mini (第6世代) 8.3インチ　ピンク　256GB　Wifiモデル MLWR3J/A,ピンク,256GB,Wi-Fi,4549995286069
C649DSNTRM000,iPad本体,Apple,iPad mini (第6世代) 8.3インチ,iPad mini (第6世代) 8.3インチ　ピンク　256GB　セルラーモデル MLX93J/A,ピンク,256GB,Wi-Fi + Cellular,4549995285659
FDP7MKU44J000,iPad本体,Apple,iPad mini (第6世代) 8.3インチ,iPad mini (第6世代) 8.3インチ　ピンク　64GB　Wifiモデル MLWL3J/A,ピンク,64GB,Wi-Fi,4549995286014
97LS42W9ID000,iPad本体,Apple,iPad mini (第6世代) 8.3インチ,iPad mini (第6世代) 8.3インチ　ピンク　64GB　セルラーモデル MLX43J/A,ピンク,64GB,Wi-Fi + Cellular,4549995285604
GD0AZZI517000,iPad本体,Apple,iPad mini (第7世代) 8.3インチ,iPad mini (第7世代) 8.3インチ　スターライト　128GB　Wifiモデル MXN83J/A,スターライト,128GB,Wi-Fi,4549995526509
TPS2IJOSUC000,iPad本体,Apple,iPad mini (第7世代) 8.3インチ,iPad mini (第7世代) 8.3インチ　スターライト　128GB　セルラーモデル MXPQ3J/A,スターライト,128GB,Wi-Fi + Cellular,4549995526783
WXT3BHC4DH000,iPad本体,Apple,iPad mini (第7世代) 8.3インチ,iPad mini (第7世代) 8.3インチ　スターライト　256GB　Wifiモデル MXND3J/A,スターライト,256GB,Wi-Fi,4549995526547
ET1DSJOGJP000,iPad本体,Apple,iPad mini (第7世代) 8.3インチ,iPad mini (第7世代) 8.3インチ　スターライト　256GB　セルラーモデル MXPX3J/A,スターライト,256GB,Wi-Fi + Cellular,4549995526820
3BD399Q3F9000,iPad本体,Apple,iPad mini (第7世代) 8.3インチ,iPad mini (第7世代) 8.3インチ　スターライト　512GB　Wifiモデル MYH23J/A,スターライト,512GB,Wi-Fi,4549995530551
VB8UJQ42Y8000,iPad本体,Apple,iPad mini (第7世代) 8.3インチ,iPad mini (第7世代) 8.3インチ　スターライト　512GB　セルラーモデル MYHE3J/A,スターライト,512GB,Wi-Fi + Cellular,4549995530711
O60FWM0E1U000,iPad本体,Apple,iPad mini (第7世代) 8.3インチ,iPad mini (第7世代) 8.3インチ　スペースグレイ　128GB　Wifiモデル MXN63J/A,スペースグレイ,128GB,Wi-Fi,4549995526486
GUIQ4T7YF0000,iPad本体,Apple,iPad mini (第7世代) 8.3インチ,iPad mini (第7世代) 8.3インチ　スペースグレイ　128GB　セルラーモデル MXPN3J/A,スペースグレイ,128GB,Wi-Fi + Cellular,4549995526769
OR1LDK3TE0000,iPad本体,Apple,iPad mini (第7世代) 8.3インチ,iPad mini (第7世代) 8.3インチ　スペースグレイ　256GB　Wifiモデル MXNA3J/A,スペースグレイ,256GB,Wi-Fi,4549995526523
LXRI20BRGP000,iPad本体,Apple,iPad mini (第7世代) 8.3インチ,iPad mini (第7世代) 8.3インチ　スペースグレイ　256GB　セルラーモデル MXPT3J/A,スペースグレイ,256GB,Wi-Fi + Cellular,4549995526806
U27JQ443MK000,iPad本体,Apple,iPad mini (第7世代) 8.3インチ,iPad mini (第7世代) 8.3インチ　スペースグレイ　512GB　Wifiモデル MYGY3J/A,スペースグレイ,512GB,Wi-Fi,4549995530537
NMEB4KPX9T000,iPad本体,Apple,iPad mini (第7世代) 8.3インチ,iPad mini (第7世代) 8.3インチ　スペースグレイ　512GB　セルラーモデル MYHC3J/A,スペースグレイ,512GB,Wi-Fi + Cellular,4549995530698
0T3KII8PTD000,iPad本体,Apple,iPad mini (第7世代) 8.3インチ,iPad mini (第7世代) 8.3インチ　パープル　128GB　Wifiモデル MXN93J/A,パープル,128GB,Wi-Fi,4549995526516
P8OUHBKF57000,iPad本体,Apple,iPad mini (第7世代) 8.3インチ,iPad mini (第7世代) 8.3インチ　パープル　128GB　セルラーモデル MXPR3J/A,パープル,128GB,Wi-Fi + Cellular,4549995526790
ILDPNXTLQX000,iPad本体,Apple,iPad mini (第7世代) 8.3インチ,iPad mini (第7世代) 8.3インチ　パープル　256GB　Wifiモデル MXNE3J/A,パープル,256GB,Wi-Fi,4549995526554
P6SQ662TQC000,iPad本体,Apple,iPad mini (第7世代) 8.3インチ,iPad mini (第7世代) 8.3インチ　パープル　256GB　セルラーモデル MXPY3J/A,パープル,256GB,Wi-Fi + Cellular,4549995526837
T4B7ZKITJT000,iPad本体,Apple,iPad mini (第7世代) 8.3インチ,iPad mini (第7世代) 8.3インチ　パープル　512GB　Wifiモデル MYH33J/A,パープル,512GB,Wi-Fi,4549995530568
2E3RUGOZQS000,iPad本体,Apple,iPad mini (第7世代) 8.3インチ,iPad mini (第7世代) 8.3インチ　パープル　512GB　セルラーモデル MYHF3J/A,パープル,512GB,Wi-Fi + Cellular,4549995530728
A80FPA7LS4000,iPad本体,Apple,iPad mini (第7世代) 8.3インチ,iPad mini (第7世代) 8.3インチ　ブルー　128GB　Wifiモデル MXN73J/A,ブルー,128GB,Wi-Fi,4549995526493
X9PL7S6X3D000,iPad本体,Apple,iPad mini (第7世代) 8.3インチ,iPad mini (第7世代) 8.3インチ　ブルー　128GB　セルラーモデル MXPP3J/A,ブルー,128GB,Wi-Fi + Cellular,4549995526776
W8I3GB5IRW000,iPad本体,Apple,iPad mini (第7世代) 8.3インチ,iPad mini (第7世代) 8.3インチ　ブルー　256GB　Wifiモデル MXNC3J/A,ブルー,256GB,Wi-Fi,4549995526530
KHP16O45BZ000,iPad本体,Apple,iPad mini (第7世代) 8.3インチ,iPad mini (第7世代) 8.3インチ　ブルー　256GB　セルラーモデル MXPW3J/A,ブルー,256GB,Wi-Fi + Cellular,4549995526813
1FSFKN4DM3000,iPad本体,Apple,iPad mini (第7世代) 8.3インチ,iPad mini (第7世代) 8.3インチ　ブルー　512GB　Wifiモデル MYH13J/A,ブルー,512GB,Wi-Fi,4549995530544
A1WSH0KZ7D000,iPad本体,Apple,iPad mini (第7世代) 8.3インチ,iPad mini (第7世代) 8.3インチ　ブルー　512GB　セルラーモデル MYHD3J/A,ブルー,512GB,Wi-Fi + Cellular,4549995530704
43G19WXILW000,Androidタブレット本体,AIWA,aiwa tab 10-X,aiwa tab 10-X ブラック 32GB Wifiモデル JA4-TBA1008,ブラック,32GB,Wi-Fi,4595985095203
U9UH6CPA1H000,Androidタブレット本体,AIWA,aiwa tab AB10,aiwa tab AB10 シルバー 128GB Wifiモデル JA5-TBA1012,シルバー,128GB,Wi-Fi,4595985095944
ULY1NFTDMT000,Androidタブレット本体,AIWA,aiwa tab AB10L,aiwa tab AB10L ミッドナイト 32GB セルラーモデル JA3-TBA1005,ミッドナイト,32GB,Wi-Fi + Cellular,4560456785594
Y4WQ10NXQ4000,Androidタブレット本体,AIWA,aiwa tab AB10L-2,aiwa tab AB10L-2 ブラック 64GB セルラーモデル JA3-TBA1007,ブラック,64GB,Wi-Fi + Cellular,4595985095029
CKVGB49FDA000,Androidタブレット本体,AIWA,aiwa tab AB8,aiwa tab AB8 ミッドナイト 64GB Wifiモデル JA3-TBA0802,ミッドナイト,64GB,Wi-Fi,4560456785617
417C6OYQU6000,Androidタブレット本体,AIWA,aiwa tab AE10,aiwa tab AE10 ブラック 64GB Wifiモデル JA4-TBA1009,ブラック,64GB,Wi-Fi,4595985095555
CDFRCVBOPG000,Androidタブレット本体,AIWA,aiwa tab AG10,aiwa tab AG10 ブラック 128GB Wifiモデル JA3-TBA1003,ブラック,128GB,Wi-Fi,4560456785563
P1F9XPBNE0000,Androidタブレット本体,AIWA,aiwa tab AS10,aiwa tab AS10 ミッドナイト 128GB Wifiモデル JA3-TBA1004-6,ミッドナイト,128GB,Wi-Fi,4560456785570
O8E17PAOSE000,Androidタブレット本体,AIWA,aiwa tab AS10-2,aiwa tab AS10-2 グレー 64GB Wifiモデル JA3-TBA1006-4,グレー,64GB,Wi-Fi,4595985095043
UTEV6O8NER000,Androidタブレット本体,AIWA,aiwa tab AS10-2,aiwa tab AS10-2 ブラック 128GB Wifiモデル JA3-TBA1006-6,ブラック,128GB,Wi-Fi,4595985095036
WDGC73Y93S000,Androidタブレット本体,AIWA,aiwa tab AS10L,aiwa tab AS10L ダークグレー 64GB セルラーモデル JA5-TBA1011,ダークグレー,64GB,Wi-Fi + Cellular,4595985095821
6O96J1J48H000,Androidタブレット本体,AIWA,aiwa tab AS11L,aiwa tab AS11L ブラック 64GB セルラーモデル JA4-TBA1101,ブラック,64GB,Wi-Fi + Cellular,4595985095500
J8TC12P431000,Androidタブレット本体,AIWA,aiwa tab AS11L-2,aiwa tab AS11L-2 ダークグレー 128GB セルラーモデル JA5-TBA1102,ダークグレー,128GB,Wi-Fi + Cellular,4595985095838
VIEDYA44U2000,Androidタブレット本体,AIWA,aiwa tab AS12,aiwa tab AS12 ダークグレー 128GB Wifiモデル JA5-TBA1201,ダークグレー,128GB,Wi-Fi,4573636500252
0FVOGD0VKU000,Androidタブレット本体,AIWA,aiwa tab AS8L-2,aiwa tab AS8L-2 ダークグレー 64GB セルラーモデル JA5-TBA0804,ダークグレー,64GB,Wi-Fi + Cellular,4595985095814
48QECVS05J000,Androidタブレット本体,AIWA,aiwa tab WB10,aiwa tab WB10 ブラック 64GB Wifiモデル JA4-TBW1002,ブラック,64GB,Wi-Fi,4595985095517
0OKE4FCH0N000,Androidタブレット本体,AIWA,aiwa tab WS12H,aiwa tab WS12H ブラック 128GB Wifiモデル JA4-TBW1201-H,ブラック,128GB,Wi-Fi,4595985095449
IQDPK45BIP000,Androidタブレット本体,HUAWEI,MediaPad M5 lite 8,MediaPad M5 lite 8 スペースグレー 32GB Wifiモデル JDN2-W09,スペースグレー,32GB,Wi-Fi,
9RFZ1XMM6N000,Androidタブレット本体,HUAWEI,MediaPad M5 lite 8,MediaPad M5 lite 8 スペースグレー 32GB セルラーモデル JDN2-L09,スペースグレー,32GB,Wi-Fi + Cellular,
T390V6XD2X000,Androidタブレット本体,HUAWEI,MediaPad M5 lite,MediaPad M5 lite スペースグレー 32GB Wifiモデル BAH2-W19,スペースグレー,32GB,Wi-Fi,
UQQNMCZWCB000,Androidタブレット本体,HUAWEI,MediaPad M5 lite,MediaPad M5 lite スペースグレー 64GB Wifiモデル BAH2-W19,スペースグレー,64GB,Wi-Fi,
KNRAQP1PW3000,Androidタブレット本体,HUAWEI,MediaPad M5,MediaPad M5 スペースグレー 32GB セルラーモデル SHT-AL09,スペースグレー,32GB,Wi-Fi + Cellular,
5IWXR4U6IK000,Androidタブレット本体,LAVIE,LAVIE Tab E TE410,LAVIE Tab E TE410 ホワイト 16GB Wifiモデル PC-TE410JAW,ホワイト,16GB,Wi-Fi,
64011I0Y2U000,Androidタブレット本体,LAVIE,LAVIE Tab E TE510,LAVIE Tab E TE510 ブラック 32GB Wifiモデル PC-TE510N1B,ブラック,32GB,Wi-Fi,
KGSIPQ6UEE000,Androidタブレット本体,LAVIE,LAVIE Tab E TE510,LAVIE Tab E TE510 ホワイト 16GB Wifiモデル PC-TE510HAW,ホワイト,16GB,Wi-Fi,
S0FVQYQVLK000,Androidタブレット本体,LAVIE,LAVIE Tab E TE510,LAVIE Tab E TE510 ホワイト 64GB Wifiモデル PC-TE510JAW,ホワイト,64GB,Wi-Fi,
07EPO7ZR20000,Androidタブレット本体,LAVIE,LAVIE Tab EX TX117,LAVIE Tab EX TX117 シーシェル 256GB Wifiモデル PC-TX117LAS,シーシェル,256GB,Wi-Fi,4573640686089
WTP2WPST1A000,Androidタブレット本体,LAVIE,LAVIE Tab Lite TL103,LAVIE Tab Lite TL103 ポーラブルー 64GB Wifiモデル PC-TL103KAL,ポーラブルー,64GB,Wi-Fi,4573626005101
WU5JMOVQUA000,Androidタブレット本体,LAVIE,LAVIE Tab S TS508,LAVIE Tab S TS508 グレー 16GB Wifiモデル PC-TS508FAM,グレー,16GB,Wi-Fi,
Y90NGBSQG4000,Androidタブレット本体,LAVIE,LAVIE Tab T10 T1055/EAS,LAVIE Tab T10 T1055/EAS プラチナグレー 64GB Wifiモデル PC-T1055EAS,プラチナグレー,64GB,Wi-Fi,4589796414797
IKECML2PH4000,Androidタブレット本体,LAVIE,LAVIE Tab T10 T1055/KAS,LAVIE Tab T10 T1055/KAS ルナグレー 128GB Wifiモデル PC-T1055KAS,ルナグレー,128GB,Wi-Fi,4573525920444
O7PMZGASLK000,Androidタブレット本体,LAVIE,LAVIE Tab T10 T1075/EAS,LAVIE Tab T10 T1075/EAS ストームグレー 128GB Wifiモデル PC-T1075EAS,ストームグレー,128GB,Wi-Fi,4589796414780
NUGL0TB1GB000,Androidタブレット本体,LAVIE,LAVIE Tab T11 T1155/HAS,LAVIE Tab T11 T1155/HAS ルナグレー 128GB Wifiモデル PC-T1155HAS,ルナグレー,128GB,Wi-Fi,4589796418962
M3M74X7PE2000,Androidタブレット本体,LAVIE,LAVIE Tab T11 T1165/KAS,LAVIE Tab T11 T1165/KAS ルナグレー 128GB Wifiモデル PC-T1165KAS,ルナグレー,128GB,Wi-Fi,4573525920581
HVPRJ95V2S000,Androidタブレット本体,LAVIE,LAVIE Tab T11 T1175/FAS,LAVIE Tab T11 T1175/FAS ストームグレー 128GB Wifiモデル PC-T1175FAS,ストームグレー,128GB,Wi-Fi,4589796415985
DTYQRNK6AF000,Androidタブレット本体,LAVIE,LAVIE Tab T11 T1175/JAS,LAVIE Tab T11 T1175/JAS ルナグレー 256GB Wifiモデル PC-T1175JAS,ルナグレー,256GB,Wi-Fi,4589796419624
X99G8B1TBI000,Androidタブレット本体,LAVIE,LAVIE Tab T11 T1195/FAS,LAVIE Tab T11 T1195/FAS ストームグレー 256GB Wifiモデル PC-T1195FAS,ストームグレー,256GB,Wi-Fi,4589796418535
HT0QF004EB000,Androidタブレット本体,LAVIE,LAVIE Tab T11N T1175/LA,LAVIE Tab T11N T1175/LA サンドローズ 256GB Wifiモデル PC-T1175/LAC,サンドローズ,256GB,Wi-Fi,4573626005361
FT7UGA57XY000,Androidタブレット本体,LAVIE,LAVIE Tab T11N T1175/LA,LAVIE Tab T11N T1175/LA ルナグレー 256GB Wifiモデル PC-T1175/LAS,ルナグレー,256GB,Wi-Fi,4573626004166
77SFDTJPZC000,Androidタブレット本体,LAVIE,LAVIE Tab T11N TAB11/Q02,LAVIE Tab T11N TAB11/Q02 ルナグレー 128GB Wifiモデル PC-TAB11Q02,ルナグレー,128GB,Wi-Fi,4573625999210
5S4PT39IFJ000,Androidタブレット本体,LAVIE,LAVIE Tab T12 T1295/DAS,LAVIE Tab T12 T1295/DAS ストームグレー 256GB Wifiモデル PC-T1295DAS,ストームグレー,256GB,Wi-Fi,4589796414322
AMVE5Q72UT000,Androidタブレット本体,LAVIE,LAVIE Tab T12N T1275/LAS,LAVIE Tab T12N T1275/LAS クラウドグレー 256GB Wifiモデル PC-T1275LAS,クラウドグレー,256GB,Wi-Fi,
ZKRYRPQ47L000,Androidタブレット本体,LAVIE,LAVIE Tab T8 T0855/GAS,LAVIE Tab T8 T0855/GAS アークティックグレー 64GB Wifiモデル PC-T0855GAS,アークティックグレー,64GB,Wi-Fi,4589796415909
QOY5N44KZ6000,Androidタブレット本体,LAVIE,LAVIE Tab T8 T0855/KAS,LAVIE Tab T8 T0855/KAS ルナグレー 128GB Wifiモデル PC-T0855KAS,ルナグレー,128GB,Wi-Fi,4573525920420
WBT4LWOU54000,Androidタブレット本体,LAVIE,LAVIE Tab T8 TAB08/H05,LAVIE Tab T8 TAB08/H05 ルナグレー 64GB Wifiモデル PC-TAB08H05,ルナグレー,64GB,Wi-Fi,
W7HB2BCYM1000,Androidタブレット本体,LAVIE,LAVIE Tab T9 T0975/GAS,LAVIE Tab T9 T0975/GAS アークティックグレー 128GB Wifiモデル PC-T0975GAS,アークティックグレー,128GB,Wi-Fi,4589796415947
CVFD3U6800000,Androidタブレット本体,LAVIE,LAVIE Tab T9 T0995/HAS,LAVIE Tab T9 T0995/HAS ストームグレー 128GB Wifiモデル PC-T0995HAS,ストームグレー,128GB,Wi-Fi,4589796417354
JSAB74QPCS000,Androidタブレット本体,Lenovo,Lenovo Idea Tab Pro,Lenovo Idea Tab Pro ルナグレー 256GB Wifiモデル ZAE40096JP,ルナグレー,256GB,Wi-Fi,4582763343908
VKG9NN8DCV000,Androidタブレット本体,Lenovo,Lenovo Tab M10 (3rd Gen),Lenovo Tab M10 (3rd Gen) ストームグレー 32GB Wifiモデル ZAAE0037JP,ストームグレー,32GB,Wi-Fi,4571591626185
WJEBONC77A000,Androidタブレット本体,Lenovo,Lenovo Tab M10 HD (2nd Gen),Lenovo Tab M10 HD (2nd Gen) アイアングレー 64GB Wifiモデル ZA6W0003JP,アイアングレー,64GB,Wi-Fi,
YEI54A4SO3000,Androidタブレット本体,Lenovo,Lenovo Tab Plus,Lenovo Tab Plus ルナグレー 256GB Wifiモデル ZADX0061JP,ルナグレー,256GB,Wi-Fi,4582763074369
9MO4J7RWT1000,Androidタブレット本体,NTT DOCOMO,dtab Compact d-42A,dtab Compact d-42A ゴールド 64GB セルラーモデル,ゴールド,64GB,Wi-Fi + Cellular,4942857213799
PEKNB3JF6I000,Androidタブレット本体,NTT DOCOMO,dtab Compact d-42A,dtab Compact d-42A ネイビー 64GB セルラーモデル,ネイビー,64GB,Wi-Fi + Cellular,
H5T4URWAFL000,Androidタブレット本体,NTT DOCOMO,dtab d-01H,dtab d-01H シルバー 16GB セルラーモデル,シルバー,16GB,Wi-Fi + Cellular,
4OSH2W74U3000,Androidタブレット本体,NTT DOCOMO,dtab d-41A,dtab d-41A ブラック 64GB セルラーモデル,ブラック,64GB,Wi-Fi + Cellular,4942857211382
ILG6Y0CH20000,Androidタブレット本体,NTT DOCOMO,dtab d-41A,dtab d-41A ホワイト 64GB セルラーモデル,ホワイト,64GB,Wi-Fi + Cellular,4942857211375
XCHKR3CULU000,Androidタブレット本体,Xiaomi,REDMI Pad 2,Redmi Pad 2 (RAM 6GBモデル) グラファイトグレー 128GB Wifiモデル VHU5650JP,グラファイトグレー,128GB,Wi-Fi,6932554433413
VNTD38W4V4000,Androidタブレット本体,Xiaomi,REDMI Pad 2,Redmi Pad 2 (RAM 6GBモデル) ミントグリーン 128GB Wifiモデル VHU5841JP,ミントグリーン,128GB,Wi-Fi,6932554442927
JRFJJVYLN7000,Androidタブレット本体,Xiaomi,REDMI Pad 2,Redmi Pad 2 (RAM 6GBモデル) ラベンダーパープル 128GB Wifiモデル VHU5864JP,ラベンダーパープル,128GB,Wi-Fi,6932554442453
1UCQX05P4W000,Androidタブレット本体,Xiaomi,REDMI Pad 2,Redmi Pad 2 4G グラファイトグレー 128GB セルラーモデル VHU5616JP,グラファイトグレー,128GB,Wi-Fi + Cellular,6932554432966
UE4I44L5GF000,Androidタブレット本体,Xiaomi,REDMI Pad 2,Redmi Pad 2 4G ミントグリーン 128GB セルラーモデル VHU5823JP,ミントグリーン,128GB,Wi-Fi + Cellular,6932554443399
SM9DVIXBQC000,Androidタブレット本体,Xiaomi,REDMI Pad 2 Pro,Redmi Pad 2 Pro グラファイトグレー (マットガラス) 256GB Wifiモデル VHU6135JP,グラファイトグレー (マットガラス),256GB,Wi-Fi,6932554463625
HX8Y03UFW5000,Androidタブレット本体,Xiaomi,REDMI Pad 2 Pro,Redmi Pad 2 Pro グラファイトグレー 128GB Wifiモデル VHU6125JP,グラファイトグレー,128GB,Wi-Fi,6932554463724
RIHLHIX64U000,Androidタブレット本体,Xiaomi,REDMI Pad 2 Pro,Redmi Pad 2 Pro グラファイトグレー 256GB Wifiモデル VHU6111JP,グラファイトグレー,256GB,Wi-Fi,6932554463991
UKFMOUR0U1000,Androidタブレット本体,Xiaomi,REDMI Pad 2 Pro,Redmi Pad 2 Pro シルバー 128GB Wifiモデル VHU6242JP,シルバー,128GB,Wi-Fi,6932554467500
P8WLBNXCY6000,Androidタブレット本体,Xiaomi,REDMI Pad 2 Pro,Redmi Pad 2 Pro シルバー 256GB Wifiモデル VHU6255JP,シルバー,256GB,Wi-Fi,6932554467388
7Y4PYPF8Y3000,Androidタブレット本体,Xiaomi,REDMI Pad 2 Pro,Redmi Pad 2 Pro ラベンダーパープル 128GB Wifiモデル VHU6221JP,ラベンダーパープル,128GB,Wi-Fi,6932554467241
CEEU0RYW3U000,Androidタブレット本体,Xiaomi,REDMI Pad 2 Pro,Redmi Pad 2 Pro ラベンダーパープル 256GB Wifiモデル VHU6226JP,ラベンダーパープル,256GB,Wi-Fi,6932554467548
Z4YN2491S3000,Androidタブレット本体,Xiaomi,REDMI Pad 2,Redmi Pad 2 グラファイトグレー 128GB Wifiモデル,グラファイトグレー,128GB,Wi-Fi,
XY6RQS2AT5000,Androidタブレット本体,Xiaomi,REDMI Pad 2,Redmi Pad 2 グラファイトグレー 256GB Wifiモデル,グラファイトグレー,256GB,Wi-Fi,
PH0B74BK82000,Androidタブレット本体,Xiaomi,REDMI Pad 2,Redmi Pad 2 ミントグリーン 128GB Wifiモデル,ミントグリーン,128GB,Wi-Fi,
WI0V3U4DBV000,Androidタブレット本体,Xiaomi,REDMI Pad 2,Redmi Pad 2 ミントグリーン 256GB Wifiモデル,ミントグリーン,256GB,Wi-Fi,
OAKA29DY3W000,Androidタブレット本体,Xiaomi,REDMI Pad 2,Redmi Pad 2 ラベンダーパープル 128GB Wifiモデル,ラベンダーパープル,128GB,Wi-Fi,
M0K0B2IVR3000,Androidタブレット本体,Xiaomi,REDMI Pad 2,Redmi Pad 2 ラベンダーパープル 256GB Wifiモデル,ラベンダーパープル,256GB,Wi-Fi,
DGX8I0F3K9000,Androidタブレット本体,Xiaomi,Redmi Pad SE,Redmi Pad SE (RAM 6GBモデル) グラファイトグレー 128GB Wifiモデル VHU4513JP,グラファイトグレー,128GB,Wi-Fi,6941812741061
N7YNTP746F000,Androidタブレット本体,Xiaomi,Redmi Pad SE,Redmi Pad SE (RAM 6GBモデル) ミントグリーン 128GB Wifiモデル VHU4503JP,ミントグリーン,128GB,Wi-Fi,6941812740965
HICBW5JA4H000,Androidタブレット本体,Xiaomi,Redmi Pad SE,Redmi Pad SE (RAM 6GBモデル) ラベンダーパープル 128GB Wifiモデル VHU4488JP,ラベンダーパープル,128GB,Wi-Fi,6941812740606
YJF5NQPDU0000,Androidタブレット本体,Xiaomi,Redmi Pad SE 8.7,Redmi Pad SE 8.7 4G オーロラグリーン 128GB セルラーモデル VHU5141JP,オーロラグリーン,128GB,Wi-Fi + Cellular,6941812793244
7WCUVKQCFA000,Androidタブレット本体,Xiaomi,Redmi Pad SE 8.7,Redmi Pad SE 8.7 4G オーロラグリーン 64GB セルラーモデル 24076RP19G,オーロラグリーン,64GB,Wi-Fi + Cellular,6941812793190
KND5Z49COP000,Androidタブレット本体,Xiaomi,Redmi Pad SE 8.7,Redmi Pad SE 8.7 4G グラファイトグレー 128GB セルラーモデル VHU5129JP,グラファイトグレー,128GB,Wi-Fi + Cellular,6941812793862
Q9XGCU0XQE000,Androidタブレット本体,Xiaomi,Redmi Pad SE 8.7,Redmi Pad SE 8.7 4G グラファイトグレー 64GB セルラーモデル 24076RP19G,グラファイトグレー,64GB,Wi-Fi + Cellular,6941812793671
IPBYOHPU82000,Androidタブレット本体,Xiaomi,Redmi Pad SE 8.7,Redmi Pad SE 8.7 4G スカイブルー 128GB セルラーモデル VHU4994JP,スカイブルー,128GB,Wi-Fi + Cellular,6941812793763
JJL3C6A2FL000,Androidタブレット本体,Xiaomi,Redmi Pad SE 8.7,Redmi Pad SE 8.7 4G スカイブルー 64GB セルラーモデル 24076RP19G,スカイブルー,64GB,Wi-Fi + Cellular,6941812794661
DLIY500LTT000,Androidタブレット本体,Xiaomi,Redmi Pad SE 8.7,Redmi Pad SE 8.7 オーロラグリーン 128GB Wifiモデル VHU5150JP,オーロラグリーン,128GB,Wi-Fi,6941812795187
608V941ITW000,Androidタブレット本体,Xiaomi,Redmi Pad SE 8.7,Redmi Pad SE 8.7 オーロラグリーン 64GB Wifiモデル,オーロラグリーン,64GB,Wi-Fi,6941812793985
U23ESULNRY000,Androidタブレット本体,Xiaomi,Redmi Pad SE 8.7,Redmi Pad SE 8.7 グラファイトグレー 128GB Wifiモデル VHU5133JP,グラファイトグレー,128GB,Wi-Fi,6941812793909
A8HAMQBPGR000,Androidタブレット本体,Xiaomi,Redmi Pad SE 8.7,Redmi Pad SE 8.7 グラファイトグレー 64GB Wifiモデル,グラファイトグレー,64GB,Wi-Fi,6941812794326
E7FB35S97E000,Androidタブレット本体,Xiaomi,Redmi Pad SE 8.7,Redmi Pad SE 8.7 スカイブルー 128GB Wifiモデル VHU4990JP,スカイブルー,128GB,Wi-Fi,6941812795088
4818NCV9QY000,Androidタブレット本体,Xiaomi,Redmi Pad SE 8.7,Redmi Pad SE 8.7 スカイブルー 64GB Wifiモデル,スカイブルー,64GB,Wi-Fi,6941812795026
D9U3GE6LBR000,Androidタブレット本体,Xiaomi,Redmi Pad SE,Redmi Pad SE グラファイトグレー 128GB Wifiモデル VHU4463JP,グラファイトグレー,128GB,Wi-Fi,6941812740767
J9DY4AFV82000,Androidタブレット本体,Xiaomi,Redmi Pad SE,Redmi Pad SE ミントグリーン 128GB Wifiモデル,ミントグリーン,128GB,Wi-Fi,6941812740866
VNF6T1PM7E000,Androidタブレット本体,Xiaomi,Redmi Pad SE,Redmi Pad SE ラベンダーパープル 128GB Wifiモデル VHU4497JP,ラベンダーパープル,128GB,Wi-Fi,6941812740699
IGA1E0U5NL000,Androidタブレット本体,Xiaomi,Redmi Pad,Redmi Pad グラファイトグレー 128GB Wifiモデル 22081283G,グラファイトグレー,128GB,Wi-Fi,6934177799358
Z9ADKFNKJH000,Androidタブレット本体,Xiaomi,Redmi Pad,Redmi Pad グラファイトグレー 64GB Wifiモデル 22081283G,グラファイトグレー,64GB,Wi-Fi,6934177799099
VN05F1WZ14000,Androidタブレット本体,Xiaomi,Redmi Pad,Redmi Pad ミントグリーン 128GB Wifiモデル 22081283G,ミントグリーン,128GB,Wi-Fi,6934177799310
PQKUGETIS6000,Androidタブレット本体,Xiaomi,Redmi Pad,Redmi Pad ミントグリーン 64GB Wifiモデル 22081283G,ミントグリーン,64GB,Wi-Fi,6934177798979
WY707KXIRD000,Androidタブレット本体,Xiaomi,Redmi Pad,Redmi Pad ムーンライトシルバー 128GB Wifiモデル 22081283G,ムーンライトシルバー,128GB,Wi-Fi,6934177799129
4Q4ST7PLTU000,Androidタブレット本体,Xiaomi,Redmi Pad,Redmi Pad ムーンライトシルバー 64GB Wifiモデル 22081283G,ムーンライトシルバー,64GB,Wi-Fi,6934177798917
66UI1X7Z5O000,Androidタブレット本体,Xiaomi,Xiaomi Pad 6,Xiaomi Pad 6 グラビティグレー 128GB Wifiモデル VHU4363JP,グラビティグレー,128GB,Wi-Fi,6941812730362
BFZVBSOV1V000,Androidタブレット本体,Xiaomi,Xiaomi Pad 6,Xiaomi Pad 6 シャンパンゴールド 128GB Wifiモデル VHU4358JP,シャンパンゴールド,128GB,Wi-Fi,6941812730317
OLL4XNC965000,Androidタブレット本体,Xiaomi,Xiaomi Pad 6,Xiaomi Pad 6 ミストブルー 128GB Wifiモデル VHU4329JP,ミストブルー,128GB,Wi-Fi,6941812730027
UCEKCGAH34000,Androidタブレット本体,Xiaomi,Xiaomi Pad 7 Pro,Xiaomi Pad 7 Pro グリーン 128GB Wifiモデル VHU5421JP,グリーン,128GB,Wi-Fi,6932554416102
490E4LQXZG000,Androidタブレット本体,Xiaomi,Xiaomi Pad 7 Pro,Xiaomi Pad 7 Pro グリーン 512GB Wifiモデル VHU5441JP,グリーン,512GB,Wi-Fi,
1JA4E29MY1000,Androidタブレット本体,Xiaomi,Xiaomi Pad 7 Pro,Xiaomi Pad 7 Pro グレー (マットガラス) 512GB Wifiモデル VHU5709JP,グレー (マットガラス),512GB,Wi-Fi,6932554434670
UX03183HZ1000,Androidタブレット本体,Xiaomi,Xiaomi Pad 7 Pro,Xiaomi Pad 7 Pro グレー 128GB Wifiモデル VHU5388JP,グレー,128GB,Wi-Fi,6932554416546
WVM4XVEWR0000,Androidタブレット本体,Xiaomi,Xiaomi Pad 7 Pro,Xiaomi Pad 7 Pro グレー 512GB Wifiモデル VHU5433JP,グレー,512GB,Wi-Fi,
BD18VZ5JWP000,Androidタブレット本体,Xiaomi,Xiaomi Pad 7 Pro,Xiaomi Pad 7 Pro ブルー 128GB Wifiモデル VHU5427JP,ブルー,128GB,Wi-Fi,6932554416164
2XG4ZLW6DH000,Androidタブレット本体,Xiaomi,Xiaomi Pad 7 Pro,Xiaomi Pad 7 Pro ブルー 512GB Wifiモデル VHU5437JP,ブルー,512GB,Wi-Fi,
LP4HXXK6MW000,Androidタブレット本体,Xiaomi,Xiaomi Pad 7,Xiaomi Pad 7 グリーン 128GB Wifiモデル VHU5507JP,グリーン,128GB,Wi-Fi,
Z458OF4M41000,Androidタブレット本体,Xiaomi,Xiaomi Pad 7,Xiaomi Pad 7 グリーン 256GB Wifiモデル VHU5500JP,グリーン,256GB,Wi-Fi,6932554417109
G7V3PRA6E7000,Androidタブレット本体,Xiaomi,Xiaomi Pad 7,Xiaomi Pad 7 グレー 128GB Wifiモデル VHU5505JP,グレー,128GB,Wi-Fi,
YR4S9JGRYY000,Androidタブレット本体,Xiaomi,Xiaomi Pad 7,Xiaomi Pad 7 グレー 256GB Wifiモデル VHU5497JP,グレー,256GB,Wi-Fi,6932554417079
BXNYDMFGW4000,Androidタブレット本体,Xiaomi,Xiaomi Pad 7,Xiaomi Pad 7 ブルー 128GB Wifiモデル VHU5462JP,ブルー,128GB,Wi-Fi,
Z22YJDLBJ8000,Androidタブレット本体,Xiaomi,Xiaomi Pad 7,Xiaomi Pad 7 ブルー 256GB Wifiモデル VHU5465JP,ブルー,256GB,Wi-Fi,6932554416744
8Z2DWKZKNQ000,Androidタブレット本体,Xiaomi,Xiaomi Pad 8 Pro,Xiaomi Pad 8 Pro グレー (マットガラス) 512GB Wifiモデル VHU6697JP,グレー (マットガラス),512GB,Wi-Fi,6932554471224
O84SLX7G5O000,Androidタブレット本体,Xiaomi,Xiaomi Pad 8 Pro,Xiaomi Pad 8 Pro グレー 128GB Wifiモデル VHU6531JP,グレー,128GB,Wi-Fi,6932554475345
RXH5FJRME4000,Androidタブレット本体,Xiaomi,Xiaomi Pad 8 Pro,Xiaomi Pad 8 Pro パイングリーン 128GB Wifiモデル VHU6457JP,パイングリーン,128GB,Wi-Fi,6932554474997
O3ZG2ADZP5000,Androidタブレット本体,Xiaomi,Xiaomi Pad 8 Pro,Xiaomi Pad 8 Pro ブルー 128GB Wifiモデル VHU6453JP,ブルー,128GB,Wi-Fi,6932554475451
CSCHARQFI4000,Androidタブレット本体,Xiaomi,Xiaomi Pad 8,Xiaomi Pad 8 グレー 128GB Wifiモデル VHU6368JP,グレー,128GB,Wi-Fi,6932554473211
V548RAGWLV000,Androidタブレット本体,Xiaomi,Xiaomi Pad 8,Xiaomi Pad 8 パイングリーン 128GB Wifiモデル VHU6423JP,パイングリーン,128GB,Wi-Fi,6932554472955
2O110V1ZF1000,Androidタブレット本体,Xiaomi,Xiaomi Pad 8,Xiaomi Pad 8 ブルー 128GB Wifiモデル VHU6396JP,ブルー,128GB,Wi-Fi,6932554473495
WDPPV4NY9O000,Windowsタブレット本体,Microsoft,Surface Go 2,Surface Go 2 プラチナ 128GB Wifiモデル STQ-00012,プラチナ,128GB,Wi-Fi,
64XTXIEQZT000,Windowsタブレット本体,Microsoft,Surface Go 2,Surface Go 2 プラチナ 128GB セルラーモデル SUF-00011,プラチナ,128GB,Wi-Fi + Cellular,4549576158785
N3MWG5IRX0000,Windowsタブレット本体,Microsoft,Surface Go 2,Surface Go 2 プラチナ 128GB セルラーモデル TFZ-00011,プラチナ,128GB,Wi-Fi + Cellular,
05E8T3EDX4000,Windowsタブレット本体,Microsoft,Surface Go 2,Surface Go 2 プラチナ 64GB Wifiモデル STV-00012,プラチナ,64GB,Wi-Fi,
9H23UGI4DZ000,Windowsタブレット本体,Microsoft,Surface Go 3,Surface Go 3 ブラック 128GB Wifiモデル 8VA-00030,ブラック,128GB,Wi-Fi,
Y97PSPXEV5000,Windowsタブレット本体,Microsoft,Surface Go 3,Surface Go 3 ブラック 128GB Wifiモデル 8VD-00030,ブラック,128GB,Wi-Fi,4549576179575
XVGADII8IA000,Windowsタブレット本体,Microsoft,Surface Go 3,Surface Go 3 ブラック 128GB Wifiモデル 8VD-00060,ブラック,128GB,Wi-Fi,4549576183008
5K3BSC4201000,Windowsタブレット本体,Microsoft,Surface Go 3,Surface Go 3 ブラック 128GB セルラーモデル 8VI-00026,ブラック,128GB,Wi-Fi + Cellular,
PEPEWF16T2000,Windowsタブレット本体,Microsoft,Surface Go 3,Surface Go 3 ブラック 128GB セルラーモデル 8VI-00056,ブラック,128GB,Wi-Fi + Cellular,
H46Z4KI49H000,Windowsタブレット本体,Microsoft,Surface Go 3,Surface Go 3 ブラック 256GB セルラーモデル 8VJ-00026,ブラック,256GB,Wi-Fi + Cellular,
VS4WGKCJ5C000,Windowsタブレット本体,Microsoft,Surface Go 3,Surface Go 3 ブラック 256GB セルラーモデル 8VJ-00054,ブラック,256GB,Wi-Fi + Cellular,
LWORRXPRE4000,Windowsタブレット本体,Microsoft,Surface Go 3,Surface Go 3 プラチナ 128GB Wifiモデル 8VA-00015,プラチナ,128GB,Wi-Fi,
W4E4EG4MS9000,Windowsタブレット本体,Microsoft,Surface Go 3,Surface Go 3 プラチナ 128GB Wifiモデル 8VD-00014,プラチナ,128GB,Wi-Fi,4549576179568
BGE890O9F2000,Windowsタブレット本体,Microsoft,Surface Go 3,Surface Go 3 プラチナ 128GB Wifiモデル 8VD-00044,プラチナ,128GB,Wi-Fi,4549576182995
G6BM3BNFQA000,Windowsタブレット本体,Microsoft,Surface Go 3,Surface Go 3 プラチナ 128GB セルラーモデル 8VH-00014,プラチナ,128GB,Wi-Fi + Cellular,4549576179629
560Z42VEPO000,Windowsタブレット本体,Microsoft,Surface Go 3,Surface Go 3 プラチナ 128GB セルラーモデル 8VI-00013,プラチナ,128GB,Wi-Fi + Cellular,4549576179667
P1VDV38VKW000,Windowsタブレット本体,Microsoft,Surface Go 3,Surface Go 3 プラチナ 128GB セルラーモデル 8VI-00043,プラチナ,128GB,Wi-Fi + Cellular,4549576183022
SHO50TLTWE000,Windowsタブレット本体,Microsoft,Surface Go 3,Surface Go 3 プラチナ 256GB セルラーモデル 8VJ-00013,プラチナ,256GB,Wi-Fi + Cellular,4549576179698
8MN4VCWVMT000,Windowsタブレット本体,Microsoft,Surface Go 3,Surface Go 3 プラチナ 256GB セルラーモデル 8VJ-00042,プラチナ,256GB,Wi-Fi + Cellular,4549576183053
A00F4FPJW3000,Windowsタブレット本体,Microsoft,Surface Go 3,Surface Go 3 プラチナ 64GB Wifiモデル 8V6-00015,プラチナ,64GB,Wi-Fi,4549576178806
C4PQV2H6D3000,Windowsタブレット本体,Microsoft,Surface Go 3,Surface Go 3 プラチナ 64GB Wifiモデル 8V9-00015,プラチナ,64GB,Wi-Fi,4549576179322
222AHRAFWB000,Windowsタブレット本体,Microsoft,Surface Go 3,Surface Go 3 プラチナ 64GB Wifiモデル 8V9-00016,プラチナ,64GB,Wi-Fi,4549576182971
E8CQKHVYSS000,Windowsタブレット本体,Microsoft,Surface Go 3,Surface Go 3 プラチナ 64GB セルラーモデル I4G-00014,プラチナ,64GB,Wi-Fi + Cellular,
EHL24U8JY2000,Windowsタブレット本体,Microsoft,Surface Go 3,Surface Go 3 プラチナ 64GB セルラーモデル I4G-00028,プラチナ,64GB,Wi-Fi + Cellular,4549576183084
A18C5NXMD7000,Windowsタブレット本体,Microsoft,Surface Go 4,Surface Go 4 プラチナ 128GB Wifiモデル XHU-00015,プラチナ,128GB,Wi-Fi,4549576214535
03JO9WMRUW000,Windowsタブレット本体,Microsoft,Surface Go 4,Surface Go 4 プラチナ 256GB Wifiモデル XIG-00015,プラチナ,256GB,Wi-Fi,4549576214597
LLUJH7Q6KY000,Windowsタブレット本体,Microsoft,Surface Go 4,Surface Go 4 プラチナ 64GB Wifiモデル XGT-00017,プラチナ,64GB,Wi-Fi,4549576214474
ADZH96JAGL000,Windowsタブレット本体,Microsoft,Surface Laptop 4,Surface Laptop 4 15インチ ブラック 1TB Wifiモデル 5IV-00022,ブラック,1TB,Wi-Fi,4549576189543
55K67EF6NO000,Windowsタブレット本体,Microsoft,Surface Laptop 4,Surface Laptop 4 15インチ ブラック 512GB Wifiモデル 5IM-00054,ブラック,512GB,Wi-Fi,
GQ5BAY2F94000,Windowsタブレット本体,Microsoft,Surface Laptop 4,Surface Laptop 4 15インチ ブラック 512GB Wifiモデル 5W6-00097,ブラック,512GB,Wi-Fi,4549576189215
76HRN4R3AX000,Windowsタブレット本体,Microsoft,Surface Laptop 4,Surface Laptop 4 15インチ ブラック 512GB Wifiモデル TFF-00080,ブラック,512GB,Wi-Fi,4549576189192
QYR8JMCQPL000,Windowsタブレット本体,Microsoft,Surface Laptop 4,Surface Laptop 4 15インチ プラチナ 256GB Wifiモデル 5UI-00046,プラチナ,256GB,Wi-Fi,4549576189185
04DIKF5JTZ000,Windowsタブレット本体,Microsoft,Surface Laptop 4,Surface Laptop 4 15インチ プラチナ 512GB Wifiモデル 5W6-00072,プラチナ,512GB,Wi-Fi,4549576189208
CZFQJLQIX1000,Windowsタブレット本体,Microsoft,Surface Laptop 5,Surface Laptop 5 13.5インチ サンドストーン 512GB Wifiモデル R1S-00072,サンドストーン,512GB,Wi-Fi,4549576195551
7X4AHMJY45000,Windowsタブレット本体,Microsoft,Surface Laptop 5,Surface Laptop 5 13.5インチ サンドストーン 512GB Wifiモデル R8N-00072,サンドストーン,512GB,Wi-Fi,4549576196251
D05JSG3S40000,Windowsタブレット本体,Microsoft,Surface Laptop 5,Surface Laptop 5 13.5インチ サンドストーン 512GB Wifiモデル RBH-00072,サンドストーン,512GB,Wi-Fi,4549576196510
MXJIB70JEG000,Windowsタブレット本体,Microsoft,Surface Laptop 5,Surface Laptop 5 13.5インチ サンドストーン 512GB Wifiモデル RBI-00072,サンドストーン,512GB,Wi-Fi,4549576196558
J251BI3WJ4000,Windowsタブレット本体,Microsoft,Surface Laptop 5,Surface Laptop 5 13.5インチ セージ 512GB Wifiモデル R1S-00061,セージ,512GB,Wi-Fi,4549576195544
O9Z2MVOFZ4000,Windowsタブレット本体,Microsoft,Surface Laptop 5,Surface Laptop 5 13.5インチ セージ 512GB Wifiモデル RBH-00061,セージ,512GB,Wi-Fi,4549576196503
5ZKA8UMDJR000,Windowsタブレット本体,Microsoft,Surface Laptop 5,Surface Laptop 5 13.5インチ セージ 512GB Wifiモデル RBI-00061,セージ,512GB,Wi-Fi,4549576196541
ZO7C47HPOH000,Windowsタブレット本体,Microsoft,Surface Laptop 5,Surface Laptop 5 13.5インチ ブラック 512GB Wifiモデル R1S-00045,ブラック,512GB,Wi-Fi,4549576195537
88RGJ5NTUA000,Windowsタブレット本体,Microsoft,Surface Laptop 5,Surface Laptop 5 13.5インチ プラチナ 256GB Wifiモデル QZI-00020,プラチナ,256GB,Wi-Fi,4549576195308
EP4R9VCUDL000,Windowsタブレット本体,Microsoft,Surface Laptop 5,Surface Laptop 5 13.5インチ プラチナ 256GB Wifiモデル R1A-00020,プラチナ,256GB,Wi-Fi,4549576195315
LT5K2NM8TB000,Windowsタブレット本体,Microsoft,Surface Laptop 5,Surface Laptop 5 13.5インチ プラチナ 256GB Wifiモデル R1B-00020,プラチナ,256GB,Wi-Fi,4549576195339
83DYQFEMSF000,Windowsタブレット本体,Microsoft,Surface Laptop 5,Surface Laptop 5 13.5インチ プラチナ 256GB Wifiモデル R7B-00020,プラチナ,256GB,Wi-Fi,4549576196145
A078SB3RG0000,Windowsタブレット本体,Microsoft,Surface Laptop 5,Surface Laptop 5 13.5インチ プラチナ 256GB Wifiモデル R7I-00020,プラチナ,256GB,Wi-Fi,4549576196169
VDXRGGOQKD000,Windowsタブレット本体,Microsoft,Surface Laptop 5,Surface Laptop 5 13.5インチ プラチナ 256GB Wifiモデル RB1-00043,プラチナ,256GB,Wi-Fi,4549576206851
643A4XZL4H000,Windowsタブレット本体,Microsoft,Surface Laptop 5,Surface Laptop 5 13.5インチ プラチナ 256GB Wifiモデル RB2-00043,プラチナ,256GB,Wi-Fi,4549576206868
ALCA60MDH8000,Windowsタブレット本体,Microsoft,Surface Laptop 5,Surface Laptop 5 13.5インチ プラチナ 512GB Wifiモデル R1S-00020,プラチナ,512GB,Wi-Fi,4549576195520
VOQ42OK097000,Windowsタブレット本体,Microsoft,Surface Laptop 5,Surface Laptop 5 13.5インチ プラチナ 512GB Wifiモデル R8N-00020,プラチナ,512GB,Wi-Fi,4549576196220
QWQH1DX0NJ000,Windowsタブレット本体,Microsoft,Surface Laptop 5,Surface Laptop 5 13.5インチ プラチナ 512GB Wifiモデル R8P-00020,プラチナ,512GB,Wi-Fi,4549576196268
WB8ELQKQPR000,Windowsタブレット本体,Microsoft,Surface Laptop 5,Surface Laptop 5 13.5インチ プラチナ 512GB Wifiモデル R8Q-00020,プラチナ,512GB,Wi-Fi,4549576196305
ZB89K3ERIK000,Windowsタブレット本体,Microsoft,Surface Laptop 5,Surface Laptop 5 13.5インチ プラチナ 512GB Wifiモデル RBG-00020,プラチナ,512GB,Wi-Fi,4549576196428
5WNP4B7DUL000,Windowsタブレット本体,Microsoft,Surface Laptop 5,Surface Laptop 5 13.5インチ プラチナ 512GB Wifiモデル RBH-00020,プラチナ,512GB,Wi-Fi,4549576196480
SE0LV4IWKQ000,Windowsタブレット本体,Microsoft,Surface Laptop 5,Surface Laptop 5 13.5インチ プラチナ 512GB Wifiモデル RBI-00020,プラチナ,512GB,Wi-Fi,4549576196527
N5TQGU443W000,Windowsタブレット本体,Microsoft,Surface Laptop 5,Surface Laptop 5 13.5インチ マットブラック 256GB Wifiモデル R1A-00045,マットブラック,256GB,Wi-Fi,4549576195322
7CCGHIZ2E2000,Windowsタブレット本体,Microsoft,Surface Laptop 5,Surface Laptop 5 13.5インチ マットブラック 256GB Wifiモデル R1B-00045,マットブラック,256GB,Wi-Fi,4549576195346
L48T9C1V3X000,Windowsタブレット本体,Microsoft,Surface Laptop 5,Surface Laptop 5 13.5インチ マットブラック 256GB Wifiモデル R7B-00043,マットブラック,256GB,Wi-Fi,4549576196152
IRAH080P47000,Windowsタブレット本体,Microsoft,Surface Laptop 5,Surface Laptop 5 13.5インチ マットブラック 256GB Wifiモデル R7I-00043,マットブラック,256GB,Wi-Fi,4549576196176
4O68LWRANI000,Windowsタブレット本体,Microsoft,Surface Laptop 5,Surface Laptop 5 13.5インチ マットブラック 256GB Wifiモデル RB1-00020,マットブラック,256GB,Wi-Fi,4549576196466
QEXG6HOTIY000,Windowsタブレット本体,Microsoft,Surface Laptop 5,Surface Laptop 5 13.5インチ マットブラック 256GB Wifiモデル RB2-00020,マットブラック,256GB,Wi-Fi,4549576196473
4RYLI5LGH0000,Windowsタブレット本体,Microsoft,Surface Laptop 5,Surface Laptop 5 13.5インチ マットブラック 512GB Wifiモデル R8P-00043,マットブラック,512GB,Wi-Fi,4549576196275
TWJB6PNE73000,Windowsタブレット本体,Microsoft,Surface Laptop 5,Surface Laptop 5 13.5インチ マットブラック 512GB Wifiモデル R8Q-00043,マットブラック,512GB,Wi-Fi,4549576196312
J3OK5CEBFM000,Windowsタブレット本体,Microsoft,Surface Laptop 5,Surface Laptop 5 13.5インチ マットブラック 512GB Wifiモデル RBH-00045,マットブラック,512GB,Wi-Fi,4549576196497
WPGZYGGP14000,Windowsタブレット本体,Microsoft,Surface Laptop 5,Surface Laptop 5 13.5インチ マットブラック 512GB Wifiモデル RBI-00045,マットブラック,512GB,Wi-Fi,4549576196534
ZZYXZPFL8V000,Windowsタブレット本体,Microsoft,Surface Laptop 5,Surface Laptop 5 15インチ ブラック 1TB Wifiモデル RKL-00019,ブラック,1TB,Wi-Fi,4549576196718
GLDCG9LXKR000,Windowsタブレット本体,Microsoft,Surface Laptop 5,Surface Laptop 5 15インチ ブラック 512GB Wifiモデル RFB-00045,ブラック,512GB,Wi-Fi,4549576196688
YBHTT1HXRG000,Windowsタブレット本体,Microsoft,Surface Laptop 5,Surface Laptop 5 15インチ ブラック 512GB Wifiモデル RIP-00045,ブラック,512GB,Wi-Fi,4549576196701
7E0LWJ8FQG000,Windowsタブレット本体,Microsoft,Surface Laptop 5,Surface Laptop 5 15インチ プラチナ 256GB Wifiモデル RBY-00020,プラチナ,256GB,Wi-Fi,4549576196664
SM7S9B0ENV000,Windowsタブレット本体,Microsoft,Surface Laptop 5,Surface Laptop 5 15インチ プラチナ 256GB Wifiモデル RBZ-00020,プラチナ,256GB,Wi-Fi,4549576196749
GFJZQ1MZHS000,Windowsタブレット本体,Microsoft,Surface Laptop 5,Surface Laptop 5 15インチ プラチナ 256GB Wifiモデル RC1-00020,プラチナ,256GB,Wi-Fi,4549576196756
FTWLDF4A70000,Windowsタブレット本体,Microsoft,Surface Laptop 5,Surface Laptop 5 15インチ プラチナ 256GB Wifiモデル RI9-00020,プラチナ,256GB,Wi-Fi,4549576196800
J4E6H1HV8A000,Windowsタブレット本体,Microsoft,Surface Laptop 5,Surface Laptop 5 15インチ プラチナ 256GB Wifiモデル RIA-00020,プラチナ,256GB,Wi-Fi,4549576196824
HOZCRWXPSC000,Windowsタブレット本体,Microsoft,Surface Laptop 5,Surface Laptop 5 15インチ プラチナ 512GB Wifiモデル RFB-00020,プラチナ,512GB,Wi-Fi,4549576196671
1PU1UYHTCT000,Windowsタブレット本体,Microsoft,Surface Laptop 5,Surface Laptop 5 15インチ プラチナ 512GB Wifiモデル RIQ-00020,プラチナ,512GB,Wi-Fi,4549576196848
DG2H5WZN2I000,Windowsタブレット本体,Microsoft,Surface Laptop 5,Surface Laptop 5 15インチ プラチナ 512GB Wifiモデル RIR-00020,プラチナ,512GB,Wi-Fi,4549576196862
PZXOAPZGWB000,Windowsタブレット本体,Microsoft,Surface Laptop 5,Surface Laptop 5 15インチ マットブラック 1TB Wifiモデル RL1-00019,マットブラック,1TB,Wi-Fi,4549576196886
3N7G72NN83000,Windowsタブレット本体,Microsoft,Surface Laptop 5,Surface Laptop 5 15インチ マットブラック 1TB Wifiモデル RL8-00019,マットブラック,1TB,Wi-Fi,4549576196893
U0XIWESBUO000,Windowsタブレット本体,Microsoft,Surface Laptop 5,Surface Laptop 5 15インチ マットブラック 256GB Wifiモデル RI9-00043,マットブラック,256GB,Wi-Fi,4549576196817
NEX7P2KKKB000,Windowsタブレット本体,Microsoft,Surface Laptop 5,Surface Laptop 5 15インチ マットブラック 256GB Wifiモデル RIA-00043,マットブラック,256GB,Wi-Fi,4549576196831
D2IG925KHV000,Windowsタブレット本体,Microsoft,Surface Laptop 5,Surface Laptop 5 15インチ マットブラック 512GB Wifiモデル RIQ-00043,マットブラック,512GB,Wi-Fi,4549576196855
TPLT5GEVPP000,Windowsタブレット本体,Microsoft,Surface Laptop 5,Surface Laptop 5 15インチ マットブラック 512GB Wifiモデル RIR-00043,マットブラック,512GB,Wi-Fi,4549576196879
VTV44FNCW3000,Windowsタブレット本体,Microsoft,Surface Laptop 6,Surface Laptop 6 13.5インチ ブラック 1TB Wifiモデル ZKG-00020,ブラック,1TB,Wi-Fi,4549576238708
SJS7CI14WS000,Windowsタブレット本体,Microsoft,Surface Laptop 6,Surface Laptop 6 13.5インチ ブラック 256GB Wifiモデル ZJQ-00020,ブラック,256GB,Wi-Fi,4549576236827
H9RFMZSUT9000,Windowsタブレット本体,Microsoft,Surface Laptop 6,Surface Laptop 6 13.5インチ ブラック 256GB Wifiモデル ZJS-00020,ブラック,256GB,Wi-Fi,4549576244709
0VAL740ZWU000,Windowsタブレット本体,Microsoft,Surface Laptop 6,Surface Laptop 6 13.5インチ ブラック 256GB Wifiモデル ZJV-00020,ブラック,256GB,Wi-Fi,4549576238623
P394G1MSN3000,Windowsタブレット本体,Microsoft,Surface Laptop 6,Surface Laptop 6 13.5インチ ブラック 512GB Wifiモデル EP2-04347,ブラック,512GB,Wi-Fi,4549576247267
IBT57EK6VX000,Windowsタブレット本体,Microsoft,Surface Laptop 6,Surface Laptop 6 13.5インチ ブラック 512GB Wifiモデル ZJW-00020,ブラック,512GB,Wi-Fi,4549576238647
N6X44KCNMH000,Windowsタブレット本体,Microsoft,Surface Laptop 6,Surface Laptop 6 13.5インチ ブラック 512GB Wifiモデル ZJZ-00020,ブラック,512GB,Wi-Fi,
EPGJ9QWTKI000,Windowsタブレット本体,Microsoft,Surface Laptop 6,Surface Laptop 6 13.5インチ プラチナ 256GB Wifiモデル EP2-04348,プラチナ,256GB,Wi-Fi,
FZCT4V55Z5000,Windowsタブレット本体,Microsoft,Surface Laptop 6,Surface Laptop 6 13.5インチ プラチナ 256GB Wifiモデル ZJN-00020,プラチナ,256GB,Wi-Fi,4549576238593
K7O33B1YMQ000,Windowsタブレット本体,Microsoft,Surface Laptop 6,Surface Laptop 6 13.5インチ プラチナ 256GB Wifiモデル ZJQ-00045,プラチナ,256GB,Wi-Fi,4549576238449
7Y4ZCQ28HR000,Windowsタブレット本体,Microsoft,Surface Laptop 6,Surface Laptop 6 13.5インチ プラチナ 256GB Wifiモデル ZJV-00045,プラチナ,256GB,Wi-Fi,4549576238630
A06IZDC5OH000,Windowsタブレット本体,Microsoft,Surface Laptop 6,Surface Laptop 6 13.5インチ プラチナ 256GB Wifiモデル ZJY-00045,プラチナ,256GB,Wi-Fi,4549576244624
EKS80IMKBE000,Windowsタブレット本体,Microsoft,Surface Laptop 6,Surface Laptop 6 15インチ ブラック 1TB Wifiモデル ZLW-00020,ブラック,1TB,Wi-Fi,4549576238807
HEIMRVWXKS000,Windowsタブレット本体,Microsoft,Surface Laptop 6,Surface Laptop 6 15インチ ブラック 256GB Wifiモデル ZLG-00020,ブラック,256GB,Wi-Fi,4549576238494
L1VVNE1UOX000,Windowsタブレット本体,Microsoft,Surface Laptop 6,Surface Laptop 6 15インチ ブラック 256GB Wifiモデル ZLP-00020,ブラック,256GB,Wi-Fi,4549576238555
3D2BHU68Q3000,Windowsタブレット本体,Microsoft,Surface Laptop 6,Surface Laptop 6 15インチ ブラック 512GB Wifiモデル EP2-04346,ブラック,512GB,Wi-Fi,4549576247250
L4NVPPJV70000,Windowsタブレット本体,Microsoft,Surface Laptop 6,Surface Laptop 6 15インチ ブラック 512GB Wifiモデル ZLT-00020,ブラック,512GB,Wi-Fi,4549576238784
WOPZX3243Q000,Windowsタブレット本体,Microsoft,Surface Laptop 6,Surface Laptop 6 15インチ プラチナ 256GB Wifiモデル EP2-04345,プラチナ,256GB,Wi-Fi,
FOAU0J298B000,Windowsタブレット本体,Microsoft,Surface Laptop 6,Surface Laptop 6 15インチ プラチナ 256GB Wifiモデル ZLB-00045,プラチナ,256GB,Wi-Fi,4549576238548
1BWU70LIHR000,Windowsタブレット本体,Microsoft,Surface Laptop 6,Surface Laptop 6 15インチ プラチナ 256GB Wifiモデル ZLG-00045,プラチナ,256GB,Wi-Fi,4549576238500
QZHOU71BAE000,Windowsタブレット本体,Microsoft,Surface Laptop 6,Surface Laptop 6 15インチ プラチナ 256GB Wifiモデル ZLP-00045,プラチナ,256GB,Wi-Fi,4549576238562
89LVFT0ZLV000,Windowsタブレット本体,Microsoft,Surface Laptop 6,Surface Laptop 6 15インチ プラチナ 512GB Wifiモデル ZLQ-00045,プラチナ,512GB,Wi-Fi,4549576238753
8L6DZ0CPB1000,Windowsタブレット本体,Microsoft,Surface Laptop Studio 2,Surface Laptop Studio 2 プラチナ 1TB Wifiモデル EP2-19211,プラチナ,1TB,Wi-Fi,4549576252346
5ZH74D6FWO000,Windowsタブレット本体,Microsoft,Surface Laptop Studio 2,Surface Laptop Studio 2 プラチナ 1TB Wifiモデル EP2-19212,プラチナ,1TB,Wi-Fi,4549576252353
RWN9SNOHJR000,Windowsタブレット本体,Microsoft,Surface Laptop Studio 2,Surface Laptop Studio 2 プラチナ 1TB Wifiモデル Z1I-00018,プラチナ,1TB,Wi-Fi,4549576218519
IYTGCWOGX7000,Windowsタブレット本体,Microsoft,Surface Laptop Studio 2,Surface Laptop Studio 2 プラチナ 1TB Wifiモデル Z1J-00018,プラチナ,1TB,Wi-Fi,4549576218618
YQSQJ27J4G000,Windowsタブレット本体,Microsoft,Surface Laptop Studio 2,Surface Laptop Studio 2 プラチナ 1TB Wifiモデル Z1S-00018,プラチナ,1TB,Wi-Fi,4549576218526
IY1BF4MJHR000,Windowsタブレット本体,Microsoft,Surface Laptop Studio 2,Surface Laptop Studio 2 プラチナ 1TB Wifiモデル Z1T-00018,プラチナ,1TB,Wi-Fi,4549576218595
K4S413WZ0Q000,Windowsタブレット本体,Microsoft,Surface Laptop Studio 2,Surface Laptop Studio 2 プラチナ 1TB Wifiモデル Z2F-00018,プラチナ,1TB,Wi-Fi,4549576218656
1M5LP30PAZ000,Windowsタブレット本体,Microsoft,Surface Laptop Studio 2,Surface Laptop Studio 2 プラチナ 1TB Wifiモデル Z2F-00026,プラチナ,1TB,Wi-Fi,4549576230405
BB94CW4C1J000,Windowsタブレット本体,Microsoft,Surface Laptop Studio 2,Surface Laptop Studio 2 プラチナ 2TB Wifiモデル Z4H-00018,プラチナ,2TB,Wi-Fi,4549576218670
GBJ1683GZX000,Windowsタブレット本体,Microsoft,Surface Laptop Studio 2,Surface Laptop Studio 2 プラチナ 512GB Wifiモデル EP2-19208,プラチナ,512GB,Wi-Fi,4549576252315
V7C2159POS000,Windowsタブレット本体,Microsoft,Surface Laptop Studio 2,Surface Laptop Studio 2 プラチナ 512GB Wifiモデル EP2-19209,プラチナ,512GB,Wi-Fi,4549576252322
I6CJPEFRZR000,Windowsタブレット本体,Microsoft,Surface Laptop Studio 2,Surface Laptop Studio 2 プラチナ 512GB Wifiモデル YZY-00018,プラチナ,512GB,Wi-Fi,4549576218298
2Y511GCXIG000,Windowsタブレット本体,Microsoft,Surface Laptop Studio 2,Surface Laptop Studio 2 プラチナ 512GB Wifiモデル YZZ-00018,プラチナ,512GB,Wi-Fi,4549576218601
088W194SJF000,Windowsタブレット本体,Microsoft,Surface Laptop Studio 2,Surface Laptop Studio 2 プラチナ 512GB Wifiモデル ZRF-00018,プラチナ,512GB,Wi-Fi,4549576224398
DINJQIIE5F000,Windowsタブレット本体,Microsoft,Surface Laptop 第7世代,Surface Laptop with 5G 第7世代 13.8インチ プラチナ 512GB セルラーモデル EP2-36433,プラチナ,512GB,Wi-Fi + Cellular,4549576268453
PWY42LI5M8000,Windowsタブレット本体,Microsoft,Surface Laptop 第7世代,Surface Laptop 第7世代 13.8インチ サファイア 1TB Wifiモデル EP2-18295,サファイア,1TB,Wi-Fi,4549576251639
A417JW6008000,Windowsタブレット本体,Microsoft,Surface Laptop 第7世代,Surface Laptop 第7世代 13.8インチ サファイア 512GB Wifiモデル EP2-18285,サファイア,512GB,Wi-Fi,4549576251530
FODB53KCGZ000,Windowsタブレット本体,Microsoft,Surface Laptop 第7世代,Surface Laptop 第7世代 13.8インチ サファイア 512GB Wifiモデル EP2-18289,サファイア,512GB,Wi-Fi,4549576251578
88RZ4562P8000,Windowsタブレット本体,Microsoft,Surface Laptop 第7世代,Surface Laptop 第7世代 13.8インチ サファイア 512GB Wifiモデル EP2-29575,サファイア,512GB,Wi-Fi,4549576261911
O9U84BCO3F000,Windowsタブレット本体,Microsoft,Surface Laptop 第7世代,Surface Laptop 第7世代 13.8インチ サファイア 512GB Wifiモデル ZGM-00072,サファイア,512GB,Wi-Fi,4549576239200
3C05CWMSLK000,Windowsタブレット本体,Microsoft,Surface Laptop 第7世代,Surface Laptop 第7世代 13.8インチ サファイア 512GB Wifiモデル ZGP-00072,サファイア,512GB,Wi-Fi,4549576239217
DHVCW951F1000,Windowsタブレット本体,Microsoft,Surface Laptop 第7世代,Surface Laptop 第7世代 13.8インチ デューン 1TB Wifiモデル EP2-18293,デューン,1TB,Wi-Fi,4549576251615
SC1562OZX9000,Windowsタブレット本体,Microsoft,Surface Laptop 第7世代,Surface Laptop 第7世代 13.8インチ デューン 512GB Wifiモデル EP2-18283,デューン,512GB,Wi-Fi,4549576251516
B683ZNZWMY000,Windowsタブレット本体,Microsoft,Surface Laptop 第7世代,Surface Laptop 第7世代 13.8インチ デューン 512GB Wifiモデル EP2-18287,デューン,512GB,Wi-Fi,4549576251554
V4KGU6GTMX000,Windowsタブレット本体,Microsoft,Surface Laptop 第7世代,Surface Laptop 第7世代 13.8インチ デューン 512GB Wifiモデル ZGM-00036,デューン,512GB,Wi-Fi,4549576239002
O7RHZZ45AY000,Windowsタブレット本体,Microsoft,Surface Laptop 第7世代,Surface Laptop 第7世代 13.8インチ デューン 512GB Wifiモデル ZGP-00036,デューン,512GB,Wi-Fi,4549576239019
41EDM9U85W000,Windowsタブレット本体,Microsoft,Surface Laptop 第7世代,Surface Laptop 第7世代 13.8インチ ブラック 1TB Wifiモデル EP2-18291,ブラック,1TB,Wi-Fi,4549576251592
32TEF0HJZ9000,Windowsタブレット本体,Microsoft,Surface Laptop 第7世代,Surface Laptop 第7世代 13.8インチ ブラック 1TB Wifiモデル EP2-18294,ブラック,1TB,Wi-Fi,4549576251622
DFM2HHMM32000,Windowsタブレット本体,Microsoft,Surface Laptop 第7世代,Surface Laptop 第7世代 13.8インチ ブラック 1TB Wifiモデル ZXX-00056,ブラック,1TB,Wi-Fi,4549576239132
64GYKFRMC7000,Windowsタブレット本体,Microsoft,Surface Laptop 第7世代,Surface Laptop 第7世代 13.8インチ ブラック 512GB Wifiモデル EP2-18284,ブラック,512GB,Wi-Fi,4549576251523
F9DVN6POEI000,Windowsタブレット本体,Microsoft,Surface Laptop 第7世代,Surface Laptop 第7世代 13.8インチ ブラック 512GB Wifiモデル EP2-18288,ブラック,512GB,Wi-Fi,4549576251561
4U4391ZVDI000,Windowsタブレット本体,Microsoft,Surface Laptop 第7世代,Surface Laptop 第7世代 13.8インチ ブラック 512GB Wifiモデル ZGM-00056,ブラック,512GB,Wi-Fi,4549576239101
KJ7NW5MWWO000,Windowsタブレット本体,Microsoft,Surface Laptop 第7世代,Surface Laptop 第7世代 13.8インチ ブラック 512GB Wifiモデル ZGP-00056,ブラック,512GB,Wi-Fi,4549576239118
SSNZ694DJ0000,Windowsタブレット本体,Microsoft,Surface Laptop 第7世代,Surface Laptop 第7世代 13.8インチ ブラック 512GB Wifiモデル ZGZ-00057,ブラック,512GB,Wi-Fi,4549576239040
4OJC87QI2V000,Windowsタブレット本体,Microsoft,Surface Laptop 第7世代,Surface Laptop 第7世代 13.8インチ プラチナ 1TB Wifiモデル EP2-18292,プラチナ,1TB,Wi-Fi,4549576251608
GLRH1IH88Y000,Windowsタブレット本体,Microsoft,Surface Laptop 第7世代,Surface Laptop 第7世代 13.8インチ プラチナ 256GB Wifiモデル EP2-18290,プラチナ,256GB,Wi-Fi,4549576251585
Q57F9EIZ1F000,Windowsタブレット本体,Microsoft,Surface Laptop 第7世代,Surface Laptop 第7世代 13.8インチ プラチナ 256GB Wifiモデル ZGJ-00020,プラチナ,256GB,Wi-Fi,4549576238845
PV3DM06XZL000,Windowsタブレット本体,Microsoft,Surface Laptop 第7世代,Surface Laptop 第7世代 13.8インチ プラチナ 512GB Wifiモデル EP2-18282,プラチナ,512GB,Wi-Fi,4549576251509
4EIPMSX7PL000,Windowsタブレット本体,Microsoft,Surface Laptop 第7世代,Surface Laptop 第7世代 13.8インチ プラチナ 512GB Wifiモデル EP2-18286,プラチナ,512GB,Wi-Fi,4549576251547
ZXW6PD6NML000,Windowsタブレット本体,Microsoft,Surface Laptop 第7世代,Surface Laptop 第7世代 13.8インチ プラチナ 512GB Wifiモデル ZGM-00020,プラチナ,512GB,Wi-Fi,4549576238913
2BY6QEJH44000,Windowsタブレット本体,Microsoft,Surface Laptop 第7世代,Surface Laptop 第7世代 13.8インチ プラチナ 512GB Wifiモデル ZGP-00020,プラチナ,512GB,Wi-Fi,4549576238920
8C9UW01N7L000,Windowsタブレット本体,Microsoft,Surface Laptop 第7世代,Surface Laptop 第7世代 13インチ オーシャングリーン 512GB Wifiモデル EP2-30740,オーシャングリーン,512GB,Wi-Fi,
0KCS9LNDRT000,Windowsタブレット本体,Microsoft,Surface Laptop 第7世代,Surface Laptop 第7世代 13インチ バイオレット 512GB Wifiモデル EP2-30351,バイオレット,512GB,Wi-Fi,
W2S4V4S1I4000,Windowsタブレット本体,Microsoft,Surface Laptop 第7世代,Surface Laptop 第7世代 13インチ プラチナ 256GB Wifiモデル EP2-31820,プラチナ,256GB,Wi-Fi,4549576264905
XCN5W9PA8A000,Windowsタブレット本体,Microsoft,Surface Laptop 第7世代,Surface Laptop 第7世代 13インチ プラチナ 256GB Wifiモデル EP2-36993,プラチナ,256GB,Wi-Fi,4549576268545
VYT4PJ4H7B000,Windowsタブレット本体,Microsoft,Surface Laptop 第7世代,Surface Laptop 第7世代 13インチ プラチナ 512GB Wifiモデル EP2-31850,プラチナ,512GB,Wi-Fi,4549576264943
9JH4BLQ24O000,Windowsタブレット本体,Microsoft,Surface Laptop 第7世代,Surface Laptop 第7世代 13インチ プラチナ 512GB Wifiモデル EP2-31937,プラチナ,512GB,Wi-Fi,
84H5NBKHGU000,Windowsタブレット本体,Microsoft,Surface Laptop 第7世代,Surface Laptop 第7世代 15インチ ブラック 1TB Wifiモデル EP2-18315,ブラック,1TB,Wi-Fi,4549576251776
FB614WSPQY000,Windowsタブレット本体,Microsoft,Surface Laptop 第7世代,Surface Laptop 第7世代 15インチ ブラック 1TB Wifiモデル EP2-18316,ブラック,1TB,Wi-Fi,4549576251783
2WXAY6S38R000,Windowsタブレット本体,Microsoft,Surface Laptop 第7世代,Surface Laptop 第7世代 15インチ ブラック 1TB Wifiモデル ZHR-00020,ブラック,1TB,Wi-Fi,4549576239088
XIOBKWSU7T000,Windowsタブレット本体,Microsoft,Surface Laptop 第7世代,Surface Laptop 第7世代 15インチ ブラック 512GB Wifiモデル EP2-18314,ブラック,512GB,Wi-Fi,4549576251769
5U9B9U5XYY000,Windowsタブレット本体,Microsoft,Surface Laptop 第7世代,Surface Laptop 第7世代 15インチ ブラック 512GB Wifiモデル ZHH-00045,ブラック,512GB,Wi-Fi,4549576239149
FRV06A953Y000,Windowsタブレット本体,Microsoft,Surface Laptop 第7世代,Surface Laptop 第7世代 15インチ プラチナ 1TB Wifiモデル EP2-18317,プラチナ,1TB,Wi-Fi,4549576251790
N78PAXJ1KX000,Windowsタブレット本体,Microsoft,Surface Laptop 第7世代,Surface Laptop 第7世代 15インチ プラチナ 256GB Wifiモデル EP2-18312,プラチナ,256GB,Wi-Fi,4549576251745
VW425DKQKY000,Windowsタブレット本体,Microsoft,Surface Laptop 第7世代,Surface Laptop 第7世代 15インチ プラチナ 256GB Wifiモデル ZHG-00020,プラチナ,256GB,Wi-Fi,4549576238944
9IK9Z0OJ1W000,Windowsタブレット本体,Microsoft,Surface Laptop 第7世代,Surface Laptop 第7世代 15インチ プラチナ 512GB Wifiモデル EP2-18313,プラチナ,512GB,Wi-Fi,4549576251752
4Y7TK75TT8000,Windowsタブレット本体,Microsoft,Surface Laptop 第7世代,Surface Laptop 第7世代 15インチ プラチナ 512GB Wifiモデル ZHH-00020,プラチナ,512GB,Wi-Fi,4549576238951
HUBR2H451Z000,Windowsタブレット本体,Microsoft,Surface Pro 12インチ,Surface Pro 12インチ オーシャン グリーン 512GB Wifiモデル EP2-27779,オーシャングリーン,512GB,Wi-Fi,4549576257051
O3WHUYJ291000,Windowsタブレット本体,Microsoft,Surface Pro 12インチ,Surface Pro 12インチ バイオレット 512GB Wifiモデル EP2-27747,バイオレット,512GB,Wi-Fi,4549576257037
NSDSSTSGVG000,Windowsタブレット本体,Microsoft,Surface Pro 12インチ,Surface Pro 12インチ プラチナ 1TB Wifiモデル EP2-27309,プラチナ,1TB,Wi-Fi,4549576256986
5R49ML8GLQ000,Windowsタブレット本体,Microsoft,Surface Pro 12インチ,Surface Pro 12インチ プラチナ 256GB Wifiモデル EP2-27273,プラチナ,256GB,Wi-Fi,4549576256955
AUKETQX8VC000,Windowsタブレット本体,Microsoft,Surface Pro 12インチ,Surface Pro 12インチ プラチナ 256GB Wifiモデル EP2-27651,プラチナ,256GB,Wi-Fi,4549576256993
V4JN3C2LEQ000,Windowsタブレット本体,Microsoft,Surface Pro 12インチ,Surface Pro 12インチ プラチナ 512GB Wifiモデル EP2-27285,プラチナ,512GB,Wi-Fi,4549576256962
YG7FY4NE61000,Windowsタブレット本体,Microsoft,Surface Pro 12インチ,Surface Pro 12インチ プラチナ 512GB Wifiモデル EP2-27667,プラチナ,512GB,Wi-Fi,4549576257006
FDABAWA4CI000,Windowsタブレット本体,Microsoft,Surface Pro 6,Surface Pro 6 プラチナ 128GB Wifiモデル LGP-00014,プラチナ,128GB,Wi-Fi,
QTBNG6ORZ5000,Windowsタブレット本体,Microsoft,Surface Pro 6,Surface Pro 6 プラチナ 128GB Wifiモデル LGP-00017,プラチナ,128GB,Wi-Fi,
QG1HMBZOHM000,Windowsタブレット本体,Microsoft,Surface Pro 7,Surface Pro 7 プラチナ 128GB Wifiモデル QWT-00006,プラチナ,128GB,Wi-Fi,
IQLAL9P3C0000,Windowsタブレット本体,Microsoft,Surface Pro 7,Surface Pro 7 プラチナ 256GB Wifiモデル PUV-00014,プラチナ,256GB,Wi-Fi,
IP5Y192L9X000,Windowsタブレット本体,Microsoft,Surface Pro 7,Surface Pro 7 マットブラック 256GB Wifiモデル PUV-00027,マットブラック,256GB,Wi-Fi,
2JATV1C094000,Windowsタブレット本体,Microsoft,Surface Pro 8,Surface Pro 8 グラファイト 256GB Wifiモデル 8PQ-00026,グラファイト,256GB,Wi-Fi,4549576178677
HQNKQP7Q4G000,Windowsタブレット本体,Microsoft,Surface Pro 8,Surface Pro 8 グラファイト 256GB Wifiモデル 8PR-00026,グラファイト,256GB,Wi-Fi,4549576178868
9KNZADDD4W000,Windowsタブレット本体,Microsoft,Surface Pro 8,Surface Pro 8 プラチナ 128GB Wifiモデル IUR-00006,プラチナ,128GB,Wi-Fi,4549576187143
JUPZUHGXWR000,Windowsタブレット本体,Microsoft,Surface Pro 8,Surface Pro 8 プラチナ 256GB Wifiモデル 8PQ-00010,プラチナ,256GB,Wi-Fi,
CLYVB94EW5000,Windowsタブレット本体,Microsoft,Surface Pro 8,Surface Pro 8 プラチナ 256GB Wifiモデル 8PR-00010,プラチナ,256GB,Wi-Fi,
31RZX3175V000,Windowsタブレット本体,Microsoft,Surface Pro 8,Surface Pro 8 プラチナ 256GB Wifiモデル 8PR-00042,プラチナ,256GB,Wi-Fi,4549576181844
OJJF32X2YH000,Windowsタブレット本体,Microsoft,Surface Pro 8,Surface Pro 8 プラチナ 256GB Wifiモデル 8PV-00010,プラチナ,256GB,Wi-Fi,4549576178721
RB8H1T9JKC000,Windowsタブレット本体,Microsoft,Surface Pro 9,Surface Pro 9 with 5G プラチナ 128GB セルラーモデル RS8-00009,プラチナ,128GB,Wi-Fi + Cellular,4549576195438
X246JS3592000,Windowsタブレット本体,Microsoft,Surface Pro 9,Surface Pro 9 with 5G プラチナ 256GB セルラーモデル RU8-00010,プラチナ,256GB,Wi-Fi + Cellular,4549576195407
ZMETESPTZU000,Windowsタブレット本体,Microsoft,Surface Pro 9,Surface Pro 9 with 5G プラチナ 256GB セルラーモデル RW8-00009,プラチナ,256GB,Wi-Fi + Cellular,4549576195452
VINDOGWFXY000,Windowsタブレット本体,Microsoft,Surface Pro 9,Surface Pro 9 with 5G プラチナ 256GB セルラーモデル RXI-00009,プラチナ,256GB,Wi-Fi + Cellular,
ZH434Y7EWR000,Windowsタブレット本体,Microsoft,Surface Pro 9,Surface Pro 9 グラファイト 256GB Wifiモデル QEZ-00028,グラファイト,256GB,Wi-Fi,4549576197517
WL9MM6T54P000,Windowsタブレット本体,Microsoft,Surface Pro 9,Surface Pro 9 グラファイト 256GB Wifiモデル QF1-00028,グラファイト,256GB,Wi-Fi,4549576197623
JJKE6JLG1C000,Windowsタブレット本体,Microsoft,Surface Pro 9,Surface Pro 9 グラファイト 256GB Wifiモデル QIA-00028,グラファイト,256GB,Wi-Fi,4549576197647
PSST244QD1000,Windowsタブレット本体,Microsoft,Surface Pro 9,Surface Pro 9 グラファイト 256GB Wifiモデル QIL-00028,グラファイト,256GB,Wi-Fi,4549576197548
XJ2F7SQ07B000,Windowsタブレット本体,Microsoft,Surface Pro 9,Surface Pro 9 グラファイト 256GB Wifiモデル QIM-00026,グラファイト,256GB,Wi-Fi,4549576197654
ID1NNGTKPO000,Windowsタブレット本体,Microsoft,Surface Pro 9,Surface Pro 9 グラファイト 256GB Wifiモデル S1W-00029,グラファイト,256GB,Wi-Fi,4549576197579
F7F7U9DNUJ000,Windowsタブレット本体,Microsoft,Surface Pro 9,Surface Pro 9 グラファイト 256GB Wifiモデル S7B-00029,グラファイト,256GB,Wi-Fi,4549576197593
3PIHS2XLB4000,Windowsタブレット本体,Microsoft,Surface Pro 9,Surface Pro 9 グラファイト 256GB Wifiモデル S8G-00027,グラファイト,256GB,Wi-Fi,4549576197609
NMKWIZBC46000,Windowsタブレット本体,Microsoft,Surface Pro 9,Surface Pro 9 グラファイト 512GB Wifiモデル QIY-00026,グラファイト,512GB,Wi-Fi,4549576197661
24B6A6RFRY000,Windowsタブレット本体,Microsoft,Surface Pro 9,Surface Pro 9 グラファイト 512GB Wifiモデル S8N-00027,グラファイト,512GB,Wi-Fi,4549576197616
RB8EJMBLJ8000,Windowsタブレット本体,Microsoft,Surface Pro 9,Surface Pro 9 サファイヤ 256GB Wifiモデル QIM-00042,サファイア,256GB,Wi-Fi,4549576199955
1ZA827ALPO000,Windowsタブレット本体,Microsoft,Surface Pro 9,Surface Pro 9 サファイヤ 256GB Wifiモデル S8G-00043,サファイア,256GB,Wi-Fi,4549576199900
DUQA9I77MY000,Windowsタブレット本体,Microsoft,Surface Pro 9,Surface Pro 9 フォレスト 256GB Wifiモデル QIM-00058,フォレスト,256GB,Wi-Fi,4549576206561
KJ6L0KP9WC000,Windowsタブレット本体,Microsoft,Surface Pro 9,Surface Pro 9 フォレスト 256GB Wifiモデル S8G-00059,フォレスト,256GB,Wi-Fi,4549576206516
XJJP52BJYZ000,Windowsタブレット本体,Microsoft,Surface Pro 9,Surface Pro 9 プラチナ 128GB Wifiモデル QCH-00011,プラチナ,128GB,Wi-Fi,4549576197289
Y0PRCSUYKJ000,Windowsタブレット本体,Microsoft,Surface Pro 9,Surface Pro 9 プラチナ 128GB Wifiモデル S1P-00011,プラチナ,128GB,Wi-Fi,4549576195889
SU1JCEC4C3000,Windowsタブレット本体,Microsoft,Surface Pro 9,Surface Pro 9 プラチナ 1TB Wifiモデル QKV-00010,プラチナ,1TB,Wi-Fi,4549576197340
G4CQ4A0S7A000,Windowsタブレット本体,Microsoft,Surface Pro 9,Surface Pro 9 プラチナ 1TB Wifiモデル QLQ-00010,プラチナ,1TB,Wi-Fi,4549576197357
0HPWJXOT9Q000,Windowsタブレット本体,Microsoft,Surface Pro 9,Surface Pro 9 プラチナ 1TB Wifiモデル S8V-00010,プラチナ,1TB,Wi-Fi,4549576197005
4AQ76MUEHM000,Windowsタブレット本体,Microsoft,Surface Pro 9,Surface Pro 9 プラチナ 1TB Wifiモデル SA1-00010,プラチナ,1TB,Wi-Fi,4549576197012
HVZ2RRAJZM000,Windowsタブレット本体,Microsoft,Surface Pro 9,Surface Pro 9 プラチナ 256GB Wifiモデル QEZ-00011,プラチナ,256GB,Wi-Fi,4549576195797
P3W8O2JQCN000,Windowsタブレット本体,Microsoft,Surface Pro 9,Surface Pro 9 プラチナ 256GB Wifiモデル QF1-00011,プラチナ,256GB,Wi-Fi,4549576197296
TKFZJHPND8000,Windowsタブレット本体,Microsoft,Surface Pro 9,Surface Pro 9 プラチナ 256GB Wifiモデル QIA-00011,プラチナ,256GB,Wi-Fi,4549576197302
J8EX916PB5000,Windowsタブレット本体,Microsoft,Surface Pro 9,Surface Pro 9 プラチナ 256GB Wifiモデル QIL-00011,プラチナ,256GB,Wi-Fi,4549576195834
XE9SNJ75RM000,Windowsタブレット本体,Microsoft,Surface Pro 9,Surface Pro 9 プラチナ 256GB Wifiモデル QIM-00010,プラチナ,256GB,Wi-Fi,4549576197326
JHW4VV2NF2000,Windowsタブレット本体,Microsoft,Surface Pro 9,Surface Pro 9 プラチナ 256GB Wifiモデル S1W-00011,プラチナ,256GB,Wi-Fi,4549576195896
TQ1SMYE3BG000,Windowsタブレット本体,Microsoft,Surface Pro 9,Surface Pro 9 プラチナ 256GB Wifiモデル S7B-00011,プラチナ,256GB,Wi-Fi,4549576196138
JRXBPH1Z29000,Windowsタブレット本体,Microsoft,Surface Pro 9,Surface Pro 9 プラチナ 256GB Wifiモデル S8G-00010,プラチナ,256GB,Wi-Fi,4549576196985
ULFR1KCG3J000,Windowsタブレット本体,Microsoft,Surface Pro 9,Surface Pro 9 プラチナ 512GB Wifiモデル QIX-00011,プラチナ,512GB,Wi-Fi,4549576195841
1M1LP144BB000,Windowsタブレット本体,Microsoft,Surface Pro 9,Surface Pro 9 プラチナ 512GB Wifiモデル QIY-00010,プラチナ,512GB,Wi-Fi,4549576197333
9H49D4IHGO000,Windowsタブレット本体,Microsoft,Surface Pro 9,Surface Pro 9 プラチナ 512GB Wifiモデル S8N-00010,プラチナ,512GB,Wi-Fi,4549576196992
RXJ5ZX6TB4000,Windowsタブレット本体,Microsoft,Surface Pro 第11世代,Surface Pro 第11世代 13インチ ブラック 1TB Wifiモデル ZIB-00028,ブラック,1TB,Wi-Fi,4549576241616
FZWEBJX962000,Windowsタブレット本体,Microsoft,Surface Pro 第11世代,Surface Pro 第11世代 13インチ ブラック 256GB Wifiモデル EP2-20085,ブラック,256GB,Wi-Fi,4549576254562
9HJ6CE0IF6000,Windowsタブレット本体,Microsoft,Surface Pro 第11世代,Surface Pro 第11世代 13インチ ブラック 256GB Wifiモデル EP2-20187,ブラック,256GB,Wi-Fi,4549576254623
S8BLN6KKNN000,Windowsタブレット本体,Microsoft,Surface Pro 第11世代,Surface Pro 第11世代 13インチ ブラック 512GB Wifiモデル ZHY-00029,ブラック,512GB,Wi-Fi,4549576239446
OU07O99M5P000,Windowsタブレット本体,Microsoft,Surface Pro 第11世代,Surface Pro 第11世代 13インチ ブラック 512GB Wifiモデル ZIN-00029,ブラック,512GB,Wi-Fi,4549576239422
OBXF166SFW000,Windowsタブレット本体,Microsoft,Surface Pro 第11世代,Surface Pro 第11世代 13インチ プラチナ 1TB Wifiモデル EP2-20068,プラチナ,1TB,Wi-Fi,4549576254555
BY7IX9UTBR000,Windowsタブレット本体,Microsoft,Surface Pro 第11世代,Surface Pro 第11世代 13インチ プラチナ 1TB Wifiモデル ZIB-00011,プラチナ,1TB,Wi-Fi,4549576239361
BJNL9VUCNJ000,Windowsタブレット本体,Microsoft,Surface Pro 第11世代,Surface Pro 第11世代 13インチ プラチナ 1TB Wifiモデル ZIR-00011,プラチナ,1TB,Wi-Fi,4549576239347
GJSWG6GEUO000,Windowsタブレット本体,Microsoft,Surface Pro 第11世代,Surface Pro 第11世代 13インチ プラチナ 256GB Wifiモデル EP2-20102,プラチナ,256GB,Wi-Fi,4549576254579
QKYCWMG5TZ000,Windowsタブレット本体,Microsoft,Surface Pro 第11世代,Surface Pro 第11世代 13インチ プラチナ 256GB Wifiモデル EP2-20204,プラチナ,256GB,Wi-Fi,4549576254630
UDINJYZ4E5000,Windowsタブレット本体,Microsoft,Surface Pro 第11世代,Surface Pro 第11世代 13インチ プラチナ 256GB Wifiモデル ZHX-00011,プラチナ,256GB,Wi-Fi,4549576239309
BE220UH1NK000,Windowsタブレット本体,Microsoft,Surface Pro 第11世代,Surface Pro 第11世代 13インチ プラチナ 256GB セルラーモデル ZEW-00011,プラチナ,256GB,Wi-Fi + Cellular,4549576240756
0VT0OSP10X000,Windowsタブレット本体,Microsoft,Surface Pro 第11世代,Surface Pro 第11世代 13インチ プラチナ 512GB Wifiモデル EP2-20040,プラチナ,512GB,Wi-Fi,4549576254548
GLUYKPWW59000,Windowsタブレット本体,Microsoft,Surface Pro 第11世代,Surface Pro 第11世代 13インチ プラチナ 512GB Wifiモデル EP2-20136,プラチナ,512GB,Wi-Fi,4549576254593
4HJ38V4BLF000,Windowsタブレット本体,Microsoft,Surface Pro 第11世代,Surface Pro 第11世代 13インチ プラチナ 512GB Wifiモデル EP2-20238,プラチナ,512GB,Wi-Fi,4549576254654
JEYFEF6HVU000,Windowsタブレット本体,Microsoft,Surface Pro 第11世代,Surface Pro 第11世代 13インチ プラチナ 512GB Wifiモデル ZHY-00011,プラチナ,512GB,Wi-Fi,4549576239316
DP842KHATP000,Windowsタブレット本体,Microsoft,Surface Pro 第11世代,Surface Pro 第11世代 13インチ プラチナ 512GB Wifiモデル ZIN-00011,プラチナ,512GB,Wi-Fi,4549576239323
VOJFUXFU9U000,Windowsタブレット本体,Microsoft,Surface Pro 第11世代,Surface Pro 第11世代 13インチ プラチナ 512GB セルラーモデル ZFB-00011,プラチナ,512GB,Wi-Fi + Cellular,4549576240763
D24RKGCISC000,MacBook本体,Apple,MacBook Air Intel Core i3,MacBook Air 13.3インチ ゴールド Intel Core i3 8GB 256GB JIS 2020 MWTL2J/A,ゴールド,256GB,,4549995096170
EYGZDU2T77000,MacBook本体,Apple,MacBook Air Intel Core i3,MacBook Air 13.3インチ ゴールド Intel Core i3 8GB 256GB US 2020 CTOMWTL2J/A,ゴールド,256GB,,
R7XYHXP4B8000,MacBook本体,Apple,MacBook Air Intel Core i5,MacBook Air 13.3インチ ゴールド Intel Core i5 8GB 512GB JIS 2020 MVH52J/A,ゴールド,512GB,,4549995096125
BBQ04971YD000,MacBook本体,Apple,MacBook Air Intel Core i5,MacBook Air 13.3インチ ゴールド Intel Core i5 8GB 512GB US 2020 CTOMVH52J/A,ゴールド,512GB,,
QFJRPAOG1N000,MacBook本体,Apple,MacBook Air M1,MacBook Air 13.3インチ ゴールド M1 8GB 256GB JIS 2020 MGND3J/A,ゴールド,256GB,,4549995186673
SYOHBCPB5L000,MacBook本体,Apple,MacBook Air M1,MacBook Air 13.3インチ ゴールド M1 8GB 256GB US 2020 CTOMGND3J/A,ゴールド,256GB,,
YL7ONQVJV7000,MacBook本体,Apple,MacBook Air M1,MacBook Air 13.3インチ ゴールド M1 8GB 512GB JIS 2020 MGNE3J/A,ゴールド,512GB,,4549995186697
0ASUKTSGBS000,MacBook本体,Apple,MacBook Air M1,MacBook Air 13.3インチ ゴールド M1 8GB 512GB US 2020 CTOMGNE3J/A,ゴールド,512GB,,
YXY9Q9UIA4000,MacBook本体,Apple,MacBook Air Intel Core i3,MacBook Air 13.3インチ シルバー Intel Core i3 8GB 256GB JIS 2020 MWTK2J/A,シルバー,256GB,,4549995096163
YI0S0QO97F000,MacBook本体,Apple,MacBook Air Intel Core i3,MacBook Air 13.3インチ シルバー Intel Core i3 8GB 256GB US 2020 CTOMWTK2J/A,シルバー,256GB,,
28COTKKDPU000,MacBook本体,Apple,MacBook Air Intel Core i5,MacBook Air 13.3インチ シルバー Intel Core i5 8GB 512GB JIS 2020 MVH42J/A,シルバー,512GB,,4549995096118
1MIKLBBVGI000,MacBook本体,Apple,MacBook Air Intel Core i5,MacBook Air 13.3インチ シルバー Intel Core i5 8GB 512GB US 2020 CTOMVH42J/A,シルバー,512GB,,
41107MLAUG000,MacBook本体,Apple,MacBook Air M1,MacBook Air 13.3インチ シルバー M1 8GB 256GB JIS 2020 MGN93J/A,シルバー,256GB,,4549995186611
S4VUC4QJG5000,MacBook本体,Apple,MacBook Air M1,MacBook Air 13.3インチ シルバー M1 8GB 256GB US 2020 CTOMGN93J/A,シルバー,256GB,,
KJ0O4RPE3P000,MacBook本体,Apple,MacBook Air M1,MacBook Air 13.3インチ シルバー M1 8GB 512GB JIS 2020 MGNA3J/A,シルバー,512GB,,4549995186635
YR7WMOI2MB000,MacBook本体,Apple,MacBook Air M1,MacBook Air 13.3インチ シルバー M1 8GB 512GB US 2020 CTOMGNA3J/A,シルバー,512GB,,
HJCX8PT9UC000,MacBook本体,Apple,MacBook Air Intel Core i3,MacBook Air 13.3インチ スペースグレイ Intel Core i3 8GB 256GB JIS 2020 MWTJ2J/A,スペースグレイ,256GB,,4549995096156
Y30HGO5X5B000,MacBook本体,Apple,MacBook Air Intel Core i3,MacBook Air 13.3インチ スペースグレイ Intel Core i3 8GB 256GB US 2020 CTOMWTJ2J/A,スペースグレイ,256GB,,
YHVVEQAV4X000,MacBook本体,Apple,MacBook Air Intel Core i5,MacBook Air 13.3インチ スペースグレイ Intel Core i5 8GB 512GB JIS 2020 MVH22J/A,スペースグレイ,512GB,,4549995096101
4YRWUM6AV4000,MacBook本体,Apple,MacBook Air Intel Core i5,MacBook Air 13.3インチ スペースグレイ Intel Core i5 8GB 512GB US 2020 CTOMVH22J/A,スペースグレイ,512GB,,
T7JNLSK01N000,MacBook本体,Apple,MacBook Air M1,MacBook Air 13.3インチ スペースグレイ M1 8GB 256GB JIS 2020 MGN63J/A,スペースグレイ,256GB,,4549995186550
FK3Q4V5JMA000,MacBook本体,Apple,MacBook Air M1,MacBook Air 13.3インチ スペースグレイ M1 8GB 256GB US 2020 CTOMGN63J/A,スペースグレイ,256GB,,
XALWMM5IG8000,MacBook本体,Apple,MacBook Air M1,MacBook Air 13.3インチ スペースグレイ M1 8GB 512GB JIS 2020 MGN73J/A,スペースグレイ,512GB,,4549995186574
AMB25IOEMM000,MacBook本体,Apple,MacBook Air M1,MacBook Air 13.3インチ スペースグレイ M1 8GB 512GB US 2020 CTOMGN73J/A,スペースグレイ,512GB,,
YT0H8C4147000,MacBook本体,Apple,MacBook Air M2,MacBook Air 13.6インチ シルバー M2 16GB 256GB JIS 2022 MC7V4J/A,シルバー,256GB,,4549995551389
33SP44410I000,MacBook本体,Apple,MacBook Air M2,MacBook Air 13.6インチ シルバー M2 16GB 256GB US 2022 CTOMC7V4J/A,シルバー,256GB,,
415RZ8X9DK000,MacBook本体,Apple,MacBook Air M2,MacBook Air 13.6インチ シルバー M2 8GB 256GB JIS 2022 MLXY3J/A,シルバー,256GB,,4549995325478
OH2ZSY7QTK000,MacBook本体,Apple,MacBook Air M2,MacBook Air 13.6インチ シルバー M2 8GB 256GB US 2022 CTOMLXY3J/A,シルバー,256GB,,
QZW175X0JN000,MacBook本体,Apple,MacBook Air M2,MacBook Air 13.6インチ シルバー M2 8GB 512GB JIS 2022 MLY03J/A,シルバー,512GB,,4549995325553
ZC2H14BHIP000,MacBook本体,Apple,MacBook Air M2,MacBook Air 13.6インチ シルバー M2 8GB 512GB US 2022 CTOMLY03J/A,シルバー,512GB,,
CKGQ0B2NOX000,MacBook本体,Apple,MacBook Air M3,MacBook Air 13.6インチ シルバー M3 16GB 256GB JIS 2024 MC8H4J/A,シルバー,256GB,,4549995551457
A2X09XUH8F000,MacBook本体,Apple,MacBook Air M3,MacBook Air 13.6インチ シルバー M3 16GB 256GB US 2024 CTOMC8H4J/A,シルバー,256GB,,
4WZJFWE8UI000,MacBook本体,Apple,MacBook Air M3,MacBook Air 13.6インチ シルバー M3 16GB 512GB JIS 2024 MXCT3J/A,シルバー,512GB,,4549995514469
M4D44AVUU4000,MacBook本体,Apple,MacBook Air M3,MacBook Air 13.6インチ シルバー M3 16GB 512GB US 2024 CTOMXCT3J/A,シルバー,512GB,,
ZAXO7I43CB000,MacBook本体,Apple,MacBook Air M3,MacBook Air 13.6インチ シルバー M3 24GB 512GB JIS 2024 MC8N4J/A,シルバー,512GB,,4549995551693
2X72FM4312000,MacBook本体,Apple,MacBook Air M3,MacBook Air 13.6インチ シルバー M3 24GB 512GB US 2024 CTOMC8N4J/A,シルバー,512GB,,
ZX6W4IKFAF000,MacBook本体,Apple,MacBook Air M3,MacBook Air 13.6インチ シルバー M3 8GB 256GB JIS 2024 MRXQ3J/A,シルバー,256GB,,4549995446319
KK0KYH4JKB000,MacBook本体,Apple,MacBook Air M3,MacBook Air 13.6インチ シルバー M3 8GB 256GB US 2024 CTOMRXQ3J/A,シルバー,256GB,,
QXFYDYF4UM000,MacBook本体,Apple,MacBook Air M3,MacBook Air 13.6インチ シルバー M3 8GB 512GB JIS 2024 MRXR3J/A,シルバー,512GB,,4549995446333
YMBBS7LVS3000,MacBook本体,Apple,MacBook Air M3,MacBook Air 13.6インチ シルバー M3 8GB 512GB US 2024 CTOMRXR3J/A,シルバー,512GB,,
RKWJ0YYPKV000,MacBook本体,Apple,MacBook Air M4,MacBook Air 13.6インチ シルバー M4 16GB 256GB JIS 2025 MW0W3J/A,シルバー,256GB,,4549995542479
P8WC2HHA19000,MacBook本体,Apple,MacBook Air M4,MacBook Air 13.6インチ シルバー M4 16GB 256GB US 2025 CTOMW0W3J/A,シルバー,256GB,,
5B3D6HBB9B000,MacBook本体,Apple,MacBook Air M4,MacBook Air 13.6インチ シルバー M4 16GB 512GB JIS 2025 MW0X3J/A,シルバー,512GB,,4549995542486
NOWSJY4M10000,MacBook本体,Apple,MacBook Air M4,MacBook Air 13.6インチ シルバー M4 16GB 512GB US 2025 CTOMW0X3J/A,シルバー,512GB,,
8SWCJE4UHN000,MacBook本体,Apple,MacBook Air M4,MacBook Air 13.6インチ シルバー M4 24GB 512GB JIS 2025 MC654J/A,シルバー,512GB,,4549995550504
9G28B1S5WY000,MacBook本体,Apple,MacBook Air M4,MacBook Air 13.6インチ シルバー M4 24GB 512GB US 2025 CTOMC654J/A,シルバー,512GB,,
4POE44FMEK000,MacBook本体,Apple,MacBook Air M5,MacBook Air 13.6インチ シルバー M5 16GB 1TB JIS 2026 MDH84J/A,シルバー,1TB,,4549995656688
W41DYC4Z6E000,MacBook本体,Apple,MacBook Air M5,MacBook Air 13.6インチ シルバー M5 16GB 1TB US 2026 CTOMDH84J/A,シルバー,1TB,,
049FFZPLED000,MacBook本体,Apple,MacBook Air M5,MacBook Air 13.6インチ シルバー M5 16GB 512GB JIS 2026 MDH74J/A,シルバー,512GB,,4549995656664
02SER0CZ4O000,MacBook本体,Apple,MacBook Air M5,MacBook Air 13.6インチ シルバー M5 16GB 512GB US 2026 CTOMDH74J/A,シルバー,512GB,,
S8QHYN7NQB000,MacBook本体,Apple,MacBook Air M5,MacBook Air 13.6インチ シルバー M5 24GB 1TB JIS 2026 MDH94J/A,シルバー,1TB,,4549995656701
GQX11O88GD000,MacBook本体,Apple,MacBook Air M5,MacBook Air 13.6インチ シルバー M5 24GB 1TB US 2026 CTOMDH94J/A,シルバー,1TB,,
44S3UZAU3X000,MacBook本体,Apple,MacBook Air M4,MacBook Air 13.6インチ スカイブルー M4 16GB 256GB JIS 2025 MC6T4J/A,スカイブルー,256GB,,4549995550566
28FMJIO402000,MacBook本体,Apple,MacBook Air M4,MacBook Air 13.6インチ スカイブルー M4 16GB 256GB US 2025 CTOMC6T4J/A,スカイブルー,256GB,,
ZBHSGR5W71000,MacBook本体,Apple,MacBook Air M4,MacBook Air 13.6インチ スカイブルー M4 16GB 512GB JIS 2025 MC6U4J/A,スカイブルー,512GB,,4549995550580
WFE4Z0AK59000,MacBook本体,Apple,MacBook Air M4,MacBook Air 13.6インチ スカイブルー M4 16GB 512GB US 2025 CTOMC6U4J/A,スカイブルー,512GB,,
7C4ZTWK8TI000,MacBook本体,Apple,MacBook Air M4,MacBook Air 13.6インチ スカイブルー M4 24GB 512GB JIS 2025 MC6V4J/A,スカイブルー,512GB,,4549995550603
2BHYD80SSR000,MacBook本体,Apple,MacBook Air M4,MacBook Air 13.6インチ スカイブルー M4 24GB 512GB US 2025 CTOMC6V4J/A,スカイブルー,512GB,,
AN0Q8ZL77R000,MacBook本体,Apple,MacBook Air M5,MacBook Air 13.6インチ スカイブルー M5 16GB 1TB JIS 2026 MDHJ4J/A,スカイブルー,1TB,,4549995656862
OAO69TYSWB000,MacBook本体,Apple,MacBook Air M5,MacBook Air 13.6インチ スカイブルー M5 16GB 1TB US 2026 CTOMDHJ4J/A,スカイブルー,1TB,,
PNWCBCGIWG000,MacBook本体,Apple,MacBook Air M5,MacBook Air 13.6インチ スカイブルー M5 16GB 512GB JIS 2026 MDHH4J/A,スカイブルー,512GB,,4549995656848
GIDRLZGHPA000,MacBook本体,Apple,MacBook Air M5,MacBook Air 13.6インチ スカイブルー M5 16GB 512GB US 2026 CTOMDHH4J/A,スカイブルー,512GB,,
EALBPQ4SCU000,MacBook本体,Apple,MacBook Air M5,MacBook Air 13.6インチ スカイブルー M5 24GB 1TB JIS 2026 MDHK4J/A,スカイブルー,1TB,,4549995656886
Z5U74DFVOZ000,MacBook本体,Apple,MacBook Air M5,MacBook Air 13.6インチ スカイブルー M5 24GB 1TB US 2026 CTOMDHK4J/A,スカイブルー,1TB,,
833LGM13ID000,MacBook本体,Apple,MacBook Air M2,MacBook Air 13.6インチ スターライト M2 16GB 256GB JIS 2022 MC7W4J/A,スターライト,256GB,,4549995551402
VUZ5CDOM41000,MacBook本体,Apple,MacBook Air M2,MacBook Air 13.6インチ スターライト M2 16GB 256GB US 2022 CTOMC7W4J/A,スターライト,256GB,,
81UW404OHL000,MacBook本体,Apple,MacBook Air M2,MacBook Air 13.6インチ スターライト M2 8GB 256GB JIS 2022 MLY13J/A,スターライト,256GB,,4549995325492
ZVFN76QQLP000,MacBook本体,Apple,MacBook Air M2,MacBook Air 13.6インチ スターライト M2 8GB 256GB US 2022 CTOMLY13J/A,スターライト,256GB,,
2PL9QDAOLF000,MacBook本体,Apple,MacBook Air M2,MacBook Air 13.6インチ スターライト M2 8GB 512GB JIS 2022 MLY23J/A,スターライト,512GB,,4549995325577
YJ32LNJEDD000,MacBook本体,Apple,MacBook Air M2,MacBook Air 13.6インチ スターライト M2 8GB 512GB US 2022 CTOMLY23J/A,スターライト,512GB,,
97ROSA6VJ5000,MacBook本体,Apple,MacBook Air M3,MacBook Air 13.6インチ スターライト M3 16GB 256GB JIS 2024 MC8J4J/A,スターライト,256GB,,4549995551464
AH7KB9UC54000,MacBook本体,Apple,MacBook Air M3,MacBook Air 13.6インチ スターライト M3 16GB 256GB US 2024 CTOMC8J4J/A,スターライト,256GB,,
LJ3L7CRWP9000,MacBook本体,Apple,MacBook Air M3,MacBook Air 13.6インチ スターライト M3 16GB 512GB JIS 2024 MXCU3J/A,スターライト,512GB,,4549995514483
5TSGNFUIP9000,MacBook本体,Apple,MacBook Air M3,MacBook Air 13.6インチ スターライト M3 16GB 512GB US 2024 CTOMXCU3J/A,スターライト,512GB,,
K1YNN74X76000,MacBook本体,Apple,MacBook Air M3,MacBook Air 13.6インチ スターライト M3 24GB 512GB JIS 2024 MC8P4J/A,スターライト,512GB,,4549995551709
FKRSAQY14X000,MacBook本体,Apple,MacBook Air M3,MacBook Air 13.6インチ スターライト M3 24GB 512GB US 2024 CTOMC8P4J/A,スターライト,512GB,,
996KDO1GMO000,MacBook本体,Apple,MacBook Air M3,MacBook Air 13.6インチ スターライト M3 8GB 256GB JIS 2024 MRXT3J/A,スターライト,256GB,,4549995446357
4PEWTLZA20000,MacBook本体,Apple,MacBook Air M3,MacBook Air 13.6インチ スターライト M3 8GB 256GB US 2024 CTOMRXT3J/A,スターライト,256GB,,
TE88LN5EK9000,MacBook本体,Apple,MacBook Air M3,MacBook Air 13.6インチ スターライト M3 8GB 512GB JIS 2024 MRXU3J/A,スターライト,512GB,,4549995446371
K90KI691FN000,MacBook本体,Apple,MacBook Air M3,MacBook Air 13.6インチ スターライト M3 8GB 512GB US 2024 CTOMRXU3J/A,スターライト,512GB,,
YTUM8LYLPU000,MacBook本体,Apple,MacBook Air M4,MacBook Air 13.6インチ スターライト M4 16GB 256GB JIS 2025 MW0Y3J/A,スターライト,256GB,,4549995542493
8U5Y5VMINO000,MacBook本体,Apple,MacBook Air M4,MacBook Air 13.6インチ スターライト M4 16GB 256GB US 2025 CTOMW0Y3J/A,スターライト,256GB,,
7CAO9F84PO000,MacBook本体,Apple,MacBook Air M4,MacBook Air 13.6インチ スターライト M4 16GB 512GB JIS 2025 MW103J/A,スターライト,512GB,,4549995542509
9D8NSNB79Z000,MacBook本体,Apple,MacBook Air M4,MacBook Air 13.6インチ スターライト M4 16GB 512GB US 2025 CTOMW103J/A,スターライト,512GB,,
CLD7GZKDDH000,MacBook本体,Apple,MacBook Air M4,MacBook Air 13.6インチ スターライト M4 24GB 512GB JIS 2025 MC6A4J/A,スターライト,512GB,,4549995549041
U1N4YIEZRG000,MacBook本体,Apple,MacBook Air M4,MacBook Air 13.6インチ スターライト M4 24GB 512GB US 2025 CTOMC6A4J/A,スターライト,512GB,,
5BBG4EIC4N000,MacBook本体,Apple,MacBook Air M5,MacBook Air 13.6インチ スターライト M5 16GB 1TB JIS 2026 MDHC4J/A,スターライト,1TB,,4549995656749
JP1CCRHY8K000,MacBook本体,Apple,MacBook Air M5,MacBook Air 13.6インチ スターライト M5 16GB 1TB US 2026 CTOMDHC4J/A,スターライト,1TB,,
GG003FGUG8000,MacBook本体,Apple,MacBook Air M5,MacBook Air 13.6インチ スターライト M5 16GB 512GB JIS 2026 MDHA4J/A,スターライト,512GB,,4549995656725
9Q50XPVFCE000,MacBook本体,Apple,MacBook Air M5,MacBook Air 13.6インチ スターライト M5 16GB 512GB US 2026 CTOMDHA4J/A,スターライト,512GB,,
O049A1364Q000,MacBook本体,Apple,MacBook Air M5,MacBook Air 13.6インチ スターライト M5 24GB 1TB JIS 2026 MDHD4J/A,スターライト,1TB,,4549995656763
XYTQ477X4T000,MacBook本体,Apple,MacBook Air M5,MacBook Air 13.6インチ スターライト M5 24GB 1TB US 2026 CTOMDHD4J/A,スターライト,1TB,,
ZD79OEV475000,MacBook本体,Apple,MacBook Air M2,MacBook Air 13.6インチ スペースグレイ M2 16GB 256GB JIS 2022 MC7U4J/A,スペースグレイ,256GB,,4549995551365
KMUTL254T4000,MacBook本体,Apple,MacBook Air M2,MacBook Air 13.6インチ スペースグレイ M2 16GB 256GB US 2022 CTOMC7U4J/A,スペースグレイ,256GB,,
MKMJG2U9R3000,MacBook本体,Apple,MacBook Air M2,MacBook Air 13.6インチ スペースグレイ M2 8GB 256GB JIS 2022 MLXW3J/A,スペースグレイ,256GB,,4549995325454
JT74SQNRTZ000,MacBook本体,Apple,MacBook Air M2,MacBook Air 13.6インチ スペースグレイ M2 8GB 256GB US 2022 CTOMLXW3J/A,スペースグレイ,256GB,,
3YSLLCTTNO000,MacBook本体,Apple,MacBook Air M2,MacBook Air 13.6インチ スペースグレイ M2 8GB 512GB JIS 2022 MLXX3J/A,スペースグレイ,512GB,,4549995325539
N34D0GBH1S000,MacBook本体,Apple,MacBook Air M2,MacBook Air 13.6インチ スペースグレイ M2 8GB 512GB US 2022 CTOMLXX3J/A,スペースグレイ,512GB,,
SQI6Z889T8000,MacBook本体,Apple,MacBook Air M3,MacBook Air 13.6インチ スペースグレイ M3 16GB 256GB JIS 2024 MC8G4J/A,スペースグレイ,256GB,,4549995551440
UTEH9SZJG5000,MacBook本体,Apple,MacBook Air M3,MacBook Air 13.6インチ スペースグレイ M3 16GB 256GB US 2024 CTOMC8G4J/A,スペースグレイ,256GB,,
LC0SB6URQ7000,MacBook本体,Apple,MacBook Air M3,MacBook Air 13.6インチ スペースグレイ M3 16GB 512GB JIS 2024 MXCR3J/A,スペースグレイ,512GB,,4549995514445
34NXS13JSQ000,MacBook本体,Apple,MacBook Air M3,MacBook Air 13.6インチ スペースグレイ M3 16GB 512GB US 2024 CTOMXCR3J/A,スペースグレイ,512GB,,
3TTBXZHJTF000,MacBook本体,Apple,MacBook Air M3,MacBook Air 13.6インチ スペースグレイ M3 24GB 512GB JIS 2024 MC8M4J/A,スペースグレイ,512GB,,4549995551686
7O45Q71RUQ000,MacBook本体,Apple,MacBook Air M3,MacBook Air 13.6インチ スペースグレイ M3 24GB 512GB US 2024 CTOMC8M4J/A,スペースグレイ,512GB,,
GVYQL7SJUN000,MacBook本体,Apple,MacBook Air M3,MacBook Air 13.6インチ スペースグレイ M3 8GB 256GB JIS 2024 MRXN3J/A,スペースグレイ,256GB,,4549995446272
684DEQPDBI000,MacBook本体,Apple,MacBook Air M3,MacBook Air 13.6インチ スペースグレイ M3 8GB 256GB US 2024 CTOMRXN3J/A,スペースグレイ,256GB,,
5W4QJZN8WM000,MacBook本体,Apple,MacBook Air M3,MacBook Air 13.6インチ スペースグレイ M3 8GB 512GB JIS 2024 MRXP3J/A,スペースグレイ,512GB,,4549995446296
S49GCJMKI9000,MacBook本体,Apple,MacBook Air M3,MacBook Air 13.6インチ スペースグレイ M3 8GB 512GB US 2024 CTOMRXP3J/A,スペースグレイ,512GB,,
IR86DI9JE2000,MacBook本体,Apple,MacBook Air M2,MacBook Air 13.6インチ ミッドナイト M2 16GB 256GB JIS 2022 MC7X4J/A,ミッドナイト,256GB,,4549995551426
PDOX3OQD4K000,MacBook本体,Apple,MacBook Air M2,MacBook Air 13.6インチ ミッドナイト M2 16GB 256GB US 2022 CTOMC7X4J/A,ミッドナイト,256GB,,
ERP6QKA08Z000,MacBook本体,Apple,MacBook Air M2,MacBook Air 13.6インチ ミッドナイト M2 8GB 256GB JIS 2022 MLY33J/A,ミッドナイト,256GB,,4549995325515
9I8MXCKVH2000,MacBook本体,Apple,MacBook Air M2,MacBook Air 13.6インチ ミッドナイト M2 8GB 256GB US 2022 CTOMLY33J/A,ミッドナイト,256GB,,
PAZM4OB5UO000,MacBook本体,Apple,MacBook Air M2,MacBook Air 13.6インチ ミッドナイト M2 8GB 512GB JIS 2022 MLY43J/A,ミッドナイト,512GB,,4549995325591
FMXNUOEA4E000,MacBook本体,Apple,MacBook Air M2,MacBook Air 13.6インチ ミッドナイト M2 8GB 512GB US 2022 CTOMLY43J/A,ミッドナイト,512GB,,
L7Q6KLUMFS000,MacBook本体,Apple,MacBook Air M3,MacBook Air 13.6インチ ミッドナイト M3 16GB 256GB JIS 2024 MC8K4J/A,ミッドナイト,256GB,,4549995551471
BP4S9XTQH5000,MacBook本体,Apple,MacBook Air M3,MacBook Air 13.6インチ ミッドナイト M3 16GB 256GB US 2024 CTOMC8K4J/A,ミッドナイト,256GB,,
JW2WF406C4000,MacBook本体,Apple,MacBook Air M3,MacBook Air 13.6インチ ミッドナイト M3 16GB 512GB JIS 2024 MXCV3J/A,ミッドナイト,512GB,,4549995514506
H9H6FHKAZE000,MacBook本体,Apple,MacBook Air M3,MacBook Air 13.6インチ ミッドナイト M3 16GB 512GB US 2024 CTOMXCV3J/A,ミッドナイト,512GB,,
JTRZ6VX8Z3000,MacBook本体,Apple,MacBook Air M3,MacBook Air 13.6インチ ミッドナイト M3 24GB 512GB JIS 2024 MC8Q4J/A,ミッドナイト,512GB,,4549995551716
LG4HCA1B31000,MacBook本体,Apple,MacBook Air M3,MacBook Air 13.6インチ ミッドナイト M3 24GB 512GB US 2024 CTOMC8Q4J/A,ミッドナイト,512GB,,
Z5PJMHWLUR000,MacBook本体,Apple,MacBook Air M3,MacBook Air 13.6インチ ミッドナイト M3 8GB 256GB JIS 2024 MRXV3J/A,ミッドナイト,256GB,,4549995446395
OZVY8JC3UY000,MacBook本体,Apple,MacBook Air M3,MacBook Air 13.6インチ ミッドナイト M3 8GB 256GB US 2024 CTOMRXV3J/A,ミッドナイト,256GB,,
V3IEZCR470000,MacBook本体,Apple,MacBook Air M3,MacBook Air 13.6インチ ミッドナイト M3 8GB 512GB JIS 2024 MRXW3J/A,ミッドナイト,512GB,,4549995446418
QWILBBKXSI000,MacBook本体,Apple,MacBook Air M3,MacBook Air 13.6インチ ミッドナイト M3 8GB 512GB US 2024 CTOMRXW3J/A,ミッドナイト,512GB,,
3D8IRQKUEH000,MacBook本体,Apple,MacBook Air M4,MacBook Air 13.6インチ ミッドナイト M4 16GB 256GB JIS 2025 MW123J/A,ミッドナイト,256GB,,4549995542516
1ZXVD0KTNQ000,MacBook本体,Apple,MacBook Air M4,MacBook Air 13.6インチ ミッドナイト M4 16GB 256GB US 2025 CTOMW123J/A,ミッドナイト,256GB,,
F2HOWJS1YJ000,MacBook本体,Apple,MacBook Air M4,MacBook Air 13.6インチ ミッドナイト M4 16GB 512GB JIS 2025 MW133J/A,ミッドナイト,512GB,,4549995542523
41CDSAZ4V3000,MacBook本体,Apple,MacBook Air M4,MacBook Air 13.6インチ ミッドナイト M4 16GB 512GB US 2025 CTOMW133J/A,ミッドナイト,512GB,,
0NP935AKLZ000,MacBook本体,Apple,MacBook Air M4,MacBook Air 13.6インチ ミッドナイト M4 24GB 512GB JIS 2025 MC6C4J/A,ミッドナイト,512GB,,4549995550542
RS341E4YOA000,MacBook本体,Apple,MacBook Air M4,MacBook Air 13.6インチ ミッドナイト M4 24GB 512GB US 2025 CTOMC6C4J/A,ミッドナイト,512GB,,
EX97FII7S9000,MacBook本体,Apple,MacBook Air M5,MacBook Air 13.6インチ ミッドナイト M5 16GB 1TB JIS 2026 MDHF4J/A,ミッドナイト,1TB,,4549995656800
L8WAYMX5T5000,MacBook本体,Apple,MacBook Air M5,MacBook Air 13.6インチ ミッドナイト M5 16GB 1TB US 2026 CTOMDHF4J/A,ミッドナイト,1TB,,
6OJ6TE529R000,MacBook本体,Apple,MacBook Air M5,MacBook Air 13.6インチ ミッドナイト M5 16GB 512GB JIS 2026 MDHE4J/A,ミッドナイト,512GB,,4549995656787
W2BU2KJQOQ000,MacBook本体,Apple,MacBook Air M5,MacBook Air 13.6インチ ミッドナイト M5 16GB 512GB US 2026 CTOMDHE4J/A,ミッドナイト,512GB,,
ZFG12Z0P5A000,MacBook本体,Apple,MacBook Air M5,MacBook Air 13.6インチ ミッドナイト M5 24GB 1TB JIS 2026 MDHG4J/A,ミッドナイト,1TB,,4549995656824
QEOCFZTM6Q000,MacBook本体,Apple,MacBook Air M5,MacBook Air 13.6インチ ミッドナイト M5 24GB 1TB US 2026 CTOMDHG4J/A,ミッドナイト,1TB,,
ON5HI8Z89D000,MacBook本体,Apple,MacBook Air M2,MacBook Air 15.3インチ シルバー M2 8GB 256GB JIS 2023 MQKR3J/A,シルバー,256GB,,4549995391602
8IBIJ6NK7D000,MacBook本体,Apple,MacBook Air M2,MacBook Air 15.3インチ シルバー M2 8GB 256GB US 2023 CTOMQKR3J/A,シルバー,256GB,,
W13Q7EWC8X000,MacBook本体,Apple,MacBook Air M2,MacBook Air 15.3インチ シルバー M2 8GB 512GB JIS 2023 MQKT3J/A,シルバー,512GB,,4549995391626
1T8FVS3DMU000,MacBook本体,Apple,MacBook Air M2,MacBook Air 15.3インチ シルバー M2 8GB 512GB US 2023 CTOMQKT3J/A,シルバー,512GB,,
0T4UZ75WQH000,MacBook本体,Apple,MacBook Air M3,MacBook Air 15.3インチ シルバー M3 16GB 256GB JIS 2024 MC9E4J/A,シルバー,256GB,,4549995551495
H97IOQUJB9000,MacBook本体,Apple,MacBook Air M3,MacBook Air 15.3インチ シルバー M3 16GB 256GB US 2024 CTOMC9E4J/A,シルバー,256GB,,
L0Z3FD4UOL000,MacBook本体,Apple,MacBook Air M3,MacBook Air 15.3インチ シルバー M3 16GB 512GB JIS 2024 MXD23J/A,シルバー,512GB,,4549995514544
2WPQ4U0GD8000,MacBook本体,Apple,MacBook Air M3,MacBook Air 15.3インチ シルバー M3 16GB 512GB US 2024 CTOMXD23J/A,シルバー,512GB,,
N9IVKA4GRW000,MacBook本体,Apple,MacBook Air M3,MacBook Air 15.3インチ シルバー M3 24GB 512GB JIS 2024 MC9J4J/A,シルバー,512GB,,4549995551532
EQUFQHDC5S000,MacBook本体,Apple,MacBook Air M3,MacBook Air 15.3インチ シルバー M3 24GB 512GB US 2024 CTOMC9J4J/A,シルバー,512GB,,
NLO4LYGUEY000,MacBook本体,Apple,MacBook Air M3,MacBook Air 15.3インチ シルバー M3 8GB 256GB JIS 2024 MRYP3J/A,シルバー,256GB,,4549995446531
9Y11FRYREH000,MacBook本体,Apple,MacBook Air M3,MacBook Air 15.3インチ シルバー M3 8GB 256GB US 2024 CTOMRYP3J/A,シルバー,256GB,,
NJRS5J2B46000,MacBook本体,Apple,MacBook Air M3,MacBook Air 15.3インチ シルバー M3 8GB 512GB JIS 2024 MRYQ3J/A,シルバー,512GB,,4549995446555
REMN8GOE5E000,MacBook本体,Apple,MacBook Air M3,MacBook Air 15.3インチ シルバー M3 8GB 512GB US 2024 CTOMRYQ3J/A,シルバー,512GB,,
L3B0QL0NG4000,MacBook本体,Apple,MacBook Air M4,MacBook Air 15.3インチ シルバー M4 16GB 256GB JIS 2025 MW1G3J/A,シルバー,256GB,,4549995542554
5CRM432DNO000,MacBook本体,Apple,MacBook Air M4,MacBook Air 15.3インチ シルバー M4 16GB 256GB US 2025 CTOMW1G3J/A,シルバー,256GB,,
XV27Y517DH000,MacBook本体,Apple,MacBook Air M4,MacBook Air 15.3インチ シルバー M4 16GB 512GB JIS 2025 MW1H3J/A,シルバー,512GB,,4549995542561
LLPALLY4PS000,MacBook本体,Apple,MacBook Air M4,MacBook Air 15.3インチ シルバー M4 16GB 512GB US 2025 CTOMW1H3J/A,シルバー,512GB,,
I13L3BPFWY000,MacBook本体,Apple,MacBook Air M4,MacBook Air 15.3インチ シルバー M4 24GB 512GB JIS 2025 MC6J4J/A,シルバー,512GB,,4549995550627
B9YOFQ43Q8000,MacBook本体,Apple,MacBook Air M4,MacBook Air 15.3インチ シルバー M4 24GB 512GB US 2025 CTOMC6J4J/A,シルバー,512GB,,
G9N612BX8R000,MacBook本体,Apple,MacBook Air M5,MacBook Air 15.3インチ シルバー M5 16GB 1TB JIS 2026 MDVA4J/A,シルバー,1TB,,4549995657005
7S4DSE1QEB000,MacBook本体,Apple,MacBook Air M5,MacBook Air 15.3インチ シルバー M5 16GB 1TB US 2026 CTOMDVA4J/A,シルバー,1TB,,
5TLTJCX4J4000,MacBook本体,Apple,MacBook Air M5,MacBook Air 15.3インチ シルバー M5 16GB 512GB JIS 2026 MDV94J/A,シルバー,512GB,,4549995656985
K2N7FBBAG6000,MacBook本体,Apple,MacBook Air M5,MacBook Air 15.3インチ シルバー M5 16GB 512GB US 2026 CTOMDV94J/A,シルバー,512GB,,
5SI4S4187W000,MacBook本体,Apple,MacBook Air M5,MacBook Air 15.3インチ シルバー M5 24GB 1TB JIS 2026 MDVC4J/A,シルバー,1TB,,4549995657029
LR6LAARBAJ000,MacBook本体,Apple,MacBook Air M5,MacBook Air 15.3インチ シルバー M5 24GB 1TB US 2026 CTOMDVC4J/A,シルバー,1TB,,
7CYR7K5790000,MacBook本体,Apple,MacBook Air M4,MacBook Air 15.3インチ スカイブルー M4 16GB 256GB JIS 2025 MC7A4J/A,スカイブルー,256GB,,4549995550689
YCJXL4QAY0000,MacBook本体,Apple,MacBook Air M4,MacBook Air 15.3インチ スカイブルー M4 16GB 256GB US 2025 CTOMC7A4J/A,スカイブルー,256GB,,
SX9WQA35ER000,MacBook本体,Apple,MacBook Air M4,MacBook Air 15.3インチ スカイブルー M4 16GB 512GB JIS 2025 MC7C4J/A,スカイブルー,512GB,,4549995550702
BKQ1NM6AUC000,MacBook本体,Apple,MacBook Air M4,MacBook Air 15.3インチ スカイブルー M4 16GB 512GB US 2025 CTOMC7C4J/A,スカイブルー,512GB,,
W2GGPDOAK8000,MacBook本体,Apple,MacBook Air M4,MacBook Air 15.3インチ スカイブルー M4 24GB 512GB JIS 2025 MC7D4J/A,スカイブルー,512GB,,4549995550726
T5VZD09YUY000,MacBook本体,Apple,MacBook Air M4,MacBook Air 15.3インチ スカイブルー M4 24GB 512GB US 2025 CTOMC7D4J/A,スカイブルー,512GB,,
PF40LIVA2B000,MacBook本体,Apple,MacBook Air M5,MacBook Air 15.3インチ スカイブルー M5 16GB 1TB JIS 2026 MDVT4J/A,スカイブルー,1TB,,4549995657180
GO46W04SXL000,MacBook本体,Apple,MacBook Air M5,MacBook Air 15.3インチ スカイブルー M5 16GB 1TB US 2026 CTOMDVT4J/A,スカイブルー,1TB,,
84N4EC6GT1000,MacBook本体,Apple,MacBook Air M5,MacBook Air 15.3インチ スカイブルー M5 16GB 512GB JIS 2026 MDVQ4J/A,スカイブルー,512GB,,4549995657166
770Z6RISYZ000,MacBook本体,Apple,MacBook Air M5,MacBook Air 15.3インチ スカイブルー M5 16GB 512GB US 2026 CTOMDVQ4J/A,スカイブルー,512GB,,
0SKFGZ1JKO000,MacBook本体,Apple,MacBook Air M5,MacBook Air 15.3インチ スカイブルー M5 24GB 1TB JIS 2026 MDVU4J/A,スカイブルー,1TB,,4549995657203
COE7MIIF48000,MacBook本体,Apple,MacBook Air M5,MacBook Air 15.3インチ スカイブルー M5 24GB 1TB US 2026 CTOMDVU4J/A,スカイブルー,1TB,,
4KVO4YLNK9000,MacBook本体,Apple,MacBook Air M2,MacBook Air 15.3インチ スターライト M2 8GB 256GB JIS 2023 MQKU3J/A,スターライト,256GB,,4549995391640
QE80KRO1DE000,MacBook本体,Apple,MacBook Air M2,MacBook Air 15.3インチ スターライト M2 8GB 256GB US 2023 CTOMQKU3J/A,スターライト,256GB,,
L4HA510Z4I000,MacBook本体,Apple,MacBook Air M2,MacBook Air 15.3インチ スターライト M2 8GB 512GB JIS 2023 MQKV3J/A,スターライト,512GB,,4549995391664
PD5WC0FYU5000,MacBook本体,Apple,MacBook Air M2,MacBook Air 15.3インチ スターライト M2 8GB 512GB US 2023 CTOMQKV3J/A,スターライト,512GB,,
YQET4BI4J4000,MacBook本体,Apple,MacBook Air M3,MacBook Air 15.3インチ スターライト M3 16GB 256GB JIS 2024 MC9F4J/A,スターライト,256GB,,4549995551501
PLPD4AWW1I000,MacBook本体,Apple,MacBook Air M3,MacBook Air 15.3インチ スターライト M3 16GB 256GB US 2024 CTOMC9F4J/A,スターライト,256GB,,
43C8FOOB44000,MacBook本体,Apple,MacBook Air M3,MacBook Air 15.3インチ スターライト M3 16GB 512GB JIS 2024 MXD33J/A,スターライト,512GB,,4549995514568
9T9G9UH44V000,MacBook本体,Apple,MacBook Air M3,MacBook Air 15.3インチ スターライト M3 16GB 512GB US 2024 CTOMXD33J/A,スターライト,512GB,,
V3LIS60RCA000,MacBook本体,Apple,MacBook Air M3,MacBook Air 15.3インチ スターライト M3 24GB 512GB JIS 2024 MC9K4J/A,スターライト,512GB,,4549995551549
R7NLPAXZ4P000,MacBook本体,Apple,MacBook Air M3,MacBook Air 15.3インチ スターライト M3 24GB 512GB US 2024 CTOMC9K4J/A,スターライト,512GB,,
H5JDO8WH2S000,MacBook本体,Apple,MacBook Air M3,MacBook Air 15.3インチ スターライト M3 8GB 256GB JIS 2024 MRYR3J/A,スターライト,256GB,,4549995446579
OQGD4IV7B1000,MacBook本体,Apple,MacBook Air M3,MacBook Air 15.3インチ スターライト M3 8GB 256GB US 2024 CTOMRYR3J/A,スターライト,256GB,,
8OLI9XZM3A000,MacBook本体,Apple,MacBook Air M3,MacBook Air 15.3インチ スターライト M3 8GB 512GB JIS 2024 MRYT3J/A,スターライト,512GB,,4549995446593
XTOBJIR35V000,MacBook本体,Apple,MacBook Air M3,MacBook Air 15.3インチ スターライト M3 8GB 512GB US 2024 CTOMRYT3J/A,スターライト,512GB,,
DZ6P0ZRQ04000,MacBook本体,Apple,MacBook Air M4,MacBook Air 15.3インチ スターライト M4 16GB 256GB JIS 2025 MW1J3J/A,スターライト,256GB,,4549995542578
ABCIMBALCA000,MacBook本体,Apple,MacBook Air M4,MacBook Air 15.3インチ スターライト M4 16GB 256GB US 2025 CTOMW1J3J/A,スターライト,256GB,,
0VWBMC7KGD000,MacBook本体,Apple,MacBook Air M4,MacBook Air 15.3インチ スターライト M4 16GB 512GB JIS 2025 MW1K3J/A,スターライト,512GB,,4549995542585
HXK4JJSYG8000,MacBook本体,Apple,MacBook Air M4,MacBook Air 15.3インチ スターライト M4 16GB 512GB US 2025 CTOMW1K3J/A,スターライト,512GB,,
TSORQ1LA7D000,MacBook本体,Apple,MacBook Air M4,MacBook Air 15.3インチ スターライト M4 24GB 512GB JIS 2025 MC6K4J/A,スターライト,512GB,,4549995550641
LBZWPZYY0F000,MacBook本体,Apple,MacBook Air M4,MacBook Air 15.3インチ スターライト M4 24GB 512GB US 2025 CTOMC6K4J/A,スターライト,512GB,,
FIFYHTF8Y3000,MacBook本体,Apple,MacBook Air M5,MacBook Air 15.3インチ スターライト M5 16GB 1TB JIS 2026 MDVE4J/A,スターライト,1TB,,4549995657067
0ZINDATTNT000,MacBook本体,Apple,MacBook Air M5,MacBook Air 15.3インチ スターライト M5 16GB 1TB US 2026 CTOMDVE4J/A,スターライト,1TB,,
U6YQJ24VU2000,MacBook本体,Apple,MacBook Air M5,MacBook Air 15.3インチ スターライト M5 16GB 512GB JIS 2026 MDVD4J/A,スターライト,512GB,,4549995657043
BYWCHJKEN4000,MacBook本体,Apple,MacBook Air M5,MacBook Air 15.3インチ スターライト M5 16GB 512GB US 2026 CTOMDVD4J/A,スターライト,512GB,,
S4XHWG5HEV000,MacBook本体,Apple,MacBook Air M5,MacBook Air 15.3インチ スターライト M5 24GB 1TB JIS 2026 MDVF4J/A,スターライト,1TB,,4549995657081
LV1AFVVRCK000,MacBook本体,Apple,MacBook Air M5,MacBook Air 15.3インチ スターライト M5 24GB 1TB US 2026 CTOMDVF4J/A,スターライト,1TB,,
K1OOKE20K4000,MacBook本体,Apple,MacBook Air M2,MacBook Air 15.3インチ スペースグレイ M2 8GB 256GB JIS 2023 MQKP3J/A,スペースグレイ,256GB,,4549995391565
XGCH4OKBZE000,MacBook本体,Apple,MacBook Air M2,MacBook Air 15.3インチ スペースグレイ M2 8GB 256GB US 2023 CTOMQKP3J/A,スペースグレイ,256GB,,
EJY8A84TPU000,MacBook本体,Apple,MacBook Air M2,MacBook Air 15.3インチ スペースグレイ M2 8GB 512GB JIS 2023 MQKQ3J/A,スペースグレイ,512GB,,4549995391589
NP4C0E5AKU000,MacBook本体,Apple,MacBook Air M2,MacBook Air 15.3インチ スペースグレイ M2 8GB 512GB US 2023 CTOMQKQ3J/A,スペースグレイ,512GB,,
U1Z83QZPAE000,MacBook本体,Apple,MacBook Air M3,MacBook Air 15.3インチ スペースグレイ M3 16GB 256GB JIS 2024 MC9D4J/A,スペースグレイ,256GB,,4549995551488
9RCNAI37A1000,MacBook本体,Apple,MacBook Air M3,MacBook Air 15.3インチ スペースグレイ M3 16GB 256GB US 2024 CTOMC9D4J/A,スペースグレイ,256GB,,
Y4DTMI38VH000,MacBook本体,Apple,MacBook Air M3,MacBook Air 15.3インチ スペースグレイ M3 16GB 512GB JIS 2024 MXD13J/A,スペースグレイ,512GB,,4549995514520
WOY4A4HWI0000,MacBook本体,Apple,MacBook Air M3,MacBook Air 15.3インチ スペースグレイ M3 16GB 512GB US 2024 CTOMXD13J/A,スペースグレイ,512GB,,
DMXC5BUFRP000,MacBook本体,Apple,MacBook Air M3,MacBook Air 15.3インチ スペースグレイ M3 24GB 512GB JIS 2024 MC9H4J/A,スペースグレイ,512GB,,4549995551525
U4NQMD3YNX000,MacBook本体,Apple,MacBook Air M3,MacBook Air 15.3インチ スペースグレイ M3 24GB 512GB US 2024 CTOMC9H4J/A,スペースグレイ,512GB,,
KRVK05DDNI000,MacBook本体,Apple,MacBook Air M3,MacBook Air 15.3インチ スペースグレイ M3 8GB 256GB JIS 2024 MRYM3J/A,スペースグレイ,256GB,,4549995446494
QGNUDEEPD0000,MacBook本体,Apple,MacBook Air M3,MacBook Air 15.3インチ スペースグレイ M3 8GB 256GB US 2024 CTOMRYM3J/A,スペースグレイ,256GB,,
65P44XOAV4000,MacBook本体,Apple,MacBook Air M3,MacBook Air 15.3インチ スペースグレイ M3 8GB 512GB JIS 2024 MRYN3J/A,スペースグレイ,512GB,,4549995446517
EBWI4XQ4AN000,MacBook本体,Apple,MacBook Air M3,MacBook Air 15.3インチ スペースグレイ M3 8GB 512GB US 2024 CTOMRYN3J/A,スペースグレイ,512GB,,
2L6606JLMU000,MacBook本体,Apple,MacBook Air M2,MacBook Air 15.3インチ ミッドナイト M2 8GB 256GB JIS 2023 MQKW3J/A,ミッドナイト,256GB,,4549995391688
Q6L3QO6DGV000,MacBook本体,Apple,MacBook Air M2,MacBook Air 15.3インチ ミッドナイト M2 8GB 256GB US 2023 CTOMQKW3J/A,ミッドナイト,256GB,,
2MOD0A2A0I000,MacBook本体,Apple,MacBook Air M2,MacBook Air 15.3インチ ミッドナイト M2 8GB 512GB JIS 2023 MQKX3J/A,ミッドナイト,512GB,,4549995391701
OSFZ13G0LM000,MacBook本体,Apple,MacBook Air M2,MacBook Air 15.3インチ ミッドナイト M2 8GB 512GB US 2023 CTOMQKX3J/A,ミッドナイト,512GB,,
44RB4W6KJO000,MacBook本体,Apple,MacBook Air M3,MacBook Air 15.3インチ ミッドナイト M3 16GB 256GB JIS 2024 MC9G4J/A,ミッドナイト,256GB,,4549995551518
FSIOT6LFJL000,MacBook本体,Apple,MacBook Air M3,MacBook Air 15.3インチ ミッドナイト M3 16GB 256GB US 2024 CTOMC9G4J/A,ミッドナイト,256GB,,
OR2DRWA74M000,MacBook本体,Apple,MacBook Air M3,MacBook Air 15.3インチ ミッドナイト M3 16GB 512GB JIS 2024 MXD43J/A,ミッドナイト,512GB,,4549995514582
8GEK4D9ILP000,MacBook本体,Apple,MacBook Air M3,MacBook Air 15.3インチ ミッドナイト M3 16GB 512GB US 2024 CTOMXD43J/A,ミッドナイト,512GB,,
LQTLKDGWEW000,MacBook本体,Apple,MacBook Air M3,MacBook Air 15.3インチ ミッドナイト M3 24GB 512GB JIS 2024 MC9L4J/A,ミッドナイト,512GB,,4549995551556
V2C61RKI27000,MacBook本体,Apple,MacBook Air M3,MacBook Air 15.3インチ ミッドナイト M3 24GB 512GB US 2024 CTOMC9L4J/A,ミッドナイト,512GB,,
TXA4SD9TFL000,MacBook本体,Apple,MacBook Air M3,MacBook Air 15.3インチ ミッドナイト M3 8GB 256GB JIS 2024 MRYU3J/A,ミッドナイト,256GB,,4549995446616
E73Z0R3UUU000,MacBook本体,Apple,MacBook Air M3,MacBook Air 15.3インチ ミッドナイト M3 8GB 256GB US 2024 CTOMRYU3J/A,ミッドナイト,256GB,,
CN4RGC4CUY000,MacBook本体,Apple,MacBook Air M3,MacBook Air 15.3インチ ミッドナイト M3 8GB 512GB JIS 2024 MRYV3J/A,ミッドナイト,512GB,,4549995446630
Q3DE4DMX3B000,MacBook本体,Apple,MacBook Air M3,MacBook Air 15.3インチ ミッドナイト M3 8GB 512GB US 2024 CTOMRYV3J/A,ミッドナイト,512GB,,
D64BTYUK60000,MacBook本体,Apple,MacBook Air M4,MacBook Air 15.3インチ ミッドナイト M4 16GB 256GB JIS 2025 MW1L3J/A,ミッドナイト,256GB,,4549995542592
QC93ZLY2LR000,MacBook本体,Apple,MacBook Air M4,MacBook Air 15.3インチ ミッドナイト M4 16GB 256GB US 2025 CTOMW1L3J/A,ミッドナイト,256GB,,
CRAENZG44H000,MacBook本体,Apple,MacBook Air M4,MacBook Air 15.3インチ ミッドナイト M4 16GB 512GB JIS 2025 MW1M3J/A,ミッドナイト,512GB,,4549995542608
T054M1ZRG4000,MacBook本体,Apple,MacBook Air M4,MacBook Air 15.3インチ ミッドナイト M4 16GB 512GB US 2025 CTOMW1M3J/A,ミッドナイト,512GB,,
7UR1S3J12M000,MacBook本体,Apple,MacBook Air M4,MacBook Air 15.3インチ ミッドナイト M4 24GB 512GB JIS 2025 MC6L4J/A,ミッドナイト,512GB,,4549995550665
K3US5PDE6D000,MacBook本体,Apple,MacBook Air M4,MacBook Air 15.3インチ ミッドナイト M4 24GB 512GB US 2025 CTOMC6L4J/A,ミッドナイト,512GB,,
DGLX5PEAN9000,MacBook本体,Apple,MacBook Air M5,MacBook Air 15.3インチ ミッドナイト M5 16GB 1TB JIS 2026 MDVK4J/A,ミッドナイト,1TB,,4549995657128
EC0SYI42GQ000,MacBook本体,Apple,MacBook Air M5,MacBook Air 15.3インチ ミッドナイト M5 16GB 1TB US 2026 CTOMDVK4J/A,ミッドナイト,1TB,,
4OMM7BPC7J000,MacBook本体,Apple,MacBook Air M5,MacBook Air 15.3インチ ミッドナイト M5 16GB 512GB JIS 2026 MDVH4J/A,ミッドナイト,512GB,,4549995657104
SF9YQBXHNM000,MacBook本体,Apple,MacBook Air M5,MacBook Air 15.3インチ ミッドナイト M5 16GB 512GB US 2026 CTOMDVH4J/A,ミッドナイト,512GB,,
5UEQW2E89A000,MacBook本体,Apple,MacBook Air M5,MacBook Air 15.3インチ ミッドナイト M5 24GB 1TB JIS 2026 MDVN4J/A,ミッドナイト,1TB,,4549995657142
I0NID9EE7X000,MacBook本体,Apple,MacBook Air M5,MacBook Air 15.3インチ ミッドナイト M5 24GB 1TB US 2026 CTOMDVN4J/A,ミッドナイト,1TB,,
YG8U36U1PB000,MacBook本体,Apple,MacBook Neo A18 Pro,MacBook Neo 13インチ インディゴ A18 Pro 8GB 256GB JIS 2026 MHFF4J/A,インディゴ,256GB,,4549995664638
E4A44QOC8S000,MacBook本体,Apple,MacBook Neo A18 Pro,MacBook Neo 13インチ インディゴ A18 Pro 8GB 256GB US 2026 CTOMHFF4J/A,インディゴ,256GB,,
I8DXME4SBA000,MacBook本体,Apple,MacBook Neo A18 Pro,MacBook Neo 13インチ インディゴ A18 Pro 8GB 512GB JIS 2026 MHFG4J/A,インディゴ,512GB,,4549995664645
YFJJSGVPD5000,MacBook本体,Apple,MacBook Neo A18 Pro,MacBook Neo 13インチ インディゴ A18 Pro 8GB 512GB US 2026 CTOMHFG4J/A,インディゴ,512GB,,
4UST68R9RQ000,MacBook本体,Apple,MacBook Neo A18 Pro,MacBook Neo 13インチ シトラス A18 Pro 8GB 256GB JIS 2026 MHFD4J/A,シトラス,256GB,,4549995664614
UT174QL2LC000,MacBook本体,Apple,MacBook Neo A18 Pro,MacBook Neo 13インチ シトラス A18 Pro 8GB 256GB US 2026 CTOMHFD4J/A,シトラス,256GB,,
G4PJSCVUIH000,MacBook本体,Apple,MacBook Neo A18 Pro,MacBook Neo 13インチ シトラス A18 Pro 8GB 512GB JIS 2026 MHFE4J/A,シトラス,512GB,,4549995664621
WXVTPMVPKM000,MacBook本体,Apple,MacBook Neo A18 Pro,MacBook Neo 13インチ シトラス A18 Pro 8GB 512GB US 2026 CTOMHFE4J/A,シトラス,512GB,,
SF40KGWZSL000,MacBook本体,Apple,MacBook Neo A18 Pro,MacBook Neo 13インチ シルバー A18 Pro 8GB 256GB JIS 2026 MHFA4J/A,シルバー,256GB,,4549995664591
CGSTKDCEPS000,MacBook本体,Apple,MacBook Neo A18 Pro,MacBook Neo 13インチ シルバー A18 Pro 8GB 256GB US 2026 CTOMHFA4J/A,シルバー,256GB,,
JKPI3TDKUX000,MacBook本体,Apple,MacBook Neo A18 Pro,MacBook Neo 13インチ シルバー A18 Pro 8GB 512GB JIS 2026 MHFC4J/A,シルバー,512GB,,4549995664607
VETS4BLUT7000,MacBook本体,Apple,MacBook Neo A18 Pro,MacBook Neo 13インチ シルバー A18 Pro 8GB 512GB US 2026 CTOMHFC4J/A,シルバー,512GB,,
N80XZKP22N000,MacBook本体,Apple,MacBook Neo A18 Pro,MacBook Neo 13インチ ブラッシュ A18 Pro 8GB 256GB JIS 2026 MHFH4J/A,ブラッシュ,256GB,,4549995664652
4YDPSYX5C9000,MacBook本体,Apple,MacBook Neo A18 Pro,MacBook Neo 13インチ ブラッシュ A18 Pro 8GB 256GB US 2026 CTOMHFH4J/A,ブラッシュ,256GB,,
BGWFHUOZ8T000,MacBook本体,Apple,MacBook Neo A18 Pro,MacBook Neo 13インチ ブラッシュ A18 Pro 8GB 512GB JIS 2026 MHFJ4J/A,ブラッシュ,512GB,,4549995664669
6FKBRX78K9000,MacBook本体,Apple,MacBook Neo A18 Pro,MacBook Neo 13インチ ブラッシュ A18 Pro 8GB 512GB US 2026 CTOMHFJ4J/A,ブラッシュ,512GB,,
UB3DOHNBG5000,MacBook本体,Apple,MacBook Pro Intel Core i5 10世代,MacBook Pro 13.3インチ シルバー Intel Core i5 10世代 16GB 1TB JIS 2020 MWP82J/A,シルバー,1TB,,4549995129816
TTJCW8RGQ4000,MacBook本体,Apple,MacBook Pro Intel Core i5 10世代,MacBook Pro 13.3インチ シルバー Intel Core i5 10世代 16GB 1TB US 2020 CTOMWP82J/A,シルバー,1TB,,
80UH4VZKH8000,MacBook本体,Apple,MacBook Pro Intel Core i5 10世代,MacBook Pro 13.3インチ シルバー Intel Core i5 10世代 16GB 512GB JIS 2020 MWP72J/A,シルバー,512GB,,4549995129793
7R49NU8VHQ000,MacBook本体,Apple,MacBook Pro Intel Core i5 10世代,MacBook Pro 13.3インチ シルバー Intel Core i5 10世代 16GB 512GB US 2020 CTOMWP72J/A,シルバー,512GB,,
PVGPIDYU4W000,MacBook本体,Apple,MacBook Pro Intel Core i5 8世代,MacBook Pro 13.3インチ シルバー Intel Core i5 8世代 8GB 256GB JIS 2020 MXK62J/A,シルバー,256GB,,4549995130041
IBP0Q8ZKJY000,MacBook本体,Apple,MacBook Pro Intel Core i5 8世代,MacBook Pro 13.3インチ シルバー Intel Core i5 8世代 8GB 256GB US 2020 CTOMXK62J/A,シルバー,256GB,,
LH4ZOMZ9MC000,MacBook本体,Apple,MacBook Pro Intel Core i5 8世代,MacBook Pro 13.3インチ シルバー Intel Core i5 8世代 8GB 512GB JIS 2020 MXK72J/A,シルバー,512GB,,4549995130065
B9KKY9EJP8000,MacBook本体,Apple,MacBook Pro Intel Core i5 8世代,MacBook Pro 13.3インチ シルバー Intel Core i5 8世代 8GB 512GB US 2020 CTOMXK72J/A,シルバー,512GB,,
5C0VTBV4YD000,MacBook本体,Apple,MacBook Pro M1,MacBook Pro 13.3インチ シルバー M1 8GB 256GB JIS 2020 MYDA2J/A,シルバー,256GB,,4549995201086
YKKO05SQSA000,MacBook本体,Apple,MacBook Pro M1,MacBook Pro 13.3インチ シルバー M1 8GB 256GB US 2020 CTOMYDA2J/A,シルバー,256GB,,
P4HJ8ZT4LC000,MacBook本体,Apple,MacBook Pro M1,MacBook Pro 13.3インチ シルバー M1 8GB 512GB JIS 2020 MYDC2J/A,シルバー,512GB,,4549995201109
U4U8TW9RSO000,MacBook本体,Apple,MacBook Pro M1,MacBook Pro 13.3インチ シルバー M1 8GB 512GB US 2020 CTOMYDC2J/A,シルバー,512GB,,
9XSVLXJ0M6000,MacBook本体,Apple,MacBook Pro M2,MacBook Pro 13.3インチ シルバー M2 8GB 256GB JIS 2022 MNEP3J/A,シルバー,256GB,,4549995335811
A9VZVYUHSH000,MacBook本体,Apple,MacBook Pro M2,MacBook Pro 13.3インチ シルバー M2 8GB 256GB US 2022 CTOMNEP3J/A,シルバー,256GB,,
VO8L4MWIQH000,MacBook本体,Apple,MacBook Pro M2,MacBook Pro 13.3インチ シルバー M2 8GB 512GB JIS 2022 MNEQ3J/A,シルバー,512GB,,4549995335835
E6PEMO6MI3000,MacBook本体,Apple,MacBook Pro M2,MacBook Pro 13.3インチ シルバー M2 8GB 512GB US 2022 CTOMNEQ3J/A,シルバー,512GB,,
ZRZ6SFSXTZ000,MacBook本体,Apple,MacBook Pro Intel Core i5 10世代,MacBook Pro 13.3インチ スペースグレイ Intel Core i5 10世代 16GB 1TB JIS 2020 MWP52J/A,スペースグレイ,1TB,,4549995129755
3PXFXAKUE1000,MacBook本体,Apple,MacBook Pro Intel Core i5 10世代,MacBook Pro 13.3インチ スペースグレイ Intel Core i5 10世代 16GB 1TB US 2020 CTOMWP52J/A,スペースグレイ,1TB,,
OXCUS8T2EO000,MacBook本体,Apple,MacBook Pro Intel Core i5 10世代,MacBook Pro 13.3インチ スペースグレイ Intel Core i5 10世代 16GB 512GB JIS 2020 MWP42J/A,スペースグレイ,512GB,,4549995129731
Y9AF44G899000,MacBook本体,Apple,MacBook Pro Intel Core i5 10世代,MacBook Pro 13.3インチ スペースグレイ Intel Core i5 10世代 16GB 512GB US 2020 CTOMWP42J/A,スペースグレイ,512GB,,
92L5VWTBHJ000,MacBook本体,Apple,MacBook Pro Intel Core i5 8世代,MacBook Pro 13.3インチ スペースグレイ Intel Core i5 8世代 8GB 256GB JIS 2020 MXK32J/A,スペースグレイ,256GB,,4549995130003
59WYQ1WXQN000,MacBook本体,Apple,MacBook Pro Intel Core i5 8世代,MacBook Pro 13.3インチ スペースグレイ Intel Core i5 8世代 8GB 256GB US 2020 CTOMXK32J/A,スペースグレイ,256GB,,
DN3L2Y3MK6000,MacBook本体,Apple,MacBook Pro Intel Core i5 8世代,MacBook Pro 13.3インチ スペースグレイ Intel Core i5 8世代 8GB 512GB JIS 2020 MXK52J/A,スペースグレイ,512GB,,4549995130027
MFQHGJLV0H000,MacBook本体,Apple,MacBook Pro Intel Core i5 8世代,MacBook Pro 13.3インチ スペースグレイ Intel Core i5 8世代 8GB 512GB US 2020 CTOMXK52J/A,スペースグレイ,512GB,,
40JV68NMB3000,MacBook本体,Apple,MacBook Pro M1,MacBook Pro 13.3インチ スペースグレイ M1 8GB 256GB JIS 2020 MYD82J/A,スペースグレイ,256GB,,4549995201048
MGBJZER9M4000,MacBook本体,Apple,MacBook Pro M1,MacBook Pro 13.3インチ スペースグレイ M1 8GB 256GB US 2020 CTOMYD82J/A,スペースグレイ,256GB,,
IYLJIU7NZ4000,MacBook本体,Apple,MacBook Pro M1,MacBook Pro 13.3インチ スペースグレイ M1 8GB 512GB JIS 2020 MYD92J/A,スペースグレイ,512GB,,4549995201062
QX8M2ETBJM000,MacBook本体,Apple,MacBook Pro M1,MacBook Pro 13.3インチ スペースグレイ M1 8GB 512GB US 2020 CTOMYD92J/A,スペースグレイ,512GB,,
CNEE1UBNK4000,MacBook本体,Apple,MacBook Pro M2,MacBook Pro 13.3インチ スペースグレイ M2 8GB 256GB JIS 2022 MNEH3J/A,スペースグレイ,256GB,,4549995335774
K8EV6NPC2E000,MacBook本体,Apple,MacBook Pro M2,MacBook Pro 13.3インチ スペースグレイ M2 8GB 256GB US 2022 CTOMNEH3J/A,スペースグレイ,256GB,,
CM65XY89TQ000,MacBook本体,Apple,MacBook Pro M2,MacBook Pro 13.3インチ スペースグレイ M2 8GB 512GB JIS 2022 MNEJ3J/A,スペースグレイ,512GB,,4549995335798
TJLZ4L0E4A000,MacBook本体,Apple,MacBook Pro M2,MacBook Pro 13.3インチ スペースグレイ M2 8GB 512GB US 2022 CTOMNEJ3J/A,スペースグレイ,512GB,,
J5REF28JUN000,MacBook本体,Apple,MacBook Pro M1 Pro,MacBook Pro 14.2インチ シルバー M1 Pro 16GB 1TB JIS 2021 MKGT3J/A,シルバー,1TB,,4549995252392
E0LYU645LW000,MacBook本体,Apple,MacBook Pro M1 Pro,MacBook Pro 14.2インチ シルバー M1 Pro 16GB 1TB US 2021 CTOMKGT3J/A,シルバー,1TB,,
6Q0Z4O4VJX000,MacBook本体,Apple,MacBook Pro M1 Pro,MacBook Pro 14.2インチ シルバー M1 Pro 16GB 512GB JIS 2021 MKGR3J/A,シルバー,512GB,,4549995252378
Z1WVUMYNKI000,MacBook本体,Apple,MacBook Pro M1 Pro,MacBook Pro 14.2インチ シルバー M1 Pro 16GB 512GB US 2021 CTOMKGR3J/A,シルバー,512GB,,
JJ2QIZOZPT000,MacBook本体,Apple,MacBook Pro M2 Max,MacBook Pro 14.2インチ シルバー M2 Max 32GB 1TB JIS 2023 MPHK3J/A,シルバー,1TB,,4549995357141
DNJAIW7FGX000,MacBook本体,Apple,MacBook Pro M2 Max,MacBook Pro 14.2インチ シルバー M2 Max 32GB 1TB US 2023 CTOMPHK3J/A,シルバー,1TB,,
6K9SP4Y8HJ000,MacBook本体,Apple,MacBook Pro M2 Pro,MacBook Pro 14.2インチ シルバー M2 Pro 16GB 1TB JIS 2023 MPHJ3J/A,シルバー,1TB,,4549995357127
LNO2FS3AYV000,MacBook本体,Apple,MacBook Pro M2 Pro,MacBook Pro 14.2インチ シルバー M2 Pro 16GB 1TB US 2023 CTOMPHJ3J/A,シルバー,1TB,,
72NCK94KVJ000,MacBook本体,Apple,MacBook Pro M2 Pro,MacBook Pro 14.2インチ シルバー M2 Pro 16GB 512GB JIS 2023 MPHH3J/A,シルバー,512GB,,4549995357103
AJ2PKZJ7JN000,MacBook本体,Apple,MacBook Pro M2 Pro,MacBook Pro 14.2インチ シルバー M2 Pro 16GB 512GB US 2023 CTOMPHH3J/A,シルバー,512GB,,
W03Y056AGN000,MacBook本体,Apple,MacBook Pro M3,MacBook Pro 14.2インチ シルバー M3 16GB 1TB JIS 2024 MXE13J/A,シルバー,1TB,,4549995514674
YKLHO92WNQ000,MacBook本体,Apple,MacBook Pro M3,MacBook Pro 14.2インチ シルバー M3 16GB 1TB US 2024 CTOMXE13J/A,シルバー,1TB,,
SBHD7SRYX2000,MacBook本体,Apple,MacBook Pro M3,MacBook Pro 14.2インチ シルバー M3 8GB 1TB JIS 2023 MR7K3J/A,シルバー,1TB,,4549995428957
IYKQI1C1KP000,MacBook本体,Apple,MacBook Pro M3,MacBook Pro 14.2インチ シルバー M3 8GB 1TB US 2023 CTOMR7K3J/A,シルバー,1TB,,
8YLGWYS1JC000,MacBook本体,Apple,MacBook Pro M3,MacBook Pro 14.2インチ シルバー M3 8GB 512GB JIS 2023 MR7J3J/A,シルバー,512GB,,4549995428933
QKPTJ38HC2000,MacBook本体,Apple,MacBook Pro M3,MacBook Pro 14.2インチ シルバー M3 8GB 512GB US 2023 CTOMR7J3J/A,シルバー,512GB,,
X4CA5PGO5J000,MacBook本体,Apple,MacBook Pro M3 Max,MacBook Pro 14.2インチ シルバー M3 Max 36GB 1TB JIS 2023 MRX83J/A,シルバー,1TB,,4549995437058
2CS5FN3NMJ000,MacBook本体,Apple,MacBook Pro M3 Max,MacBook Pro 14.2インチ シルバー M3 Max 36GB 1TB US 2023 CTOMRX83J/A,シルバー,1TB,,
L7EBHMCFV5000,MacBook本体,Apple,MacBook Pro M3 Pro,MacBook Pro 14.2インチ シルバー M3 Pro 18GB 1TB JIS 2023 MRX73J/A,シルバー,1TB,,4549995437034
6Q0NSVR9T8000,MacBook本体,Apple,MacBook Pro M3 Pro,MacBook Pro 14.2インチ シルバー M3 Pro 18GB 1TB US 2023 CTOMRX73J/A,シルバー,1TB,,
XNSWBGGGK0000,MacBook本体,Apple,MacBook Pro M3 Pro,MacBook Pro 14.2インチ シルバー M3 Pro 18GB 512GB JIS 2023 MRX63J/A,シルバー,512GB,,4549995437010
GJEP7C1SUD000,MacBook本体,Apple,MacBook Pro M3 Pro,MacBook Pro 14.2インチ シルバー M3 Pro 18GB 512GB US 2023 CTOMRX63J/A,シルバー,512GB,,
HLH1IAZ44Y000,MacBook本体,Apple,MacBook Pro M4,MacBook Pro 14.2インチ シルバー M4 16GB 1TB JIS 2024 MW2X3J/A,シルバー,1TB,,4549995521498
6OKACXTSU1000,MacBook本体,Apple,MacBook Pro M4,MacBook Pro 14.2インチ シルバー M4 16GB 1TB US 2024 CTOMW2X3J/A,シルバー,1TB,,
E8S46D4BRJ000,MacBook本体,Apple,MacBook Pro M4,MacBook Pro 14.2インチ シルバー M4 16GB 512GB JIS 2024 MW2W3J/A,シルバー,512GB,,4549995521474
4P5YCX34JB000,MacBook本体,Apple,MacBook Pro M4,MacBook Pro 14.2インチ シルバー M4 16GB 512GB US 2024 CTOMW2W3J/A,シルバー,512GB,,
1OTOPVXVQ4000,MacBook本体,Apple,MacBook Pro M4,MacBook Pro 14.2インチ シルバー M4 24GB 1TB JIS 2024 MCX14J/A,シルバー,1TB,,4549995553895
UQFS04VZ4F000,MacBook本体,Apple,MacBook Pro M4,MacBook Pro 14.2インチ シルバー M4 24GB 1TB US 2024 CTOMCX14J/A,シルバー,1TB,,
OVG4A0GFLY000,MacBook本体,Apple,MacBook Pro M4 Max,MacBook Pro 14.2インチ シルバー M4 Max 36GB 1TB JIS 2024 MX2G3J/A,シルバー,1TB,,4549995548600
VYH6QQ430M000,MacBook本体,Apple,MacBook Pro M4 Max,MacBook Pro 14.2インチ シルバー M4 Max 36GB 1TB US 2024 CTOMX2G3J/A,シルバー,1TB,,
2MB6ZXY4OR000,MacBook本体,Apple,MacBook Pro M4 Pro,MacBook Pro 14.2インチ シルバー M4 Pro 24GB 1TB JIS 2024 MX2F3J/A,シルバー,1TB,,4549995548587
LDGT1K6U83000,MacBook本体,Apple,MacBook Pro M4 Pro,MacBook Pro 14.2インチ シルバー M4 Pro 24GB 1TB US 2024 CTOMX2F3J/A,シルバー,1TB,,
G54R7NYV6M000,MacBook本体,Apple,MacBook Pro M4 Pro,MacBook Pro 14.2インチ シルバー M4 Pro 24GB 512GB JIS 2024 MX2E3J/A,シルバー,512GB,,4549995548563
6ZUROO4H1U000,MacBook本体,Apple,MacBook Pro M4 Pro,MacBook Pro 14.2インチ シルバー M4 Pro 24GB 512GB US 2024 CTOMX2E3J/A,シルバー,512GB,,
61WRW981J9000,MacBook本体,Apple,MacBook Pro M5,MacBook Pro 14.2インチ シルバー M5 16GB 1TB JIS 2025 MDE54J/A,シルバー,1TB,,4549995628241
8F9VZR726G000,MacBook本体,Apple,MacBook Pro M5,MacBook Pro 14.2インチ シルバー M5 16GB 1TB US 2025 CTOMDE54J/A,シルバー,1TB,,
YH05V3FIMY000,MacBook本体,Apple,MacBook Pro M5,MacBook Pro 14.2インチ シルバー M5 16GB 512GB JIS 2025 MDE44J/A,シルバー,512GB,,4549995628227
5XQRNTWMZD000,MacBook本体,Apple,MacBook Pro M5,MacBook Pro 14.2インチ シルバー M5 16GB 512GB US 2025 CTOMDE44J/A,シルバー,512GB,,
TAO0SF4KKM000,MacBook本体,Apple,MacBook Pro M5,MacBook Pro 14.2インチ シルバー M5 24GB 1TB JIS 2025 MDE64J/A,シルバー,1TB,,4549995628265
9SDGS7EUUL000,MacBook本体,Apple,MacBook Pro M5,MacBook Pro 14.2インチ シルバー M5 24GB 1TB US 2025 CTOMDE64J/A,シルバー,1TB,,
34AFE3ONCL000,MacBook本体,Apple,MacBook Pro M5,MacBook Pro 14.2インチ シルバー M5 32GB 1TB JIS 2026 MJ3E4J/A,シルバー,1TB,,4549995692792
N0G4L8B1AX000,MacBook本体,Apple,MacBook Pro M5,MacBook Pro 14.2インチ シルバー M5 32GB 1TB US 2026 CTOMJ3E4J/A,シルバー,1TB,,
29BL73SI4V000,MacBook本体,Apple,MacBook Pro M5 Max,MacBook Pro 14.2インチ シルバー M5 Max 36GB 2TB JIS 2026 MGDQ4J/A,シルバー,2TB,,4549995658293
6ZN3CJZRLY000,MacBook本体,Apple,MacBook Pro M5 Max,MacBook Pro 14.2インチ シルバー M5 Max 36GB 2TB US 2026 CTOMGDQ4J/A,シルバー,2TB,,
LQKZE7L70S000,MacBook本体,Apple,MacBook Pro M5 Pro,MacBook Pro 14.2インチ シルバー M5 Pro 18コア 24GB 2TB JIS 2026,シルバー,2TB,,
NQLHX46H9F000,MacBook本体,Apple,MacBook Pro M5 Pro,MacBook Pro 14.2インチ シルバー M5 Pro 24GB 1TB JIS 2026 MGDN4J/A,シルバー,1TB,,4549995658255
1WJHC6566H000,MacBook本体,Apple,MacBook Pro M5 Pro,MacBook Pro 14.2インチ シルバー M5 Pro 24GB 1TB US 2026 CTOMGDN4J/A,シルバー,1TB,,
I315LLRKTB000,MacBook本体,Apple,MacBook Pro M5 Pro,MacBook Pro 14.2インチ シルバー M5 Pro 24GB 2TB JIS 2026 MGDP4J/A,シルバー,2TB,,4549995658279
R50208BI8M000,MacBook本体,Apple,MacBook Pro M5 Pro,MacBook Pro 14.2インチ シルバー M5 Pro 24GB 2TB US 2026 CTOMGDP4J/A,シルバー,2TB,,
RX7A75MA5G000,MacBook本体,Apple,MacBook Pro M1 Pro,MacBook Pro 14.2インチ スペースグレイ M1 Pro 16GB 1TB JIS 2021 MKGQ3J/A,スペースグレイ,1TB,,4549995252354
FWHK8SEVML000,MacBook本体,Apple,MacBook Pro M1 Pro,MacBook Pro 14.2インチ スペースグレイ M1 Pro 16GB 1TB US 2021 CTOMKGQ3J/A,スペースグレイ,1TB,,
FI6I8H1L77000,MacBook本体,Apple,MacBook Pro M1 Pro,MacBook Pro 14.2インチ スペースグレイ M1 Pro 16GB 512GB JIS 2021 MKGP3J/A,スペースグレイ,512GB,,4549995252330
VUCTWHA644000,MacBook本体,Apple,MacBook Pro M1 Pro,MacBook Pro 14.2インチ スペースグレイ M1 Pro 16GB 512GB US 2021 CTOMKGP3J/A,スペースグレイ,512GB,,
N7O9GLFGHR000,MacBook本体,Apple,MacBook Pro M2 Max,MacBook Pro 14.2インチ スペースグレイ M2 Max 32GB 1TB JIS 2023 MPHG3J/A,スペースグレイ,1TB,,4549995357080
44KSP8MJGS000,MacBook本体,Apple,MacBook Pro M2 Max,MacBook Pro 14.2インチ スペースグレイ M2 Max 32GB 1TB US 2023 CTOMPHG3J/A,スペースグレイ,1TB,,
WZQ4E1944Z000,MacBook本体,Apple,MacBook Pro M2 Pro,MacBook Pro 14.2インチ スペースグレイ M2 Pro 16GB 1TB JIS 2023 MPHF3J/A,スペースグレイ,1TB,,4549995357066
DJ2479NFX0000,MacBook本体,Apple,MacBook Pro M2 Pro,MacBook Pro 14.2インチ スペースグレイ M2 Pro 16GB 1TB US 2023 CTOMPHF3J/A,スペースグレイ,1TB,,
TZF6F3Z12I000,MacBook本体,Apple,MacBook Pro M2 Pro,MacBook Pro 14.2インチ スペースグレイ M2 Pro 16GB 512GB JIS 2023 MPHE3J/A,スペースグレイ,512GB,,4549995357042
WCQTQ0QA4O000,MacBook本体,Apple,MacBook Pro M2 Pro,MacBook Pro 14.2インチ スペースグレイ M2 Pro 16GB 512GB US 2023 CTOMPHE3J/A,スペースグレイ,512GB,,
P7ZMN44QHV000,MacBook本体,Apple,MacBook Pro M3,MacBook Pro 14.2インチ スペースグレイ M3 16GB 1TB JIS 2024 MXE03J/A,スペースグレイ,1TB,,4549995514650
9WQWB8NC64000,MacBook本体,Apple,MacBook Pro M3,MacBook Pro 14.2インチ スペースグレイ M3 16GB 1TB US 2024 CTOMXE03J/A,スペースグレイ,1TB,,
Y59B6W1EPZ000,MacBook本体,Apple,MacBook Pro M3,MacBook Pro 14.2インチ スペースグレイ M3 8GB 1TB JIS 2023 MTL83J/A,スペースグレイ,1TB,,4549995441123
ZX239W50UW000,MacBook本体,Apple,MacBook Pro M3,MacBook Pro 14.2インチ スペースグレイ M3 8GB 1TB US 2023 CTOMTL83J/A,スペースグレイ,1TB,,
ERBVBGQY53000,MacBook本体,Apple,MacBook Pro M3,MacBook Pro 14.2インチ スペースグレイ M3 8GB 512GB JIS 2023 MTL73J/A,スペースグレイ,512GB,,4549995441109
UO6X8H22PZ000,MacBook本体,Apple,MacBook Pro M3,MacBook Pro 14.2インチ スペースグレイ M3 8GB 512GB US 2023 CTOMTL73J/A,スペースグレイ,512GB,,
EYGH78RHXF000,MacBook本体,Apple,MacBook Pro M3 Max,MacBook Pro 14.2インチ スペースブラック M3 Max 36GB 1TB JIS 2023 MRX53J/A,スペースブラック,1TB,,4549995436990
F83KGULVOI000,MacBook本体,Apple,MacBook Pro M3 Max,MacBook Pro 14.2インチ スペースブラック M3 Max 36GB 1TB US 2023 CTOMRX53J/A,スペースブラック,1TB,,
9OK1N2X7HX000,MacBook本体,Apple,MacBook Pro M3 Pro,MacBook Pro 14.2インチ スペースブラック M3 Pro 18GB 1TB JIS 2023 MRX43J/A,スペースブラック,1TB,,4549995436976
SZ46NBMYWS000,MacBook本体,Apple,MacBook Pro M3 Pro,MacBook Pro 14.2インチ スペースブラック M3 Pro 18GB 1TB US 2023 CTOMRX43J/A,スペースブラック,1TB,,
U497Y2YZ9F000,MacBook本体,Apple,MacBook Pro M3 Pro,MacBook Pro 14.2インチ スペースブラック M3 Pro 18GB 512GB JIS 2023 MRX33J/A,スペースブラック,512GB,,4549995436952
U4TRTZT1P1000,MacBook本体,Apple,MacBook Pro M3 Pro,MacBook Pro 14.2インチ スペースブラック M3 Pro 18GB 512GB US 2023 CTOMRX33J/A,スペースブラック,512GB,,
1VAS94Z8GJ000,MacBook本体,Apple,MacBook Pro M4,MacBook Pro 14.2インチ スペースブラック M4 16GB 1TB JIS 2024 MW2V3J/A,スペースブラック,1TB,,4549995521450
A2LP5CC838000,MacBook本体,Apple,MacBook Pro M4,MacBook Pro 14.2インチ スペースブラック M4 16GB 1TB US 2024 CTOMW2V3J/A,スペースブラック,1TB,,
5R2TR1WNK3000,MacBook本体,Apple,MacBook Pro M4,MacBook Pro 14.2インチ スペースブラック M4 16GB 512GB JIS 2024 MW2U3J/A,スペースブラック,512GB,,4549995521436
GH14D6F6GB000,MacBook本体,Apple,MacBook Pro M4,MacBook Pro 14.2インチ スペースブラック M4 16GB 512GB US 2024 CTOMW2U3J/A,スペースブラック,512GB,,
NYZNTHI00M000,MacBook本体,Apple,MacBook Pro M4,MacBook Pro 14.2インチ スペースブラック M4 24GB 1TB JIS 2024 MCX04J/A,スペースブラック,1TB,,4549995553871
VBYQ2D5MFH000,MacBook本体,Apple,MacBook Pro M4,MacBook Pro 14.2インチ スペースブラック M4 24GB 1TB US 2024 CTOMCX04J/A,スペースブラック,1TB,,
B9KRD6VHFA000,MacBook本体,Apple,MacBook Pro M4 Max,MacBook Pro 14.2インチ スペースブラック M4 Max 36GB 1TB JIS 2024 MX2K3J/A,スペースブラック,1TB,,4549995548662
FMM4M10EDP000,MacBook本体,Apple,MacBook Pro M4 Max,MacBook Pro 14.2インチ スペースブラック M4 Max 36GB 1TB US 2024 CTOMX2K3J/A,スペースブラック,1TB,,
VI3641FMHM000,MacBook本体,Apple,MacBook Pro M4 Pro,MacBook Pro 14.2インチ スペースブラック M4 Pro 24GB 1TB JIS 2024 MX2J3J/A,スペースブラック,1TB,,4549995548648
6IWTUCAHVG000,MacBook本体,Apple,MacBook Pro M4 Pro,MacBook Pro 14.2インチ スペースブラック M4 Pro 24GB 1TB US 2024 CTOMX2J3J/A,スペースブラック,1TB,,
WKTK4YK6UN000,MacBook本体,Apple,MacBook Pro M4 Pro,MacBook Pro 14.2インチ スペースブラック M4 Pro 24GB 512GB JIS 2024 MX2H3J/A,スペースブラック,512GB,,4549995548624
C3H230JBQ4000,MacBook本体,Apple,MacBook Pro M4 Pro,MacBook Pro 14.2インチ スペースブラック M4 Pro 24GB 512GB US 2024 CTOMX2H3J/A,スペースブラック,512GB,,
4N25998GY5000,MacBook本体,Apple,MacBook Pro M5,MacBook Pro 14.2インチ スペースブラック M5 16GB 1TB JIS 2025 MDE14J/A,スペースブラック,1TB,,4549995628180
DDAEVFOMJY000,MacBook本体,Apple,MacBook Pro M5,MacBook Pro 14.2インチ スペースブラック M5 16GB 1TB US 2025 CTOMDE14J/A,スペースブラック,1TB,,
5WPCOIH0BS000,MacBook本体,Apple,MacBook Pro M5,MacBook Pro 14.2インチ スペースブラック M5 16GB 512GB JIS 2025 MDE04J/A,スペースブラック,512GB,,4549995628166
78KN4L17VC000,MacBook本体,Apple,MacBook Pro M5,MacBook Pro 14.2インチ スペースブラック M5 16GB 512GB US 2025 CTOMDE04J/A,スペースブラック,512GB,,
N7TU0PILHC000,MacBook本体,Apple,MacBook Pro M5,MacBook Pro 14.2インチ スペースブラック M5 24GB 1TB JIS 2025 MDE34J/A,スペースブラック,1TB,,4549995628203
3C01PAEL22000,MacBook本体,Apple,MacBook Pro M5,MacBook Pro 14.2インチ スペースブラック M5 24GB 1TB US 2025 CTOMDE34J/A,スペースブラック,1TB,,
LN4NFH9DI7000,MacBook本体,Apple,MacBook Pro M5,MacBook Pro 14.2インチ スペースブラック M5 32GB 1TB JIS 2026 MJ3D4J/A,スペースブラック,1TB,,4549995692815
F2XHW0TZFQ000,MacBook本体,Apple,MacBook Pro M5,MacBook Pro 14.2インチ スペースブラック M5 32GB 1TB US 2026 CTOMJ3D4J/A,スペースブラック,1TB,,
VHUH6LRJR4000,MacBook本体,Apple,MacBook Pro M5 Max,MacBook Pro 14.2インチ スペースブラック M5 Max 36GB 2TB JIS 2026 MGDU4J/A,スペースブラック,2TB,,4549995658354
WJEBF7RQ63000,MacBook本体,Apple,MacBook Pro M5 Max,MacBook Pro 14.2インチ スペースブラック M5 Max 36GB 2TB US 2026 CTOMGDU4J/A,スペースブラック,2TB,,
O6UGTHZN3O000,MacBook本体,Apple,MacBook Pro M5 Pro,MacBook Pro 14.2インチ スペースブラック M5 Pro 18コア 24GB 2TB JIS 2026,スペースブラック,2TB,,
WCKBMFJ5WJ000,MacBook本体,Apple,MacBook Pro M5 Pro,MacBook Pro 14.2インチ スペースブラック M5 Pro 24GB 1TB JIS 2026 MGDR4J/A,スペースブラック,1TB,,4549995658316
385UGRM3SL000,MacBook本体,Apple,MacBook Pro M5 Pro,MacBook Pro 14.2インチ スペースブラック M5 Pro 24GB 1TB US 2026 CTOMGDR4J/A,スペースブラック,1TB,,
35SLBA4S2O000,MacBook本体,Apple,MacBook Pro M5 Pro,MacBook Pro 14.2インチ スペースブラック M5 Pro 24GB 2TB JIS 2026 MGDT4J/A,スペースブラック,2TB,,4549995658330
TNMA0KTZT4000,MacBook本体,Apple,MacBook Pro M5 Pro,MacBook Pro 14.2インチ スペースブラック M5 Pro 24GB 2TB US 2026 CTOMGDT4J/A,スペースブラック,2TB,,
DXXK4NYR4X000,MacBook本体,Apple,MacBook Pro M1 Max,MacBook Pro 16.2インチ シルバー M1 Max 32GB 1TB JIS 2021 MK1H3J/A,シルバー,1TB,,4549995252187
7CLF2QORIV000,MacBook本体,Apple,MacBook Pro M1 Max,MacBook Pro 16.2インチ シルバー M1 Max 32GB 1TB US 2021 CTOMK1H3J/A,シルバー,1TB,,
C4KQZ6EB41000,MacBook本体,Apple,MacBook Pro M1 Pro,MacBook Pro 16.2インチ シルバー M1 Pro 16GB 1TB JIS 2021 MK1F3J/A,シルバー,1TB,,4549995252163
BMXKV9Q6JM000,MacBook本体,Apple,MacBook Pro M1 Pro,MacBook Pro 16.2インチ シルバー M1 Pro 16GB 1TB US 2021 CTOMK1F3J/A,シルバー,1TB,,
WHZNPNIDI4000,MacBook本体,Apple,MacBook Pro M1 Pro,MacBook Pro 16.2インチ シルバー M1 Pro 16GB 512GB JIS 2021 MK1E3J/A,シルバー,512GB,,4549995252149
HOFIFX2XHP000,MacBook本体,Apple,MacBook Pro M1 Pro,MacBook Pro 16.2インチ シルバー M1 Pro 16GB 512GB US 2021 CTOMK1E3J/A,シルバー,512GB,,
Z4QHT9ZKTJ000,MacBook本体,Apple,MacBook Pro M2 Max,MacBook Pro 16.2インチ シルバー M2 Max 32GB 1TB JIS 2023 MNWE3J/A,シルバー,1TB,,4549995354096
6AUP44BCEP000,MacBook本体,Apple,MacBook Pro M2 Max,MacBook Pro 16.2インチ シルバー M2 Max 32GB 1TB US 2023 CTOMNWE3J/A,シルバー,1TB,,
7OEK32HTUK000,MacBook本体,Apple,MacBook Pro M2 Pro,MacBook Pro 16.2インチ シルバー M2 Pro 16GB 1TB JIS 2023 MNWD3J/A,シルバー,1TB,,4549995354072
URDY6S500Y000,MacBook本体,Apple,MacBook Pro M2 Pro,MacBook Pro 16.2インチ シルバー M2 Pro 16GB 1TB US 2023 CTOMNWD3J/A,シルバー,1TB,,
C8EBTBDDYE000,MacBook本体,Apple,MacBook Pro M2 Pro,MacBook Pro 16.2インチ シルバー M2 Pro 16GB 512GB JIS 2023 MNWC3J/A,シルバー,512GB,,4549995354058
0W040YKU7X000,MacBook本体,Apple,MacBook Pro M2 Pro,MacBook Pro 16.2インチ シルバー M2 Pro 16GB 512GB US 2023 CTOMNWC3J/A,シルバー,512GB,,
2ITOJ4IK7R000,MacBook本体,Apple,MacBook Pro M3 Max,MacBook Pro 16.2インチ シルバー M3 Max 36GB 1TB JIS 2023 MRW73J/A,シルバー,1TB,,4549995436938
MCF6DESKAX000,MacBook本体,Apple,MacBook Pro M3 Max,MacBook Pro 16.2インチ シルバー M3 Max 36GB 1TB US 2023 CTOMRW73J/A,シルバー,1TB,,
JFFCVFQ4AX000,MacBook本体,Apple,MacBook Pro M3 Max,MacBook Pro 16.2インチ シルバー M3 Max 48GB 1TB JIS 2023 MUW73J/A,シルバー,1TB,,4549995449150
E3WDYI480F000,MacBook本体,Apple,MacBook Pro M3 Max,MacBook Pro 16.2インチ シルバー M3 Max 48GB 1TB US 2023 CTOMUW73J/A,シルバー,1TB,,
YQGL384SL0000,MacBook本体,Apple,MacBook Pro M3 Pro,MacBook Pro 16.2インチ シルバー M3 Pro 18GB 512GB JIS 2023 MRW43J/A,シルバー,512GB,,4549995436891
O34SSR6WWF000,MacBook本体,Apple,MacBook Pro M3 Pro,MacBook Pro 16.2インチ シルバー M3 Pro 18GB 512GB US 2023 CTOMRW43J/A,シルバー,512GB,,
7IPZ9OE44V000,MacBook本体,Apple,MacBook Pro M3 Pro,MacBook Pro 16.2インチ シルバー M3 Pro 36GB 512GB JIS 2023 MRW63J/A,シルバー,512GB,,4549995436914
45MAU9X704000,MacBook本体,Apple,MacBook Pro M3 Pro,MacBook Pro 16.2インチ シルバー M3 Pro 36GB 512GB US 2023 CTOMRW63J/A,シルバー,512GB,,
KXU9BEEP34000,MacBook本体,Apple,MacBook Pro M4 Max,MacBook Pro 16.2インチ シルバー M4 Max 36GB 1TB JIS 2024 MX2V3J/A,シルバー,1TB,,4549995547658
12EW8CWOZT000,MacBook本体,Apple,MacBook Pro M4 Max,MacBook Pro 16.2インチ シルバー M4 Max 36GB 1TB US 2024 CTOMX2V3J/A,シルバー,1TB,,
GFA7QIECST000,MacBook本体,Apple,MacBook Pro M4 Max,MacBook Pro 16.2インチ シルバー M4 Max 48GB 1TB JIS 2024 MX2W3J/A,シルバー,1TB,,4549995547672
HUYDOUQVV8000,MacBook本体,Apple,MacBook Pro M4 Max,MacBook Pro 16.2インチ シルバー M4 Max 48GB 1TB US 2024 CTOMX2W3J/A,シルバー,1TB,,
5VTQNU7SDO000,MacBook本体,Apple,MacBook Pro M4 Pro,MacBook Pro 16.2インチ シルバー M4 Pro 24GB 512GB JIS 2024 MX2T3J/A,シルバー,512GB,,4549995547610
ZF77HBL5AJ000,MacBook本体,Apple,MacBook Pro M4 Pro,MacBook Pro 16.2インチ シルバー M4 Pro 24GB 512GB US 2024 CTOMX2T3J/A,シルバー,512GB,,
SW69WRI4C8000,MacBook本体,Apple,MacBook Pro M4 Pro,MacBook Pro 16.2インチ シルバー M4 Pro 48GB 512GB JIS 2024 MX2U3J/A,シルバー,512GB,,4549995547634
4W8QW6M0UN000,MacBook本体,Apple,MacBook Pro M4 Pro,MacBook Pro 16.2インチ シルバー M4 Pro 48GB 512GB US 2024 CTOMX2U3J/A,シルバー,512GB,,
IGVEPG8TBH000,MacBook本体,Apple,MacBook Pro M5 Max,MacBook Pro 16.2インチ シルバー M5 Max 36GB 2TB JIS 2026 MGE74J/A,シルバー,2TB,,4549995658453
LGYKL2H6AM000,MacBook本体,Apple,MacBook Pro M5 Max,MacBook Pro 16.2インチ シルバー M5 Max 36GB 2TB US 2026 CTOMGE74J/A,シルバー,2TB,,
7ZJ4814C0Z000,MacBook本体,Apple,MacBook Pro M5 Max,MacBook Pro 16.2インチ シルバー M5 Max 48GB 2TB JIS 2026 MGE94J/A,シルバー,2TB,,4549995658477
8NS8T15KMD000,MacBook本体,Apple,MacBook Pro M5 Max,MacBook Pro 16.2インチ シルバー M5 Max 48GB 2TB US 2026 CTOMGE94J/A,シルバー,2TB,,
765BPXPMHV000,MacBook本体,Apple,MacBook Pro M5 Pro,MacBook Pro 16.2インチ シルバー M5 Pro 24GB 1TB JIS 2026 MGE44J/A,シルバー,1TB,,4549995658415
WVMFKG3373000,MacBook本体,Apple,MacBook Pro M5 Pro,MacBook Pro 16.2インチ シルバー M5 Pro 24GB 1TB US 2026 CTOMGE44J/A,シルバー,1TB,,
Z4YA7LFONC000,MacBook本体,Apple,MacBook Pro M5 Pro,MacBook Pro 16.2インチ シルバー M5 Pro 48GB 1TB JIS 2026 MGE64J/A,シルバー,1TB,,4549995658439
HGKVKY7WET000,MacBook本体,Apple,MacBook Pro M5 Pro,MacBook Pro 16.2インチ シルバー M5 Pro 48GB 1TB US 2026 CTOMGE64J/A,シルバー,1TB,,
CBP9DFN4RZ000,MacBook本体,Apple,MacBook Pro M1 Max,MacBook Pro 16.2インチ スペースグレイ M1 Max 32GB 1TB JIS 2021 MK1A3J/A,スペースグレイ,1TB,,4549995252125
K1YWMB0OU4000,MacBook本体,Apple,MacBook Pro M1 Max,MacBook Pro 16.2インチ スペースグレイ M1 Max 32GB 1TB US 2021 CTOMK1A3J/A,スペースグレイ,1TB,,
YDF1N6IA4B000,MacBook本体,Apple,MacBook Pro M1 Pro,MacBook Pro 16.2インチ スペースグレイ M1 Pro 16GB 1TB JIS 2021 MK193J/A,スペースグレイ,1TB,,4549995252101
9R6CYP3EBQ000,MacBook本体,Apple,MacBook Pro M1 Pro,MacBook Pro 16.2インチ スペースグレイ M1 Pro 16GB 1TB US 2021 CTOMK193J/A,スペースグレイ,1TB,,
2MKEOP8A4V000,MacBook本体,Apple,MacBook Pro M1 Pro,MacBook Pro 16.2インチ スペースグレイ M1 Pro 16GB 512GB JIS 2021 MK183J/A,スペースグレイ,512GB,,4549995252088
ULDONZ3B1F000,MacBook本体,Apple,MacBook Pro M1 Pro,MacBook Pro 16.2インチ スペースグレイ M1 Pro 16GB 512GB US 2021 CTOMK183J/A,スペースグレイ,512GB,,
S2GBJVJM12000,MacBook本体,Apple,MacBook Pro M2 Max,MacBook Pro 16.2インチ スペースグレイ M2 Max 32GB 1TB JIS 2023 MNWA3J/A,スペースグレイ,1TB,,4549995354034
A6TRELX5E4000,MacBook本体,Apple,MacBook Pro M2 Max,MacBook Pro 16.2インチ スペースグレイ M2 Max 32GB 1TB US 2023 CTOMNWA3J/A,スペースグレイ,1TB,,
ST35UV24MN000,MacBook本体,Apple,MacBook Pro M2 Pro,MacBook Pro 16.2インチ スペースグレイ M2 Pro 16GB 1TB JIS 2023 MNW93J/A,スペースグレイ,1TB,,4549995354010
KZ4782OFJ5000,MacBook本体,Apple,MacBook Pro M2 Pro,MacBook Pro 16.2インチ スペースグレイ M2 Pro 16GB 1TB US 2023 CTOMNW93J/A,スペースグレイ,1TB,,
72VWD5I9UM000,MacBook本体,Apple,MacBook Pro M2 Pro,MacBook Pro 16.2インチ スペースグレイ M2 Pro 16GB 512GB JIS 2023 MNW83J/A,スペースグレイ,512GB,,4549995353990
X2PBZGM3Z7000,MacBook本体,Apple,MacBook Pro M2 Pro,MacBook Pro 16.2インチ スペースグレイ M2 Pro 16GB 512GB US 2023 CTOMNW83J/A,スペースグレイ,512GB,,
AARP4KA4I8000,MacBook本体,Apple,MacBook Pro M3 Max,MacBook Pro 16.2インチ スペースブラック M3 Max 36GB 1TB JIS 2023 MRW33J/A,スペースブラック,1TB,,4549995436877
2YBX461Y10000,MacBook本体,Apple,MacBook Pro M3 Max,MacBook Pro 16.2インチ スペースブラック M3 Max 36GB 1TB US 2023 CTOMRW33J/A,スペースブラック,1TB,,
0R80989EKJ000,MacBook本体,Apple,MacBook Pro M3 Max,MacBook Pro 16.2インチ スペースブラック M3 Max 48GB 1TB JIS 2023 MUW63J/A,スペースブラック,1TB,,4549995449136
VPN1TD4R3P000,MacBook本体,Apple,MacBook Pro M3 Max,MacBook Pro 16.2インチ スペースブラック M3 Max 48GB 1TB US 2023 CTOMUW63J/A,スペースブラック,1TB,,
0Y3B8QJ25Q000,MacBook本体,Apple,MacBook Pro M3 Pro,MacBook Pro 16.2インチ スペースブラック M3 Pro 18GB 512GB JIS 2023 MRW13J/A,スペースブラック,512GB,,4549995436839
6SQINLLNW7000,MacBook本体,Apple,MacBook Pro M3 Pro,MacBook Pro 16.2インチ スペースブラック M3 Pro 18GB 512GB US 2023 CTOMRW13J/A,スペースブラック,512GB,,
KEFQON2CTW000,MacBook本体,Apple,MacBook Pro M3 Pro,MacBook Pro 16.2インチ スペースブラック M3 Pro 36GB 512GB JIS 2023 MRW23J/A,スペースブラック,512GB,,4549995436853
PLBOPD7C8A000,MacBook本体,Apple,MacBook Pro M3 Pro,MacBook Pro 16.2インチ スペースブラック M3 Pro 36GB 512GB US 2023 CTOMRW23J/A,スペースブラック,512GB,,
X9YF02BHB7000,MacBook本体,Apple,MacBook Pro M4 Max,MacBook Pro 16.2インチ スペースブラック M4 Max 36GB 1TB JIS 2024 MX303J/A,スペースブラック,1TB,,4549995547733
QZTSCELIW6000,MacBook本体,Apple,MacBook Pro M4 Max,MacBook Pro 16.2インチ スペースブラック M4 Max 36GB 1TB US 2024 CTOMX303J/A,スペースブラック,1TB,,
5H8EDCZLVN000,MacBook本体,Apple,MacBook Pro M4 Max,MacBook Pro 16.2インチ スペースブラック M4 Max 48GB 1TB JIS 2024 MX313J/A,スペースブラック,1TB,,4549995547757
JXNZ1NPQ7F000,MacBook本体,Apple,MacBook Pro M4 Max,MacBook Pro 16.2インチ スペースブラック M4 Max 48GB 1TB US 2024 CTOMX313J/A,スペースブラック,1TB,,
SE82D4D1XL000,MacBook本体,Apple,MacBook Pro M4 Pro,MacBook Pro 16.2インチ スペースブラック M4 Pro 24GB 512GB JIS 2024 MX2X3J/A,スペースブラック,512GB,,4549995547696
HO3EVFAE1I000,MacBook本体,Apple,MacBook Pro M4 Pro,MacBook Pro 16.2インチ スペースブラック M4 Pro 24GB 512GB US 2024 CTOMX2X3J/A,スペースブラック,512GB,,
EY2FZG3IUS000,MacBook本体,Apple,MacBook Pro M4 Pro,MacBook Pro 16.2インチ スペースブラック M4 Pro 48GB 512GB JIS 2024 MX2Y3J/A,スペースブラック,512GB,,4549995547719
64F44HPHUH000,MacBook本体,Apple,MacBook Pro M4 Pro,MacBook Pro 16.2インチ スペースブラック M4 Pro 48GB 512GB US 2024 CTOMX2Y3J/A,スペースブラック,512GB,,
JWB1IYH5YR000,MacBook本体,Apple,MacBook Pro M5 Max,MacBook Pro 16.2インチ スペースブラック M5 Max 36GB 2TB JIS 2026 MGED4J/A,スペースブラック,2TB,,4549995658538
4FT6UYUND6000,MacBook本体,Apple,MacBook Pro M5 Max,MacBook Pro 16.2インチ スペースブラック M5 Max 36GB 2TB US 2026 CTOMGED4J/A,スペースブラック,2TB,,
D4DK5SF15C000,MacBook本体,Apple,MacBook Pro M5 Max,MacBook Pro 16.2インチ スペースブラック M5 Max 48GB 2TB JIS 2026 MGEE4J/A,スペースブラック,2TB,,4549995658552
4JHKBXKVWK000,MacBook本体,Apple,MacBook Pro M5 Max,MacBook Pro 16.2インチ スペースブラック M5 Max 48GB 2TB US 2026 CTOMGEE4J/A,スペースブラック,2TB,,
43J7FDZU4O000,MacBook本体,Apple,MacBook Pro M5 Pro,MacBook Pro 16.2インチ スペースブラック M5 Pro 24GB 1TB JIS 2026 MGEA4J/A,スペースブラック,1TB,,4549995658491
176V5RXAW8000,MacBook本体,Apple,MacBook Pro M5 Pro,MacBook Pro 16.2インチ スペースブラック M5 Pro 24GB 1TB US 2026 CTOMGEA4J/A,スペースブラック,1TB,,
MRZ50M7N4R000,MacBook本体,Apple,MacBook Pro M5 Pro,MacBook Pro 16.2インチ スペースブラック M5 Pro 48GB 1TB JIS 2026 MGEC4J/A,スペースブラック,1TB,,4549995658514
858ZUGCFH4000,MacBook本体,Apple,MacBook Pro M5 Pro,MacBook Pro 16.2インチ スペースブラック M5 Pro 48GB 1TB US 2026 CTOMGEC4J/A,スペースブラック,1TB,,
W46QUV5F4A000,Windowsノート本体,ASUS,ASUS BR1104F,ASUS BR1104F 11.6インチ ミネラルグレー Intel Processor N 8GB 128GB BR1104FGA-NS0010XA,ミネラルグレー,128GB,,197105818002
42S4XXCG3X000,Windowsノート本体,ASUS,ASUS BR1104F,ASUS BR1104F 11.6インチ ミネラルグレー Intel Processor N 8GB 128GB BR1104FGA-NS0014XA,ミネラルグレー,128GB,,197105818033
MAIGLO2MUF000,Windowsノート本体,ASUS,ASUS BR1104F,ASUS BR1104F 11.6インチ ミネラルグレー Intel Processor N 8GB 128GB BR1104FGA-NS0271XA,ミネラルグレー,128GB,,197105818040
OB8XLBYIN8000,Windowsノート本体,ASUS,ASUS BR1104F,ASUS BR1104F 11.6インチ ミネラルグレー Intel Processor N 8GB 128GB BR1104FGA-NS0352XA,ミネラルグレー,128GB,,197105818057
5UG970WT89000,Windowsノート本体,ASUS,ASUS BR1104F,ASUS BR1104F 11.6インチ ミネラルグレー Intel Processor N 8GB 128GB BR1104FTA-NS0042XA,ミネラルグレー,128GB,,197105894976
UGXJFCYCOB000,Windowsノート本体,ASUS,ASUS BR1104F,ASUS BR1104F 11.6インチ ミネラルグレー Intel Processor N 8GB 128GB BR1104FTA-NS0097XA,ミネラルグレー,128GB,,
XSNG6NSQLA000,Windowsノート本体,ASUS,ASUS Chromebook,ASUS Chromebook 11.6インチ ミネラルグレイ MediaTek Kompanio 4GB 64GB CZ1104FM4A-NS0033,ミネラルグレー,64GB,,199291295582
JWBHHYOBX8000,Windowsノート本体,ASUS,ASUS Chromebook Plus,ASUS Chromebook Plus 14インチ パールホワイト Core i3 8GB 128GB CX3402CBA-MW0151,パールホワイト,128GB,,197105423954
TTAF3SE4NS000,Windowsノート本体,ASUS,ASUS Chromebook Plus,ASUS Chromebook Plus 14インチ パールホワイト Core i3 8GB 128GB CX3402CVA-MW1032,パールホワイト,128GB,,199291247840
IBMZNIP39T000,Windowsノート本体,ASUS,ASUS Chromebook Plus,ASUS Chromebook Plus 14インチ ロッキーグレー Core i3 8GB 128GB CX3402CBA-MW0153,ロッキーグレー,128GB,,197105318267
X9X4R649TX000,Windowsノート本体,ASUS,ASUS ExpertBook,ASUS ExpertBook 14インチ ミスティグレー Ryzen 5 16GB 512GB PM1403CDA-S60020X,ミスティグレー,512GB,,4711636093323
L2ONB44LRN000,Windowsノート本体,ASUS,ASUS ExpertBook,ASUS ExpertBook 14インチ ミスティグレー Ryzen 5 16GB 512GB PM1403CDA-S60166X,ミスティグレー,512GB,,4711636289207
4RTE6BLQ4N000,Windowsノート本体,ASUS,ASUS ExpertBook,ASUS ExpertBook 14インチ ミスティグレー Ryzen 7 32GB 1TB PM1403CDA-S60096X,ミスティグレー,1TB,,4711636217255
O9237RGQ2V000,Windowsノート本体,ASUS,ASUS ExpertBook,ASUS ExpertBook 14インチ ミスティグレー Ryzen 7 32GB 1TB PM1403CDA-S60181X,ミスティグレー,1TB,,4711636441490
0D8K8Z2VD4000,Windowsノート本体,ASUS,ASUS ExpertBook,ASUS ExpertBook 15.6インチ ミスティグレー Ryzen 5 16GB 512GB PM1503CDA-S70258X,ミスティグレー,512GB,,
P469EBEJLW000,Windowsノート本体,ASUS,ASUS ProArt,ASUS ProArt 13.3インチ ナノブラック Ryzen AI MAX+ 128GB 1TB HN7306EAC-AI91281W,ナノブラック,1TB,,199291388253
EIKQYA6E8V000,Windowsノート本体,ASUS,ASUS ProArt,ASUS ProArt 13.3インチ ナノブラック Ryzen AI MAX+ 64GB 1TB HN7306EA-AI9641W,ナノブラック,1TB,,199291394698
CITQX76QIA000,Windowsノート本体,ASUS,ASUS ProArt,ASUS ProArt 16インチ ナノブラック Ryzen AI 9 32GB 1TB H7606WM-LPAI9321R5060W,ナノブラック,1TB,,
KDWEIZ1QS3000,Windowsノート本体,ASUS,ASUS ROG,ASUS ROG 13.4インチ デセニウムゴールド Ryzen AI MAX+ 128GB 1TB GZ302EAC-AI916C128G,デセニウムゴールド,1TB,,199291302754
OUJYWLEKNC000,Windowsノート本体,ASUS,ASUS ROG,ASUS ROG 13.4インチ デセニウムゴールド Ryzen AI MAX+ 128GB 1TB GZ302EAC-RU178W,デセニウムゴールド,1TB,,
ZD0QWFNZOY000,Windowsノート本体,ASUS,ASUS TUF Gaming,ASUS TUF Gaming 14インチ イェーガーグレー Ryzen 7 16GB 512GB FA401UH-R7R505016G,イェーガーグレー,512GB,,199291400825
2F3ZLT70G4000,Windowsノート本体,ASUS,ASUS TUF Gaming,ASUS TUF Gaming 14インチ イェーガーグレー Ryzen 7 16GB 512GB FA401UM-R7R506016G,イェーガーグレー,512GB,,
ISP7TB1AVA000,Windowsノート本体,ASUS,ASUS TUF Gaming,ASUS TUF Gaming 14インチ イェーガーグレー Ryzen 7 32GB 1TB FA401UM-R7R5060,イェーガーグレー,1TB,,
L25FZRVIOJ000,Windowsノート本体,ASUS,ASUS TUF Gaming,ASUS TUF Gaming 14インチ イェーガーグレー Ryzen 7 32GB 512GB FA401UH-R7R5050,イェーガーグレー,512GB,,
KQSCIECP9K000,Windowsノート本体,ASUS,ASUS TUF Gaming,ASUS TUF Gaming 14インチ イェーガーグレー Ryzen AI 7 32GB 1TB FA401KM-AI7R5060,イェーガーグレー,1TB,,199291113114
9DOC1YB9T8000,Windowsノート本体,ASUS,ASUS TUF Gaming,ASUS TUF Gaming 14インチ イェーガーグレー Ryzen AI 9 32GB 1TB FA401GM-AI9R5060,イェーガーグレー,1TB,,
W7C9MC2IOW000,Windowsノート本体,ASUS,ASUS TUF Gaming,ASUS TUF Gaming 14インチ イェーガーグレー Ryzen AI 9 32GB 512GB FA401GM-AI9R506016G,イェーガーグレー,512GB,,199291543959
HMXLB2GF9C000,Windowsノート本体,ASUS,ASUS TUF Gaming,ASUS TUF Gaming 14インチ イェーガーグレー Ryzen AI MAX+ 32GB 512GB FA401EA-AI12C32G,イェーガーグレー,512GB,,199291566163
VZU1RBSFJL000,Windowsノート本体,ASUS,ASUS TUF Gaming,ASUS TUF Gaming 14インチ イェーガーグレー Ryzen AI MAX+ 64GB 1TB FA401EA-AI12C64G,イェーガーグレー,1TB,,
DFIVU8SAOR000,Windowsノート本体,ASUS,ASUS TUF Gaming,ASUS TUF Gaming 14インチ ムーンライトホワイト Ryzen 7 16GB 512GB FA401UH-R7R505016GW,ムーンライトホワイト,512GB,,199291400856
MAXC91H5LN000,Windowsノート本体,ASUS,ASUS TUF Gaming,ASUS TUF Gaming 14インチ ムーンライトホワイト Ryzen 7 32GB 1TB FA401UM-R7R5060W,ムーンライトホワイト,1TB,,199291317802
1WJNF9JBNX000,Windowsノート本体,ASUS,ASUS TUF Gaming,ASUS TUF Gaming 15.6インチ グラファイトブラック Ryzen 7 16GB 512GB FA506NCG-R7R3050S,グラファイトブラック,512GB,,4711636271981
VN6ZV0DQN1000,Windowsノート本体,ASUS,ASUS TUF Gaming,ASUS TUF Gaming 15.6インチ グラファイトブラック Ryzen 7 16GB 512GB FA506NCQ-R7R3050WPS,グラファイトブラック,512GB,,4711636405843
4QLQE1R40I000,Windowsノート本体,ASUS,ASUS TUF Gaming,ASUS TUF Gaming 15.6インチ メカグレー Ryzen 7 16GB 1TB FA507UV-R7R4060A,メカグレー,1TB,,
G0I3FGZBBR000,Windowsノート本体,ASUS,ASUS TUF Gaming,ASUS TUF Gaming 15.6インチ メカグレー Ryzen 9 16GB 1TB FA507UV-R9R4060S,メカグレー,1TB,,
P25XPFMN0R000,Windowsノート本体,ASUS,ASUS TUF Gaming,ASUS TUF Gaming 15.6インチ メカグレー Ryzen 9 32GB 1TB FA507UI-R9R4070A,メカグレー,1TB,,
2HHYQ2HG9T000,Windowsノート本体,ASUS,ASUS TUF Gaming,ASUS TUF Gaming 15.6インチ メカグレー Ryzen 9 32GB 512GB FA507UV-LP081W,メカグレー,512GB,,
X9063HLWOM000,Windowsノート本体,ASUS,ASUS Vivobook,ASUS Vivobook 14インチ インディーブラック Ryzen 7 16GB 512GB M1405YA-LY087WS,インディーブラック,512GB,,197105174917
21SN36E4EO000,Windowsノート本体,ASUS,ASUS Vivobook,ASUS Vivobook 14インチ クワイエットブルー Core Ultra 5 16GB 1TB X1407AA-U5161BU,クワイエットブルー,1TB,,4711636453059
B84U4G7WJJ000,Windowsノート本体,ASUS,ASUS Vivobook,ASUS Vivobook 14インチ クワイエットブルー Core Ultra 5 16GB 512GB X1407AA-U5165BU,クワイエットブルー,512GB,,4711636453066
09K34ORIOR000,Windowsノート本体,ASUS,ASUS Vivobook,ASUS Vivobook 14インチ クワイエットブルー Core Ultra 5 16GB 512GB X1407CA-U5165BU,クワイエットブルー,512GB,,4711387980842
D6JJF24VII000,Windowsノート本体,ASUS,ASUS Vivobook,ASUS Vivobook 14インチ クワイエットブルー Core Ultra 5 16GB 512GB X1407CA-U5165BUS,クワイエットブルー,512GB,,4711387980859
A2F4CDMEXS000,Windowsノート本体,ASUS,ASUS Vivobook,ASUS Vivobook 14インチ クールシルバー AMD Ryzen 3 8GB 512GB E1404FA-AR38512SIW,クールシルバー,512GB,,4711636441278
M8C8DN7W6T000,Windowsノート本体,ASUS,ASUS Vivobook,ASUS Vivobook 14インチ クールシルバー AMD Ryzen 3 8GB 512GB E1404FA-AR38512SIWS,クールシルバー,512GB,,4711636441261
K9AHE815Y6000,Windowsノート本体,ASUS,ASUS Vivobook,ASUS Vivobook 14インチ クールシルバー Ryzen 5 16GB 512GB E1404FA-AR5165SIWP,クールシルバー,512GB,,4711636441049
E18Q1KD0YH000,Windowsノート本体,ASUS,ASUS Vivobook,ASUS Vivobook 14インチ クールシルバー Ryzen 5 16GB 512GB E1404FA-AR5165SIWS,クールシルバー,512GB,,4711636441032
ATD8HJF41Q000,Windowsノート本体,ASUS,ASUS Vivobook 16,ASUS Vivobook 16 16インチ クワイエットブルー Core Ultra 5 16GB 1TB X1607AA-U5161BU,クワイエットブルー,1TB,,
OD75IYCBQP000,Windowsノート本体,ASUS,ASUS Vivobook 16,ASUS Vivobook 16 16インチ クワイエットブルー Core Ultra 5 16GB 512GB X1607AA-U5165BU,クワイエットブルー,512GB,,
NE1HO0OTUG000,Windowsノート本体,ASUS,ASUS Vivobook 16,ASUS Vivobook 16 16インチ クワイエットブルー Core Ultra 5 16GB 512GB X1607CA-AU5165BU,クワイエットブルー,512GB,,
R96IOMN1EP000,Windowsノート本体,ASUS,ASUS Vivobook 16,ASUS Vivobook 16 16インチ クワイエットブルー Core Ultra 5 16GB 512GB X1607CA-U5165BU,クワイエットブルー,512GB,,
K8P5YJHWZC000,Windowsノート本体,ASUS,ASUS Vivobook 16,ASUS Vivobook 16 16インチ クワイエットブルー Core Ultra 5 16GB 512GB X1607CA-U5165BUS,クワイエットブルー,512GB,,199291003002
8LGWCCJ5BO000,Windowsノート本体,ASUS,ASUS Vivobook 16,ASUS Vivobook 16 16インチ クワイエットブルー Core Ultra 7 16GB 1TB X1607CA-U7161BU,クワイエットブルー,1TB,,
VV0JC2O5GV000,Windowsノート本体,ASUS,ASUS Vivobook 16,ASUS Vivobook 16 16インチ クワイエットブルー Core Ultra 7 16GB 512GB X1607CA-U7165BU,クワイエットブルー,512GB,,
ELALQBQA3T000,Windowsノート本体,ASUS,ASUS Vivobook 16,ASUS Vivobook 16 16インチ クワイエットブルー Core Ultra 7 32GB 512GB X1607CA-U7325BU,クワイエットブルー,512GB,,
BVM6JC45E4000,Windowsノート本体,ASUS,ASUS Vivobook 16,ASUS Vivobook 16 16インチ クールシルバー Ryzen 7 16GB 512GB M1605NAQ-R7165SI,クールシルバー,512GB,,
CSOPUTI2PD000,Windowsノート本体,ASUS,ASUS Vivobook,ASUS Vivobook 18インチ クワイエットブルー Ryzen 7 32GB 1TB M1807HA-R7321W,クワイエットブルー,1TB,,
XRA73OSB1F000,Windowsノート本体,ASUS,ASUS Vivobook,ASUS Vivobook 18インチ クワイエットブルー Ryzen AI 5 16GB 512GB M1807GA-R5165BU,クワイエットブルー,512GB,,
N6OQ4GU443000,Windowsノート本体,ASUS,ASUS Vivobook,ASUS Vivobook 18インチ クワイエットブルー Ryzen AI 7 16GB 512GB M1807GA-R7165BU,クワイエットブルー,512GB,,
TM9MH93A1I000,Windowsノート本体,ASUS,ASUS Vivobook,ASUS Vivobook 18インチ クワイエットブルー Ryzen AI 7 32GB 1TB M1807GA-R7321BU,クワイエットブルー,1TB,,
R9D0SXQAJ4000,Windowsノート本体,ASUS,ASUS Vivobook,ASUS Vivobook 18インチ クワイエットブルー Ryzen AI 7 32GB 512GB M1807GA-R7325BU,クワイエットブルー,512GB,,
8V5J54N7W4000,Windowsノート本体,ASUS,ASUS Zenbook,ASUS Zenbook 14インチ アイスランドグレー Snapdragon X 32GB 1TB UX3407QA-PU32148GR,アイスランドグレー,1TB,,
Z7E8NJY73B000,Windowsノート本体,ASUS,ASUS Zenbook,ASUS Zenbook 14インチ ザブリスキーベージュ Snapdragon X 32GB 1TB UX3407QA-PU32148BE,ザブリスキーベージュ,1TB,,
CWJFNAYK5A000,Windowsノート本体,ASUS,ASUS Zenbook,ASUS Zenbook 14インチ ジェイドブラック Ryzen AI 5 16GB 1TB UM3406GA-AI5161BL,ジェイドブラック,1TB,,4711636440707
90JSJ1SR80000,Windowsノート本体,ASUS,ASUS Zenbook,ASUS Zenbook 14インチ ジェイドブラック Ryzen AI 5 16GB 512GB UM3406GA-AI5165BL,ジェイドブラック,512GB,,4711636440714
OSIY9ZX0LV000,Windowsノート本体,ASUS,ASUS Zenbook,ASUS Zenbook 14インチ ジェイドブラック Ryzen AI 5 16GB 512GB UM3406GA-TAI5165WS,ジェイドブラック,512GB,,4711636402323
N0RRR4IQ14000,Windowsノート本体,ASUS,ASUS Zenbook,ASUS Zenbook 14インチ ジェイドブラック Ryzen AI 5 32GB 512GB UM3406GA-AI5325BL,ジェイドブラック,512GB,,4711636575546
MKR50U2FGA000,Windowsノート本体,ASUS,ASUS Zenbook,ASUS Zenbook 14インチ ジェイドブラック Ryzen AI 7 16GB 1TB UM3406GA-AI7161BL,ジェイドブラック,1TB,,4711636575553
O2VWJWS0JR000,Windowsノート本体,ASUS,ASUS Zenbook,ASUS Zenbook 14インチ ジェイドブラック Ryzen AI 7 16GB 1TB UM3406GA-TAI7161WS,ジェイドブラック,1TB,,4711636415828
9Y3WSJXA7R000,Windowsノート本体,ASUS,ASUS Zenbook,ASUS Zenbook 14インチ ジェイドブラック Ryzen AI 7 16GB 512GB UM3406GA-AI7165BL,ジェイドブラック,512GB,,4711636575560
QID3TE47MU000,Windowsノート本体,ASUS,ASUS Zenbook,ASUS Zenbook 14インチ ジェイドブラック Ryzen AI 7 32GB 1TB UM3406GA-AI7321BL,ジェイドブラック,1TB,,4711636440691
VR80W1E43P000,Windowsノート本体,ASUS,ASUS Zenbook,ASUS Zenbook 14インチ ジェイドブラック Ryzen AI 7 32GB 1TB UM3406GA-AI7321BLS,ジェイドブラック,1TB,,4711636435031
4RSAPJ7N7B000,Windowsノート本体,ASUS,ASUS Zenbook,ASUS Zenbook 14インチ ジェイドブラック Ryzen AI 7 32GB 512GB UM3406GA-AI7325BL,ジェイドブラック,512GB,,4711636575539
3CVV4NSW0S000,Windowsノート本体,ASUS,ASUS Zenbook,ASUS Zenbook 14インチ フォギーシルバー Core Ultra 7 16GB 512GB UX3405CA-TU7165SIW,フォギーシルバー,512GB,,4711387867945
PDX9024ZOS000,Windowsノート本体,ASUS,ASUS Zenbook,ASUS Zenbook 14インチ フォギーシルバー Core Ultra 7 32GB 512GB UX3405CA-TU7325SIW,フォギーシルバー,512GB,,4711387867938
GTFS17U5DO000,Windowsノート本体,ASUS,ASUS Zenbook,ASUS Zenbook 14インチ フォギーシルバー Core Ultra 9 32GB 1TB UX3405CA-TU9321SIW,フォギーシルバー,1TB,,4711387867921
T2W7HNQA8C000,Windowsノート本体,ASUS,ASUS Zenbook,ASUS Zenbook 14インチ ポンダーブルー Core Ultra 7 16GB 1TB UX3405CA-TU7161BLW,ポンダーブルー,1TB,,4711387867891
VQ6LB1V3BS000,Windowsノート本体,ASUS,ASUS Zenbook,ASUS Zenbook 14インチ ポンダーブルー Core Ultra 7 16GB 1TB UX3405CA-TU7161BLWS,ポンダーブルー,1TB,,4711387867884
X94BNDE6XJ000,Windowsノート本体,ASUS,ASUS Zenbook,ASUS Zenbook 14インチ ポンダーブルー Core Ultra 7 16GB 512GB UX3405CA-TU7165BLW,ポンダーブルー,512GB,,4711387867907
UD6FMGM4QP000,Windowsノート本体,ASUS,ASUS Zenbook,ASUS Zenbook 14インチ ポンダーブルー Core Ultra 7 32GB 512GB UX3405CA-TU7325BLW,ポンダーブルー,512GB,,4711387867877
5S6YWG9LFB000,Windowsノート本体,ASUS,ASUS Zenbook,ASUS Zenbook 14インチ ポンダーブルー Core Ultra 9 32GB 1TB UX3405CA-T3SU9321BLW,ポンダーブルー,1TB,,4711636441063
90KJYT8PJK000,Windowsノート本体,ASUS,ASUS Zenbook,ASUS Zenbook 14インチ ポンダーブルー Core Ultra 9 32GB 1TB UX3405CA-T3U9321BLW,ポンダーブルー,1TB,,4711387913390
BS9UWO0X84000,Windowsノート本体,ASUS,ASUS Zenbook,ASUS Zenbook 14インチ ポンダーブルー Core Ultra 9 32GB 1TB UX3405CA-TU9321BLW,ポンダーブルー,1TB,,4711387867860
0CBXAJ2F4K000,Windowsノート本体,ASUS,ASUS Zenbook,ASUS Zenbook 16インチ ザブリスキーベージュ Snapdragon X2 48GB 1TB UX3607OA-GL481BE,ザブリスキーベージュ,1TB,,199291457645
CDL969SDA4000,Windowsノート本体,ASUS,ASUS Zenbook,ASUS Zenbook 16インチ ザブリスキーベージュ Snapdragon X2 Elite Extreme 48GB 1TB UX3607OA-GL481BES,ザブリスキーベージュ,1TB,,199291457652
CJOVOXIGDY000,Windowsノート本体,ASUS,ASUS Zenbook DUO,ASUS Zenbook DUO 14インチ インクウェルグレー Core Ultra 9 32GB 1TB UX8406CA-FU9321W,インクウェルグレー,1TB,,
E1FY01I1VF000,Windowsノート本体,ASUS,ASUS Zenbook DUO,ASUS Zenbook DUO 14インチ モーハーグレー Core Ultra X9 32GB 1TB UX8407AA-X9H321WS,モーハーグレー,1TB,,199291379145
0103NCVRQW000,Windowsノート本体,ASUS,ASUS Zenbook S,ASUS Zenbook S 14インチ アントリムグレー Core Ultra 9 32GB 1TB UX5406AA-T3U9321GRS,アントリムグレー,1TB,,199291488366
7JMJ52P0FF000,Windowsノート本体,ASUS,ASUS Zenbook S,ASUS Zenbook S 14インチ スカンジナビアンホワイト Core Ultra 7 32GB 1TB UX5406SA-TU7321WHS,スカンジナビアンホワイト,1TB,,199291441699
02N6VOSH44000,Windowsノート本体,ASUS,ASUS Zenbook S,ASUS Zenbook S 14インチ スカンジナビアンホワイト Core Ultra 9 32GB 1TB UX5406AA-T3U9321WHS,スカンジナビアンホワイト,1TB,,199291488373
I6KF1PPO9X000,Windowsノート本体,ASUS,ASUS Zenbook S,ASUS Zenbook S 14インチ スマイアグレー Core Ultra 7 32GB 1TB UX5406SA-AU7321GR,スマイアグレー,1TB,,
2JDZU0CYKM000,Windowsノート本体,ASUS,ASUS Zenbook S,ASUS Zenbook S 14インチ スマイアグレー Core Ultra 7 32GB 1TB UX5406SA-TU7321GRS,スマイアグレー,1TB,,199291441682
LK0UDG5WMB000,Windowsノート本体,ASUS,ASUS Zenbook S,ASUS Zenbook S 16インチ アントリムグレー Ryzen AI 9 32GB 1TB UM5606GA-TAI9321GR,アントリムグレー,1TB,,199291402355
RPWNJORJIW000,Windowsノート本体,ASUS,ASUS Zenbook S,ASUS Zenbook S 16インチ アントリムグレー Ryzen AI 9 32GB 1TB UM5606GA-TAI9X321GR,アントリムグレー,1TB,,
EARLW2G9UC000,Windowsノート本体,ASUS,ASUS Zenbook S,ASUS Zenbook S 16インチ スカンジナビアンホワイト Ryzen AI 9 32GB 1TB UM5606GA-TAI9321WH,スカンジナビアンホワイト,1TB,,199291402348
PRTO70Q4FK000,Windowsノート本体,ASUS,ASUS Zenbook S,ASUS Zenbook S 16インチ スマイアグレー Ryzen AI 7 24GB 1TB UM5606KA-AI7241GR,スマイアグレー,1TB,,
499YKLQKB0000,Windowsノート本体,Acer,Acer Aspire 14 AI,Acer Aspire 14 AI 14インチ ピュアシルバー Ryzen AI 5 16GB 512GB A14-A71M-N56Y,ピュアシルバー,512GB,,4515777643719
XXSD81M7AG000,Windowsノート本体,Acer,Acer Aspire 14 AI,Acer Aspire 14 AI 14インチ ピュアシルバー Ryzen AI 7 32GB 1TB A14-A71M-N73Z,ピュアシルバー,1TB,,4515777643689
KOOCS64H4H000,Windowsノート本体,Acer,Acer Aspire Lite,Acer Aspire Lite 15.6インチ ライトシルバー Core Ultra 5 16GB 512GB AL15-54P-F56Y,ライトシルバー,512GB,,4515777636445
G0DOGKD4W3000,Windowsノート本体,Acer,Acer Aspire Lite,Acer Aspire Lite 15.6インチ ライトシルバー Core Ultra 5 16GB 512GB AL15-74P-H56Y,ライトシルバー,512GB,,4515777664295
YT0PLUATL6000,Windowsノート本体,Acer,Acer Aspire Lite,Acer Aspire Lite 15.6インチ ライトシルバー Intel Core 3 16GB 512GB AL15-33P-F36Y/SJW-F,ライトシルバー,512GB,,4515777654487
MX2N7M3O73000,Windowsノート本体,Acer,Acer Aspire Lite,Acer Aspire Lite 15.6インチ ライトシルバー Intel Core 3 8GB 512GB AL15-33P-F38Y/S,ライトシルバー,512GB,,4515777591836
44NZWMCP4C000,Windowsノート本体,Acer,Acer Aspire Lite,Acer Aspire Lite 15.6インチ ライトシルバー Ryzen 5 16GB 512GB AL15-42P-H56Y,ライトシルバー,512GB,,4515777630658
WROIF6VZ6M000,Windowsノート本体,Acer,Acer Aspire Lite,Acer Aspire Lite 15.6インチ ライトシルバー Ryzen 5 16GB 512GB AL15-42P-H56Y/F,ライトシルバー,512GB,,4515777627283
ABV23LAQND000,Windowsノート本体,Acer,Acer Aspire Lite,Acer Aspire Lite 15.6インチ ライトシルバー Ryzen 7 16GB 512GB AL15-42P-H76Y,ライトシルバー,512GB,,4515777651134
TQ3S1V21F1000,Windowsノート本体,Acer,Acer Aspire Lite,Acer Aspire Lite 15.6インチ ライトシルバー Ryzen 7 16GB 512GB AL15-42P-H76Y/JW-F,ライトシルバー,512GB,,4515777651141
30XBIITV66000,Windowsノート本体,Acer,Acer Chromebook 315,Acer Chromebook 315 15.6インチ スパークリーシルバー Intel Processor N 8GB 64GB CB315-7H-H18P,スパークリーシルバー,64GB,,4515777659093
Q0WIMNBT7O000,Windowsノート本体,Acer,Acer Swift,Acer Swift 14インチ ライトシルバー Core Ultra 5 16GB 512GB SFL14-54M-A56Y,ライトシルバー,512GB,,4515777650755
ASI3VR4BBC000,Windowsノート本体,Acer,Acer Swift,Acer Swift 14インチ ライトシルバー Core Ultra 5 16GB 512GB SFL14-54M-H56Y,ライトシルバー,512GB,,4515777639859
F80XTUINPN000,Windowsノート本体,Acer,Acer Swift,Acer Swift 14インチ ライトシルバー Core Ultra 7 16GB 512GB SFL14-54M-F76Y,ライトシルバー,512GB,,4515777584876
Y47YPIAMRO000,Windowsノート本体,Acer,Acer Swift,Acer Swift 16インチ ストーンウォッシュグレイ Core Ultra X7 32GB 1TB SF16-71T-H73Z/E,ストーンウォッシュグレイ,1TB,,4515777664585
2GPN0A62CW000,Windowsノート本体,DELL,Dell D14260,Dell 14インチ カーボンブラック Core Ultra 5 16GB 512GB D14260,カーボンブラック,512GB,,
7R46ZMWRZC000,Windowsノート本体,DELL,Dell D14260,Dell 14インチ カーボンブラック Core Ultra 7 16GB 512GB D14260,カーボンブラック,512GB,,
F04RV91FR8000,Windowsノート本体,DELL,Dell D14260,Dell 14インチ カーボンブラック Core Ultra 7 32GB 1TB D14260,カーボンブラック,1TB,,
A622XPSPI7000,Windowsノート本体,DELL,Dell D14260,Dell 14インチ プラチナシルバー Core Ultra 5 16GB 512GB D14260,プラチナシルバー,512GB,,
DYVU8B2O0J000,Windowsノート本体,DELL,Dell D14260,Dell 14インチ プラチナシルバー Core Ultra 7 16GB 512GB D14260,プラチナシルバー,512GB,,
ZH0E6LQS4W000,Windowsノート本体,DELL,Dell D14260,Dell 14インチ プラチナシルバー Core Ultra 7 32GB 1TB D14260,プラチナシルバー,1TB,,
H8VYXS4VV5000,Windowsノート本体,DELL,Dell MCD44,Dell 14インチ プラチナシルバー Ryzen AI 5 16GB 512GB MCD44-FWM3S,プラチナシルバー,512GB,,4573661274814
7SFPPEMQPA000,Windowsノート本体,DELL,Dell MCD44,Dell 14インチ ミッドナイトブルー Ryzen AI 5 16GB 512GB MCD44-FWM3M,ミッドナイトブルー,512GB,,4573661274821
HT559M4N6M000,Windowsノート本体,DELL,Dell ND65,Dell 15.6インチ カーボンブラック Core i5 16GB 512GB ND65-GHM3B,カーボンブラック,512GB,,
QQ1F5LL6GY000,Windowsノート本体,DELL,Dell ND85,Dell 15.6インチ カーボンブラック Core i7 16GB 1TB ND85-GHM3B,カーボンブラック,1TB,,
JLZ1NU2LGF000,Windowsノート本体,DELL,Dell ND25,Dell 15.6インチ カーボンブラック Intel Core 3 8GB 512GB ND25-FWHBB,カーボンブラック,512GB,,4573661270632
IR6S0GEZO6000,Windowsノート本体,DELL,Dell ND25,Dell 15.6インチ カーボンブラック Intel Core 3 8GB 512GB ND25-GHM3B,カーボンブラック,512GB,,4573661274753
9HYW8HZP3L000,Windowsノート本体,DELL,Dell ND65,Dell 15.6インチ プラチナシルバー Core i5 16GB 512GB ND65-GHM3S,プラチナシルバー,512GB,,
9F674STAP5000,Windowsノート本体,DELL,Dell ND85,Dell 15.6インチ プラチナシルバー Core i7 16GB 1TB ND85-GHM3S,プラチナシルバー,1TB,,
NYVO4TI8YV000,Windowsノート本体,DELL,Dell ND25,Dell 15.6インチ プラチナシルバー Intel Core 3 8GB 512GB ND25-FWHBS,プラチナシルバー,512GB,,4573661270649
7AKSL0MK84000,Windowsノート本体,DELL,Dell ND25,Dell 15.6インチ プラチナシルバー Intel Core 3 8GB 512GB ND25-GHM3S,プラチナシルバー,512GB,,4573661274760
ASF4GQCOQ2000,Windowsノート本体,DELL,Dell Pro 14,Dell Pro 14インチ カーボンブラック Core 5 8GB 512GB NBLA152-001N1,カーボンブラック,512GB,,
8P3IXLFI6M000,Windowsノート本体,DELL,Dell Pro 15 Essential,Dell Pro 15 Essential 15.6インチ プラチナシルバー Core i5 16GB 512GB NBLA154-002H1,プラチナシルバー,512GB,,4573661271639
PVNG7RT1VI000,Windowsノート本体,DELL,Dell Pro 15 Essential,Dell Pro 15 Essential 15.6インチ プラチナシルバー Core i5 16GB 512GB NBLA154-002N1,プラチナシルバー,512GB,,4573661271622
AF98YHXJVX000,Windowsノート本体,DELL,Dell Pro 15 Essential,Dell Pro 15 Essential 15.6インチ プラチナシルバー Core i5 8GB 512GB NBLA154-001H1,プラチナシルバー,512GB,,4573661271615
ISUTZUDB05000,Windowsノート本体,DELL,Dell Pro 15 Essential,Dell Pro 15 Essential 15.6インチ プラチナシルバー Core i5 8GB 512GB NBLA154-001N1,プラチナシルバー,512GB,,4573661271608
RZ44G64WO0000,Windowsノート本体,DELL,Dell Pro 15 Essential,Dell Pro 15 Essential 15.6インチ プラチナシルバー Core i7 16GB 512GB NBLA154-003N1,プラチナシルバー,512GB,,4573661271646
4SR41W4L2J000,Windowsノート本体,DELL,Dell Pro 15 Essential,Dell Pro 15 Essential 15.6インチ プラチナシルバー Core i7 16GB 512GB NBLA154-003H1,プラチナシルバー,512GB,,4573661271653
QRZABMN9PU000,Windowsノート本体,Fujitsu,Fujitsu FMV LIFEBOOK,Fujitsu FMV LIFEBOOK 14インチ ブラック Core Ultra 7 16GB 512GB FMVU0A065P,ブラック,512GB,,4549210814138
5I4OYPVRNX000,Windowsノート本体,Fujitsu,Fujitsu FMV Note A,Fujitsu FMV Note A 15.6インチ ファインシルバー Ryzen 5 16GB 512GB FMVWK3A55F_KC,ファインシルバー,512GB,,
4AKMB1GWNA000,Windowsノート本体,Fujitsu,Fujitsu FMV Note A,Fujitsu FMV Note A 15.6インチ ファインシルバー Ryzen 7 32GB 1TB FMVWK3A79F_KC,ファインシルバー,1TB,,
HUO0SWNL2M000,Windowsノート本体,Fujitsu,Fujitsu FMV Note A,Fujitsu FMV Note A 15.6インチ ブライトブラック Ryzen 5 8GB 256GB FMVA530KBA,ブライトブラック,256GB,,4570105181257
MB50EYY1UG000,Windowsノート本体,Fujitsu,Fujitsu FMV Note A,Fujitsu FMV Note A 15.6インチ ブライトブラック Ryzen 7 8GB 512GB FMVA730KBA,ブライトブラック,512GB,,4570105181240
L3Q824MZP1000,Windowsノート本体,Fujitsu,Fujitsu FMV Note A,Fujitsu FMV Note A 16インチ コールブラック Ryzen AI 7 16GB 512GB FMVA79L1BA,コールブラック,512GB,,4570105181431
74YPHSA40R000,Windowsノート本体,Fujitsu,Fujitsu FMV Note A,Fujitsu FMV Note A 16インチ ファインシルバー Core i7 16GB 256GB FMVA75K3SA,ファインシルバー,256GB,,4570105180465
3RSBQ01OHP000,Windowsノート本体,Fujitsu,Fujitsu FMV Note A,Fujitsu FMV Note A 16インチ ブライトブラック Core i7 16GB 256GB FMVA75K3BA,ブライトブラック,256GB,,4570105180458
0AM9VIXHPU000,Windowsノート本体,Fujitsu,Fujitsu FMV Note A,Fujitsu FMV Note A 16インチ ブライトブラック Ryzen 7 16GB 512GB FMVA77K3BY,ブライトブラック,512GB,,4570105180953
EKE81I0HB4000,Windowsノート本体,Fujitsu,Fujitsu FMV Note A,Fujitsu FMV Note A 16インチ ベージュゴールド Core i7 16GB 256GB FMVA75K3GA,ベージュゴールド,256GB,,4570105180472
CU1X19I74R000,Windowsノート本体,Fujitsu,Fujitsu FMV Note A,Fujitsu FMV Note A 16インチ メタリックブルー Core i7 16GB 512GB FMVA75K3LY,メタリックブルー,512GB,,4570105180922
ZK3SP8Q3LS000,Windowsノート本体,Fujitsu,Fujitsu FMV Note E,Fujitsu FMV Note E 15.6インチ ブラック Core i5 16GB 512GB FMVE55K3BB,ブラック,512GB,,4570105180663
ONFMP6151X000,Windowsノート本体,Fujitsu,Fujitsu FMV Note E,Fujitsu FMV Note E 15.6インチ ブラック Core i5 8GB 256GB FMVE530KBA,ブラック,256GB,,4570105181103
XVVXLJCBOE000,Windowsノート本体,Fujitsu,Fujitsu FMV Note P,Fujitsu FMV Note P 16インチ ストームグレー Ryzen 7 16GB 512GB FMVP75L1HA,ストームグレー,512GB,,4570105181325
2C6KZ4XC93000,Windowsノート本体,Fujitsu,Fujitsu FMV Note U,Fujitsu FMV Note U 14インチ シルバーホワイト Snapdragon X 16GB 512GB FMVUQSL1WA,シルバーホワイト,512GB,,4570105181349
J5U79AO2GK000,Windowsノート本体,Fujitsu,Fujitsu FMV Note U,Fujitsu FMV Note U 14インチ ピクトブラック Core Ultra 5 16GB 512GB FMVU59L1BA,ピクトブラック,512GB,,4570105181691
CJ3Y3ZN8TV000,Windowsノート本体,Fujitsu,Fujitsu FMV Note U,Fujitsu FMV Note U 14インチ ピクトブラック Core Ultra 5 16GB 512GB FMVUH07009,ピクトブラック,512GB,,
186BX4EWCH000,Windowsノート本体,Fujitsu,Fujitsu FMV Note U,Fujitsu FMV Note U 14インチ ピクトブラック Core Ultra 7 32GB 256GB KC_WU1L1_A006,ピクトブラック,256GB,,4580620245648
O9UYN9TFFF000,Windowsノート本体,Fujitsu,Fujitsu FMV Note U,Fujitsu FMV Note U 14インチ ピクトブラック Core Ultra 7 32GB 512GB FMVUH07009,ピクトブラック,512GB,,
22QW0375VF000,Windowsノート本体,Fujitsu,Fujitsu FMV Note U,Fujitsu FMV Note U 14インチ ピクトブラック Snapdragon X 16GB 256GB FMVUH09001,ピクトブラック,256GB,,
R47EORE9H1000,Windowsノート本体,Fujitsu,Fujitsu FMV Note U,Fujitsu FMV Note U 14インチ ピクトブラック Snapdragon X 16GB 512GB FMVUQSL1BA,ピクトブラック,512GB,,4570105181332
MTSYH2JHHW000,Windowsノート本体,Fujitsu,Fujitsu FMV Note U,Fujitsu FMV Note U 14インチ ピクトブラック Snapdragon X 32GB 512GB FMVUH09001,ピクトブラック,512GB,,
TCDUUE4KFB000,Windowsノート本体,HP,HP 14-ep,HP 14-ep 14インチ ナチュラルシルバー Core Ultra 5 16GB 512GB BJ0M1PA-AAAA,ナチュラルシルバー,512GB,,4527607041923
JL2DYCECRX000,Windowsノート本体,HP,HP 14-ep,HP 14-ep 14インチ ナチュラルシルバー Core Ultra 5 16GB 512GB BJ0M1PA-AAAB,ナチュラルシルバー,512GB,,4527607041930
4KL1DKBZ5C000,Windowsノート本体,HP,HP EliteBook,HP EliteBook 13.3インチ シルバー Core i5 16GB 256GB B4NH4PT#ABJ,シルバー,256GB,,
2EQPUZQZC7000,Windowsノート本体,HP,HP EliteBook,HP EliteBook 13.3インチ シルバー Core i5 16GB 256GB B1TN0PA,シルバー,256GB,,
D4JYHAJS9I000,Windowsノート本体,HP,HP EliteBook,HP EliteBook 13.3インチ シルバー Core i5 16GB 256GB B1TN1PA,シルバー,256GB,,
MLP5M5GCT1000,Windowsノート本体,HP,HP EliteBook,HP EliteBook 13.3インチ シルバー Core i5 16GB 512GB B1TN2PA,シルバー,512GB,,
F96YRJAVK4000,Windowsノート本体,HP,HP EliteBook,HP EliteBook 13.3インチ シルバー Core i5 8GB 256GB B1TM9PA,シルバー,256GB,,
ECIPHI76OX000,Windowsノート本体,HP,HP OmniBook Ultra Flip,HP OmniBook Ultra Flip 14インチ イクリプスグレー Core Ultra 7 32GB 1TB 14-fh0001TU,イクリプスグレー,1TB,,
Y64A12B4QU000,Windowsノート本体,HP,HP OmniBook X Flip,HP OmniBook X Flip 14インチ ミッドナイトブルー Core Ultra 7 32GB 1TB 14-kb0012TU,ミッドナイトブルー,1TB,,
D86NU1YZYO000,Windowsノート本体,HP,HP OmniBook X Flip,HP OmniBook X Flip 14インチ メテオシルバー Ryzen AI 5 16GB 512GB 14-fk0004AU,メテオシルバー,512GB,,
CKO39UZT9D000,Windowsノート本体,HP,HP OmniBook X Flip,HP OmniBook X Flip 14インチ メテオシルバー Ryzen AI 7 32GB 1TB 14-fk0005AU,メテオシルバー,1TB,,
28QF5SUZTA000,Windowsノート本体,HP,HP ProBook,HP ProBook 16インチ ナチュラルシルバー Core Ultra 5 8GB 256GB B58N1PT#ABJ,ナチュラルシルバー,256GB,,
E6OLJ1L2XT000,Windowsノート本体,HP,HP ProBook,HP ProBook 16インチ ナチュラルシルバー Core Ultra 7 16GB 512GB B1RX5PT#ABJ,ナチュラルシルバー,512GB,,
MGHRU4MD7R000,Windowsノート本体,Lenovo,Lenovo IdeaPad 5a,Lenovo IdeaPad 5a 14インチ ルナグレー Ryzen AI 5 16GB 512GB 83UHCTO1WWJP2,ルナグレー,512GB,,
M4095C1FGB000,Windowsノート本体,Lenovo,Lenovo IdeaPad 5a,Lenovo IdeaPad 5a 14インチ ルナグレー Ryzen AI 5 16GB 512GB 83UHCTO1WWJP4,ルナグレー,512GB,,
IG8QRS220S000,Windowsノート本体,Lenovo,Lenovo IdeaPad 5a,Lenovo IdeaPad 5a 14インチ ルナグレー Ryzen AI 7 16GB 512GB 83UHCTO1WWJP3,ルナグレー,512GB,,
1PXD2V8K7E000,Windowsノート本体,Lenovo,Lenovo IdeaPad 5a,Lenovo IdeaPad 5a 15.3インチ ルナグレー Ryzen AI 5 16GB 512GB 83UMCTO1WWJP2,ルナグレー,512GB,,
SJU0WD9YLD000,Windowsノート本体,Lenovo,Lenovo IdeaPad 5a,Lenovo IdeaPad 5a 15.3インチ ルナグレー Ryzen AI 7 16GB 512GB 83UMCTO1WWJP3,ルナグレー,512GB,,
GRKW1GYJZA000,Windowsノート本体,Lenovo,Lenovo IdeaPad 5i,Lenovo IdeaPad 5i 14インチ ルナグレー Core Ultra 5 16GB 512GB 83UGCTO1WWJP2,ルナグレー,512GB,,
QLPASRMV6Q000,Windowsノート本体,Lenovo,Lenovo IdeaPad 5i,Lenovo IdeaPad 5i 14インチ ルナグレー Core Ultra 7 16GB 512GB 83UGCTO1WWJP3,ルナグレー,512GB,,
P89SADAST7000,Windowsノート本体,Lenovo,Lenovo IdeaPad Slim 3,Lenovo IdeaPad Slim 3 14インチ アークティックグレー Ryzen 5 16GB 512GB 82XN009HJP,アークティックグレー,512GB,,4573680997572
I28RL9MZMX000,Windowsノート本体,Lenovo,Lenovo IdeaPad Slim 3,Lenovo IdeaPad Slim 3 14インチ ルナグレー Ryzen 5 16GB 512GB 83K600A4JP,ルナグレー,512GB,,
240P834NDJ000,Windowsノート本体,Lenovo,Lenovo IdeaPad Slim 3,Lenovo IdeaPad Slim 3 14インチ ルナグレー Ryzen 5 16GB 512GB 83K600A5JP,ルナグレー,512GB,,
Z5JLXITQ3Z000,Windowsノート本体,Lenovo,Lenovo IdeaPad Slim 3,Lenovo IdeaPad Slim 3 14インチ ルナグレー Ryzen 7 16GB 512GB 83K600A3JP,ルナグレー,512GB,,
YX41XOGOT9000,Windowsノート本体,Lenovo,Lenovo IdeaPad Slim 3,Lenovo IdeaPad Slim 3 14インチ ルナグレー Ryzen 7 16GB 512GB 83KA006VJP,ルナグレー,512GB,,
8TLNTLJSPR000,Windowsノート本体,Lenovo,Lenovo IdeaPad Slim 3,Lenovo IdeaPad Slim 3 16インチ ルナグレー Ryzen 5 16GB 1TB 83K8007DJP,ルナグレー,1TB,,4573681462987
0IQRAF2V4O000,Windowsノート本体,Lenovo,Lenovo IdeaPad Slim 3,Lenovo IdeaPad Slim 3 16インチ ルナグレー Ryzen 5 16GB 512GB 83K8007GJP,ルナグレー,512GB,,4573681463014
VOTIHW9QO2000,Windowsノート本体,Lenovo,Lenovo IdeaPad Slim 3,Lenovo IdeaPad Slim 3 16インチ ルナグレー Ryzen 7 16GB 1TB 83K8007HJP,ルナグレー,1TB,,4573681463113
2CT0OHYIQY000,Windowsノート本体,Lenovo,Lenovo IdeaPad Slim 3,Lenovo IdeaPad Slim 3 16インチ ルナグレー Ryzen 7 16GB 512GB 83K8007JJP,ルナグレー,512GB,,4573681463120
5B802ESH9M000,Windowsノート本体,Lenovo,Lenovo IdeaPad Slim 5,Lenovo IdeaPad Slim 5 13.3インチ クラウドグレー Ryzen 5 16GB 512GB 83J20054JP,クラウドグレー,512GB,,4573681463243
PG2Y6HWTCR000,Windowsノート本体,Lenovo,Lenovo IdeaPad Slim 5,Lenovo IdeaPad Slim 5 13.3インチ クラウドグレー Ryzen 7 16GB 512GB 83J20053JP,クラウドグレー,512GB,,4573681463236
LE435EMITJ000,Windowsノート本体,Lenovo,Lenovo IdeaPad Slim 5a,Lenovo IdeaPad Slim 5a 14インチ ルナグレー Ryzen AI 7 16GB 512GB 83S1005FJP,ルナグレー,512GB,,
GOSTGL0ZVF000,Windowsノート本体,Lenovo,Lenovo IdeaPad Slim 5a,Lenovo IdeaPad Slim 5a 14インチ ルナグレー Ryzen AI 7 16GB 512GB 83S1005GJP,ルナグレー,512GB,,
G4VDBAA8O4000,Windowsノート本体,Lenovo,Lenovo IdeaPad Slim 5a,Lenovo IdeaPad Slim 5a 14インチ ルナグレー Ryzen AI 7 16GB 512GB 83S1CTO1WWJP3,ルナグレー,512GB,,
60ZN7UZ0VL000,Windowsノート本体,Lenovo,Lenovo IdeaPad Slim 5a,Lenovo IdeaPad Slim 5a 14インチ ルナグレー Ryzen AI 7 32GB 512GB 83S1CTO1WWJP4,ルナグレー,512GB,,
87OZHICEYJ000,Windowsノート本体,Lenovo,Lenovo IdeaPad Slim 5a,Lenovo IdeaPad Slim 5a 16インチ ルナグレー Ryzen AI 7 16GB 512GB 83S20045JP,ルナグレー,512GB,,
A24NX77427000,Windowsノート本体,Lenovo,Lenovo IdeaPad Slim 5a,Lenovo IdeaPad Slim 5a 16インチ ルナグレー Ryzen AI 7 16GB 512GB 83S20046JP,ルナグレー,512GB,,
KTIC3G42D1000,Windowsノート本体,Lenovo,Lenovo IdeaPad Slim 5a,Lenovo IdeaPad Slim 5a 16インチ ルナグレー Ryzen AI 7 16GB 512GB 83S2CTO1WWJP2,ルナグレー,512GB,,
AQTY30GFM7000,Windowsノート本体,Lenovo,Lenovo IdeaPad Slim 5a,Lenovo IdeaPad Slim 5a 16インチ ルナグレー Ryzen AI 7 16GB 512GB 83S2CTO1WWJP4,ルナグレー,512GB,,
TZIPV94YCG000,Windowsノート本体,Lenovo,Lenovo IdeaPad Slim 5a,Lenovo IdeaPad Slim 5a 16インチ ルナグレー Ryzen AI 7 32GB 512GB 83S2CTO1WWJP3,ルナグレー,512GB,,
DE7NT0LK8W000,Windowsノート本体,Lenovo,Lenovo J,Lenovo J 13.3インチ ルナグレー Core 5 16GB 256GB 83NV000KJP,ルナグレー,256GB,,4582764920634
DPGM2LHBNT000,Windowsノート本体,Lenovo,Lenovo LOQ,Lenovo LOQ 15.3インチ ルナグレー Core Ultra 7 16GB 512GB 83SLCTO1WWJP2,ルナグレー,512GB,,
L1K4SXX26W000,Windowsノート本体,Lenovo,Lenovo LOQ,Lenovo LOQ 15.6インチ ルナグレー Core i5 16GB 512GB 83LK007EJP,ルナグレー,512GB,,4582764213835
19D957Y4WM000,Windowsノート本体,Lenovo,Lenovo LOQ,Lenovo LOQ 15.6インチ ルナグレー Core i5 16GB 512GB 83LK00E8JP,ルナグレー,512GB,,4573681365455
G82X77RXUV000,Windowsノート本体,Lenovo,Lenovo LOQ,Lenovo LOQ 15.6インチ ルナグレー Core i7 16GB 512GB 83LK007FJP,ルナグレー,512GB,,4582764213859
V0N2SW1FF7000,Windowsノート本体,Lenovo,Lenovo LOQ,Lenovo LOQ 15.6インチ ルナグレー Core i7 16GB 512GB 83LK00E9JP,ルナグレー,512GB,,4573681365585
1XCR8WBI8F000,Windowsノート本体,Lenovo,Lenovo Legion Go S,Lenovo Legion Go S 8インチ グレイシャーホワイト Ryzen Z2 16GB 512GB 83L3004TJP,グレイシャーホワイト,512GB,,4573681391638
VFH44N5SL3000,Windowsノート本体,Lenovo,Lenovo ThinkPad E16,Lenovo ThinkPad E16 16インチ エクリプスブラック Core Ultra 5 16GB 256GB 21YCCTO1WWJP2,エクリプスブラック,256GB,,
4XEU6KAQ9D000,Windowsノート本体,Lenovo,Lenovo ThinkPad E16,Lenovo ThinkPad E16 16インチ エクリプスブラック Core Ultra 5 16GB 256GB 21SRCTO1WWJP6,エクリプスブラック,256GB,,
LY60OGPKUV000,Windowsノート本体,Lenovo,Lenovo ThinkPad E16,Lenovo ThinkPad E16 16インチ エクリプスブラック Core Ultra 5 16GB 512GB 21SRCTO1WWJP3,エクリプスブラック,512GB,,
X3O9MZ4E7S000,Windowsノート本体,Lenovo,Lenovo ThinkPad E16,Lenovo ThinkPad E16 16インチ エクリプスブラック Core Ultra 5 16GB 512GB 21YD0006JP,エクリプスブラック,512GB,,
H0T4OH1KF4000,Windowsノート本体,Lenovo,Lenovo ThinkPad E16,Lenovo ThinkPad E16 16インチ エクリプスブラック Core Ultra 5 16GB 512GB 21YD0007JP,エクリプスブラック,512GB,,
O4142QJYLB000,Windowsノート本体,Lenovo,Lenovo ThinkPad E16,Lenovo ThinkPad E16 16インチ エクリプスブラック Core Ultra 5 16GB 512GB 21YD0008JP,エクリプスブラック,512GB,,
1PAG2CRTKI000,Windowsノート本体,Lenovo,Lenovo ThinkPad E16,Lenovo ThinkPad E16 16インチ エクリプスブラック Core Ultra 5 16GB 512GB 21YD0009JP,エクリプスブラック,512GB,,
5P1XMFCQK6000,Windowsノート本体,Lenovo,Lenovo ThinkPad E16,Lenovo ThinkPad E16 16インチ エクリプスブラック Core Ultra 5 32GB 256GB 22AYCTO1WWJP2,エクリプスブラック,256GB,,
5RI3ZALTDO000,Windowsノート本体,Lenovo,Lenovo ThinkPad E16,Lenovo ThinkPad E16 16インチ エクリプスブラック Core Ultra 5 32GB 512GB 22AYCTO1WWJP3,エクリプスブラック,512GB,,
3W4YN8CYZK000,Windowsノート本体,Lenovo,Lenovo ThinkPad E16,Lenovo ThinkPad E16 16インチ エクリプスブラック Core Ultra 5 8GB 256GB 21SRCTO1WWJP5,エクリプスブラック,256GB,,
B97GL7CYGJ000,Windowsノート本体,Lenovo,Lenovo ThinkPad E16,Lenovo ThinkPad E16 16インチ エクリプスブラック Core Ultra 7 16GB 256GB 21SRCTO1WWJP4,エクリプスブラック,256GB,,
UEPZI0E119000,Windowsノート本体,Lenovo,Lenovo ThinkPad E16,Lenovo ThinkPad E16 16インチ エクリプスブラック Core Ultra 7 16GB 256GB 22AYCTO1WWJP4,エクリプスブラック,256GB,,
K43Y7B1F4G000,Windowsノート本体,Lenovo,Lenovo ThinkPad E16,Lenovo ThinkPad E16 16インチ エクリプスブラック Core Ultra 7 16GB 256GB 22AYCTO1WWJP5,エクリプスブラック,256GB,,
CBZ3JZ1IX4000,Windowsノート本体,Lenovo,Lenovo ThinkPad E16,Lenovo ThinkPad E16 16インチ エクリプスブラック Core Ultra 7 16GB 512GB 22AYCTO1WWJP6,エクリプスブラック,512GB,,
O9MQJVKTEJ000,Windowsノート本体,Lenovo,Lenovo ThinkPad E16,Lenovo ThinkPad E16 16インチ エクリプスブラック Core Ultra 7 32GB 1TB 21YD000AJP,エクリプスブラック,1TB,,4573681922603
QJCDVCKKT9000,Windowsノート本体,Lenovo,Lenovo ThinkPad E16,Lenovo ThinkPad E16 16インチ エクリプスブラック Core Ultra 7 32GB 1TB 21YD000BJP,エクリプスブラック,1TB,,4573681922566
9U403T84K4000,Windowsノート本体,Lenovo,Lenovo ThinkPad E16,Lenovo ThinkPad E16 16インチ エクリプスブラック Core Ultra 7 32GB 512GB 21YCCTO1WWJP3,エクリプスブラック,512GB,,
Q3C6Y2ZU4B000,Windowsノート本体,Lenovo,Lenovo ThinkPad E16,Lenovo ThinkPad E16 16インチ エクリプスブラック Ryzen 5 16GB 512GB 21ST005HJP,エクリプスブラック,512GB,,4573681684242
Z8FHXB4SCI000,Windowsノート本体,Lenovo,Lenovo ThinkPad E16,Lenovo ThinkPad E16 16インチ エクリプスブラック Ryzen 5 16GB 512GB 21ST005JJP,エクリプスブラック,512GB,,4573681684204
F0HA5P0PVQ000,Windowsノート本体,Lenovo,Lenovo ThinkPad E16,Lenovo ThinkPad E16 16インチ エクリプスブラック Ryzen 5 16GB 512GB 21ST005KJP,エクリプスブラック,512GB,,4573681684235
V6LEPJIJ54000,Windowsノート本体,Lenovo,Lenovo ThinkPad E16,Lenovo ThinkPad E16 16インチ エクリプスブラック Ryzen 5 16GB 512GB 21ST005LJP,エクリプスブラック,512GB,,4573681684198
R4MY4TO0MX000,Windowsノート本体,Lenovo,Lenovo ThinkPad E16,Lenovo ThinkPad E16 16インチ エクリプスブラック Ryzen 5 16GB 512GB 21STCTO1WWJP4,エクリプスブラック,512GB,,
4O2FT7511W000,Windowsノート本体,Lenovo,Lenovo ThinkPad E16,Lenovo ThinkPad E16 16インチ エクリプスブラック Ryzen 5 8GB 256GB 21STCTO1WWJP7,エクリプスブラック,256GB,,
W56MKU7JXR000,Windowsノート本体,Lenovo,Lenovo ThinkPad E16,Lenovo ThinkPad E16 16インチ エクリプスブラック Ryzen 7 16GB 256GB 21STCTO1WWJP8,エクリプスブラック,256GB,,
UIOV5J4A9Z000,Windowsノート本体,Lenovo,Lenovo ThinkPad E16,Lenovo ThinkPad E16 16インチ エクリプスブラック Ryzen 7 32GB 1TB 21ST005MJP,エクリプスブラック,1TB,,
4KUPLIDJYX000,Windowsノート本体,Lenovo,Lenovo ThinkPad E16,Lenovo ThinkPad E16 16インチ エクリプスブラック Ryzen 7 32GB 1TB 21ST005NJP,エクリプスブラック,1TB,,
5XWV3LOAYX000,Windowsノート本体,Lenovo,Lenovo ThinkPad E16,Lenovo ThinkPad E16 16インチ エクリプスブラック Ryzen 7 32GB 512GB 21STCTO1WWJP5,エクリプスブラック,512GB,,
LSJL6AF07Y000,Windowsノート本体,Lenovo,Lenovo ThinkPad E16,Lenovo ThinkPad E16 16インチ ブラック Ryzen 5 16GB 256GB 21JUS5BH00,ブラック,256GB,,4573680708390
TIUXV0YFHR000,Windowsノート本体,Lenovo,Lenovo ThinkPad E16,Lenovo ThinkPad E16 16インチ ブラック Ryzen 5 24GB 512GB 21JUS5AK00,ブラック,512GB,,4582764988399
IBEJACOA05000,Windowsノート本体,Lenovo,Lenovo ThinkPad E16,Lenovo ThinkPad E16 16インチ ブラック Ryzen 5 24GB 512GB 21JUS5HB00,ブラック,512GB,,4573680995134
R554MBUGAU000,Windowsノート本体,Lenovo,Lenovo V15,Lenovo V 15.6インチ ビジネスブラック Core i5 16GB 256GB 83GW00GMJP,ビジネスブラック,256GB,,4573681623821
NHT475R34H000,Windowsノート本体,Lenovo,Lenovo V15,Lenovo V 15.6インチ ビジネスブラック Core i5 16GB 256GB 83GW00K4JP,ビジネスブラック,256GB,,4573681873189
NOO8UQKWJG000,Windowsノート本体,Lenovo,Lenovo Yoga 7a,Lenovo Yoga 7a 14インチ シーシェル Ryzen AI 7 32GB 512GB 83TDCTO1WWJP2,シーシェル,512GB,,
BHWQ1N4KPN000,Windowsノート本体,Lenovo,Lenovo Yoga Slim 7a,Lenovo Yoga Slim 7a 14インチ タイダルティール Ryzen AI 5 16GB 512GB 83QSCTO1WWJP4,タイダルティール,512GB,,
U93NA29HV2000,Windowsノート本体,Lenovo,Lenovo Yoga Slim 7a,Lenovo Yoga Slim 7a 14インチ タイダルティール Ryzen AI 5 16GB 512GB 83QSCTO1WWJP2,タイダルティール,512GB,,
QEMOOQGPES000,Windowsノート本体,Lenovo,Lenovo Yoga Slim 7a,Lenovo Yoga Slim 7a 14インチ タイダルティール Ryzen AI 7 32GB 512GB 83QSCTO1WWJP3,タイダルティール,512GB,,
3KK2L2H8AB000,Windowsノート本体,Lenovo,Lenovo Yoga Slim 7i,Lenovo Yoga Slim 7i 14インチ コズミックブルー Core Ultra 7 32GB 1TB 83QK000XJP,コズミックブルー,1TB,,4573681595173
XOW0AP594D000,Windowsノート本体,Lenovo,Lenovo Yoga Slim 7i,Lenovo Yoga Slim 7i 14インチ シーシェル Core Ultra 7 32GB 1TB 83QK004YJP,シーシェル,1TB,,4573681877255
UY978YI44J000,Windowsノート本体,Lenovo,Lenovo Yoga Slim 7i,Lenovo Yoga Slim 7i 14インチ シーシェル Core Ultra 7 32GB 1TB 83QKCTO1WWJP2,シーシェル,1TB,,
UIEHC41OIH000,Windowsノート本体,Lenovo,Lenovo Yoga Slim 7i,Lenovo Yoga Slim 7i 14インチ シーシェル Core Ultra 7 32GB 1TB 83QKCTO1WWJP3,シーシェル,1TB,,
P87CCVHK7H000,Windowsノート本体,MSI,MSI Cyborg,MSI Cyborg 14インチ ブラック&スケルトン Core i7 32GB 1TB Cyborg-14-A13VE-3302JP,ブラック&スケルトン,1TB,,4711377409315
7G3JU2FE3V000,Windowsノート本体,MSI,MSI Cyborg,MSI Cyborg 15.6インチ オデッセイグレイ&スケルトン Core 7 32GB 1TB Cyborg-15-B2RWFKG-2863JP,オデッセイグレイ&スケルトン,1TB,,4711377424264
R4CLLAY94B000,Windowsノート本体,MSI,MSI Cyborg,MSI Cyborg 15.6インチ ブラック&スケルトン Core i7 16GB 512GB Cyborg-15-A13UC-6022JP,ブラック&スケルトン,512GB,,4711377409223
6154RZLUZM000,Windowsノート本体,MSI,MSI Katana,MSI Katana 15.6インチ ブラック Core i9 32GB 1TB Katana-15-HX-B14WGK-0961JP,ブラック,1TB,,4711377423953
S9NJDENSRK000,Windowsノート本体,MSI,MSI Katana,MSI Katana 17.3インチ ブラック Core i7 16GB 1TB Katana-17-HX-B14WEK-6569JP,ブラック,1TB,,4711377423939
S1W1ZJMXG3000,Windowsノート本体,MSI,MSI Modern,MSI Modern 15.6インチ プラチナグレイ Core i5 16GB 512GB Modern-15-F13MXG-5529JPNN,プラチナグレイ,512GB,,4711377414760
Z5D344IJV1000,Windowsノート本体,MSI,MSI Prestige,MSI Prestige 13.3インチ ステラグレイ Core Ultra 7 16GB 512GB Prestige-13-AI-Evo-A1MG-2641JP,ステラグレイ,512GB,,4711377427470
AIB4Y18IDB000,Windowsノート本体,MSI,MSI Prestige,MSI Prestige 13.3インチ プラチナグレイ Core Ultra 7 32GB 1TB Prestige-13-AI+A3MG-2631JP,プラチナグレイ,1TB,,4711377426350
TYD4HXOELM000,Windowsノート本体,MSI,MSI Prestige,MSI Prestige 13.3インチ プラチナグレイ Core Ultra 9 32GB 1TB Prestige-13-AI+A3MG-2633JP,プラチナグレイ,1TB,,4711377426374
V4HNY5XRE5000,Windowsノート本体,MSI,MSI Prestige,MSI Prestige 14インチ プラチナグレイ Core Ultra 7 32GB 1TB Prestige-14-AI+D3MG-2619JP,プラチナグレイ,1TB,,4711377426244
2STCVEUE0Q000,Windowsノート本体,MSI,MSI Prestige,MSI Prestige 14インチ プラチナグレイ Core Ultra 9 32GB 1TB Prestige-14-Flip-AI+D3MTG-2623JP,プラチナグレイ,1TB,,4711377426299
YOW4914RV9000,Windowsノート本体,MSI,MSI Prestige,MSI Prestige 16インチ プラチナグレイ Core Ultra 7 32GB 1TB Prestige-16-AI+C3MG-2609JP,プラチナグレイ,1TB,,4711377426213
XJ7C44L03T000,Windowsノート本体,MSI,MSI Prestige,MSI Prestige 16インチ プラチナグレイ Core Ultra 9 32GB 1TB Prestige-16-Flip-AI+C3MTG-2610JP,プラチナグレイ,1TB,,4711377426176
P5V7NIQ7RF000,Windowsノート本体,MSI,MSI Prestige,MSI Prestige 16インチ プラチナグレイ Core Ultra X7 32GB 1TB Prestige-16-AI+C3MG-2601JP,プラチナグレイ,1TB,,4711377426152
9HYFUL6A3V000,Windowsノート本体,MSI,MSI Thin,MSI Thin 15.6インチ コスモスグレイ Core i5 16GB 512GB Thin-15-B13UC-6113JP,コスモスグレイ,512GB,,4711377409261
4KKQ5NQ526000,Windowsノート本体,MSI,MSI Vector,MSI Vector 16インチ コスモスグレイ Core Ultra 9 32GB 1TB Vector-16-HX-AI-A2XWHG-0863JP,コスモスグレイ,1TB,,4711377424073
ANWB41H5YC000,Windowsノート本体,MSI,MSI Vector,MSI Vector 17インチ コスモスグレイ Core Ultra 9 32GB 1TB Vector-17-HX-AI-A2XWHG-6369JP,コスモスグレイ,1TB,,4711377423922
0BKJZ5EQ29000,Windowsノート本体,NEC,NEC LAVIE N15,NEC LAVIE N15 15.6インチ カームブラック Core i5 16GB 256GB PC-N1555GKB2,カームブラック,256GB,,4573640688137
FAWKKJHMGB000,Windowsノート本体,NEC,NEC LAVIE N15,NEC LAVIE N15 15.6インチ カームブラック Core i5 16GB 512GB PC-N1555GAB2,カームブラック,512GB,,4573640688090
E46JDZB5LU000,Windowsノート本体,NEC,NEC LAVIE N15,NEC LAVIE N15 15.6インチ パールホワイト AMD Ryzen 3 8GB 256GB PC-N1530KAW-HE,パールホワイト,256GB,,4573640690758
DH3DXJAMAN000,Windowsノート本体,NEC,NEC LAVIE N15,NEC LAVIE N15 15.6インチ パールホワイト Core i5 8GB 256GB PC-N1550JAW-HE,パールホワイト,256GB,,4573640690734
YDWF0GDOX4000,Windowsノート本体,NEC,NEC LAVIE N16,NEC LAVIE N16 16インチ オリーブグリーン Ryzen 7 16GB 512GB PC-N1675LAE,オリーブグリーン,512GB,,4573640684924
HM55749YJ4000,Windowsノート本体,NEC,NEC LAVIE N16,NEC LAVIE N16 16インチ ネイビーブルー Core i3 16GB 512GB PC-N1635LAL,ネイビーブルー,512GB,,4573640684962
Q15KRWN4OL000,Windowsノート本体,NEC,NEC LAVIE N16,NEC LAVIE N16 16インチ ネイビーブルー Core i3 16GB 512GB PC-N1635LAL-B,ネイビーブルー,512GB,,4573640714553
Q9GQ7A3X9B000,Windowsノート本体,NEC,NEC LAVIE N16,NEC LAVIE N16 16インチ ネイビーブルー Core i5 16GB 512GB PC-N1655KAL,ネイビーブルー,512GB,,4573626005330
4PBVPC3BVR000,Windowsノート本体,NEC,NEC LAVIE N16,NEC LAVIE N16 16インチ ネイビーブルー Core i5 16GB 512GB PC-N1655LAL,ネイビーブルー,512GB,,4573640684948
CNNVTQZ84D000,Windowsノート本体,NEC,NEC LAVIE N16,NEC LAVIE N16 16インチ ネイビーブルー Core i5 16GB 512GB PC-N1655LAL-B,ネイビーブルー,512GB,,4573640714539
NA1VIOJFNW000,Windowsノート本体,NEC,NEC LAVIE N16,NEC LAVIE N16 16インチ ネイビーブルー Ryzen 7 16GB 512GB PC-N1675LAL,ネイビーブルー,512GB,,4573640684917
0Y637D9MUE000,Windowsノート本体,NEC,NEC LAVIE N16,NEC LAVIE N16 16インチ ネイビーブルー Ryzen 7 32GB 1TB PC-N1685LAL,ネイビーブルー,1TB,,4573640684894
AB1EHM564B000,Windowsノート本体,NEC,NEC LAVIE N16,NEC LAVIE N16 16インチ パールホワイト Core i3 16GB 512GB PC-N1635LAW,パールホワイト,512GB,,4573640684955
4OKC02EYD6000,Windowsノート本体,NEC,NEC LAVIE N16,NEC LAVIE N16 16インチ パールホワイト Core i3 16GB 512GB PC-N1635LAW-B,パールホワイト,512GB,,4573640714546
9R7CNYTL5F000,Windowsノート本体,NEC,NEC LAVIE N16,NEC LAVIE N16 16インチ パールホワイト Core i5 16GB 512GB PC-N1655KAW,パールホワイト,512GB,,4573626005323
B6EJZX4HT0000,Windowsノート本体,NEC,NEC LAVIE N16,NEC LAVIE N16 16インチ パールホワイト Core i5 16GB 512GB PC-N1655LAW,パールホワイト,512GB,,4573640684931
TYL4R824WC000,Windowsノート本体,NEC,NEC LAVIE N16,NEC LAVIE N16 16インチ パールホワイト Core i5 16GB 512GB PC-N1655LAW-B,パールホワイト,512GB,,4573640714522
685ZH2WWLJ000,Windowsノート本体,NEC,NEC LAVIE N16,NEC LAVIE N16 16インチ パールホワイト Ryzen 7 16GB 512GB PC-N1675LAW,パールホワイト,512GB,,4573640684900
ICIFZKQQOV000,Windowsノート本体,NEC,NEC LAVIE SOL,NEC LAVIE SOL 13.3インチ フェアリーパープル Core Ultra 7 32GB 1TB PC-S1375LAP-E5,フェアリーパープル,1TB,,4573640685044
V1BG4UB464000,Windowsノート本体,NEC,NEC LAVIE SOL,NEC LAVIE SOL 13.3インチ プラチナシルバー Core Ultra 7 32GB 1TB PC-S1375LAS-E5,プラチナシルバー,1TB,,4573640685020
DLJJZZWWCQ000,Windowsノート本体,NEC,NEC LAVIE SOL,NEC LAVIE SOL 13.3インチ ムーンブラック Core Ultra 7 32GB 1TB PC-S1375LAB-E5,ムーンブラック,1TB,,4573640685037
WCVZTDUB44000,Windowsノート本体,NEC,NEC LAVIE Tab T12N,NEC LAVIE Tab T12N 12.1インチ クラウドグレー MediaTek Dimensity 12GB 256GB PC-T1275LAS,クラウドグレー,256GB,,4573625999319
L77B17E2SA000,Windowsノート本体,Panasonic,Panasonic Let's note FC6,Panasonic Let's note FC6 14インチ グレー Core Ultra 7 16GB 512GB CF-FC6B12AS,グレー,512GB,,4550719165829
PMOSS44YZ4000,Windowsノート本体,Panasonic,Panasonic Let's note FV5,Panasonic Let's note FV5 14インチ ブラック Core Ultra 5 16GB 512GB CF-FV5TDFAS,ブラック,512GB,,4550719168578
L4TPV0P2FN000,Windowsノート本体,Panasonic,Panasonic Let's note SC7,Panasonic Let's note SC7 12.4インチ カームグレイ Core Ultra 5 16GB 1TB CF-SC7ARBCP,カームグレイ,1TB,,
EEQ61QQ92D000,Windowsノート本体,Panasonic,Panasonic Let's note SC7,Panasonic Let's note SC7 12.4インチ カームグレイ Core Ultra 5 16GB 2TB CF-SC7ARBCP,カームグレイ,2TB,,
QBYM6B3BY4000,Windowsノート本体,Panasonic,Panasonic Let's note SC7,Panasonic Let's note SC7 12.4インチ カームグレイ Core Ultra 5 16GB 512GB CF-SC7ARBCP,カームグレイ,512GB,,
ZNX3ZZCFDF000,Windowsノート本体,Panasonic,Panasonic Let's note SC7,Panasonic Let's note SC7 12.4インチ カームグレイ Core Ultra 5 16GB 512GB CF-SC7ADTCR,カームグレイ,512GB,,4550719163580
E6GLY4TSFL000,Windowsノート本体,Panasonic,Panasonic Let's note SC7,Panasonic Let's note SC7 12.4インチ ジェットブラック Core Ultra 5 16GB 1TB CF-SC7ASBCP,ジェットブラック,1TB,,
61DWOGMW9P000,Windowsノート本体,Panasonic,Panasonic Let's note SC7,Panasonic Let's note SC7 12.4インチ ジェットブラック Core Ultra 5 16GB 2TB CF-SC7ASBCP,ジェットブラック,2TB,,
6S4QXH34AH000,Windowsノート本体,Panasonic,Panasonic Let's note SC7,Panasonic Let's note SC7 12.4インチ ジェットブラック Core Ultra 5 16GB 512GB CF-SC7ASBCP,ジェットブラック,512GB,,
1WTE3Q8QHY000,Windowsノート本体,Panasonic,Panasonic Let's note SC7,Panasonic Let's note SC7 12.4インチ ブラック Core Ultra 7 32GB 1TB CF-SC7BDPCR,ブラック,1TB,,4550719163627
8J47R72JZX000,Windowsノート本体,Panasonic,Panasonic Let's note SR4,Panasonic Let's note SR4 12.4インチ カームグレイ Core i5 16GB 512GB CF-SR4AD6AS,カームグレイ,512GB,,4550719004869
Y9SIRQ7L94000,Windowsノート本体,Panasonic,Panasonic Let's note SR4,Panasonic Let's note SR4 12.4インチ カームグレイ Core i5 16GB 512GB CF-SR4AE6AS,カームグレイ,512GB,,4550719004876
ZW3W2C4137000,Windowsノート本体,Panasonic,Panasonic Let's note SR4,Panasonic Let's note SR4 12.4インチ カームグレイ Core i5 16GB 512GB CF-SR4AF6AS,カームグレイ,512GB,,4550719004883
6EMLWCC8IX000,Windowsノート本体,Panasonic,Panasonic Let's note SR4,Panasonic Let's note SR4 12.4インチ カームグレイ Core i5 16GB 512GB CF-SR4AW6AS,カームグレイ,512GB,,4550719004890
UWDFTDMUZF000,Windowsノート本体,Panasonic,Panasonic Let's note SR4,Panasonic Let's note SR4 12.4インチ カームグレイ Core i5 16GB 512GB CF-SR4AY6AS,カームグレイ,512GB,,4550719004913
TOQCYB4TVK000,Windowsノート本体,Panasonic,Panasonic Let's note FC7,Panasonic Let’s note FC7 14インチ カームグレイ Core Ultra 5 16GB 512GB CF-FC7ADMCR,カームグレイ,512GB,,4550719165027
OJMH2ORUKX000,Windowsノート本体,Panasonic,Panasonic Let's note FC7,Panasonic Let’s note FC7 14インチ ブラック Core Ultra 7 32GB 1TB CF-FC7BDPCR,ブラック,1TB,,4550719165072
WICPH4YI0O000,Windowsノート本体,VAIO,VAIO SX,VAIO SX 14インチ オールブラック Core Ultra X7 32GB 1TB VJS4R28,オールブラック,1TB,,
II282PYVTE000,Windowsノート本体,VAIO,VAIO SX,VAIO SX 14インチ ディープエメラルド Core Ultra 5 16GB 512GB VJS4R295104G,ディープエメラルド,512GB,,4589914522038
4PXG41CHES000,Windowsノート本体,VAIO,VAIO SX,VAIO SX 14インチ ディープエメラルド Core Ultra 5 32GB 512GB VJS4R295102G,ディープエメラルド,512GB,,4589914522014
4B1304K7L4000,Windowsノート本体,VAIO,VAIO SX,VAIO SX 14インチ ファインブラック Core Ultra 5 16GB 512GB VJS4R295103B,ファインブラック,512GB,,4589914522021
A5PWG9JW1V000,Windowsノート本体,VAIO,VAIO SX,VAIO SX 14インチ ファインブラック Core Ultra 5 32GB 512GB VJS4R295101B,ファインブラック,512GB,,4589914522007
ZH044Q4N21000,Windowsノート本体,VAIO,VAIO SX,VAIO SX 14インチ 勝色 Core Ultra X7 32GB 1TB VJS4R28,勝色,1TB,,
QWWT0HTAWS000,Windowsノート本体,dynabook,Dynabook BA86/VY,Dynabook BA86/VY 16インチ ブラック Ryzen 5 16GB 256GB A6A4VYE3121A,ブラック,256GB,,
YV3TG03NFW000,Windowsノート本体,dynabook,Dynabook G83/KY,Dynabook G83/KY 13.3インチ ブラック Core i5 32GB 256GB A6GNKYFGD61A,ブラック,256GB,,
UTN4HT4FDD000,Windowsノート本体,dynabook,Dynabook GA/ZA,Dynabook GA/ZA 13.3インチ オニキスブルー Ryzen 5 16GB 256GB W6GAZA5CBL,オニキスブルー,256GB,,4571588165734
NVHVF1915Q000,Windowsノート本体,dynabook,Dynabook GA/ZA,Dynabook GA/ZA 13.3インチ オニキスブルー Ryzen 5 16GB 512GB W6GAZA5PAL,オニキスブルー,512GB,,
CRHSVSOD8K000,Windowsノート本体,dynabook,Dynabook K70/HY,Dynabook K70/HY 10.1インチ ブラック Celeron 8GB 64GB A6K2HYW8315B,ブラック,64GB,,4571588100391
7NP3IOMA4K000,Windowsノート本体,dynabook,Dynabook MZ/MA,Dynabook MZ/MA 14インチ オニキスブルー Core 5 16GB 512GB W6MZMA5PAL,オニキスブルー,512GB,,
AFXUNL4X02000,Windowsノート本体,dynabook,Dynabook PZ/LY,Dynabook PZ/LY 15.6インチ ブラック Core i3 8GB 256GB W6PZLY3FAB,ブラック,256GB,,4571588108854
ZNMXVOYLY1000,Windowsノート本体,dynabook,Dynabook SZ/MA,Dynabook SZ/MA 13.3インチ オニキスブルー Core 5 16GB 512GB W6SZMA5EAL,オニキスブルー,512GB,,
346K4D9F8W000,Windowsノート本体,dynabook,Dynabook T,Dynabook T 16インチ アッシュゴールド Core 7 16GB 512GB P2T7APBG,アッシュゴールド,512GB,,4571588157500
37D2TSS1XW000,Windowsノート本体,dynabook,Dynabook T,Dynabook T 16インチ アッシュシルバー Core 7 16GB 512GB P2T7APBS,アッシュシルバー,512GB,,4571588157517
ZUJWV9YOVH000,Windowsノート本体,dynabook,Dynabook T,Dynabook T 16インチ アッシュブルー Core 7 16GB 512GB P2T7APBL,アッシュブルー,512GB,,4571588157494
9Z2M9PXE2O000,Windowsノート本体,dynabook,Dynabook T,Dynabook T 16インチ アッシュブルー Core 7 32GB 1TB P2T9APBL,アッシュブルー,1TB,,4571588157487
ROT58Z4RU5000,Windowsノート本体,dynabook,Dynabook XD,Dynabook XD 14インチ ダークテックブルー Snapdragon X Plus 16GB 512GB P1D5APBL,ダークテックブルー,512GB,,4571588154646
RP92E7DLIF000,Windowsノート本体,dynabook,Dynabook XP,Dynabook XP 14インチ ダークテックブルー Core Ultra 7 32GB 1TB P1P9APBL,ダークテックブルー,1TB,,4571588153915
E2A44V2BY4000,ミラーレス一眼,Canon,Canon EOS R,Canon EOS R ボディ ブラック 3075C001,ブラック,,,4549292119282
XQUUJB1PQR000,ミラーレス一眼,Canon,Canon EOS R1,Canon EOS R1 ボディ ブラック 6577C001,ブラック,,,4549292230116
4RWAI9EMQU000,ミラーレス一眼,Canon,Canon EOS R10,Canon EOS R10 RF-S18-150 IS STM レンズキット ブラック 5331C015,ブラック,,,4549292189803
0OX315XXKA000,ミラーレス一眼,Canon,Canon EOS R10,Canon EOS R10 ボディ ブラック 5331C001,ブラック,,,4549292189711
2ZOYTUD5MT000,ミラーレス一眼,Canon,Canon EOS R100,Canon EOS R100 ボディ ブラック,ブラック,,,4549292214543
PBUUBPVTWE000,ミラーレス一眼,Canon,Canon EOS R3,Canon EOS R3 ボディ ブラック 4895C001,ブラック,,,4549292181661
HZ4KBYVIZV000,ミラーレス一眼,Canon,Canon EOS R5 Mark II,Canon EOS R5 Mark II ボディ ブラック 6536C001,ブラック,,,4549292229141
CFXI7JYQ81000,ミラーレス一眼,Canon,Canon EOS R5,Canon EOS R5 ボディ ブラック 4147C001,ブラック,,,4549292157345
18CX3A1FKX000,ミラーレス一眼,Canon,Canon EOS R50,Canon EOS R50 RF-S18-45 IS STM レンズキット ブラック EOSR50BK-1845ISSTMLK,ブラック,,,4549292205039
MRS558GSB5000,ミラーレス一眼,Canon,Canon EOS R50,Canon EOS R50 RF-S18-45 IS STM レンズキット ホワイト EOSR50WH-1845ISSTMLK,ホワイト,,,4549292205251
5R2O0VCZ6O000,ミラーレス一眼,Canon,Canon EOS R50 V,Canon EOS R50 V RF-S14-30 IS STM PZ レンズキット ブラック 6895C011,ブラック,,,4549292241587
JAFV84T3UH000,ミラーレス一眼,Canon,Canon EOS R50 V,Canon EOS R50 V RF-S14-30 IS STM PZ レンズキット ホワイト 6896C007,ホワイト,,,4549292261745
45Y914VAX9000,ミラーレス一眼,Canon,Canon EOS R50 V,Canon EOS R50 V ダブルズームキット ブラック EOSR50V-WZK,ブラック,,,4957792180389
RKKZSD7R5K000,ミラーレス一眼,Canon,Canon EOS R50 V,Canon EOS R50 V ダブルズームキット ホワイト EOSR50VWH-WZK,ホワイト,,,4957792181720
5CG65EKWJO000,ミラーレス一眼,Canon,Canon EOS R50 V,Canon EOS R50 V ボディ ブラック EOSR50V,ブラック,,,4549292241525
HE0EZZ5CHF000,ミラーレス一眼,Canon,Canon EOS R50,Canon EOS R50 ダブルズームキット ブラック 5811C021,ブラック,,,4549292205053
45M9YHHE9H000,ミラーレス一眼,Canon,Canon EOS R50,Canon EOS R50 ダブルズームキット ホワイト 5812C021,ホワイト,,,4549292205336
UOVXKC7YEN000,ミラーレス一眼,Canon,Canon EOS R50,Canon EOS R50 ボディ ブラック 5811C001,ブラック,,,4549292205008
I409X8CBH9000,ミラーレス一眼,Canon,Canon EOS R50,Canon EOS R50 ボディ ホワイト 5812C001,ホワイト,,,4549292205091
2H730IZR0Z000,ミラーレス一眼,Canon,Canon EOS R6 Mark II,Canon EOS R6 Mark II ボディ ブラック 5666C001,ブラック,,,4549292200508
K59J3GXFS6000,ミラーレス一眼,Canon,Canon EOS R6 Mark III,Canon EOS R6 Mark III RF24-105L IS USM レンズキット ブラック EOSR6MKIII24105USM,ブラック,,,4549292246339
PRSV7HZOJR000,ミラーレス一眼,Canon,Canon EOS R6 Mark III,Canon EOS R6 Mark III ボディ ブラック 7084C001,ブラック,,,4549292246285
QH5MRVJQ4U000,ミラーレス一眼,Canon,Canon EOS R6,Canon EOS R6 ボディ ブラック 4082C001,ブラック,,,4549292157253
9PPBYO8OV3000,ミラーレス一眼,Canon,Canon EOS R7,Canon EOS R7 ボディ ブラック 5137C001,ブラック,,,4549292185430
WS4SRTFDN4000,ミラーレス一眼,Canon,Canon EOS R8,Canon EOS R8 RF24-50 IS STM レンズキット ブラック 5803C011,ブラック,,,4549292204872
TSEU72O76Q000,ミラーレス一眼,Canon,Canon EOS R8,Canon EOS R8 ボディ ブラック 5803C001,ブラック,,,4549292204834
HZ9KSAMT5F000,ミラーレス一眼,Canon,Canon EOS RP,Canon EOS RP RF24-105 IS STM レンズキット ブラック EOSRP24105ISSTMLK,ブラック,,,4549292171433
AK0MSTNEEP000,ミラーレス一眼,Canon,Canon EOS RP,Canon EOS RP ボディ ブラック 3380C001,ブラック,,,4549292132144
2FCX8P2IWQ000,ミラーレス一眼,FUJIFILM,FUJIFILM GFX 100 II,FUJIFILM GFX100 II ボディ ブラック,ブラック,,,4547410512786
E6169ONFS6000,ミラーレス一眼,FUJIFILM,FUJIFILM GFX100S II,FUJIFILM GFX100S II ボディ ブラック GFX 100S II,ブラック,,,4547410522105
RSWT9XW2W7000,ミラーレス一眼,FUJIFILM,FUJIFILM X-E5,FUJIFILM X-E5 XF23mmレンズキット シルバー F X-E5LK-23-S JP,シルバー,,,4547410559248
VUGV9QL4ME000,ミラーレス一眼,FUJIFILM,FUJIFILM X-E5,FUJIFILM X-E5 XF23mmレンズキット ブラック F X-E5LK-23-B JP,ブラック,,,4547410559101
MBNE9SEV7W000,ミラーレス一眼,FUJIFILM,FUJIFILM X-E5,FUJIFILM X-E5 ボディ シルバー F X-E5-S JP,シルバー,,,4547410559118
UV4TTNKLJZ000,ミラーレス一眼,FUJIFILM,FUJIFILM X-E5,FUJIFILM X-E5 ボディ ブラック F X-E5-B JP,ブラック,,,4547410559064
EVY3ERJIQH000,ミラーレス一眼,FUJIFILM,FUJIFILM X-H2,FUJIFILM X-H2 ボディ ブラック X-H2 JP,ブラック,,,4547410556230
OG9N7NJIK9000,ミラーレス一眼,FUJIFILM,FUJIFILM X-H2S,FUJIFILM X-H2S ボディ ブラック FXH2S,ブラック,,,4547410556223
DD0RKMHM5J000,ミラーレス一眼,FUJIFILM,FUJIFILM X-M5,FUJIFILM X-M5 XC15-45mmレンズキット シルバー FX-M5LK-1545-S,シルバー,,,4547410555189
L4F7A69888000,ミラーレス一眼,FUJIFILM,FUJIFILM X-M5,FUJIFILM X-M5 XC15-45mmレンズキット ブラック FX-M5LK-1545-B,ブラック,,,4547410555172
QBRET98B2T000,ミラーレス一眼,FUJIFILM,FUJIFILM X-M5,FUJIFILM X-M5 ボディ シルバー F X-M5-S,シルバー,,,4547410555165
R050O1LM3E000,ミラーレス一眼,FUJIFILM,FUJIFILM X-M5,FUJIFILM X-M5 ボディ ブラック F X-M5-B,ブラック,,,4547410555158
YUT4SW26JE000,ミラーレス一眼,FUJIFILM,FUJIFILM X-S20,FUJIFILM X-S20 ボディ ブラック FX-S20,ブラック,,,4547410485950
XHPWKWD5JE000,ミラーレス一眼,FUJIFILM,FUJIFILM X-T30 III,FUJIFILM X-T30 III XC13-33mmレンズキット シルバー F X-T30 III LK-1333-S JP,シルバー,,,4547410565478
JJQS4I4A45000,ミラーレス一眼,FUJIFILM,FUJIFILM X-T30 III,FUJIFILM X-T30 III XC13-33mmレンズキット チャコールシルバー F X-T30 III LK-1333-CS JP,チャコールシルバー,,,4547410565508
1FDYKPXVIH000,ミラーレス一眼,FUJIFILM,FUJIFILM X-T30 III,FUJIFILM X-T30 III XC13-33mmレンズキット ブラック F X-T30 III LK-1333-B JP,ブラック,,,4547410565522
LNJE52GF43000,ミラーレス一眼,FUJIFILM,FUJIFILM X-T30 III,FUJIFILM X-T30 III ボディ シルバー F X-T30 III-S JP,シルバー,,,4547410562408
N4Z9RUPNZ0000,ミラーレス一眼,FUJIFILM,FUJIFILM X-T30 III,FUJIFILM X-T30 III ボディ チャコールシルバー F X-T30 III-CS JP,チャコールシルバー,,,4547410562699
1BHJ1FKK53000,ミラーレス一眼,FUJIFILM,FUJIFILM X-T30 III,FUJIFILM X-T30 III ボディ ブラック F X-T30 III-B JP,ブラック,,,4547410562651
ISLWQQ4CS2000,ミラーレス一眼,FUJIFILM,FUJIFILM X-T4,FUJIFILM X-T4 ボディ シルバー X-T4／FF190005,シルバー,,,4547410427936
3AI5ULOGJ3000,ミラーレス一眼,FUJIFILM,FUJIFILM X-T4,FUJIFILM X-T4 ボディ ブラック X-T4／FF190005,ブラック,,,4547410427875
O55LXZRL2T000,ミラーレス一眼,FUJIFILM,FUJIFILM X-T5,FUJIFILM X-T5 ボディ シルバー F X-T5-S,シルバー,,,4547410486438
80EFCSIP1C000,ミラーレス一眼,FUJIFILM,FUJIFILM X-T5,FUJIFILM X-T5 ボディ ブラック F X-T5-B,ブラック,,,4547410486421
7T4L2JPZRS000,ミラーレス一眼,FUJIFILM,FUJIFILM X-T5,FUJIFILM X-T5 ボディ 日英2言語設定モデル シルバー X-T5-S JP／FF220001,シルバー,,,4547410556353
JABTB345PY000,ミラーレス一眼,FUJIFILM,FUJIFILM X-T5,FUJIFILM X-T5 ボディ 日英2言語設定モデル ブラック X-T5-B JP／FF220001,ブラック,,,4547410556322
K40HH5UR4K000,ミラーレス一眼,FUJIFILM,FUJIFILM X-T50,FUJIFILM X-T50 ボディ チャコールシルバー FX-T50-S,チャコールシルバー,,,4547410556605
AUQLU353KW000,ミラーレス一眼,FUJIFILM,FUJIFILM X-T50,FUJIFILM X-T50 ボディ ブラック FX-T50-B,ブラック,,,4547410556469
N4X7LSH2L8000,ミラーレス一眼,Hasselblad,Hasselblad X2D II 100C,Hasselblad X2D II 100C ボディ グラファイトグレー,グラファイト,,,7392544119243
PH8K24RWCY000,ミラーレス一眼,Leica,Leica ライカM EV1,Leica ライカM EV1 ボディ ブラック 20233,ブラック,,,4548182202332
44GJK8V95V000,ミラーレス一眼,Nikon,Nikon Z 30,Nikon Z 30 16-50 VR レンズキット ブラック Z30LK,ブラック,,,4960759910622
CJBK6IPV9E000,ミラーレス一眼,Nikon,Nikon Z 30,Nikon Z 30 ボディ ブラック Z30,ブラック,,,4960759910615
1L1LV898VJ000,ミラーレス一眼,Nikon,Nikon Z 5,Nikon Z 5 ボディ ブラック Z5,ブラック,,,4960759904485
YPZNGNHA6G000,ミラーレス一眼,Nikon,Nikon Z 50,Nikon Z 50 16-50 VR レンズキット ブラック Z501650LK,ブラック,,,4960759903631
7B49IRFM9G000,ミラーレス一眼,Nikon,Nikon Z 50,Nikon Z 50 ダブルズームキット ブラック Z50WZ,ブラック,,,4960759903624
GYR3TSK57O000,ミラーレス一眼,Nikon,Nikon Z 6II,Nikon Z 6II ボディ ブラック Z6II,ブラック,,,4960759905901
P6VZV41KWU000,ミラーレス一眼,Nikon,Nikon Z 7II,Nikon Z 7II ボディ ブラック Z7II,ブラック,,,4960759905697
467ZAJER4A000,ミラーレス一眼,Nikon,Nikon Z 8,Nikon Z 8 ボディ ブラック Z8,ブラック,,,4960759909947
HY55CAX81Q000,ミラーレス一眼,Nikon,Nikon Z 9,Nikon Z 9 ボディ ブラック Z9,ブラック,,,4960759906168
S0Z2JAI3T2000,ミラーレス一眼,Nikon,Nikon Z f,Nikon Z f ボディ ブラック ZF,ブラック,,,4960759913760
P4INKQJ664000,ミラーレス一眼,Nikon,Nikon Z f,Nikon Z f ボディシルバー ZFSL,シルバー,,,4960759920058
XNAO0C24H1000,ミラーレス一眼,Nikon,Nikon Z fc,Nikon Z fc 16-50 VR レンズキット ブラック ZfcLK16-50BK,ブラック,,,4960759911421
4IL6PSCCJK000,ミラーレス一眼,Nikon,Nikon Z fc,Nikon Z fc 16-50 VR レンズキットシルバー ZFCLK16-50SL,シルバー,,,4960759906335
KWGDD9PBLP000,ミラーレス一眼,Nikon,Nikon Z fc,Nikon Z fc ボディ ブラック ZFCBK,ブラック,,,4960759911407
19QZWWXKEO000,ミラーレス一眼,Nikon,Nikon Z fc,Nikon Z fc ボディシルバー ZFC,シルバー,,,4960759906311
HKX4YU0NCV000,ミラーレス一眼,Nikon,Nikon Z50II,Nikon Z50II 16-50 VR レンズキット ブラック Z502LK16-50,ブラック,,,4960759916846
UUWB0OA79N000,ミラーレス一眼,Nikon,Nikon Z50II,Nikon Z50II 18-140 VR レンズキット ブラック Z502LK18-140,ブラック,,,4960759917003
E4CJB2XTF7000,ミラーレス一眼,Nikon,Nikon Z50II,Nikon Z50II ダブルズームキットブラック Z502WZ,ブラック,,,4960759916921
0D1DV5H595000,ミラーレス一眼,Nikon,Nikon Z50II,Nikon Z50II ボディ ブラック Z502,ブラック,,,4960759916761
X8XBWICDRI000,ミラーレス一眼,Nikon,Nikon Z5II,Nikon Z5II 24-105 レンズキット ブラック Z5 2 L24105KIT,ブラック,,,4960759920850
BQD7XQ64WV000,ミラーレス一眼,Nikon,Nikon Z5II,Nikon Z5II 24-200 レンズキット ブラック Z52LK24-200,ブラック,,,4960759917331
U3NR3PNVU6000,ミラーレス一眼,Nikon,Nikon Z5II,Nikon Z5II ボディ ブラック Z52,ブラック,,,4960759917157
T415BN8PZU000,ミラーレス一眼,Nikon,Nikon Z6III,Nikon Z6III ボディ ブラック,ブラック,,,4960759916181
OGM3BW4P77000,ミラーレス一眼,Nikon,Nikon ZR,Nikon ZR ボディ ブラック,ブラック,,,4960759919656
OAWG0UEQUV000,ミラーレス一眼,OLYMPUS,OLYMPUS OM-D E-M5 Mark II,OLYMPUS OM-D E-M5 Mark II ボディ シルバー E-M5 MarkIIBody SLV,シルバー,,,4545350048297
DR6QRVVCOZ000,ミラーレス一眼,OLYMPUS,OLYMPUS OM-D E-M5 Mark II,OLYMPUS OM-D E-M5 Mark II ボディ ブラック E-M5 MarkIIBody BLK,ブラック,,,4545350048273
4B1FQYR5GT000,ミラーレス一眼,OM SYSTEM,OM SYSTEM PEN E-P7,OLYMPUS PEN E-P7 14-42mm EZレンズキット シルバー V205111SJ000,シルバー,,,4545350053598
IXXP48K84C000,ミラーレス一眼,OM SYSTEM,OM SYSTEM PEN E-P7,OLYMPUS PEN E-P7 14-42mm EZレンズキット ホワイト V205111WJ000,ホワイト,,,4545350053604
GHKFBBCJ8I000,ミラーレス一眼,OM SYSTEM,OM SYSTEM PEN E-P7 EZ,OLYMPUS PEN E-P7 EZダブルズームキット シルバー V205112SJ000,シルバー,,,4545350055844
IMTNR1522O000,ミラーレス一眼,OM SYSTEM,OM SYSTEM PEN E-P7 EZ,OLYMPUS PEN E-P7 EZダブルズームキット ホワイト V205112WJ000,ホワイト,,,4545350055851
MG4U6KBQLN000,ミラーレス一眼,OM SYSTEM,OM SYSTEM PEN E-P7,OLYMPUS PEN E-P7 ボディ シルバー V205110SJ000,シルバー,,,4545350053574
YNR4LENV84000,ミラーレス一眼,OM SYSTEM,OM SYSTEM PEN E-P7,OLYMPUS PEN E-P7 ボディ ホワイト V205110WJ000,ホワイト,,,4545350053581
3IX84ACKS3000,ミラーレス一眼,OM SYSTEM,OM SYSTEM OM-1 Mark II,OM SYSTEM OM-1 Mark II ボディ ブラック V210040BJ000,ブラック,,,4545350056056
IWQZJST546000,ミラーレス一眼,OM SYSTEM,OM SYSTEM OM-1,OM SYSTEM OM-1 ボディ ブラック OM1 BODY,ブラック,,,4545350053864
N1G1O7H7WV000,ミラーレス一眼,OM SYSTEM,OM SYSTEM OM-3,OM SYSTEM OM-3 12-45mm F4.0 PRO レンズキット シルバー V210051SW000,シルバー,,,4545350056469
H899443VCS000,ミラーレス一眼,OM SYSTEM,OM SYSTEM OM-3,OM SYSTEM OM-3 ボディ シルバー V210050SW000,シルバー,,,4545350056452
PLCML7BM5P000,ミラーレス一眼,OM SYSTEM,OM SYSTEM OM-5 Mark II,OM SYSTEM OM-5 Mark II 12-45mm F4.0 PRO レンズキット サンドベージュ V210071MJ000,サンドベージュ,,,4545350056872
8YM1PUV0RS000,ミラーレス一眼,OM SYSTEM,OM SYSTEM OM-5 Mark II,OM SYSTEM OM-5 Mark II 12-45mm F4.0 PRO レンズキット シルバー V210071SJ000,シルバー,,,4545350056841
B4I5WPGXTL000,ミラーレス一眼,OM SYSTEM,OM SYSTEM OM-5 Mark II,OM SYSTEM OM-5 Mark II 12-45mm F4.0 PRO レンズキット ブラック V210071BJ000,ブラック,,,4545350056810
M8JX9Q8KFB000,ミラーレス一眼,OM SYSTEM,OM SYSTEM OM-5 Mark II,OM SYSTEM OM-5 Mark II 14-150mm II レンズキット シルバー V210072SJ000,シルバー,,,4545350056858
CGGJPUJ6X4000,ミラーレス一眼,OM SYSTEM,OM SYSTEM OM-5 Mark II,OM SYSTEM OM-5 Mark II 14-150mm II レンズキット ブラック V210072BJ000,ブラック,,,4545350056827
2FUUME7HXQ000,ミラーレス一眼,OM SYSTEM,OM SYSTEM OM-5 Mark II,OM SYSTEM OM-5 Mark II ボディ サンドベージュ V210070MJ000,サンドベージュ,,,4545350056865
HCOQZ5QN75000,ミラーレス一眼,OM SYSTEM,OM SYSTEM OM-5 Mark II,OM SYSTEM OM-5 Mark II ボディ シルバー V210070SJ000,シルバー,,,4545350056834
JBL0IOCM8Y000,ミラーレス一眼,OM SYSTEM,OM SYSTEM OM-5 Mark II,OM SYSTEM OM-5 Mark II ボディ ブラック V210070BJ000,ブラック,,,4545350056803
KJHARINXEZ000,ミラーレス一眼,OM SYSTEM,OM SYSTEM OM-5,OM SYSTEM OM-5 ボディ シルバー V210020SJ000,シルバー,,,4545350053932
NV7NGZZRHY000,ミラーレス一眼,OM SYSTEM,OM SYSTEM OM-5,OM SYSTEM OM-5 ボディ ブラック V210020BJ000,ブラック,,,4545350053949
868RPP4AOG000,ミラーレス一眼,OM SYSTEM,OM SYSTEM OM-D E-M10 Mark IV EZ,OM-D E-M10 Mark IV EZダブルズームキット シルバー V207134SJ000,シルバー,,,4545350053369
4A6SVPW1FU000,ミラーレス一眼,OM SYSTEM,OM SYSTEM OM-D E-M10 Mark IV EZ,OM-D E-M10 Mark IV EZダブルズームキット ブラック V207134BJ000,ブラック,,,4545350053352
G614QY54IF000,ミラーレス一眼,OM SYSTEM,OM SYSTEM OM-D E-M10 Mark IV,OM-D E-M10 Mark IV ボディ シルバー V207132SJ000,シルバー,,,4545350053284
YJIUZ241G0000,ミラーレス一眼,OM SYSTEM,OM SYSTEM OM-D E-M10 Mark IV,OM-D E-M10 Mark IV ボディ ブラック V207132BJ000,ブラック,,,4545350053277
5XQ4TJHO3D000,ミラーレス一眼,Panasonic,Panasonic DC-G100DK,LUMIX DC-G100DK レンズキット ブラック DC-G100DK-K,ブラック,,,4549980769485
USHZI2QQ6F000,ミラーレス一眼,Panasonic,Panasonic DC-G100DW,LUMIX DC-G100DW ダブルズームレンズキット ブラック DC-G100DW-K,ブラック,,,4549980769492
YMH44YLL4L000,ミラーレス一眼,Panasonic,Panasonic DC-G99M2,LUMIX DC-G99M2 ボディ ブラック DC-G99M2-K,ブラック,,,4549980888285
E9D0P32ATU000,ミラーレス一眼,Panasonic,Panasonic DC-G99M2H,LUMIX DC-G99M2H 高倍率ズームレンズキット ブラック,ブラック,,,4549980888292
EMWJ7KH00X000,ミラーレス一眼,Panasonic,Panasonic DC-G9M2,LUMIX DC-G9M2 ボディ ブラック,ブラック,,,4549980720875
3S5DYUYJEY000,ミラーレス一眼,Panasonic,Panasonic DC-GF10W,LUMIX DC-GF10W ダブルレンズキット オレンジ DC-GF10W-D,オレンジ,,,4549980046876
D34276X0E0000,ミラーレス一眼,Panasonic,Panasonic DC-GF10W,LUMIX DC-GF10W ダブルレンズキット ブラック DC-GF10W-K,ブラック,,,4549980046869
VF0H0S6W0N000,ミラーレス一眼,Panasonic,Panasonic DC-GF10W,LUMIX DC-GF10W ダブルレンズキット ホワイト DC-GF10W-W,ホワイト,,,4549980046883
EN4TQ39GE1000,ミラーレス一眼,Panasonic,Panasonic DC-S5M2,LUMIX DC-S5M2 ボディ ブラック,ブラック,,,4549980649909
0OPD8PR974000,ミラーレス一眼,Panasonic,Panasonic DC-S9,LUMIX DC-S9 ボディ ジェットブラック DC-S9-K,ジェットブラック,,,4549980793145
WP4L62ZSN4000,ミラーレス一眼,Panasonic,Panasonic DC-S9,LUMIX DC-S9 ボディ ダークシルバー DC-S9-S,ダークシルバー,,,4549980809471
MHUT0FKB4F000,ミラーレス一眼,Panasonic,Panasonic DC-S9N,LUMIX DC-S9N 広角ズームレンズキット キャメルオレンジ DC-S9N-D,キャメルオレンジ,,,4549980809525
UK8OB7M6XM000,ミラーレス一眼,Panasonic,Panasonic DC-S9N,LUMIX DC-S9N 広角ズームレンズキット ジェットブラック DC-S9N-K,ジェットブラック,,,4549980809501
YFIBVVTZ22000,ミラーレス一眼,Panasonic,Panasonic DC-S9N,LUMIX DC-S9N 広角ズームレンズキット ダークシルバー DC-S9N-S,ダークシルバー,,,4549980809518
02ON9XRKAC000,ミラーレス一眼,Panasonic,Panasonic DC-S9N,LUMIX DC-S9N 広角ズームレンズキット チタンゴールド DC-S9N-N,チタンゴールド,,,4549980998106
MLYDCKI41A000,ミラーレス一眼,Panasonic,Panasonic LUMIX DC-GX7MK3,Panasonic LUMIX DC-GX7MK3 ボディ シルバー DC-GX7MK3-S,シルバー,,,4549980037584
VTWDG0AHCP000,ミラーレス一眼,Panasonic,Panasonic LUMIX DC-GX7MK3,Panasonic LUMIX DC-GX7MK3 ボディ ブラック DC-GX7MK3-K,ブラック,,,4549980037577
NMGMOY9GNB000,ミラーレス一眼,Panasonic,Panasonic LUMIX DC-S5,Panasonic LUMIX DC-S5 ボディ ブラック DC-S5-K,ブラック,,,4549980624180
CGRIO0MBK9000,ミラーレス一眼,SIGMA,SIGMA fp L,SIGMA fp L ボディ ブラック,ブラック,,,85126939038
1U6YQQ2ZAG000,ミラーレス一眼,SIGMA,Sigma BF,Sigma BF ボディ シルバー,シルバー,,,85126942311
J1FS4D4ZM2000,ミラーレス一眼,SIGMA,Sigma BF,Sigma BF ボディ ブラック,ブラック,,,85126942304
PSMG5SLLIM000,ミラーレス一眼,SIGMA,Sigma fp,Sigma fp ボディ ブラック,ブラック,,,85126937300
05I9DW3LL2000,ミラーレス一眼,SONY,SONY VLOGCAM ZV-E10,SONY VLOGCAM ZV-E10 ボディ ブラック ZVE10 BC,ブラック,,,4548736128354
PC4E4LP62N000,ミラーレス一眼,SONY,SONY VLOGCAM ZV-E10,SONY VLOGCAM ZV-E10 ボディ ホワイト ZVE10 WC,ホワイト,,,4548736128361
R2Q0E0OFQU000,ミラーレス一眼,SONY,SONY VLOGCAM ZV-E10M2,SONY VLOGCAM ZV-E10M2 ボディ ブラック ZVE10M2B,ブラック,,,4548736160675
T0KESWZ55B000,ミラーレス一眼,SONY,SONY VLOGCAM ZV-E10M2,SONY VLOGCAM ZV-E10M2 ボディ ホワイト ZVE10M2W,ホワイト,,,4548736160736
CVKZSOLT1X000,ミラーレス一眼,SONY,SONY VLOGCAM ZV-E10M2,SONY VLOGCAM ZV-E10M2K パワーズームレンズキット ブラック ZVE10M2KB,ブラック,,,4548736161061
SCXGB6SQIA000,ミラーレス一眼,SONY,SONY VLOGCAM ZV-E10M2,SONY VLOGCAM ZV-E10M2K パワーズームレンズキット ホワイト ZVE10M2KW,ホワイト,,,4548736161078
IRLU6X1VAP000,ミラーレス一眼,SONY,SONY VLOGCAM ZV-E10M2,SONY VLOGCAM ZV-E10M2X ダブルズームレンズキット ブラック ZVE10M2XB,ブラック,,,4548736160866
UT48G493L2000,ミラーレス一眼,SONY,SONY VLOGCAM ZV-E10M2,SONY VLOGCAM ZV-E10M2X ダブルズームレンズキット ホワイト ZVE10M2XW,ホワイト,,,4548736160828
LTYZDIGKF8000,ミラーレス一眼,SONY,SONY α1 II,SONY α1 II ILCE-1M2 ボディ ブラック,ブラック,,,4548736162075
ZRIV46CS23000,ミラーレス一眼,SONY,SONY α6400,SONY α6400 ILCE-6400 ボディ シルバー ILCE6400S,シルバー,,,4548736092051
JGKD2FC215000,ミラーレス一眼,SONY,SONY α6400,SONY α6400 ILCE-6400 ボディ ブラック ILCE6400B,ブラック,,,4548736092044
MGPPJG54TT000,ミラーレス一眼,SONY,SONY α6400,SONY α6400 ILCE-6400X ダブルズームレンズキット シルバー ILCE-6400X S,シルバー,,,4548736166837
IAW09KAW95000,ミラーレス一眼,SONY,SONY α6400,SONY α6400 ILCE-6400X ダブルズームレンズキット ブラック ILCE-6400X B,ブラック,,,4548736166820
4PBKFPYJ7T000,ミラーレス一眼,SONY,SONY α6400,SONY α6400 ILCE-6400Y ダブルズームレンズキット シルバー ILCE6400YS,シルバー,,,4548736100503
QIBPQQIFI2000,ミラーレス一眼,SONY,SONY α6400,SONY α6400 ILCE-6400Y ダブルズームレンズキット ブラック ILCE6400YB,ブラック,,,4548736100497
06OR8SQL4R000,ミラーレス一眼,SONY,SONY α6700,SONY α6700 ILCE-6700 ボディ ブラック ILCE6700,ブラック,,,4548736146563
0IF0M06F65000,ミラーレス一眼,SONY,SONY α6700,SONY α6700 ILCE-6700M 高倍率ズームレンズキット ブラック ILCE6700M,ブラック,,,4548736146723
GA4RWJ06HQ000,ミラーレス一眼,SONY,SONY α7 II,SONY α7 II ILCE-7M2 ボディ ブラック,ブラック,,,4548736001657
EEAHXUE3PK000,ミラーレス一眼,SONY,SONY α7 III,SONY α7 III ILCE-7M3 ボディ ブラック ILCE7M3,ブラック,,,4548736079625
TFOUE4087D000,ミラーレス一眼,SONY,SONY α7 IV,SONY α7 IV ILCE-7M4 ボディ ブラック,ブラック,,,4548736133730
JVAL7EOWHQ000,ミラーレス一眼,SONY,SONY α7 V,SONY α7 V ILCE-7M5 ボディ ブラック ILCE7M5,ブラック,,,4548736173774
X46SRP55CN000,ミラーレス一眼,SONY,SONY α7 V,SONY α7 V ILCE-7M5M ズームレンズキット ブラック ILCE7M5M,ブラック,,,4548736181151
XK55NNZH6T000,ミラーレス一眼,SONY,SONY α7C II,SONY α7C II ILCE-7CM2 ボディ シルバー ILCE7CM2S,シルバー,,,4548736154353
J2VF6Z346B000,ミラーレス一眼,SONY,SONY α7C II,SONY α7C II ILCE-7CM2 ボディ ブラック ILCE7CM2B,ブラック,,,4548736154292
6CHPDKK74N000,ミラーレス一眼,SONY,SONY α7C II,SONY α7C II ILCE-7CM2L ズームレンズキット シルバー ILCE7CM2LS,シルバー,,,4548736154674
MTVDPTM5SD000,ミラーレス一眼,SONY,SONY α7C II,SONY α7C II ILCE-7CM2L ズームレンズキット ブラック ILCE7CM2LB,ブラック,,,4548736154612
7H06JE8ADH000,ミラーレス一眼,SONY,SONY α7C,SONY α7C ILCE-7C ボディ シルバー ILCE7CS,シルバー,,,4548736121621
ECPIFDEL97000,ミラーレス一眼,SONY,SONY α7C,SONY α7C ILCE-7C ボディ ブラック ILCE7CB,ブラック,,,4548736121614
E8GOC7F2ES000,ミラーレス一眼,SONY,SONY α7CR,SONY α7CR ILCE-7CR ボディ シルバー ILCE7CRS,シルバー,,,4548736153967
IRSMILJS0B000,ミラーレス一眼,SONY,SONY α7CR,SONY α7CR ILCE-7CR ボディ ブラック ILCE7CRB,ブラック,,,4548736153936
D6WL7HIHYA000,ミラーレス一眼,SONY,SONY α7R V,SONY α7R V ILCE-7RM5 ボディ ブラック ILCE7RM5,ブラック,,,4548736145573
PJFISIFB3J000,ミラーレス一眼,SONY,SONY α9 III,SONY α9 III ILCE-9M3 ボディ ブラック ILCE9M3,ブラック,,,4548736153318
39W200Z1XJ000,ミラーレス一眼,SONY,SONY VLOGCAM ZV-E1,Sony VLOGCAM ZV-E1 ボディ ブラック ZVE1B,ブラック,,,4548736144224
QCLP0VSOMC000,ミラーレス一眼,SONY,SONY VLOGCAM ZV-E1,Sony VLOGCAM ZV-E1 ボディ ホワイト ZVE1W,ホワイト,,,4548736144262
OJA4CKWIHG000,ミラーレス一眼,SONY,Sony α1,Sony α1 ILCE-1 ボディ ブラック,ブラック,,,4548736130678
ANZQ9R47UB000,ミラーレス一眼,SONY,SONY α6600,Sony α6600 ILCE-6600 ボディ ブラック,ブラック,,,4548736109926
RIVF6R7TQ2000,ミラーレス一眼,SONY,SONY α7 IV,Sony α7 IV ILCE-7M4K ズームレンズキット ブラック,ブラック,,,4548736133761
DM9GUKO4Z4000,ミラーレス一眼,SONY,SONY α7R II,Sony α7R II ILCE-7RM2 ボディ ブラック,ブラック,,,4548736015555
0A7L9R8QK3000,ミラーレス一眼,SONY,SONY α7R III,Sony α7R III ILCE-7RM3 ボディ ブラック,ブラック,,,4548736075139
XS4BJ0VVA7000,ミラーレス一眼,SONY,SONY α7R IV,Sony α7R IV ILCE-7RM4A ボディ ブラック,ブラック,,,4548736128477
K1WNQAKY14000,コンパクトデジタルカメラ,CASIO,CASIO EXILIM EX-FR10,CASIO EXILIM EX-FR10 オレンジ EX-FR10EO,オレンジ,,,4971850482574
B7W41GDN0M000,コンパクトデジタルカメラ,CASIO,CASIO EXILIM EX-FR10,CASIO EXILIM EX-FR10 グリーン EX-FR10GN,グリーン,,,4971850482567
4NVWDU2NZ3000,コンパクトデジタルカメラ,CASIO,CASIO EXILIM EX-FR10,CASIO EXILIM EX-FR10 ホワイト EX-FR10WE,ホワイト,,,4971850482581
4IU3DKM7KD000,コンパクトデジタルカメラ,Canon,Canon IXY 650 m,Canon IXY 650 m シルバー IXY650M(SL),シルバー,,,4549292250961
CLCCDOG4M6000,コンパクトデジタルカメラ,Canon,Canon IXY 650 m,Canon IXY 650 m ブラック IXY650M(BK),ブラック,,,4549292250954
RVRXNAGCWA000,コンパクトデジタルカメラ,Canon,Canon IXY 650,Canon IXY 650 シルバー IXY650SL,シルバー,,,4549292057584
57ZWYYAN4D000,コンパクトデジタルカメラ,Canon,Canon IXY 650,Canon IXY 650 ブラック IXY650BK,ブラック,,,4549292057522
8UYGJC0CU2000,コンパクトデジタルカメラ,Canon,Canon IXY DIGITAL 70,Canon IXY DIGITAL 70 シルバー,シルバー,,,4960999350202
IHO7O4AL6S000,コンパクトデジタルカメラ,Canon,Canon PowerShot G7 X Mark II,Canon PowerShot G7 X Mark II ブラック PSG7XMARKII,ブラック,,,4549292056389
XN90KKWLBN000,コンパクトデジタルカメラ,Canon,Canon PowerShot G7 X Mark III,Canon PowerShot G7 X Mark III PowerShot 30th Anniversary Edition グラファイト PSG7XMARKIIIPS30TH,グラファイト,,,4957792181706
T2RKWSC882000,コンパクトデジタルカメラ,Canon,Canon PowerShot G7 X Mark III,Canon PowerShot G7 X Mark III シルバー PSG7XMARKIIISL,シルバー,,,4549292137804
1Z0M3V3YJY000,コンパクトデジタルカメラ,Canon,Canon PowerShot G7 X Mark III,Canon PowerShot G7 X Mark III ブラック PSG7XMARKIIIBK,ブラック,,,4549292137743
OJ99G6RUAG000,コンパクトデジタルカメラ,Canon,Canon PowerShot G9 X Mark II,Canon PowerShot G9 X Mark II シルバー PSG9XMARKIISL,シルバー,,,4549292081121
PBSHZE04H4000,コンパクトデジタルカメラ,Canon,Canon PowerShot G9 X Mark II,Canon PowerShot G9 X Mark II ブラック PSG9XMARKIIBK,ブラック,,,4549292081053
KW2LC2JMM5000,コンパクトデジタルカメラ,Canon,Canon PowerShot SX40 HS,Canon PowerShot SX40 HS ブラック PSSX40HS,ブラック,,,4960999795843
413Z4M5VJN000,コンパクトデジタルカメラ,Canon,Canon PowerShot SX430 IS,Canon PowerShot SX430 IS ブラック PSSX430IS,ブラック,,,4549292083453
FZ4FL99LSO000,コンパクトデジタルカメラ,Canon,Canon PowerShot SX620 HS,Canon PowerShot SX620 HS ブラック PSSX620HSBK,ブラック,,,4549292057324
SDM8SXWJF4000,コンパクトデジタルカメラ,Canon,Canon PowerShot SX620 HS,Canon PowerShot SX620 HS ホワイト PSSX620HSWH,ホワイト,,,4549292057447
B3ESF8ZFTO000,コンパクトデジタルカメラ,Canon,Canon PowerShot SX620 HS,Canon PowerShot SX620 HS レッド PSSX620HSRE,レッド,,,4549292057386
8S1LUR1Y4W000,コンパクトデジタルカメラ,Canon,Canon PowerShot SX70 HS,Canon PowerShot SX70 HS ブラック SX70HS,ブラック,,,4549292119183
UHZ9UB7HKK000,コンパクトデジタルカメラ,Canon,Canon PowerShot SX740 HS,Canon PowerShot SX740 HS シルバー PSSX740HSSL,シルバー,,,4549292119060
2EUXUE2ODE000,コンパクトデジタルカメラ,Canon,Canon PowerShot SX740 HS,Canon PowerShot SX740 HS ブラック PSSX740HSBK,ブラック,,,4549292119008
L8MFBRIQVU000,コンパクトデジタルカメラ,Canon,Canon PowerShot V1,Canon PowerShot V1 ブラック PSV1,ブラック,,,4549292228090
HK4L90BJ1C000,コンパクトデジタルカメラ,Canon,Canon PowerShot V10,Canon PowerShot V10 シルバー PSV10SL,シルバー,,,4549292212532
I22LXWVSD6000,コンパクトデジタルカメラ,Canon,Canon PowerShot V10,Canon PowerShot V10 ブラック PSV10BK,ブラック,,,4549292212556
IAXSV214TE000,コンパクトデジタルカメラ,Canon,Canon PowerShot V10,Canon PowerShot V10 ホワイト PSV10WH,ホワイト,,,4549292243567
29VQB02G2D000,コンパクトデジタルカメラ,Canon,Canon PowerShot ZOOM,Canon PowerShot ZOOM Black Edition ブラック,ブラック,,,4957792158647
86VU9VS8EE000,コンパクトデジタルカメラ,FUJIFILM,FUJIFILM GFX100RF,FUJIFILM GFX100RF シルバー F GFX100RF-S,シルバー,,,4547410556568
4BJ724VZ79000,コンパクトデジタルカメラ,FUJIFILM,FUJIFILM GFX100RF,FUJIFILM GFX100RF ブラック F GFX100RF-B,ブラック,,,4547410556551
NKG77XW23C000,コンパクトデジタルカメラ,FUJIFILM,FUJIFILM X-HF1,FUJIFILM X-HF1 シルバー F X-HF1-S JP,シルバー,,,4547410556582
JDKEVFLVFT000,コンパクトデジタルカメラ,FUJIFILM,FUJIFILM X-HF1,FUJIFILM X-HF1 チャコールシルバー F X-HF1-CS JP,チャコールシルバー,,,4547410556599
PW7KPL464J000,コンパクトデジタルカメラ,FUJIFILM,FUJIFILM X-HF1,FUJIFILM X-HF1 ブラック F X-HF1-B JP,ブラック,,,4547410556575
LX9BT7DVYJ000,コンパクトデジタルカメラ,FUJIFILM,FUJIFILM X100F,FUJIFILM X100F シルバー X100F-S,シルバー,,,4547410339017
Y66Y81I6NA000,コンパクトデジタルカメラ,FUJIFILM,FUJIFILM X100F,FUJIFILM X100F ブラック X100F-B,ブラック,,,4547410339031
3N043I0T2Z000,コンパクトデジタルカメラ,FUJIFILM,FUJIFILM X100V,FUJIFILM X100V シルバー X100V-S,シルバー,,,4547410423419
KUAC7FVRJR000,コンパクトデジタルカメラ,FUJIFILM,FUJIFILM X100V,FUJIFILM X100V ブラック X100V-B,ブラック,,,4547410423433
8G3KN1G4U3000,コンパクトデジタルカメラ,FUJIFILM,FUJIFILM X100VI,FUJIFILM X100VI 日英2言語設定モデル シルバー FX100VI-SJP,シルバー,,,4547410554281
KLUBHRP0CD000,コンパクトデジタルカメラ,FUJIFILM,FUJIFILM X100VI,FUJIFILM X100VI 日英2言語設定モデル ブラック FX100VI-BJP,ブラック,,,4547410554267
469U2U4P09000,コンパクトデジタルカメラ,FUJIFILM,FUJIFILM FinePix S9800,Fujifilm FinePix S9800 ブラック,ブラック,,,4547410296440
K1NTLXZ2VW000,コンパクトデジタルカメラ,KODAK,KODAK PIXPRO C1,Kodak PIXPRO C1 ブラウン C1BN,ブラウン,,,4978877516930
R463Z3GIIP000,コンパクトデジタルカメラ,KODAK,KODAK PIXPRO C1,Kodak PIXPRO C1 ブラック C1BK,ブラック,,,4978877516923
4NXQNNB5RT000,コンパクトデジタルカメラ,KODAK,KODAK PIXPRO FZ43,Kodak PIXPRO FZ43 ブラック FZ43BK,ブラック,,,819900012224
T4E6AU612G000,コンパクトデジタルカメラ,KODAK,KODAK PIXPRO FZ45,Kodak PIXPRO FZ45 ブラック FZ45BK,ブラック,,,4978877387943
P4P8KSAXFK000,コンパクトデジタルカメラ,KODAK,KODAK PIXPRO FZ45,Kodak PIXPRO FZ45 レッド FZ45RD,レッド,,,4978877387936
CNKWY0OUEM000,コンパクトデジタルカメラ,KODAK,KODAK PIXPRO FZ55,Kodak PIXPRO FZ55 ブラック FZ55BK,ブラック,,,4978877387967
FBSBW7YSI5000,コンパクトデジタルカメラ,KODAK,KODAK PIXPRO FZ55,Kodak PIXPRO FZ55 レッド FZ55RD,レッド,,,4978877387950
WU9N2Z0HXQ000,コンパクトデジタルカメラ,KODAK,KODAK PIXPRO WPZ2,Kodak PIXPRO WPZ2 イエロー,イエロー,,,4978877316851
WM8JSWVHRH000,コンパクトデジタルカメラ,Kenko,Kenko KC-03TY,Kenko KC-03TY シルバー,シルバー,,,4961607005385
W2O5WVDXBC000,コンパクトデジタルカメラ,Kenko,Kenko KC-03TY,Kenko KC-03TY パープル KC-03TY PU,パープル,,,4961607144268
VR4O9BUUT1000,コンパクトデジタルカメラ,Kenko,Kenko KC-03TY,Kenko KC-03TY ブルー KC-03TY BL,ブルー,,,4961607144251
2IY7EOSXY2000,コンパクトデジタルカメラ,Kenko,Kenko KC-AF05,Kenko KC-AF05 ブラック,ブラック,,,4961607440810
13NXDH2TVH000,コンパクトデジタルカメラ,Kenko,Kenko KC-AF11,Kenko KC-AF11 グリーン KC-AF11 GR,グリーン,,,4961607446409
NY41KKSI3O000,コンパクトデジタルカメラ,Kenko,Kenko KC-AF11,Kenko KC-AF11 ブラック KC-AF11 BK,ブラック,,,4961607446386
YBEGDAFLOB000,コンパクトデジタルカメラ,Kenko,Kenko KC-AF11,Kenko KC-AF11 ホワイト KC-AF11 WH,ホワイト,,,4961607446393
CLRLXXYBYW000,コンパクトデジタルカメラ,Kenko,Kenko KC-WP06,Kenko KC-WP06 ブルー,ブルー,,,4961607144367
DNU1JWIH0C000,コンパクトデジタルカメラ,Kenko,Kenko KC-ZM08,Kenko KC-ZM08 ブラック KC-ZM08 BK,ブラック,,,4961607446324
P924277QGJ000,コンパクトデジタルカメラ,Kenko,Kenko KC-ZM08,Kenko KC-ZM08 ホワイト KC-ZM08 WH,ホワイト,,,4961607446751
5E96YH5VH4000,コンパクトデジタルカメラ,Kenko,Kenko PieniII DSC-PIENI2,Kenko PieniII DSC-PIENI2 オレンジ DSC-PIENI2 OR,オレンジ,,,4961607440803
BXL2KSPOC6000,コンパクトデジタルカメラ,Kenko,Kenko PieniII DSC-PIENI2,Kenko PieniII DSC-PIENI2 グレー DSC-PIENI2 GY,グレー,,,4961607440773
I3WQTHSL25000,コンパクトデジタルカメラ,Kenko,Kenko PieniII DSC-PIENI2,Kenko PieniII DSC-PIENI2 ピーチ DSC-PIENI2 PH,ピーチ,,,4961607440797
XBT7ACYP0L000,コンパクトデジタルカメラ,Kenko,Kenko PieniII DSC-PIENI2,Kenko PieniII DSC-PIENI2 ミント DSC-PIENI2 MT,ミント,,,4961607440780
4R13LDGTC6000,コンパクトデジタルカメラ,Kenko,Kenko レトロデジ90 KC-RD90,Kenko レトロデジ90 KC-RD90 クラシック,クラシック,,,4961607446867
WS4GM9JNZ8000,コンパクトデジタルカメラ,Kenko,Kenko レトロデジ90 KC-RD90,Kenko レトロデジ90 KC-RD90 シティポップ KC-RD90CP,シティポップ,,,4961607446874
QUW0PSS4FY000,コンパクトデジタルカメラ,Leica,Leica Q2,LEICA Q2 ブラック,ブラック,,,4548182190509
LK12PTX2ME000,コンパクトデジタルカメラ,Leica,Leica Q3 43,LEICA Q3 43 ブラック,ブラック,,,4548182190851
QR1EL4G159000,コンパクトデジタルカメラ,Leica,Leica Q3,LEICA Q3 ブラック,ブラック,,,4548182190813
OUS0NUL5YO000,コンパクトデジタルカメラ,Leica,Leica D-LUX 8,Leica D-LUX 8 ブラック,ブラック,,,4548182191919
68GJE7M6P2000,コンパクトデジタルカメラ,Nikon,Nikon COOLPIX A10,Nikon COOLPIX A10 シルバー,シルバー,,,4960759147035
VNF4K3HMRK000,コンパクトデジタルカメラ,Nikon,Nikon COOLPIX A10,Nikon COOLPIX A10 レッド A10RD,レッド,,,4960759147028
GIU5UL0IYF000,コンパクトデジタルカメラ,Nikon,Nikon COOLPIX B500,Nikon COOLPIX B500 ブラック B500BK,ブラック,,,4960759147110
LKWZ3L2X41000,コンパクトデジタルカメラ,Nikon,Nikon COOLPIX B500,Nikon COOLPIX B500 プラム B500PU,プラム,,,4960759147127
9QB2ADFF6W000,コンパクトデジタルカメラ,Nikon,Nikon COOLPIX B700,Nikon COOLPIX B700 ブラック COOLPIX B700BK,ブラック,,,4960759147226
FVQY6HR4WV000,コンパクトデジタルカメラ,Nikon,Nikon COOLPIX B700,Nikon COOLPIX B700 レッド COOLPIX B700RD,レッド,,,4960759147233
UAMZHYTHYA000,コンパクトデジタルカメラ,Nikon,Nikon COOLPIX P1000,Nikon COOLPIX P1000 ブラック,ブラック,,,4960759148803
VN0MNUHXMM000,コンパクトデジタルカメラ,Nikon,Nikon COOLPIX P1100,Nikon COOLPIX P1100 ブラック,ブラック,,,4960759916631
YRGED37QF8000,コンパクトデジタルカメラ,Nikon,Nikon COOLPIX P500,Nikon COOLPIX P500 ブラック COOLPIX P500 BK,ブラック,,,4960759128539
ECP4ZVI8YK000,コンパクトデジタルカメラ,Nikon,Nikon COOLPIX P600,Nikon COOLPIX P600 ブラック P600BK,ブラック,,,4960759143563
2ECTPPL6WU000,コンパクトデジタルカメラ,Nikon,Nikon COOLPIX P600,Nikon COOLPIX P600 レッド P600RD,レッド,,,4960759143570
ZQT5IV9W2Y000,コンパクトデジタルカメラ,Nikon,Nikon COOLPIX P950,Nikon COOLPIX P950 ブラック,ブラック,,,4960759902443
E0IPR7PHZ2000,コンパクトデジタルカメラ,Nikon,Nikon COOLPIX W300,Nikon COOLPIX W300 イエロー COOLPIXW300YL,イエロー,,,4960759149374
AKQSAZ3Z65000,コンパクトデジタルカメラ,Nikon,Nikon COOLPIX W300,Nikon COOLPIX W300 オレンジ COOLPIXW300OR,オレンジ,,,4960759149367
8CWVZF8AI4000,コンパクトデジタルカメラ,Nikon,Nikon COOLPIX W300,Nikon COOLPIX W300 ブラック COOLPIXW300BK,ブラック,,,4960759903303
KRQU3GWTS5000,コンパクトデジタルカメラ,OLYMPUS,OLYMPUS SH-25MR,OLYMPUS SH-25MR ゴールド SH-25MR GLD,ゴールド,,,4545350039264
QWMLT38QP9000,コンパクトデジタルカメラ,OLYMPUS,OLYMPUS SH-25MR,OLYMPUS SH-25MR ブラック SH-25MR BLK,ブラック,,,4545350039257
P44IIFUZ0T000,コンパクトデジタルカメラ,OLYMPUS,OLYMPUS SH-25MR,OLYMPUS SH-25MR ホワイト SH-25MR WHT,ホワイト,,,4545350039288
D8JGZZE1FE000,コンパクトデジタルカメラ,OLYMPUS,OLYMPUS SH-25MR,OLYMPUS SH-25MR レッド SH-25MR RED,レッド,,,4545350039271
T6D61YLQ5R000,コンパクトデジタルカメラ,OLYMPUS,OLYMPUS STYLUS 1,OLYMPUS STYLUS 1 ブラック STYLUS-1 BLK,ブラック,,,4545350044992
C0FSMXJ8GS000,コンパクトデジタルカメラ,OLYMPUS,OLYMPUS STYLUS XZ-2,OLYMPUS STYLUS XZ-2 ブラック XZ-2 BLK,ブラック,,,4545350041977
AP14JJY3NQ000,コンパクトデジタルカメラ,OLYMPUS,OLYMPUS Tough TG-6,OLYMPUS Tough TG-6 ブラック TG-6 BLK,ブラック,,,4545350052676
BP13ZJR99W000,コンパクトデジタルカメラ,OLYMPUS,OLYMPUS Tough TG-6,OLYMPUS Tough TG-6 レッド TG-6 RED,レッド,,,4545350052690
FC1LXO4BKF000,コンパクトデジタルカメラ,OM SYSTEM,OM SYSTEM Tough TG-7,OM SYSTEM Tough TG-7 ブラック TG-7 BLK,ブラック,,,4545350055974
C5XK7IZB0T000,コンパクトデジタルカメラ,OM SYSTEM,OM SYSTEM Tough TG-7,OM SYSTEM Tough TG-7 レッド TG-7 RED,レッド,,,4545350055981
KM0X9X0E9Q000,コンパクトデジタルカメラ,PENTAX,PENTAX WG-1000,PENTAX WG-1000 オリーブ WG-1000OLIVE,オリーブ,,,4549212310140
37V85L97UE000,コンパクトデジタルカメラ,PENTAX,PENTAX WG-1000,PENTAX WG-1000 グレー WG-1000GRAY,グレー,,,4549212309991
Z4WE1H1Q7C000,コンパクトデジタルカメラ,PENTAX,PENTAX WG-8,PENTAX WG-8 グリーン,グリーン,,,4549212310553
V84KOXM3FL000,コンパクトデジタルカメラ,PENTAX,PENTAX WG-8,PENTAX WG-8 ブラック WG-8-BK,ブラック,,,4549212310393
1SFUO71J9X000,コンパクトデジタルカメラ,PENTAX,PENTAX WG-90,PENTAX WG-90 ブラック WG-90BK,ブラック,,,4549212306396
S4O32FT1SF000,コンパクトデジタルカメラ,PENTAX,PENTAX WG-90,PENTAX WG-90 ブルー WG-90BL,ブルー,,,4549212306488
3JSMDJ4JKP000,コンパクトデジタルカメラ,Panasonic,Panasonic LUMIX DC-FZ85D,Panasonic LUMIX DC-FZ85D-K ブラック,ブラック,,,4549980789155
JTLWA5GO5J000,コンパクトデジタルカメラ,Panasonic,Panasonic LUMIX DC-TX3,Panasonic LUMIX DC-TX3 グラファイトシルバー DC-TX3-S,グラファイトシルバー,,,4550719167571
A9CSZZ99Y5000,コンパクトデジタルカメラ,Panasonic,Panasonic LUMIX DC-TX3,Panasonic LUMIX DC-TX3 ブラック DC-TX3-K,ブラック,,,4550719167557
9SBE7SMJC8000,コンパクトデジタルカメラ,Panasonic,Panasonic LUMIX DC-TZ99,Panasonic LUMIX DC-TZ99 ブラック DC-TZ99-K,ブラック,,,4549980888247
09F4RETV5F000,コンパクトデジタルカメラ,Panasonic,Panasonic LUMIX DC-TZ99,Panasonic LUMIX DC-TZ99 ホワイト DC-TZ99-W,ホワイト,,,4549980888254
YG4FJ0I953000,コンパクトデジタルカメラ,Panasonic,Panasonic LUMIX DMC-FX700,Panasonic LUMIX DMC-FX700 エクストラブラック DMC-FX700-K,エクストラブラック,,,4984824889248
D00DJ94PUW000,コンパクトデジタルカメラ,Panasonic,Panasonic LUMIX DMC-FX700,Panasonic LUMIX DMC-FX700 シェルホワイト DMC-FX700-W,シェルホワイト,,,4984824889262
0H0N7LC3LC000,コンパクトデジタルカメラ,Panasonic,Panasonic LUMIX DMC-FX700,Panasonic LUMIX DMC-FX700 ジュネスシルバー DMC-FX700-S,ジュネスシルバー,,,4984824889231
IFLBFMSFUU000,コンパクトデジタルカメラ,Panasonic,Panasonic LUMIX DMC-FX700,Panasonic LUMIX DMC-FX700 ピュアピンクゴールド DMC-FX700-N,ピュアピンクゴールド,,,4984824889255
154Q2PBY7V000,コンパクトデジタルカメラ,Panasonic,Panasonic LUMIX DMC-FZ1000,Panasonic LUMIX DMC-FZ1000 ブラック,ブラック,,,4549077133120
A6T9IAUYPV000,コンパクトデジタルカメラ,Panasonic,Panasonic LUMIX DMC-FZ18,Panasonic LUMIX DMC-FZ18 シルバー DMC-FZ18-S,シルバー,,,4984824785434
S07DJF4ZQU000,コンパクトデジタルカメラ,Panasonic,Panasonic LUMIX DMC-FZ18,Panasonic LUMIX DMC-FZ18 ブラック DMC-FZ18-K,ブラック,,,4984824785441
EH6MO4WAAW000,コンパクトデジタルカメラ,Panasonic,Panasonic LUMIX DMC-TZ85,Panasonic LUMIX DMC-TZ85 シルバー DMC-TZ85-S,シルバー,,,4549077631077
G8OVWEWJFZ000,コンパクトデジタルカメラ,Panasonic,Panasonic LUMIX DMC-TZ85,Panasonic LUMIX DMC-TZ85 ホワイト DMC-TZ85-W,ホワイト,,,4549077630810
6DM7AQC6B8000,コンパクトデジタルカメラ,RICOH,RICOH CX2,RICOH CX2 シルバー CX2(SL),シルバー,,,4961311855221
JO3Q56XW4J000,コンパクトデジタルカメラ,RICOH,RICOH CX2,RICOH CX2 ツートン CX2(TP),ツートン,,,4961311855306
H14ULC5SPK000,コンパクトデジタルカメラ,RICOH,RICOH CX2,RICOH CX2 ブラック CX2(BK),ブラック,,,4961311855214
4HOR4ATH5K000,コンパクトデジタルカメラ,RICOH,RICOH GR IIIx Urban Edition,RICOH GR IIIx Urban Edition メタリックグレー,メタリックグレー,,,4549212304507
3EVKF0I11J000,コンパクトデジタルカメラ,RICOH,RICOH GR IIIx,RICOH GR IIIx ブラック GR3x,ブラック,,,4549212303739
P9XH63TMWL000,コンパクトデジタルカメラ,RICOH,RICOH GR IV Monochrome,RICOH GR IV Monochrome ブラック,ブラック,,,4549212311994
SZ2ZB449Q1000,コンパクトデジタルカメラ,RICOH,RICOH GR IV,RICOH GR IV ブラック GR4,ブラック,,,4549212311291
JR2IW616N1000,コンパクトデジタルカメラ,RICOH,RICOH THETA X,RICOH THETA X メタリックグレー,メタリックグレー,,,4961311963445
000VNNBJEU000,コンパクトデジタルカメラ,RICOH,RICOH THETA Z1 51GB,RICOH THETA Z1 51GB ブラック,ブラック,,,4961311958632
OLUSV4GKP9000,コンパクトデジタルカメラ,RICOH,RICOH WG-7,RICOH WG-7 ブラック WG-7BK,ブラック,,,4549212303562
VNRR1RIXOJ000,コンパクトデジタルカメラ,RICOH,RICOH WG-7,RICOH WG-7 レッド WG-7RD,レッド,,,4549212303647
V2FOCNKTDW000,コンパクトデジタルカメラ,RICOH,RICOH WG-80,RICOH WG-80 オレンジ WG-80OR,オレンジ,,,4549212304415
79B7RAXAWD000,コンパクトデジタルカメラ,RICOH,RICOH WG-80,RICOH WG-80 ブラック WG-80BK,ブラック,,,4549212304378
LVVYEYABUC000,コンパクトデジタルカメラ,SONY,SONY VLOGCAM ZV-1,SONY VLOGCAM ZV-1 ブラック ZV-1B,ブラック,,,4548736118584
ZBTQNX9JAM000,コンパクトデジタルカメラ,SONY,SONY VLOGCAM ZV-1,SONY VLOGCAM ZV-1 ホワイト ZV-1W,ホワイト,,,4548736122574
KV2X4Z7QT7000,コンパクトデジタルカメラ,SONY,SONY VLOGCAM ZV-1F,SONY VLOGCAM ZV-1F ブラック ZV-1FB,ブラック,,,4548736147041
D77PIG2G6N000,コンパクトデジタルカメラ,SONY,SONY VLOGCAM ZV-1F,SONY VLOGCAM ZV-1F ホワイト ZV-1FW,ホワイト,,,4548736147058
UDKJTGN1D5000,コンパクトデジタルカメラ,SONY,SONY VLOGCAM ZV-1,SONY VLOGCAM ZV-1G シューティンググリップキット ブラック ZV-1GB,ブラック,,,4546821920890
UJSIY4ZP6P000,コンパクトデジタルカメラ,SONY,SONY VLOGCAM ZV-1,SONY VLOGCAM ZV-1G シューティンググリップキット ホワイト ZV-1GW,ホワイト,,,4546821921965
RTJV9VINC2000,コンパクトデジタルカメラ,SONY,SONY VLOGCAM ZV-1M2,SONY VLOGCAM ZV-1M2 ブラック ZV-1M2B,ブラック,,,4548736155718
B3TE06IHNL000,コンパクトデジタルカメラ,SONY,SONY VLOGCAM ZV-1M2,SONY VLOGCAM ZV-1M2 ホワイト ZV-1M2W,ホワイト,,,4548736155725
3HGKJWMR4J000,コンパクトデジタルカメラ,SONY,SONY VLOGCAM ZV-1M2,SONY VLOGCAM ZV-1M2G シューティンググリップキット ブラック ZV-1M2GB,ブラック,,,4546821923761
7CAT6WO59L000,コンパクトデジタルカメラ,SONY,SONY VLOGCAM ZV-1M2,SONY VLOGCAM ZV-1M2G シューティンググリップキット ホワイト ZV-1M2GW,ホワイト,,,4546821923778
W1U2E9FJE3000,コンパクトデジタルカメラ,SONY,SONY サイバーショット DSC-QX10,SONY サイバーショット DSC-QX10 ブラック DSCQX10B,ブラック,,,4905524951219
YJPEE7C2KE000,コンパクトデジタルカメラ,SONY,SONY サイバーショット DSC-QX10,SONY サイバーショット DSC-QX10 ホワイト DSC-QX10W,ホワイト,,,4905524951226
ONBMMR6MB9000,コンパクトデジタルカメラ,SONY,SONY サイバーショット DSC-RX0M2,SONY サイバーショット DSC-RX0M2 ブラック,ブラック,,,4548736104266
C5C9COP17L000,コンパクトデジタルカメラ,SONY,SONY サイバーショット DSC-RX100,SONY サイバーショット DSC-RX100 ブラック,ブラック,,,4905524893878
WK1WYO4IRB000,コンパクトデジタルカメラ,SONY,SONY サイバーショット DSC-RX100M5A,SONY サイバーショット DSC-RX100M5A ブラック,ブラック,,,4548736086449
SNGLC4RZ3V000,コンパクトデジタルカメラ,SONY,SONY サイバーショット DSC-RX100M7,SONY サイバーショット DSC-RX100M7 ブラック,ブラック,,,4548736106284
BV44AGWHBM000,コンパクトデジタルカメラ,SONY,SONY サイバーショット DSC-RX100M7,SONY サイバーショット DSC-RX100M7G シューティンググリップキット ブラック,ブラック,,,4548736106383
D6OAKH8MET000,コンパクトデジタルカメラ,SONY,SONY サイバーショット DSC-RX1RM3,SONY サイバーショット DSC-RX1RM3 ブラック,ブラック,,,4548736172357
CFJJ8AU454000,コンパクトデジタルカメラ,SONY,SONY サイバーショット DSC-T2,SONY サイバーショット DSC-T2 グリーン DSC-T2-G,グリーン,,,
DDRGVD56RB000,コンパクトデジタルカメラ,SONY,SONY サイバーショット DSC-T2,SONY サイバーショット DSC-T2 ピンク DSC-T2-P,ピンク,,,
5Y2DZHJT52000,コンパクトデジタルカメラ,SONY,SONY サイバーショット DSC-T2,SONY サイバーショット DSC-T2 ブラック DSC-T2-B,ブラック,,,4905524439847
UFKK42TBVB000,コンパクトデジタルカメラ,SONY,SONY サイバーショット DSC-T2,SONY サイバーショット DSC-T2 ブルー DSC-T2-L,ブルー,,,
Q80DSO28DR000,コンパクトデジタルカメラ,SONY,SONY サイバーショット DSC-T2,SONY サイバーショット DSC-T2 ホワイト DSC-T2-W,ホワイト,,,4905524447514
O4GY0H8WSK000,コンパクトデジタルカメラ,SONY,SONY サイバーショット DSC-WX500,SONY サイバーショット DSC-WX500 ブラック DSC-WX500 (B),ブラック,,,4548736014312
C465C4ENJO000,コンパクトデジタルカメラ,SONY,SONY サイバーショット DSC-WX500,SONY サイバーショット DSC-WX500 ホワイト DSC-WX500 (W),ホワイト,,,4548736012554
KUA94CNFDL000,コンパクトデジタルカメラ,SONY,SONY サイバーショット DSC-WX500,SONY サイバーショット DSC-WX500 レッド DSC-WX500 (R),レッド,,,4548736014275
Z7917HKCR9000,コンパクトデジタルカメラ,YASHICA,YASHICA City 200 YAS-DGC200,YASHICA City 200 YAS-DGC200 ブラック YAS-DGC200-BK,ブラック,,,4582712710386
T76TPDHEC7000,コンパクトデジタルカメラ,YASHICA,YASHICA City 200 YAS-DGC200,YASHICA City 200 YAS-DGC200 ホワイト YAS-DGC200-WH,ホワイト,,,4582712710379
N4KDDJ98XU000,デジタル一眼レフ,Canon,Canon EOS 5D Mark III,Canon EOS 5D Mark III ボディ ブラック 5260B001,ブラック,,,4960999810089
KK7BWTVEE9000,デジタル一眼レフ,Canon,Canon EOS 5D Mark IV,Canon EOS 5D Mark IV ボディ ブラック 1483C001,ブラック,,,4549292075748
BVRLBXKPFI000,デジタル一眼レフ,Canon,Canon EOS 6D Mark II,Canon EOS 6D Mark II ボディ ブラック 1897C001,ブラック,,,4549292083897
ZVCM0PKTS9000,デジタル一眼レフ,Canon,Canon EOS 6D,Canon EOS 6D ボディ ブラック EOS6D,ブラック,,,4960999964508
ORF2EII34V000,デジタル一眼レフ,Canon,Canon EOS 7D MarkⅡ,Canon EOS 7D Mark II ボディ ブラック EOS7DMK2,ブラック,,,4549292001617
J3F2G9WROY000,デジタル一眼レフ,Canon,Canon EOS 90D,Canon EOS 90D ボディ ブラック EOS90D,ブラック,,,4549292138313
FB6A2YD9UQ000,デジタル一眼レフ,Nikon,Nikon D300S,Nikon D300S ボディ ブラック,ブラック,,,4960759127105
L4JR219QA8000,デジタル一眼レフ,Nikon,Nikon D500,Nikon D500 ボディ ブラック,ブラック,,,4960759146441
08DE4HPC7N000,デジタル一眼レフ,Nikon,Nikon D7100,Nikon D7100 ボディ ブラック,ブラック,,,4960759136770
VH1AAXRXLH000,デジタル一眼レフ,Nikon,Nikon D7500,Nikon D7500 ボディ ブラック,ブラック,,,4960759149084
JJBKNITQQN000,デジタル一眼レフ,Nikon,Nikon D780,Nikon D780 ボディ ブラック,ブラック,,,4960759904058
JMRF4X22TV000,デジタル一眼レフ,Nikon,Nikon D800,Nikon D800 ボディ ブラック,ブラック,,,4960759128706
Q1F9YIW9TJ000,デジタル一眼レフ,Nikon,Nikon D850,Nikon D850 ボディ ブラック,ブラック,,,4960759149336
24UV9K0XCB000,デジタル一眼レフ,Nikon,Nikon D90,Nikon D90 ボディ ブラック,ブラック,,,4960759126283
UF2LLX9571000,デジタル一眼レフ,PENTAX,PENTAX K-1 Mark II,PENTAX K-1 Mark II ボディ シルバー K-1 Mark II Silver Edition,シルバー,,,4549212301988
JUCN8AOSBJ000,デジタル一眼レフ,PENTAX,PENTAX K-1 Mark II,PENTAX K-1 Mark II ボディ ブラック,ブラック,,,4549212299896
7PCBIMLQDR000,デジタル一眼レフ,PENTAX,PENTAX KF,PENTAX KF ボディ クリスタルブルー,クリスタルブルー,,,4549212305696
RY1BZJW133000,デジタル一眼レフ,PENTAX,PENTAX KF,PENTAX KF ボディ クリスタルホワイト,クリスタルホワイト,,,4549212305634
20G0MDH8AR000,デジタル一眼レフ,PENTAX,PENTAX KF,PENTAX KF ボディ ブラック,ブラック,,,4549212305054
CKKOUC8AEA000,デジタル一眼レフ,PENTAX,PENTAX KP,PENTAX KP ボディ シルバー 16044,シルバー,,,4549212298967
TFBKOWKZO5000,デジタル一眼レフ,PENTAX,PENTAX KP,PENTAX KP ボディ ブラック 16020,ブラック,,,4549212298820
S2BEPYVYUZ000,レンズ(単焦点),,SG-image AF 25mm F1.8 Type II,SG-image AF 25mm F1.8 Type II オレンジ フジフイルム用,,,,4582752637056
YT0Z8SX1UR000,レンズ(単焦点),,SG-image AF 25mm F1.8 Type II,SG-image AF 25mm F1.8 Type II シルバー フジフイルム用,,,,4582752637032
Y09JKCIKVO000,レンズ(単焦点),,SG-image AF 25mm F1.8 Type II,SG-image AF 25mm F1.8 Type II ブラック ソニーE用 SG AF25mm F1.8 B E C (B),,,,4582752636981
IUIP6G8WQ5000,レンズ(単焦点),,SG-image AF 25mm F1.8 Type II,SG-image AF 25mm F1.8 Type II ブラック フジフイルム用 SG AF25mm F1.8 B X C (B),,,,4582752637025
4RFSVPTZHJ000,レンズ(単焦点),,SG-image AF 25mm F1.8 Type II,SG-image AF 25mm F1.8 Type II レッド フジフイルム用 SG AF25mm F1.8 B X C (R),,,,4582752637049
0NSWX08UIR000,レンズ(単焦点),,SG-image AF 25mm F1.8,SG-image AF 25mm F1.8 シルバー Limited フジフイルム用,,,,
0Z6CM5DW6Q000,レンズ(単焦点),,SG-image AF 25mm F1.8,SG-image AF 25mm F1.8 ブラック フジフイルム用,,,,4582752636523
JXGJMWG9HF000,レンズ(単焦点),,SG-image AF 35mm F2.2,SG-image AF 35mm F2.2 SONY ソニーE用 SGAF35mmF2.2E,,,,4582752637094
JH93R0CCPE000,レンズ(単焦点),,SG-image AF 35mm F2.2,SG-image AF 35mm F2.2 ブラック ライカL用 SGAF35mmF2.2L,,,,4582752637124
SMC4IDFM8K000,レンズ(単焦点),COSINA,Cosina COLOR-SKOPAR 35mm F2.5 P II,Cosina COLOR-SKOPAR 35mm F2.5 P II,,,,4530076130715
95VYEUHLFC000,レンズ(単焦点),COSINA,Cosina HELIAR 40mm F2.8 Aspherical,Cosina HELIAR 40mm F2.8 Aspherical シルバー,,,,4530076132603
NAHPE9A44Y000,レンズ(単焦点),COSINA,Cosina HELIAR 40mm F2.8 Aspherical ブラックペイント,Cosina HELIAR 40mm F2.8 Aspherical ブラックペイント,,,,4530076132610
3PHQTB4J5G000,レンズ(単焦点),COSINA,Cosina NOKTON 35mm F1.2 Aspherical IV,Cosina NOKTON 35mm F1.2 Aspherical IV,,,,4530076132887
D4S62D0SQQ000,レンズ(単焦点),COSINA,Cosina NOKTON 40mm F1.2 Aspherical II,Cosina NOKTON 40mm F1.2 Aspherical II VMマウント,,,,4530076132894
9BWA7GNRTE000,レンズ(単焦点),COSINA,Cosina NOKTON 40mm F1.2 Aspherical,Cosina NOKTON 40mm F1.2 Aspherical ソニーE用,,,,4530076233058
ASW05OWGU9000,レンズ(単焦点),COSINA,Cosina NOKTON 50mm F1.2 Aspherical II,Cosina NOKTON 50mm F1.2 Aspherical II,,,,4530076132900
XM4PHGCC64000,レンズ(単焦点),COSINA,Cosina NOKTON Vintage Line 50mm F1.5 Aspherical II,Cosina NOKTON Vintage Line 50mm F1.5 Aspherical II VMマウント シルバー MC,,,,4530076132412
TJAIFKSZE8000,レンズ(単焦点),COSINA,Cosina NOKTON Vintage Line 50mm F1.5 Aspherical II,Cosina NOKTON Vintage Line 50mm F1.5 Aspherical II VMマウント シルバー SC,,,,4530076132436
G1Y7OEBVU3000,レンズ(単焦点),COSINA,Cosina NOKTON Vintage Line 50mm F1.5 Aspherical II,Cosina NOKTON Vintage Line 50mm F1.5 Aspherical II VMマウント ニッケル・ブラックペイント MC,,,,4530076132450
Z7E2IDA8GL000,レンズ(単焦点),COSINA,Cosina NOKTON Vintage Line 50mm F1.5 Aspherical II,Cosina NOKTON Vintage Line 50mm F1.5 Aspherical II VMマウント ニッケル・ブラックペイント SC,,,,4530076132467
9ORV092VXI000,レンズ(単焦点),COSINA,Cosina NOKTON Vintage Line 50mm F1.5 Aspherical II,Cosina NOKTON Vintage Line 50mm F1.5 Aspherical II VMマウント ブラック MC,,,,4530076132429
AKHGJCDV3L000,レンズ(単焦点),COSINA,Cosina NOKTON Vintage Line 50mm F1.5 Aspherical II,Cosina NOKTON Vintage Line 50mm F1.5 Aspherical II VMマウント ブラック SC,,,,4530076132443
5HS6MSD7EY000,レンズ(単焦点),COSINA,Cosina NOKTON classic 35mm F1.4 II MC-マルチコート,Cosina NOKTON classic 35mm F1.4 II MC-マルチコート,,,,4530076132351
DRIH8PRKB5000,レンズ(単焦点),COSINA,Cosina NOKTON classic 35mm F1.4 II SC-シングルコート,Cosina NOKTON classic 35mm F1.4 II SC-シングルコート,,,,4530076132368
HWCDW8E0SG000,レンズ(単焦点),COSINA,Cosina NOKTON classic 35mm F1.4,Cosina NOKTON classic 35mm F1.4 ソニーE用,,,,4530076233065
HQJ281EPMW000,レンズ(単焦点),COSINA,Cosina NOKTON classic 40mm F1.4 MC-マルチコート,Cosina NOKTON classic 40mm F1.4 MC-マルチコート,,,,4530076131507
HV3CKWJPVS000,レンズ(単焦点),COSINA,Cosina NOKTON classic 40mm F1.4 SC-シングルコート,Cosina NOKTON classic 40mm F1.4 SC-シングルコート,,,,4530076131521
9UYTWGAJXI000,レンズ(単焦点),COSINA,Cosina SEPTON 40mm F2 Aspherical,Cosina SEPTON 40mm F2 Aspherical ソニーE用,,,,4530076233232
V7PPVD6FLO000,レンズ(単焦点),COSINA,Cosina ULTRON 40mm F2 Aspherical SL IIs シルバーリム,Cosina ULTRON 40mm F2 Aspherical SL IIs シルバーリム,,,,4530076231665
Z8XNQHE4JC000,レンズ(単焦点),COSINA,Cosina ULTRON 40mm F2 Aspherical SL IIs ブラックリム,Cosina ULTRON 40mm F2 Aspherical SL IIs ブラックリム,,,,4530076231658
NVFH89CWS4000,レンズ(単焦点),Canon,Canon EF 50mm F1.8 STM,Canon EF 50mm F1.8 STM EF5018STM,,,,4549292037692
NL4TCKD9X4000,レンズ(単焦点),Canon,Canon EF-S24mm F2.8 STM,Canon EF-S24mm F2.8 STM EF-S2428STM,,,,4549292010220
RYR44J32M3000,レンズ(単焦点),Canon,Canon EF100mm F2.8 Macro USM,Canon EF100mm F2.8 Macro USM,,,,4960999214245
HUL5YYY1GC000,レンズ(単焦点),Canon,Canon EF100mm F2.8L Macro IS USM,Canon EF100mm F2.8L Macro IS USM EF10028LMIS,,,,4960999635170
K2YEVGFARF000,レンズ(単焦点),Canon,Canon EF 24mm F1.4L II USM,Canon EF24mm F1.4L II USM,,,,4960999575063
0GEDLR5UNL000,レンズ(単焦点),Canon,Canon EF 24mm F2.8 IS USM,Canon EF24mm F2.8 IS USM,,,,4960999788067
4HY7JOZF7I000,レンズ(単焦点),Canon,Canon EF 35mm F1.4L II USM,Canon EF35mm F1.4L II USM,,,,4549292010237
4255N9A6C9000,レンズ(単焦点),Canon,Canon EF 50mm F1.2L USM,Canon EF50mm F1.2L USM EF50L,,,,4960999354972
X1ZN23Z53T000,レンズ(単焦点),Canon,Canon EF 50mm F1.4 USM,Canon EF50mm F1.4 USM,,,,4960999213644
4PSUVI30P6000,レンズ(単焦点),Canon,Canon EF 85mm F1.2L II USM,Canon EF85mm F1.2L II USM,,,,4960999326429
8ZMQZ4PJPV000,レンズ(単焦点),Canon,Canon EF 85mm F1.4L IS USM,Canon EF85mm F1.4L IS USM,,,,4549292091656
YUA64GISXL000,レンズ(単焦点),Canon,,キヤノン RF100mm F2.8 L MACRO IS USM,,,,
UQLRUATXWS000,レンズ(単焦点),Canon,,キヤノン RF135mm F1.8 L IS USM,,,,
EVC67CEI8B000,レンズ(単焦点),Canon,,キヤノン RF16mm F2.8 STM,,,,
Z452IP7LFH000,レンズ(単焦点),Canon,,キヤノン RF24mm F1.8 MACRO IS STM,,,,
M5VS7XG2G4000,レンズ(単焦点),Canon,,キヤノン RF28mm F2.8 STM,,,,
4ILWOIGCKN000,レンズ(単焦点),Canon,,キヤノン RF35mm F1.8 MACRO IS STM,,,,
VLU426F40W000,レンズ(単焦点),Canon,,キヤノン RF50mm F1.2 L USM,,,,
8T00PR8HX4000,レンズ(単焦点),Canon,,キヤノン RF50mm F1.8 STM,,,,
VVHPRPFERA000,レンズ(単焦点),Canon,,キヤノン RF600mm F11 IS STM,,,,
8XHDW41KXO000,レンズ(単焦点),Canon,,キヤノン RF800mm F11 IS STM,,,,
76W1ICFEP5000,レンズ(単焦点),Canon,,キヤノン RF85mm F1.2 L USM,,,,
ZFBVJGQO5Z000,レンズ(単焦点),Canon,,キヤノン RF85mm F1.2 L USM DS,,,,
A98CG2XMHV000,レンズ(単焦点),Canon,,キヤノン RF85mm F2 MACRO IS STM,,,,
3H99IFHD1R000,レンズ(単焦点),FUJIFILM,FUJIFILM XC35mmF2,FUJIFILM XC35mmF2,,,,4547410425604
3RENQWI3QU000,レンズ(単焦点),FUJIFILM,FUJIFILM XF14mmF2.8 R,FUJIFILM XF14mmF2.8 R,,,,4547410227598
QVT7KS4AZW000,レンズ(単焦点),FUJIFILM,FUJIFILM XF16mmF1.4 R WR,FUJIFILM XF16mmF1.4 R WR,,,,4547410302783
5VYZ7P4Q94000,レンズ(単焦点),FUJIFILM,FUJIFILM XF16mmF2.8 R WR,FUJIFILM XF16mmF2.8 R WR シルバー XF16mmF2.8 R WR S,,,,4547410397314
SQUBAB5TW2000,レンズ(単焦点),FUJIFILM,FUJIFILM XF16mmF2.8 R WR,FUJIFILM XF16mmF2.8 R WR ブラック XF16mmF2.8 R WR B,,,,4547410397307
X4PFYC4U7X000,レンズ(単焦点),FUJIFILM,FUJIFILM XF18mmF1.4 R LM WR,FUJIFILM XF18mmF1.4 R LM WR,,,,4547410442557
9GR8Z6KHN5000,レンズ(単焦点),FUJIFILM,FUJIFILM XF18mmF2 R,FUJIFILM XF18mmF2 R,,,,4547410206142
MBR01WX263000,レンズ(単焦点),FUJIFILM,FUJIFILM XF200mmF2 R LM OIS WR,FUJIFILM XF200mmF2 R LM OIS WR,,,,4547410376111
WBWAAXO035000,レンズ(単焦点),FUJIFILM,FUJIFILM XF23mmF1.4 R,FUJIFILM XF23mmF1.4 R,,,,4547410261417
HT5ILLJDAA000,レンズ(単焦点),FUJIFILM,FUJIFILM XF23mmF1.4 R LM WR,FUJIFILM XF23mmF1.4 R LM WR XF23ｍｍF1.4 R LM WR,,,,4547410464344
Z1EDL7LDNW000,レンズ(単焦点),FUJIFILM,FUJIFILM XF23mmF2 R WR,FUJIFILM XF23mmF2 R WR シルバー,,,,4547410328820
9RLXYTRICS000,レンズ(単焦点),FUJIFILM,FUJIFILM XF23mmF2 R WR,FUJIFILM XF23mmF2 R WR ブラック XF23mmF2 R WR B,,,,4547410328813
PHVW1ODD2Q000,レンズ(単焦点),FUJIFILM,FUJIFILM XF23mmF2.8 R WR,FUJIFILM XF23mmF2.8 R WR シルバー XF23MMF2.8 R WR S,,,,4547410554663
FYPLBQLS4S000,レンズ(単焦点),FUJIFILM,FUJIFILM XF23mmF2.8 R WR,FUJIFILM XF23mmF2.8 R WR ブラック,,,,4547410554656
Z2ERV447V2000,レンズ(単焦点),FUJIFILM,FUJIFILM XF27mmF2.8,FUJIFILM XF27mmF2.8,,,,4547410251388
RMJXRSU9S7000,レンズ(単焦点),FUJIFILM,FUJIFILM XF27mmF2.8 R WR,FUJIFILM XF27mmF2.8 R WR,,,,4547410440386
BNHV2IJUWG000,レンズ(単焦点),FUJIFILM,FUJIFILM XF30mmF2.8 R LM WR Macro,FUJIFILM XF30mmF2.8 R LM WR Macro,,,,4547410485868
LLUUHL74K0000,レンズ(単焦点),FUJIFILM,FUJIFILM XF33mmF1.4 R LM WR,FUJIFILM XF33mmF1.4 R LM WR,,,,4547410455465
GMWS32KWKB000,レンズ(単焦点),FUJIFILM,FUJIFILM XF35mmF1.4 R,FUJIFILM XF35mmF1.4 R,,,,4547410206159
44QZ0V7CXC000,レンズ(単焦点),FUJIFILM,FUJIFILM XF35mmF2 R WR,FUJIFILM XF35mmF2 R WR シルバー XF35MMF2 R WR S,,,,4547410310412
TX2B5PAPLQ000,レンズ(単焦点),FUJIFILM,FUJIFILM XF35mmF2 R WR,FUJIFILM XF35mmF2 R WR ブラック XF35MMF2 R WR B,,,,4547410310405
NBZ8OO17EU000,レンズ(単焦点),FUJIFILM,FUJIFILM XF500mmF5.6 R LM OIS WR,FUJIFILM XF500mmF5.6 R LM OIS WR,,,,4547410547412
C7BQNKHNWL000,レンズ(単焦点),FUJIFILM,FUJIFILM XF50mmF1.0 R WR,FUJIFILM XF50mmF1.0 R WR,,,,4547410435856
HB5I8CQ3V9000,レンズ(単焦点),FUJIFILM,FUJIFILM XF50mmF2 R WR,FUJIFILM XF50mmF2 R WR シルバー,,,,4547410341003
M51D548AGF000,レンズ(単焦点),FUJIFILM,FUJIFILM XF50mmF2 R WR,FUJIFILM XF50mmF2 R WR ブラック,,,,4547410340990
FD9JRRWR1B000,レンズ(単焦点),FUJIFILM,FUJIFILM XF56mmF1.2 R,FUJIFILM XF56mmF1.2 R,,,,4547410266627
YGKSPNLPJ9000,レンズ(単焦点),FUJIFILM,FUJIFILM XF56mmF1.2 R APD,FUJIFILM XF56mmF1.2 R APD,,,,4547410289855
1FUZ40HU4A000,レンズ(単焦点),FUJIFILM,FUJIFILM XF56mmF1.2 R WR,FUJIFILM XF56mmF1.2 R WR XF56ｍｍF1.2 R WR,,,,4547410471045
GNWECO74ZL000,レンズ(単焦点),FUJIFILM,FUJIFILM XF60mmF2.4 R Macro,FUJIFILM XF60mmF2.4 R Macro,,,,4547410206166
3HAZL4JT68000,レンズ(単焦点),FUJIFILM,FUJIFILM XF80mmF2.8 R LM OIS WR Macro,FUJIFILM XF80mmF2.8 R LM OIS WR Macro,,,,4547410357479
VSNU5WNWOJ000,レンズ(単焦点),FUJIFILM,FUJIFILM XF8mmF3.5 R WR,FUJIFILM XF8mmF3.5 R WR,,,,4547410493856
MIBFOPO0RX000,レンズ(単焦点),FUJIFILM,FUJIFILM XF90mmF2 R LM WR,FUJIFILM XF90mmF2 R LM WR,,,,4547410302776
EM25DWWNWA000,レンズ(単焦点),FUJIFILM,,富士フイルム GF110mmF2 R LM WR,,,,
46CFXWPWPD000,レンズ(単焦点),FUJIFILM,,富士フイルム GF120mmF4 R LM OIS WR Macro,,,,
4C9OPRI4YO000,レンズ(単焦点),FUJIFILM,,富士フイルム GF23mmF4 R LM WR,,,,
CJN1FGN3J0000,レンズ(単焦点),FUJIFILM,,富士フイルム GF250mmF4 R LM OIS WR,,,,
93QKJSA4TH000,レンズ(単焦点),FUJIFILM,,富士フイルム GF30mmF3.5 R WR,,,,
4UHY5K4H0C000,レンズ(単焦点),FUJIFILM,,富士フイルム GF45mmF2.8 R WR,,,,
PJ1PJH45GX000,レンズ(単焦点),FUJIFILM,,富士フイルム GF50mmF3.5 R LM WR,,,,
E8FYJEKAWV000,レンズ(単焦点),FUJIFILM,,富士フイルム GF55mmF1.7 R WR,,,,
KPDM4NQXVB000,レンズ(単焦点),FUJIFILM,,富士フイルム GF63mmF2.8 R WR,,,,
IS497L2M5N000,レンズ(単焦点),FUJIFILM,,富士フイルム GF80mmF1.7 R WR,,,,
ZAM2JIN46E000,レンズ(単焦点),FUJIFILM,,富士フイルム XC35mmF2,,,,
33XZ42XFD4000,レンズ(単焦点),FUJIFILM,,富士フイルム XF14mmF2.8 R,,,,
A7PBH641PV000,レンズ(単焦点),FUJIFILM,,富士フイルム XF16mmF1.4 R WR,,,,
T4NAJ8S10J000,レンズ(単焦点),FUJIFILM,,富士フイルム XF16mmF2.8 R WR,,,,
GZVSNVI8AH000,レンズ(単焦点),FUJIFILM,,富士フイルム XF18mmF1.4 R LM WR,,,,
U6M2UPGANL000,レンズ(単焦点),FUJIFILM,,富士フイルム XF18mmF2 R,,,,
91ONQQL97T000,レンズ(単焦点),FUJIFILM,,富士フイルム XF200mmF2 R LM OIS WR,,,,
ICUGSKWW6A000,レンズ(単焦点),FUJIFILM,,富士フイルム XF23mmF1.4 R,,,,
J8Q2XRPM03000,レンズ(単焦点),FUJIFILM,,富士フイルム XF23mmF1.4 R LM WR,,,,
ED3R1M2BHS000,レンズ(単焦点),FUJIFILM,,富士フイルム XF23mmF2 R WR,,,,
19L5UK2G79000,レンズ(単焦点),FUJIFILM,,富士フイルム XF27mmF2.8 R WR,,,,
LH3RWGCNWB000,レンズ(単焦点),FUJIFILM,,富士フイルム XF30mmF2.8 R LM WR Macro,,,,
F2LB08XJXP000,レンズ(単焦点),FUJIFILM,,富士フイルム XF33mmF1.4 R LM WR,,,,
UQ24UUMIOA000,レンズ(単焦点),FUJIFILM,,富士フイルム XF35mmF1.4 R,,,,
UAGHW43WRE000,レンズ(単焦点),FUJIFILM,,富士フイルム XF35mmF2 R WR,,,,
JR87QKMRKH000,レンズ(単焦点),FUJIFILM,,富士フイルム XF50mmF1.0 R WR,,,,
O01UBTMQKF000,レンズ(単焦点),FUJIFILM,,富士フイルム XF50mmF2 R WR,,,,
RQA84HJEN6000,レンズ(単焦点),FUJIFILM,,富士フイルム XF56mmF1.2 R APD,,,,
JR4K188LGC000,レンズ(単焦点),FUJIFILM,,富士フイルム XF56mmF1.2 R WR,,,,
6EH9L23G2G000,レンズ(単焦点),FUJIFILM,,富士フイルム XF60mmF2.4 R Macro,,,,
2R945X72A0000,レンズ(単焦点),FUJIFILM,,富士フイルム XF80mmF2.8 R LM OIS WR Macro,,,,
24E4OYN0RY000,レンズ(単焦点),FUJIFILM,,富士フイルム XF8mmF3.5 R WR,,,,
CB95S1UDB7000,レンズ(単焦点),FUJIFILM,,富士フイルム XF90mmF2 R LM WR,,,,
6AV95UC6KZ000,レンズ(単焦点),Nikon,Nikon AF-S DX Micro NIKKOR 40mm f/2.8G,Nikon AF-S DX Micro NIKKOR 40mm f/2.8G ブラック,,,,4960759026316
YQDRJZ04AA000,レンズ(単焦点),Nikon,Nikon AF-S DX NIKKOR 35mm f/1.8G,Nikon AF-S DX NIKKOR 35mm f/1.8G ブラック,,,,4960759025821
JHWRRDINM6000,レンズ(単焦点),Nikon,Nikon AF-S Micro NIKKOR 60mm f/2.8G ED,Nikon AF-S Micro NIKKOR 60mm f/2.8G ED ブラック,,,,4960759025623
CG147ARWQD000,レンズ(単焦点),Nikon,Nikon AF-S NIKKOR 35mm f/1.4G,Nikon AF-S NIKKOR 35mm f/1.4G ブラック,,,,4960759026262
R3CAJXFY0F000,レンズ(単焦点),Nikon,Nikon AF-S NIKKOR 35mm f/1.8G ED,Nikon AF-S NIKKOR 35mm f/1.8G ED ブラック,,,,4960759028457
S0NVDMR2VA000,レンズ(単焦点),Nikon,Nikon AF-S NIKKOR 400mm f/2.8E FL ED VR,Nikon AF-S NIKKOR 400mm f/2.8E FL ED VR ブラック,,,,4960759028914
E5Y4U64VWB000,レンズ(単焦点),Nikon,Nikon AF-S NIKKOR 500mm f/5.6E PF ED VR,Nikon AF-S NIKKOR 500mm f/5.6E PF ED VR ブラック,,,,4960759149923
ERSVAW1R83000,レンズ(単焦点),Nikon,Nikon AF-S NIKKOR 50mm f/1.4G,Nikon AF-S NIKKOR 50mm f/1.4G ブラック,,,,4960759025807
GA7Y570JFC000,レンズ(単焦点),Nikon,Nikon AF-S NIKKOR 50mm f/1.8G,Nikon AF-S NIKKOR 50mm f/1.8G Special Edition ブラック,,,,4960759028426
A83LS4QDC7000,レンズ(単焦点),Nikon,Nikon AF-S NIKKOR 50mm f/1.8G,Nikon AF-S NIKKOR 50mm f/1.8G ブラック,,,,4960759026309
BMGXOIK5EX000,レンズ(単焦点),Nikon,Nikon AF-S NIKKOR 600mm f/4E FL ED VR,Nikon AF-S NIKKOR 600mm f/4E FL ED VR ブラック,,,,4960759029287
73PRHWMV84000,レンズ(単焦点),Nikon,Nikon AF-S NIKKOR 800mm f/5.6E FL ED VR,Nikon AF-S NIKKOR 800mm f/5.6E FL ED VR ブラック,,,,4960759028198
9H4ODEIKNB000,レンズ(単焦点),Nikon,Nikon AF-S VR Micro-Nikkor 105mm f/2.8G IF-ED,Nikon AF-S VR Micro-Nikkor 105mm f/2.8G IF-ED ブラック,,,,4960759025159
H37XJTBVKS000,レンズ(単焦点),Nikon,Nikon AI AF DC-Nikkor 135mm f/2D,Nikon AI AF DC-Nikkor 135mm f/2D ブラック,,,,4960759019042
D4HUOEUKVY000,レンズ(単焦点),Nikon,Nikon AI AF Nikkor 50mm f/1.8D,Nikon AI AF Nikkor 50mm f/1.8D ブラック,,,,4960759023254
CM22DHN4NC000,レンズ(単焦点),Nikon,,ニコン AF-S DX NIKKOR 35mm f/1.8G,,,,
ESY21U0NZG000,レンズ(単焦点),Nikon,,ニコン AF-S NIKKOR 105mm f/1.4E ED,,,,
WBZ2YPP4S9000,レンズ(単焦点),Nikon,,ニコン AF-S NIKKOR 20mm f/1.8G ED,,,,
38OY76PQVM000,レンズ(単焦点),Nikon,,ニコン AF-S NIKKOR 24mm f/1.4G ED,,,,
EY8X94H948000,レンズ(単焦点),Nikon,,ニコン AF-S NIKKOR 24mm f/1.8G ED,,,,
R2V9ZFCOJV000,レンズ(単焦点),Nikon,,ニコン AF-S NIKKOR 28mm f/1.4E ED,,,,
V9KV22A1Z9000,レンズ(単焦点),Nikon,,ニコン AF-S NIKKOR 28mm f/1.8G,,,,
IJC9JPE6GO000,レンズ(単焦点),Nikon,,ニコン AF-S NIKKOR 300mm f/2.8G ED VR II,,,,
HWN431I7FC000,レンズ(単焦点),Nikon,,ニコン AF-S NIKKOR 300mm f/4E PF ED VR,,,,
1Z3ZQ6LMDA000,レンズ(単焦点),Nikon,,ニコン AF-S NIKKOR 35mm f/1.4G,,,,
D41WBTWR4Q000,レンズ(単焦点),Nikon,,ニコン AF-S NIKKOR 35mm f/1.8G ED,,,,
MYKLMR647U000,レンズ(単焦点),Nikon,,ニコン AF-S NIKKOR 50mm f/1.4G,,,,
DALR42VU63000,レンズ(単焦点),Nikon,,ニコン AF-S NIKKOR 50mm f/1.8G,,,,
CC1WRHXIAG000,レンズ(単焦点),Nikon,,ニコン AF-S NIKKOR 58mm f/1.4G,,,,
LSPB51UT21000,レンズ(単焦点),Nikon,,ニコン AF-S NIKKOR 85mm f/1.4G,,,,
4CDKBYG1U9000,レンズ(単焦点),Nikon,,ニコン AF-S NIKKOR 85mm f/1.8G,,,,
479WCM0V0M000,レンズ(単焦点),OLYMPUS,,オリンパス M.ZUIKO 300mm F4.0 IS PRO,,,,
NKHDARQN8L000,レンズ(単焦点),OLYMPUS,,オリンパス M.ZUIKO 8mm F1.8 Fisheye PRO,,,,
RK2GS90DF1000,レンズ(単焦点),OLYMPUS,,オリンパス M.ZUIKO DIGITAL 17mm F1.8,,,,
9DHXT6G8TH000,レンズ(単焦点),OLYMPUS,,オリンパス M.ZUIKO DIGITAL 25mm F1.8,,,,
NDRYMLNWMN000,レンズ(単焦点),OLYMPUS,,オリンパス M.ZUIKO DIGITAL 45mm F1.8,,,,
CSK2A2GQ05000,レンズ(単焦点),OLYMPUS,,オリンパス M.ZUIKO DIGITAL ED 12mm F2.0,,,,
RI4HR8CRWN000,レンズ(単焦点),OLYMPUS,,オリンパス M.ZUIKO DIGITAL ED 17mm F1.2 PRO,,,,
CEN2EKC0UX000,レンズ(単焦点),OLYMPUS,,オリンパス M.ZUIKO DIGITAL ED 20mm F1.4 PRO,,,,
QOWUKC93CV000,レンズ(単焦点),OLYMPUS,,オリンパス M.ZUIKO DIGITAL ED 25mm F1.2 PRO,,,,
3DG6PO9BND000,レンズ(単焦点),OLYMPUS,,オリンパス M.ZUIKO DIGITAL ED 45mm F1.2 PRO,,,,
OR7M7JDCZR000,レンズ(単焦点),OLYMPUS,,オリンパス M.ZUIKO DIGITAL ED 75mm F1.8,,,,
HI28QARRXP000,レンズ(単焦点),OM SYSTEM,OLYMPUS M.ZUIKO DIGITAL 45mm F1.8,OLYMPUS M.ZUIKO DIGITAL 45mm F1.8 シルバー,,,,4545350037093
8GSY6EQDSS000,レンズ(単焦点),OM SYSTEM,OLYMPUS M.ZUIKO DIGITAL 45mm F1.8,OLYMPUS M.ZUIKO DIGITAL 45mm F1.8 ブラック,,,,4545350044138
QVN9AJV4H1000,レンズ(単焦点),OM SYSTEM,OM SYSTEM M.ZUIKO DIGITAL 17mm F1.8 II,OM SYSTEM M.ZUIKO DIGITAL 17mm F1.8 II,,,,4545350056643
8SW0CJXPHI000,レンズ(単焦点),OM SYSTEM,OM SYSTEM M.ZUIKO DIGITAL 17mm F1.8,OM SYSTEM M.ZUIKO DIGITAL 17mm F1.8 シルバー,,,,4545350042189
5LG00747JC000,レンズ(単焦点),OM SYSTEM,OM SYSTEM M.ZUIKO DIGITAL 17mm F1.8,OM SYSTEM M.ZUIKO DIGITAL 17mm F1.8 ブラック,,,,4545350044152
AIQ2IZ8JR5000,レンズ(単焦点),OM SYSTEM,OM SYSTEM M.ZUIKO DIGITAL 17mm F2.8,OM SYSTEM M.ZUIKO DIGITAL 17mm F2.8 シルバー,,,,4545350023348
LPOCNY6C5N000,レンズ(単焦点),OM SYSTEM,OM SYSTEM M.ZUIKO DIGITAL 25mm F1.8 II,OM SYSTEM M.ZUIKO DIGITAL 25mm F1.8 II,,,,4545350056711
BVRETK0A0J000,レンズ(単焦点),OM SYSTEM,OM SYSTEM M.ZUIKO DIGITAL 25mm F1.8,OM SYSTEM M.ZUIKO DIGITAL 25mm F1.8 シルバー,,,,4545350045876
VV24Q57ZID000,レンズ(単焦点),OM SYSTEM,OM SYSTEM M.ZUIKO DIGITAL 25mm F1.8,OM SYSTEM M.ZUIKO DIGITAL 25mm F1.8 ブラック,,,,4545350045869
HLD0JXIZT7000,レンズ(単焦点),OM SYSTEM,OM SYSTEM M.ZUIKO DIGITAL ED 12mm F2.0,OM SYSTEM M.ZUIKO DIGITAL ED 12mm F2.0 シルバー,,,,4545350036416
PAJ95VEAUD000,レンズ(単焦点),OM SYSTEM,OM SYSTEM M.ZUIKO DIGITAL ED 12mm F2.0,OM SYSTEM M.ZUIKO DIGITAL ED 12mm F2.0 ブラック,,,,4545350047382
P4S3023H16000,レンズ(単焦点),OM SYSTEM,OM SYSTEM M.ZUIKO DIGITAL ED 17mm F1.2 PRO,OM SYSTEM M.ZUIKO DIGITAL ED 17mm F1.2 PRO,,,,4545350051662
U9S4WKNM99000,レンズ(単焦点),OM SYSTEM,OM SYSTEM M.ZUIKO DIGITAL ED 20mm F1.4 PRO,OM SYSTEM M.ZUIKO DIGITAL ED 20mm F1.4 PRO,,,,4545350053758
24HGPIVL6T000,レンズ(単焦点),OM SYSTEM,OM SYSTEM M.ZUIKO DIGITAL ED 25mm F1.2 PRO,OM SYSTEM M.ZUIKO DIGITAL ED 25mm F1.2 PRO,,,,4545350054144
4HOUYZ06C7000,レンズ(単焦点),OM SYSTEM,OM SYSTEM M.ZUIKO DIGITAL ED 300mm F4.0 IS PRO,OM SYSTEM M.ZUIKO DIGITAL ED 300mm F4.0 IS PRO,,,,4545350055875
NSX393SUZW000,レンズ(単焦点),OM SYSTEM,OM SYSTEM M.ZUIKO DIGITAL ED 30mm F3.5 Macro,OM SYSTEM M.ZUIKO DIGITAL ED 30mm F3.5 Macro,,,,4545350054052
MO4CJUECWL000,レンズ(単焦点),OM SYSTEM,OM SYSTEM M.ZUIKO DIGITAL ED 45mm F1.2 PRO,OM SYSTEM M.ZUIKO DIGITAL ED 45mm F1.2 PRO,,,,4545350054168
3H9V74RVMZ000,レンズ(単焦点),OM SYSTEM,OM SYSTEM M.ZUIKO DIGITAL ED 60mm F2.8 Macro,OM SYSTEM M.ZUIKO DIGITAL ED 60mm F2.8 Macro,,,,4545350054069
2S0PI5S508000,レンズ(単焦点),OM SYSTEM,OM SYSTEM M.ZUIKO DIGITAL ED 90mm F3.5 Macro IS PRO,OM SYSTEM M.ZUIKO DIGITAL ED 90mm F3.5 Macro IS PRO,,,,4545350053925
9OMFDNSA9Q000,レンズ(単焦点),OM SYSTEM,OM SYSTEM ZUIKO DIGITAL 25mm F2.8,OM SYSTEM ZUIKO DIGITAL 25mm F2.8,,,,
B8E50H4EUQ000,レンズ(単焦点),OM SYSTEM,OM SYSTEM ZUIKO DIGITAL 35mm F3.5 Macro,OM SYSTEM ZUIKO DIGITAL 35mm F3.5 Macro,,,,
RGJY7JL4UM000,レンズ(単焦点),OM SYSTEM,OM SYSTEM ZUIKO DIGITAL ED 50mm F2.0 Macro,OM SYSTEM ZUIKO DIGITAL ED 50mm F2.0 Macro,,,,4953170153990
R5ZHQSPUA2000,レンズ(単焦点),Panasonic,Panasonic DG SUMMILUX 25mm/F1.4 II ASPH,LEICA DG SUMMILUX 25mm/F1.4 II ASPH H-XA025,,,,4549980318164
AAM2UUHD9D000,レンズ(単焦点),Panasonic,Panasonic DG SUMMILUX 9mm/F1.7 ASPH,LEICA DG SUMMILUX 9mm/F1.7 ASPH H-X09,,,,4549980649985
24MBAUP5YE000,レンズ(単焦点),Panasonic,Panasonic G 20mm F1.7 II ASPH,LUMIX G 20mm F1.7 II ASPH H-H020A-K,,,,4902704781512
CERNK3H0DQ000,レンズ(単焦点),Panasonic,Panasonic LEICA DG NOCTICRON 42.5mm/F1.2 ASPH./POWER O.I.S. H-NS043,Panasonic LEICA DG NOCTICRON 42.5mm/F1.2 ASPH./POWER O.I.S. H-NS043,,,,4902704066985
R0BSKE1SMP000,レンズ(単焦点),Panasonic,Panasonic LEICA DG SUMMILUX 15mm/F1.7 ASPH. H-X015-K,Panasonic LEICA DG SUMMILUX 15mm/F1.7 ASPH. H-X015-K ブラック,,,,4549077174031
L4PLYYA5XQ000,レンズ(単焦点),Panasonic,Panasonic LEICA DG SUMMILUX 15mm/F1.7 ASPH. H-X015-S,Panasonic LEICA DG SUMMILUX 15mm/F1.7 ASPH. H-X015-S シルバー,,,,4549077174048
7WQO95222Z000,レンズ(単焦点),Panasonic,Panasonic LEICA DG SUMMILUX 25mm/F1.4 ASPH. H-X025,Panasonic LEICA DG SUMMILUX 25mm/F1.4 ASPH. H-X025 ブラック,,,,4984824926134
32LZGE7RUC000,レンズ(単焦点),Panasonic,Panasonic LUMIX G 25mm/F1.7 ASPH. H-H025-K,Panasonic LUMIX G 25mm/F1.7 ASPH. H-H025-K ブラック,,,,4549077483539
JBMUQ2EAO3000,レンズ(単焦点),Panasonic,Panasonic LUMIX G 25mm/F1.7 ASPH. H-H025-S,Panasonic LUMIX G 25mm/F1.7 ASPH. H-H025-S シルバー,,,,4549077483546
AU4RNB5N7D000,レンズ(単焦点),Panasonic,Panasonic LUMIX G 42.5mm/F1.7 ASPH./POWER O.I.S. H-HS043-K,Panasonic LUMIX G 42.5mm/F1.7 ASPH./POWER O.I.S. H-HS043-K ブラック,,,,4549077360571
6BK06IS8Y0000,レンズ(単焦点),Panasonic,Panasonic LUMIX G 42.5mm/F1.7 ASPH./POWER O.I.S. H-HS043-S,Panasonic LUMIX G 42.5mm/F1.7 ASPH./POWER O.I.S. H-HS043-S シルバー,,,,4549077360588
33F9PGOJQO000,レンズ(単焦点),Panasonic,Panasonic LUMIX S 40mm F2 S-S40-K,Panasonic LUMIX S 40mm F2 S-S40-K ブラック,,,,4550719161456
VEFURDFR9C000,レンズ(単焦点),Panasonic,Panasonic LUMIX S 40mm F2 S-S40-S,Panasonic LUMIX S 40mm F2 S-S40-S シルバー,,,,4550719174715
99IKBG4L9N000,レンズ(単焦点),Panasonic,,パナソニック LEICA DG ELMARIT 200mm / F2.8,,,,
M1D7D5BZ35000,レンズ(単焦点),Panasonic,,パナソニック LEICA DG NOCTICRON 42.5mm / F1.2,,,,
KLVWDOLAAN000,レンズ(単焦点),Panasonic,,パナソニック LEICA DG SUMMILUX 12mm / F1.4,,,,
EGW7ANXD22000,レンズ(単焦点),Panasonic,,パナソニック LEICA DG SUMMILUX 15mm / F1.7,,,,
5S6KL451T8000,レンズ(単焦点),Panasonic,,パナソニック LEICA DG SUMMILUX 25mm / F1.4 II,,,,
MS441FL19X000,レンズ(単焦点),Panasonic,,パナソニック LEICA DG SUMMILUX 9mm / F1.7,,,,
NPAUL00ZAR000,レンズ(単焦点),Panasonic,,パナソニック LUMIX G 14mm / F2.5 II ASPH.,,,,
0HW49TB3V2000,レンズ(単焦点),Panasonic,,パナソニック LUMIX G 20mm / F1.7 II ASPH.,,,,
51LFT4AZ9C000,レンズ(単焦点),Panasonic,,パナソニック LUMIX G 25mm / F1.7 ASPH.,,,,
CHNTODI2NG000,レンズ(単焦点),Panasonic,,パナソニック LUMIX G 42.5mm / F1.7 ASPH.,,,,
R7H1BJD03U000,レンズ(単焦点),SAMYANG,SAMYANG AF 14mm F2.8 FE,SAMYANG AF 14mm F2.8 FE,,,,8809298880316
DJ3A9SIRR9000,レンズ(単焦点),SIGMA,Sigma 30mm F1.4 DC DN,Sigma 30mm F1.4 DC DN ソニーE用,,,,85126302658
AECP1MC9K9000,レンズ(単焦点),SIGMA,Sigma 30mm F1.4 DC DN,Sigma 30mm F1.4 DC DN フジフイルムX用,,,,85126302757
4ZSSEY1B1W000,レンズ(単焦点),SIGMA,Sigma 30mm F1.4 DC DN,Sigma 30mm F1.4 DC DN マイクロフォーサーズ用,,,,85126302634
867BQAMXYO000,レンズ(単焦点),SIGMA,Sigma 30mm F1.4 DC DN,Sigma 30mm F1.4 DC DN ライカL用,,,,85126302696
D5FZNRR27K000,レンズ(単焦点),SIGMA,Sigma 35mm F1.2 DG DN,Sigma 35mm F1.2 DG DN ソニーE用,,,,85126341657
MD0HQO4WFE000,レンズ(単焦点),SIGMA,Sigma 35mm F1.4 DG DN,Sigma 35mm F1.4 DG DN ソニーE用,,,,85126303655
02MF4NDBB8000,レンズ(単焦点),SIGMA,Sigma 35mm F1.4 DG DN,Sigma 35mm F1.4 DG DN ライカL用,,,,85126303693
PAZUNPY2W7000,レンズ(単焦点),SIGMA,Sigma 35mm F1.4 DG II,Sigma 35mm F1.4 DG II ソニーE用,,,,85126304652
144VP9TJC1000,レンズ(単焦点),SIGMA,Sigma 35mm F1.4 DG II,Sigma 35mm F1.4 DG II ライカL用,,,,85126304690
ABKOJQR2Q1000,レンズ(単焦点),SIGMA,Sigma 85mm F1.4 DG DN,Sigma 85mm F1.4 DG DN ソニーE用,,,,85126322656
IKOA44VZ0C000,レンズ(単焦点),SIGMA,Sigma 85mm F1.4 DG DN,Sigma 85mm F1.4 DG DN ライカL用,,,,85126322694
Q1WS4CLBZ4000,レンズ(単焦点),SONY,SONY Distagon T* FE 35mm F1.4 ZA,SONY Distagon T* FE 35mm F1.4 ZA SEL35F14Z,,,,4548736001954
KJ9FYRXIC6000,レンズ(単焦点),SONY,SONY E 11mm F1.8,SONY E 11mm F1.8 SEL11F18,,,,
BBZ49E4D8H000,レンズ(単焦点),SONY,SONY E16mm F2.8,SONY E 16mm F2.8 シルバー SEL16F28,,,,4905524636628
7D7RVW744B000,レンズ(単焦点),SONY,SONY E 30mm F3.5 Macro,SONY E 30mm F3.5 Macro シルバー SEL30M35,,,,4905524796629
K8A844MI2X000,レンズ(単焦点),SONY,SONY E 35mm F1.8 OSS,SONY E 35mm F1.8 OSS SEL35F18,,,,4905524894905
N4AVYI3WV3000,レンズ(単焦点),SONY,SONY E 50mm F1.8 OSS,SONY E 50mm F1.8 OSS シルバー SEL50F18S,,,,4905524796650
T9BT9W9W4Q000,レンズ(単焦点),SONY,SONY E 50mm F1.8 OSS,SONY E 50mm F1.8 OSS ブラック SEL50F18B,,,,4905524952407
HD6IJCTJZ3000,レンズ(単焦点),SONY,SONY FE 100mm F2.8 Macro GM OSS,SONY FE 100mm F2.8 Macro GM OSS SEL100M28GM,,,,4548736169791
Z8ZCBZVB4S000,レンズ(単焦点),SONY,SONY FE 16mm F1.8 G,SONY FE 16mm F1.8 G SEL16F18G,,,,4548736170100
APTP9Y3WS9000,レンズ(単焦点),SONY,SONY FE 20mm F1.8 G,SONY FE 20mm F1.8 G SEL20F18G,,,,4548736099852
LOQENS9MM0000,レンズ(単焦点),SONY,SONY FE 300mm F2.8 GM OSS,SONY FE 300mm F2.8 GM OSS SEL300F28GM,,,,4548736156647
YY1T4K4XR7000,レンズ(単焦点),SONY,SONY FE 35mm F1.4 GM,SONY FE 35mm F1.4 GM SEL35F14GM,,,,4548736123151
Q8JB0D53A2000,レンズ(単焦点),SONY,SONY FE 35mm F1.8,SONY FE 35mm F1.8 SEL35F18F,,,,4548736099838
0VDNJ4LV80000,レンズ(単焦点),SONY,SONY FE 40mm F2.5 G,SONY FE 40mm F2.5 G SEL40F25G,,,,4548736130623
HODH9Z34MZ000,レンズ(単焦点),SONY,SONY FE 50mm F1.2 GM,SONY FE 50mm F1.2 GM SEL50F12GM,,,,4548736132016
RUNALRQ99V000,レンズ(単焦点),SONY,SONY FE 50mm F1.4 GM,SONY FE 50mm F1.4 GM SEL50F14GM,,,,4548736135123
6TWDI2FI46000,レンズ(単焦点),SONY,SONY FE 50mm F1.8,SONY FE 50mm F1.8 SEL50F18F,,,,4548736033078
VULB4M7JSR000,レンズ(単焦点),SONY,SONY FE 50mm F2.5 G,SONY FE 50mm F2.5 G SEL50F25G,,,,4548736130654
64LOG8HFRL000,レンズ(単焦点),SONY,SONY FE 50mm F2.8 Macro,SONY FE 50mm F2.8 Macro SEL50M28,,,,4548736043930
2LM8Q4A7RY000,レンズ(単焦点),SONY,SONY FE 85mm F1.8,SONY FE 85mm F1.8 SEL85F18,,,,4548736058330
CEQS5GKKSQ000,レンズ(単焦点),SONY,SONY Planar T* FE 50mm F1.4 ZA,SONY Planar T* FE 50mm F1.4 ZA SEL50F14Z,,,,4548736028357
3PK39XM41H000,レンズ(単焦点),SONY,SONY Sonnar T* FE 35mm F2.8 ZA,SONY Sonnar T* FE 35mm F2.8 ZA SEL35F28Z,,,,4905524953718
WC3E9RUSZI000,レンズ(単焦点),SONY,SONY T* FE 55mm F1.8 ZA,SONY T* FE 55mm F1.8 ZA SEL55F18Z,,,,4905524934755
AM1HZUSC0A000,レンズ(単焦点),SONY,,ソニー Distagon T FE 35mm F1.4 ZA,,,,
C7CV21G000000,レンズ(単焦点),SONY,,ソニー E 11mm F1.8,,,,
LYNSTZK0R1000,レンズ(単焦点),SONY,,ソニー E 15mm F1.4 G,,,,
0EKTIO48OZ000,レンズ(単焦点),SONY,,ソニー E 20mm F2.8,,,,
7WGP83PMQ4000,レンズ(単焦点),SONY,,ソニー E 35mm F1.8 OSS,,,,
3LTLCSB4UO000,レンズ(単焦点),SONY,,ソニー E 50mm F1.8 OSS,,,,
674QM282UN000,レンズ(単焦点),SONY,,ソニー E16mm F2.8,,,,
QJ5X44AMYF000,レンズ(単焦点),SONY,,ソニー FE 100mm F2.8 STF GM OSS,,,,
PFEQHRID37000,レンズ(単焦点),SONY,,ソニー FE 135mm F1.8 GM,,,,
JIZZANUHVF000,レンズ(単焦点),SONY,,ソニー FE 14mm F1.8 GM,,,,
IPBF9X4F8R000,レンズ(単焦点),SONY,,ソニー FE 20mm F1.8 G,,,,
P7PQHFAAHG000,レンズ(単焦点),SONY,,ソニー FE 24mm F1.4 GM,,,,
LMV8PNDLEP000,レンズ(単焦点),SONY,,ソニー FE 24mm F2.8 G,,,,
C8OA8GWCLP000,レンズ(単焦点),SONY,,ソニー FE 300mm F2.8 GM OSS,,,,
41BQ3A7VFK000,レンズ(単焦点),SONY,,ソニー FE 35mm F1.4 GM,,,,
A9UI28R2VK000,レンズ(単焦点),SONY,,ソニー FE 35mm F1.8,,,,
4QAXULY8Z9000,レンズ(単焦点),SONY,,ソニー FE 400mm F2.8 GM OSS,,,,
S7EQZAMV6E000,レンズ(単焦点),SONY,,ソニー FE 40mm F2.5 G,,,,
1JZCTL464M000,レンズ(単焦点),SONY,,ソニー FE 50mm F1.2 GM,,,,
PWCMDCZYF5000,レンズ(単焦点),SONY,,ソニー FE 50mm F1.4 GM,,,,
B7GLDOVCTV000,レンズ(単焦点),SONY,,ソニー FE 50mm F1.8,,,,
6ST6AGW4WD000,レンズ(単焦点),SONY,,ソニー FE 50mm F2.5 G,,,,
9K5IRY6LOW000,レンズ(単焦点),SONY,,ソニー FE 600mm F4 GM OSS,,,,
TSSTY5LG24000,レンズ(単焦点),SONY,,ソニー FE 85mm F1.4 GM,,,,
7J6JYFY47V000,レンズ(単焦点),SONY,,ソニー FE 85mm F1.8,,,,
529KY5GEEE000,レンズ(単焦点),SONY,,ソニー Planar T FE 50mm F1.4 ZA,,,,
HN460LYWKF000,レンズ(単焦点),SONY,,ソニー Sonnar T E 24mm F1.8 ZA,,,,
TREVD2DBZF000,レンズ(単焦点),SONY,,ソニー Sonnar T FE 35mm F2.8 ZA,,,,
PZC8CL329R000,レンズ(単焦点),SONY,,ソニー Sonnar T FE 55mm F1.8 ZA,,,,
DIZ997H48K000,レンズ(単焦点),TAMRON,Tamron 90mm F/2.8 Di III MACRO VXD,Tamron 90mm F/2.8 Di III MACRO VXD (Model F072) ソニーE用 Model F072 / F072S,,,,4960371006932
D7SQP8LBUF000,レンズ(単焦点),TOKINA,TOKINA FiRIN 100mm F2.8 FE MACRO,TOKINA FiRIN 100mm F2.8 FE MACRO,,,,4961607634516
8OL715PHHG000,レンズ(単焦点),VILTROX,VILTROX AF 28mm F4.5 AIR,VILTROX AF 28mm F4.5 AIR 富士フイルムX用 ブラック AF28/4.5AIRX,,,,4573620731211
VRT8FEDM8S000,レンズ(単焦点),VILTROX,VILTROX AF 28mm F4.5 FE,VILTROX AF 28mm F4.5 FE,,,,4571375498212
1561JZ7H84000,レンズ(ズーム),Canon,Canon EF 100-400mm F4.5-5.6L IS II USM,Canon EF100-400mm F4.5-5.6L IS II USM EF100-400LIS2,,,,4549292010350
EORY84OSFN000,レンズ(ズーム),Canon,Canon EF100-400mm F4.5-5.6L IS USM,Canon EF100-400mm F4.5-5.6L IS USM,,,,4960999214047
4MQPUL6UXP000,レンズ(ズーム),Canon,Canon EF 11-24mm F4L USM,Canon EF11-24mm F4L USM 9520B001,,,,4549292010169
HDU4TP1KK5000,レンズ(ズーム),Canon,Canon EF16-35mm F2.8L II USM,Canon EF16-35mm F2.8L II USM,,,,4960999416632
46NWO0URIW000,レンズ(ズーム),Canon,Canon EF 16-35mm F2.8L III USM,Canon EF16-35mm F2.8L III USM EF16-35L3,,,,4549292037722
6RFCF42Q4X000,レンズ(ズーム),Canon,Canon EF 16-35mm F4L IS USM,Canon EF16-35mm F4L IS USM EF16-3540LIS,,,,4549292009903
5PCJVO68MO000,レンズ(ズーム),Canon,Canon EF 24-105mm F4L IS II USM,Canon EF24-105mm F4L IS II USM EF24-10540LIS2,,,,4549292063615
K44MFZ1LKZ000,レンズ(ズーム),Canon,Canon EF 24-70mm F2.8L II USM,Canon EF24-70mm F2.8L II USM EF24-70L2,,,,4960999780719
E8OIM8CMPE000,レンズ(ズーム),Canon,Canon EF24-70mm F2.8L USM,Canon EF24-70mm F2.8L USM EF24-70L,,,,4960999114385
NOK8T4GQL3000,レンズ(ズーム),Canon,Canon EF 24-70mm F4L IS USM,Canon EF24-70mm F4L IS USM EF24-7040LIS,,,,4960999845807
HAEGMN189F000,レンズ(ズーム),Canon,Canon EF70-200mm F2.8L IS II USM,Canon EF70-200mm F2.8L IS II USM,,,,4960999575070
Q164EEZXP3000,レンズ(ズーム),Canon,Canon EF70-200mm F2.8L IS III USM,Canon EF70-200mm F2.8L IS III USM EF70-200LIS3,,,,4549292118513
GG5LF2Z1LY000,レンズ(ズーム),Canon,Canon EF70-200mm F2.8L IS USM,Canon EF70-200mm F2.8L IS USM EF70-200LIS,,,,4960999009926
LR45DJQEW9000,レンズ(ズーム),Canon,Canon EF 70-200mm F4L IS II USM,Canon EF70-200mm F4L IS II USM ホワイト,,,,4549292095135
MUW5KSIM29000,レンズ(ズーム),Canon,Canon EF70-200mm F4L IS USM,Canon EF70-200mm F4L IS USM,,,,4960999354989
UH156LI2V4000,レンズ(ズーム),Canon,Canon EF 70-200mm F4L USM,Canon EF70-200mm F4L USM,,,,4960999214207
2RXHRKVT6M000,レンズ(ズーム),Canon,Canon EF75-300mm F4-5.6 II USM,Canon EF75-300mm F4-5.6 II USM,,,,
G75HOUE8W4000,レンズ(ズーム),Canon,Canon EF75-300mm F4-5.6 III,Canon EF75-300mm F4-5.6 III,,,,
LXFOYB13DK000,レンズ(ズーム),Canon,Canon EF75-300mm F4-5.6 IS USM,Canon EF75-300mm F4-5.6 IS USM,,,,
8WHRWNS019000,レンズ(ズーム),Canon,,キヤノン RF100-400mm F5.6-8 IS USM,,,,
E1G1G9B6AW000,レンズ(ズーム),Canon,,キヤノン RF24-105mm F4 L IS USM,,,,
5CYT6446IV000,レンズ(ズーム),Canon,,キヤノン RF70-200mm F2.8 L IS USM,,,,
705UR9V4SF000,レンズ(ズーム),FUJIFILM,FUJIFILM XC13-33mmF3.5-6.3 OIS,FUJIFILM XC13-33mmF3.5-6.3 OIS ブラック,,,,4547410562330
01MZ3037MD000,レンズ(ズーム),FUJIFILM,FUJIFILM XC15-45mmF3.5-5.6 OIS PZ,FUJIFILM XC15-45mmF3.5-5.6 OIS PZ シルバー XC15-45mmF3.5-5.6 OIS PZ S,,,,4547410363524
G5OID5RB9E000,レンズ(ズーム),FUJIFILM,FUJIFILM XC15-45mmF3.5-5.6 OIS PZ,FUJIFILM XC15-45mmF3.5-5.6 OIS PZ ブラック XC15-45mmF3.5-5.6 OIS PZ B,,,,4547410363517
DX4971T2W7000,レンズ(ズーム),FUJIFILM,FUJIFILM XC16-50mmF3.5-5.6 OIS II,FUJIFILM XC16-50mmF3.5-5.6 OIS II シルバー,,,,4547410301489
LKRSU45OHY000,レンズ(ズーム),FUJIFILM,FUJIFILM XC16-50mmF3.5-5.6 OIS II,FUJIFILM XC16-50mmF3.5-5.6 OIS II ブラック,,,,4547410301472
K0OTTOQEO2000,レンズ(ズーム),FUJIFILM,FUJIFILM XC50-230mmF4.5-6.7 OIS II,FUJIFILM XC50-230mmF4.5-6.7 OIS II シルバー,,,,4547410301502
949CNYEY9M000,レンズ(ズーム),FUJIFILM,FUJIFILM XC50-230mmF4.5-6.7 OIS II,FUJIFILM XC50-230mmF4.5-6.7 OIS II ブラック,,,,4547410301496
PQYAHV09YT000,レンズ(ズーム),FUJIFILM,FUJIFILM XC50-230mmF4.5-6.7 OIS,FUJIFILM XC50-230mmF4.5-6.7 OIS シルバー,,,,4547410261431
W40F2ESQ4A000,レンズ(ズーム),FUJIFILM,FUJIFILM XC50-230mmF4.5-6.7 OIS,FUJIFILM XC50-230mmF4.5-6.7 OIS ブラック,,,,4547410261424
LIKK3Y8QLD000,レンズ(ズーム),FUJIFILM,FUJIFILM XF10-24mmF4 R OIS,FUJIFILM XF10-24mmF4 R OIS,,,,4547410263923
6D3MNWLHSY000,レンズ(ズーム),FUJIFILM,FUJIFILM XF10-24mmF4 R OIS WR,FUJIFILM XF10-24mmF4 R OIS WR,,,,4547410437881
EZMCLZBFCQ000,レンズ(ズーム),FUJIFILM,FUJIFILM XF100-400mmF4.5-5.6 R LM OIS WR,FUJIFILM XF100-400mmF4.5-5.6 R LM OIS WR XF100-400mmＦ4.5-5.6 R LM OIS WR,,,,4547410316193
4Z6Q30UIH2000,レンズ(ズーム),FUJIFILM,FUJIFILM XF150-600mmF5.6-8 R LM OIS WR,FUJIFILM XF150-600mmF5.6-8 R LM OIS WR,,,,4547410467031
UI9BKUYCJT000,レンズ(ズーム),FUJIFILM,FUJIFILM XF16-50mmF2.8-4.8 R LM WR,FUJIFILM XF16-50mmF2.8-4.8 R LM WR,,,,4547410522129
IMP3V2BM70000,レンズ(ズーム),FUJIFILM,FUJIFILM XF16-55mm F2.8 R LM WR,FUJIFILM XF16-55mm F2.8 R LM WR XF16-55mmF2.8 R LM WR,,,,4547410289879
R236732DCX000,レンズ(ズーム),FUJIFILM,FUJIFILM XF16-55mm F2.8 R LM WR II,FUJIFILM XF16-55mm F2.8 R LM WR II XF16-55mmF2.8 R LM WR II,,,,4547410540208
DILEPCRUWZ000,レンズ(ズーム),FUJIFILM,FUJIFILM XF16-80mmF4 R OIS WR,FUJIFILM XF16-80mmF4 R OIS WR,,,,4547410416572
OBBGVYAIII000,レンズ(ズーム),FUJIFILM,FUJIFILM XF18-120mmF4 LM PZ WR,FUJIFILM XF18-120mmF4 LM PZ WR,,,,4547410470901
MPSJAU25R6000,レンズ(ズーム),FUJIFILM,FUJIFILM XF18-135mmF3.5-5.6 R LM OIS WR,FUJIFILM XF18-135mmF3.5-5.6 R LM OIS WR,,,,4547410282320
IX9Q58C0SM000,レンズ(ズーム),FUJIFILM,FUJIFILM XF18-55mmF2.8-4 R LM OIS,FUJIFILM XF18-55mmF2.8-4 R LM OIS,,,,4547410227345
7VIVMAKNRA000,レンズ(ズーム),FUJIFILM,FUJIFILM XF50-140mmF2.8 R LM OIS WR,FUJIFILM XF50-140mmF2.8 R LM OIS WR,,,,4547410289862
197G53OMUS000,レンズ(ズーム),FUJIFILM,FUJIFILM XF55-200mmF3.5-4.8 R LM OIS,FUJIFILM XF55-200mmF3.5-4.8 R LM OIS,,,,4547410248524
5ZOLFKAJK4000,レンズ(ズーム),FUJIFILM,FUJIFILM XF70-300mm F4-5.6 R LM OIS WR,FUJIFILM XF70-300mm F4-5.6 R LM OIS WR XF70-300mmF4-5.6 R LM OIS WR,,,,4547410437980
2VA3HGF78X000,レンズ(ズーム),FUJIFILM,FUJIFILM XF8-16mmF2.8 R LM WR,FUJIFILM XF8-16mmF2.8 R LM WR,,,,4547410379464
MTAD3KSKDA000,レンズ(ズーム),Nikon,Nikon AF-S NIKKOR 200-400mm f/4G ED VR II,Nikon AF-S NIKKOR 200-400mm f/4G ED VR II ブラック,,,,4960759025982
R8PALGS69Q000,レンズ(ズーム),Nikon,Nikon AF-S NIKKOR 200-500mm f/5.6E ED VR,Nikon AF-S NIKKOR 200-500mm f/5.6E ED VR ブラック,,,,4960759145765
BVKSAIYNRG000,レンズ(ズーム),Nikon,Nikon AF-S NIKKOR 24-120mm f/4G ED VR,Nikon AF-S NIKKOR 24-120mm f/4G ED VR,,,,4960759026057
BCYGQZQ8G0000,レンズ(ズーム),Nikon,,ニコン 標準  NIKKOR 24-120mm F4,,,,
5WCL8JK4JD000,レンズ(ズーム),OLYMPUS,OLYMPUS M.ZUIKO DIGITAL ED 12-40mm F2.8 PRO,OLYMPUS M.ZUIKO DIGITAL ED 12-40mm F2.8 PRO,,,,
J4O39K2B0S000,レンズ(ズーム),OLYMPUS,OLYMPUS M.ZUIKO DIGITAL ED 12-40mm F2.8 PRO II,OLYMPUS M.ZUIKO DIGITAL ED 12-40mm F2.8 PRO II,,,,
2FUL2ZP7RZ000,レンズ(ズーム),OLYMPUS,OLYMPUS M.ZUIKO DIGITAL ED 12-45mm F4.0 PRO,OLYMPUS M.ZUIKO DIGITAL ED 12-45mm F4.0 PRO,,,,
CVBA7RRMQA000,レンズ(ズーム),OLYMPUS,,オリンパス M.ZUIKO 12-40mm F2.8 PRO,,,,
4EAQSCDDH8000,レンズ(ズーム),OLYMPUS,,オリンパス M.ZUIKO 14-42mm F3.5-5.6 EZ,,,,
7T00SXKMU7000,レンズ(ズーム),OLYMPUS,,オリンパス M.ZUIKO 40-150mm F4.0-5.6 R,,,,
XYRMNR0YR1000,レンズ(ズーム),OM SYSTEM,OM SYSTEM M.ZUIKO DIGITAL 14-42mm F3.5-5.6 II R,OM SYSTEM M.ZUIKO DIGITAL 14-42mm F3.5-5.6 II R ブラック,,,,4545350036478
JAJG4WAITF000,レンズ(ズーム),OM SYSTEM,OM SYSTEM M.ZUIKO DIGITAL ED 100-400mm F5.0-6.3 IS,OM SYSTEM M.ZUIKO DIGITAL ED 100-400mm F5.0-6.3 IS,,,,4545350053055
CAZ8Y6GSSL000,レンズ(ズーム),OM SYSTEM,OM SYSTEM M.ZUIKO DIGITAL ED 100-400mm F5.0-6.3 IS II,OM SYSTEM M.ZUIKO DIGITAL ED 100-400mm F5.0-6.3 IS II,,,,4545350056704
5JC2Y46V4Y000,レンズ(ズーム),OM SYSTEM,OM SYSTEM M.ZUIKO DIGITAL ED 12-100mm F4.0 IS PRO,OM SYSTEM M.ZUIKO DIGITAL ED 12-100mm F4.0 IS PRO,,,,4545350054151
XZ7V9TUDV1000,レンズ(ズーム),OM SYSTEM,OM SYSTEM M.ZUIKO DIGITAL ED 12-200mm F3.5-6.3,OM SYSTEM M.ZUIKO DIGITAL ED 12-200mm F3.5-6.3,,,,4545350054236
4UU80MXBLN000,レンズ(ズーム),OM SYSTEM,OM SYSTEM M.ZUIKO DIGITAL ED 12-50mm F3.5-6.3 EZ,OM SYSTEM M.ZUIKO DIGITAL ED 12-50mm F3.5-6.3 EZ シルバー,,,,4545350039042
1E4LI0SBV0000,レンズ(ズーム),OM SYSTEM,OM SYSTEM M.ZUIKO DIGITAL ED 12-50mm F3.5-6.3 EZ,OM SYSTEM M.ZUIKO DIGITAL ED 12-50mm F3.5-6.3 EZ ブラック,,,,4545350039035
R6RBS4GH2T000,レンズ(ズーム),OM SYSTEM,OM SYSTEM M.ZUIKO DIGITAL ED 14-150mm F4.0-5.6,OM SYSTEM M.ZUIKO DIGITAL ED 14-150mm F4.0-5.6,,,,4545350030315
89KP48ZX0Y000,レンズ(ズーム),OM SYSTEM,OM SYSTEM M.ZUIKO DIGITAL ED 14-150mm F4.0-5.6 II,OM SYSTEM M.ZUIKO DIGITAL ED 14-150mm F4.0-5.6 II,,,,4545350054021
9HNHLJN7UY000,レンズ(ズーム),OM SYSTEM,OM SYSTEM M.ZUIKO DIGITAL ED 150-400mm F4.5 TC1.25x IS PRO,OM SYSTEM M.ZUIKO DIGITAL ED 150-400mm F4.5 TC1.25x IS PRO ホワイト,,,,4545350054175
9J07XLWR84000,レンズ(ズーム),OM SYSTEM,OM SYSTEM M.ZUIKO DIGITAL ED 150-600mm F5.0-6.3 IS,OM SYSTEM M.ZUIKO DIGITAL ED 150-600mm F5.0-6.3 IS,,,,4545350056070
XISAPB25UO000,レンズ(ズーム),OM SYSTEM,OM SYSTEM M.ZUIKO DIGITAL ED 40-150mm F2.8 PRO,OM SYSTEM M.ZUIKO DIGITAL ED 40-150mm F2.8 PRO,,,,4545350054182
NYE5DOH69V000,レンズ(ズーム),OM SYSTEM,OM SYSTEM M.ZUIKO DIGITAL ED 40-150mm F4.0 PRO,OM SYSTEM M.ZUIKO DIGITAL ED 40-150mm F4.0 PRO,,,,4545350053772
5G4KPIHWT3000,レンズ(ズーム),OM SYSTEM,OM SYSTEM M.ZUIKO DIGITAL ED 40-150mm F4.0-5.6 R,OM SYSTEM M.ZUIKO DIGITAL ED 40-150mm F4.0-5.6 R シルバー,,,,4545350054281
9FHYWLY7IZ000,レンズ(ズーム),OM SYSTEM,OM SYSTEM M.ZUIKO DIGITAL ED 40-150mm F4.0-5.6 R,OM SYSTEM M.ZUIKO DIGITAL ED 40-150mm F4.0-5.6 R ブラック,,,,4545350054274
UG7KBDAOS7000,レンズ(ズーム),OM SYSTEM,OM SYSTEM M.ZUIKO DIGITAL ED 50-200mm F2.8 IS PRO,OM SYSTEM M.ZUIKO DIGITAL ED 50-200mm F2.8 IS PRO,,,,4545350056605
19ESYQH02K000,レンズ(ズーム),OM SYSTEM,OM SYSTEM M.ZUIKO DIGITAL ED 7-14mm F2.8 PRO,OM SYSTEM M.ZUIKO DIGITAL ED 7-14mm F2.8 PRO,,,,4545350047924
05CM30H97U000,レンズ(ズーム),OM SYSTEM,OM SYSTEM M.ZUIKO DIGITAL ED 75-300mm F4.8-6.7,OM SYSTEM M.ZUIKO DIGITAL ED 75-300mm F4.8-6.7,,,,
TC1ONJRXZR000,レンズ(ズーム),OM SYSTEM,OM SYSTEM M.ZUIKO DIGITAL ED 75-300mm F4.8-6.7 II,OM SYSTEM M.ZUIKO DIGITAL ED 75-300mm F4.8-6.7 II,,,,4545350054298
YC0RAOF1GM000,レンズ(ズーム),OM SYSTEM,OM SYSTEM M.ZUIKO DIGITAL ED 8-25mm F4.0 PRO,OM SYSTEM M.ZUIKO DIGITAL ED 8-25mm F4.0 PRO,,,,4545350054205
91L4YVU79E000,レンズ(ズーム),OM SYSTEM,OM SYSTEM M.ZUIKO DIGITAL ED 9-18mm F4.0-5.6,OM SYSTEM M.ZUIKO DIGITAL ED 9-18mm F4.0-5.6,,,,4545350029654
4GAYKKAK3K000,レンズ(ズーム),OM SYSTEM,OM SYSTEM M.ZUIKO DIGITAL ED 9-18mm F4.0-5.6 II,OM SYSTEM M.ZUIKO DIGITAL ED 9-18mm F4.0-5.6 II ブラック,,,,4545350056001
56WKDFN2KQ000,レンズ(ズーム),OM SYSTEM,OM SYSTEM ZUIKO DIGITAL ED 70-300mm F4.0-5.6,OM SYSTEM ZUIKO DIGITAL ED 70-300mm F4.0-5.6,,,,4545350010812
5241RDD6WV000,レンズ(ズーム),Panasonic,Panasonic G VARIO 12-32mm F3.5-5.6 ASPH./MEGA O.I.S,LUMIX G LUMIX G VARIO 12-32mm F3.5-5.6 ASPH./MEGA O.I.S H-FS12032-K,,,,4902704851277
ASUWJC8PA8000,レンズ(ズーム),Panasonic,Panasonic G VARIO 100-300mm/F4.0-5.6 II/POWER O.I.S,LUMIX G VARIO 100-300mm/F4.0-5.6 II/POWER O.I.S H-FSA100300,,,,4549077890542
H4M0EY38H1000,レンズ(ズーム),Panasonic,Panasonic LEICA DG VARIO-ELMAR 100-400mm/F4.0-6.3 ASPH./POWER O.I.S. H-RS100400,Panasonic LEICA DG VARIO-ELMAR 100-400mm/F4.0-6.3 ASPH./POWER O.I.S. H-RS100400 ブラック,,,,4549077505309
PXG3P6IUL4000,レンズ(ズーム),Panasonic,Panasonic LEICA DG VARIO-ELMAR 100-400mm/F4.0-6.3 II ASPH./POWER O.I.S. H-RSA100400,Panasonic LEICA DG VARIO-ELMAR 100-400mm/F4.0-6.3 II ASPH./POWER O.I.S. H-RSA100400,,,,4549980729847
N9DI6XN17A000,レンズ(ズーム),Panasonic,Panasonic LEICA DG VARIO-ELMARIT 12-60mm/F2.8-4.0 ASPH./POWER O.I.S. H-ES12060,Panasonic LEICA DG VARIO-ELMARIT 12-60mm/F2.8-4.0 ASPH./POWER O.I.S. H-ES12060,,,,4549077845306
O1UFY9J9KE000,レンズ(ズーム),Panasonic,Panasonic LEICA DG VARIO-ELMARIT 50-200mm/F2.8-4.0 ASPH./POWER O.I.S. H-ES50200,Panasonic LEICA DG VARIO-ELMARIT 50-200mm/F2.8-4.0 ASPH./POWER O.I.S. H-ES50200,,,,4549980078501
NYIRFG9LWU000,レンズ(ズーム),Panasonic,Panasonic LUMIX G VARIO 12-60mm/F3.5-5.6 ASPH./POWER O.I.S. H-FS12060,Panasonic LUMIX G VARIO 12-60mm/F3.5-5.6 ASPH./POWER O.I.S. H-FS12060,,,,4549077665423
IWW492ZGT1000,レンズ(ズーム),Panasonic,Panasonic LUMIX G VARIO 7-14mm/F4.0 ASPH. H-F007014,Panasonic LUMIX G VARIO 7-14mm/F4.0 ASPH. H-F007014,,,,4984824851894
N9RU39WU37000,レンズ(ズーム),Panasonic,Panasonic LUMIX G X VARIO PZ 45-175mm/F4.0-5.6 ASPH./ POWER O.I.S. H-PS45175-K,Panasonic LUMIX G X VARIO PZ 45-175mm/F4.0-5.6 ASPH./ POWER O.I.S. H-PS45175-K ブラック,,,,4984824926097
ALEJCF9W2L000,レンズ(ズーム),Panasonic,Panasonic LUMIX G X VARIO PZ 45-175mm/F4.0-5.6 ASPH./ POWER O.I.S. H-PS45175-S,Panasonic LUMIX G X VARIO PZ 45-175mm/F4.0-5.6 ASPH./ POWER O.I.S. H-PS45175-S シルバー,,,,4984824926103
QCY93X14SE000,レンズ(ズーム),Panasonic,,パナソニック LUMIX 12-32mm F3.5-5.6,,,,
H1KSBDQ993000,レンズ(ズーム),SAMYANG,SAMYANG AF 14-24mm F2.8 FE,SAMYANG AF 14-24mm F2.8 FE,,,,8809298889388
Z1EA59JCF8000,レンズ(ズーム),SIGMA,SIGMA 10-18mm F2.8 DC DN,Sigma 10-18mm F2.8 DC DN 富士フイルム用,,,,85126207755
LT9CK7D3PB000,レンズ(ズーム),SIGMA,Sigma 100-400mm F5-6.3 DG DN OS,Sigma 100-400mm F5-6.3 DG DN OS ソニーE用,,,,85126750657
PG4ZBMAX44000,レンズ(ズーム),SIGMA,Sigma 100-400mm F5-6.3 DG DN OS,Sigma 100-400mm F5-6.3 DG DN OS フジフイルムX用,,,,85126750756
7OIUG4V4MY000,レンズ(ズーム),SIGMA,Sigma 100-400mm F5-6.3 DG DN OS,Sigma 100-400mm F5-6.3 DG DN OS ライカL用,,,,85126750695
O7D55XLQ3O000,レンズ(ズーム),SIGMA,SIGMA 150-600mm F5-6.3 DG DN OS,Sigma 150-600mm F5-6.3 DG DN OS ソニーE用,,,,85126747657
MSW79CF319000,レンズ(ズーム),SIGMA,SIGMA 16-300mm F3.5-6.7 DC OS,Sigma 16-300mm F3.5-6.7 DC OS ソニーE用,,,,85126887650
NNK7S8U5QB000,レンズ(ズーム),SIGMA,SIGMA 16-300mm F3.5-6.7 DC OS,Sigma 16-300mm F3.5-6.7 DC OS 富士フイルムX用,,,,85126887759
7CXBDDMU82000,レンズ(ズーム),SIGMA,SIGMA 17-40mm F1.8 DC,Sigma 17-40mm F1.8 DC ソニーE用,,,,85126214654
R0TVPUCSMS000,レンズ(ズーム),SIGMA,SIGMA 17-40mm F1.8 DC,Sigma 17-40mm F1.8 DC ライカL用,,,,85126214692
0LVISSHNX2000,レンズ(ズーム),SIGMA,SIGMA 17-40mm F1.8 DC,Sigma 17-40mm F1.8 DC 富士フイルムX用,,,,85126214753
HXP73R44DQ000,レンズ(ズーム),SIGMA,Sigma 18-35mm F1.8 DC HSM,Sigma 18-35mm F1.8 DC HSM キヤノンEF用,,,,85126210540
2VH8XPZRHX000,レンズ(ズーム),SIGMA,Sigma 18-35mm F1.8 DC HSM,Sigma 18-35mm F1.8 DC HSM シグマSA用,,,,85126210564
4OGB6LJ4QF000,レンズ(ズーム),SIGMA,Sigma 18-35mm F1.8 DC HSM,Sigma 18-35mm F1.8 DC HSM ソニーA用,,,,85126210625
BFX6C1JQ3O000,レンズ(ズーム),SIGMA,Sigma 18-35mm F1.8 DC HSM,Sigma 18-35mm F1.8 DC HSM ニコンF用,,,,85126210557
KHC744OZ1O000,レンズ(ズーム),SIGMA,Sigma 18-35mm F1.8 DC HSM,Sigma 18-35mm F1.8 DC HSM ペンタックスK用,,,,85126210618
HJFSGU54EG000,レンズ(ズーム),SIGMA,SIGMA 18-50mm F2.8 DC DN,Sigma 18-50mm F2.8 DC DN ソニーE用,,,,85126585655
YE1SC6T7SX000,レンズ(ズーム),SIGMA,SIGMA 18-50mm F2.8 DC DN,Sigma 18-50mm F2.8 DC DN ライカL用,,,,85126585693
ID0T4E19P4000,レンズ(ズーム),SIGMA,SIGMA 18-50mm F2.8 DC DN,Sigma 18-50mm F2.8 DC DN 富士フイルム用,,,,85126585754
JNBC1YCB7V000,レンズ(ズーム),SIGMA,SIGMA 20-200mm F3.5-6.3 DG,Sigma 20-200mm F3.5-6.3 DG ソニーE用,,,,85126796655
CFZSLH0H8N000,レンズ(ズーム),SIGMA,SIGMA 20-200mm F3.5-6.3 DG,Sigma 20-200mm F3.5-6.3 DG ライカL用,,,,85126796693
Y4AA9LPN71000,レンズ(ズーム),SIGMA,SIGMA 24-70mm F2.8 DG DN II,Sigma 24-70mm F2.8 DG DN II ソニーE用,,,,85126941413
1F5EP3GIWY000,レンズ(ズーム),SIGMA,SIGMA 24-70mm F2.8 DG DN II,Sigma 24-70mm F2.8 DG DN II ライカL用,,,,85126941420
8G93IR4I0N000,レンズ(ズーム),SIGMA,Sigma 24-70mm F2.8 DG DN,Sigma 24-70mm F2.8 DG DN ライカL用,,,,85126578695
ULRJU0L866000,レンズ(ズーム),SIGMA,SIGMA 28-105mm F2.8 DG DN,Sigma 28-105mm F2.8 DG DN ソニーE用,,,,85126636654
FFWB1U5BOV000,レンズ(ズーム),SIGMA,SIGMA 28-70mm F2.8 DG DN,Sigma 28-70mm F2.8 DG DN ソニーE用,,,,85126592653
I94W5GSXUP000,レンズ(ズーム),SIGMA,SIGMA 28-70mm F2.8 DG DN,Sigma 28-70mm F2.8 DG DN ライカL用,,,,85126592691
QCG6P4WJJS000,レンズ(ズーム),SIGMA,Sigma 70-200mm F2.8 DG DN OS,Sigma 70-200mm F2.8 DG DN OS ソニーE用,,,,85126591656
AJU266E2F3000,レンズ(ズーム),SIGMA,Sigma 70-200mm F2.8 DG DN OS,Sigma 70-200mm F2.8 DG DN OS ライカL用,,,,85126591694
L7QZM6S4KG000,レンズ(ズーム),SONY,SONY E 10-18mm F4 OSS,SONY E 10-18mm F4 OSS SEL1018,,,,4905524894875
G3VVVCHG4V000,レンズ(ズーム),SONY,SONY E 16-55mm F2.8 G,SONY E 16-55mm F2.8 G SEL1655G,,,,4548736099661
P0ZJAVT8F6000,レンズ(ズーム),SONY,SONY E 18-135mm F3.5-5.6 OSS,SONY E 18-135mm F3.5-5.6 OSS SEL18135,,,,4548736074149
H47F64B2AX000,レンズ(ズーム),SONY,SONY E 18-200mm F3.5-6.3 OSS,SONY E 18-200mm F3.5-6.3 OSS SEL18200,,,,4905524654370
OY71S4JFC3000,レンズ(ズーム),SONY,SONY E 18-200mm F3.5-6.3 OSS LE,SONY E 18-200mm F3.5-6.3 OSS LE ブラック SEL18200LE,,,,4905524887952
9Z9T6RXAQX000,レンズ(ズーム),SONY,SONY E 70-350mm F4.5-6.3 G OSS,SONY E 70-350mm F4.5-6.3 G OSS SEL70350G,,,,4548736099814
GWKWXEE27D000,レンズ(ズーム),SONY,SONY E PZ 10-20mm F4 G,SONY E PZ 10-20mm F4 G SELP1020G,,,,4548736132191
NLPLF4JK5M000,レンズ(ズーム),SONY,SONY E PZ 16-50mm F3.5-5.6 OSS,SONY E PZ 16-50mm F3.5-5.6 OSS SELP1650,,,,4905524898835
JZR8IKFNQA000,レンズ(ズーム),SONY,SONY E PZ 16-50mm F3.5-5.6 OSS II,SONY E PZ 16-50mm F3.5-5.6 OSS II SELP16502,,,,4548736156708
9Y8930OGN1000,レンズ(ズーム),SONY,SONY E PZ 18-105mm F4 G OSS,SONY E PZ 18-105mm F4 G OSS SELP18105G,,,,4905524934724
SNLOABYT8F000,レンズ(ズーム),SONY,SONY FE 100-400mm F4.5-5.6 GM OSS,SONY FE 100-400mm F4.5-5.6 GM OSS SEL100400GM ホワイト,,,,4548736058415
JUXF6RXKD3000,レンズ(ズーム),SONY,SONY FE 16-25mm F2.8 G,SONY FE 16-25mm F2.8 G SEL1625G,,,,4548736156623
KNUSHQ2VBP000,レンズ(ズーム),SONY,SONY FE 16-35mm F2.8 GM II,SONY FE 16-35mm F2.8 GM II SEL1635GM2,,,,4548736156678
MI57L9MQED000,レンズ(ズーム),SONY,SONY FE 16-35mm F2.8 GM,SONY FE 16-35mm F2.8 GM SEL1635GM,,,,4548736038431
Q4RFLEOGHQ000,レンズ(ズーム),SONY,SONY FE 16-35mm F4 ZA OSS,SONY FE 16-35mm F4 ZA OSS SEL1635Z,,,,4905524989182
O3M75IX2IM000,レンズ(ズーム),SONY,SONY FE 20-70mm F4 G,SONY FE 20-70mm F4 G SEL2070G,,,,4548736134805
W3VEZRPX7T000,レンズ(ズーム),SONY,SONY FE 200-600mm F5.6-6.3 G OSS,SONY FE 200-600mm F5.6-6.3 G OSS SEL200600G,,,,4548736099791
G63H98C43H000,レンズ(ズーム),SONY,SONY FE 24-105mm F4 G OSS,SONY FE 24-105mm F4 G OSS SEL24105G,,,,4548736074125
TNWEJFBC5S000,レンズ(ズーム),SONY,SONY FE 24-240mm F3.5-6.3 OSS,SONY FE 24-240mm F3.5-6.3 OSS SEL24240,,,,4548736002012
R5G1F59M3S000,レンズ(ズーム),SONY,SONY FE 24-50mm F2.8 G,SONY FE 24-50mm F2.8 G SEL2450G,,,,4548736141438
NJ3DX9ELXH000,レンズ(ズーム),SONY,SONY FE 24-70mm F2.8 GM,SONY FE 24-70mm F2.8 GM SEL2470GM,,,,4548736019515
MRWC1QPH59000,レンズ(ズーム),SONY,SONY FE 24-70mm F2.8 GM II,SONY FE 24-70mm F2.8 GM II SEL2470GM2,,,,4548736134133
GOGCWWGIKN000,レンズ(ズーム),SONY,SONY FE 28-60mm F4-5.6,SONY FE 28-60mm F4-5.6 SEL2860,,,,4548736121317
JN69E5G8SM000,レンズ(ズーム),SONY,SONY FE 28-70mm F2 GM,SONY FE 28-70mm F2 GM SEL2870GM,,,,4548736165830
M8YEQIVMW2000,レンズ(ズーム),SONY,SONY FE 28-70mm F3.5-5.6 OSS II,SONY FE 28-70mm F3.5-5.6 OSS II SEL28702,,,,4548736175624
9X9D95USN1000,レンズ(ズーム),SONY,SONY FE 28-70mm F3.5-5.6 OSS,SONY FE 28-70mm F3.5-5.6 OSS SEL2870,,,,4905524956931
MP8GJ2WX05000,レンズ(ズーム),SONY,SONY FE 400-800mm F6.3-8 G OSS,SONY FE 400-800mm F6.3-8 G OSS SEL400800G,,,,4548736169739
C4913EGRNM000,レンズ(ズーム),SONY,SONY FE 50-150mm F2 GM,SONY FE 50-150mm F2 GM SEL50150GM,,,,4548736169753
67XRECAQUS000,レンズ(ズーム),SONY,SONY FE 70-200mm F2.8 GM OSS II,SONY FE 70-200mm F2.8 GM OSS II SEL70200GM2,,,,4548736134119
PEB2H4VQHF000,レンズ(ズーム),SONY,SONY FE 70-200mm F2.8 GM OSS,SONY FE 70-200mm F2.8 GM OSS SEL70200GM ホワイト,,,,4548736038400
ACOEXYM3IW000,レンズ(ズーム),SONY,SONY FE 70-200mm F4 G OSS,SONY FE 70-200mm F4 G OSS SEL70200G ホワイト,,,,4905524951356
FPQ54PR4Z4000,レンズ(ズーム),SONY,SONY FE 70-200mm F4 Macro G OSS II,SONY FE 70-200mm F4 Macro G OSS II SEL70200G2,,,,4548736141735
4PGWS5VA4X000,レンズ(ズーム),SONY,SONY FE PZ 28-135mm F4 G OSS,SONY FE PZ 28-135mm F4 G OSS SELP28135G,,,,4905524991512
QSKRKW1M5Q000,レンズ(ズーム),SONY,SONY Vario-Tessar T＊ E 16-70mm F4 ZA OSS,SONY Vario-Tessar T* E 16-70mm F4 ZA OSS SEL1670Z,,,,4905524935455
U0KM1GDTT9000,レンズ(ズーム),SONY,SONY Vario-Tessar T* FE 24-70mm F4 ZA OSS,SONY Vario-Tessar T* FE 24-70mm F4 ZA OSS SEL2470Z,,,,4905524934786
OAD2CY31I8000,レンズ(ズーム),SONY,,ソニー E 55-210mm F4.5-6.3 OSS,,,,
6J4N5BOD4F000,レンズ(ズーム),SONY,,ソニー E PZ 18-105mm F4 G OSS,,,,
IBV7FLUCCA000,レンズ(ズーム),SONY,,ソニー FE 20-70mm F4 G,,,,
2IKB95JP7T000,レンズ(ズーム),SONY,,ソニー FE 24-105mm F4 G OSS,,,,
9G8IRNE9U9000,レンズ(ズーム),SONY,,ソニー FE 24-70mm F2.8 GM,,,,
WT3VH9W6KF000,レンズ(ズーム),SONY,,ソニー FE 24-70mm F2.8 GM II,,,,
5UNAR2NUSI000,レンズ(ズーム),SONY,,ソニー FE 28-70mm F3.5-5.6 OSS,,,,
I83ZBG9D42000,レンズ(ズーム),SONY,,ソニー FE 70-200mm F2.8 GM OSS,,,,
TPGGOVC9QU000,レンズ(ズーム),SONY,,ソニー FE 70-200mm F2.8 GM OSS II,,,,
Y4MDU285BP000,レンズ(ズーム),SONY,,ソニー FE 70-200mm F4 G OSS,,,,
XJFL0OGOY3000,レンズ(ズーム),SONY,,ソニー FE 70-200mm F4 Macro G OSS II,,,,
AUQZR6FOI2000,レンズ(ズーム),TAMRON,TAMRON 150-500mm F/5-6.7 Di III VC VXD,Tamron 150-500mm F/5-6.7 Di III VC VXD ソニーE用 Model A057 / A057S,,,,4960371006741
MD84U4JD6F000,レンズ(ズーム),TAMRON,TAMRON 150-500mm F/5-6.7 Di III VC VXD,Tamron 150-500mm F/5-6.7 Di III VC VXD 富士フイルムX用 Model A057 / A057X,,,,4960371006833
TNX0FDPN7S000,レンズ(ズーム),TAMRON,TAMRON 16-30mm F/2.8 Di III VXD G2,Tamron 16-30mm F/2.8 Di III VXD G2 ソニーE用 Model A064 / A064S,,,,4960371006970
OS6R26PC89000,レンズ(ズーム),TAMRON,Tamron 17-28mm F/2.8 Di III RXD,Tamron 17-28mm F/2.8 Di III RXD (Model A046) ソニーE用,,,,4960371006635
008TC4ZA15000,レンズ(ズーム),TAMRON,TAMRON 17-70mm F/2.8 Di III-A VC RXD,Tamron 17-70mm F/2.8 Di III-A VC RXD ソニーE用 Model B070 / B070S,,,,4960371006734
Q0D86BJ6LE000,レンズ(ズーム),TAMRON,TAMRON 17-70mm F/2.8 Di III-A VC RXD,Tamron 17-70mm F/2.8 Di III-A VC RXD 富士フイルムX用 Model B070 / B070X,,,,4960371006802
MDEQ2B7TIV000,レンズ(ズーム),TAMRON,TAMRON 18-300mm F/3.5-6.3 Di III-A VC VXD,Tamron 18-300mm F/3.5-6.3 Di III-A VC VXD (Model B061) フジフイルム用 Model-B061 / B061X,,,,4960371006772
5R2C07MZCV000,レンズ(ズーム),TAMRON,TAMRON 18-300mm F/3.5-6.3 Di III-A VC VXD,Tamron 18-300mm F/3.5-6.3 Di III-A VC VXD ソニーE用 Model B061 / B061S,,,,4960371006765
UMQFIIJKHS000,レンズ(ズーム),TAMRON,TAMRON 20-40mm F/2.8 Di III VXD,Tamron 20-40mm F/2.8 Di III VXD Model A062 / A062S,,,,4960371006826
S094HKOXGV000,レンズ(ズーム),TAMRON,TAMRON 25-200mm F/2.8-5.6 Di III VXD G2,Tamron 25-200mm F/2.8-5.6 Di III VXD G2 Model A075 / A075S,,,,4960371007014
LDFWI7IKJI000,レンズ(ズーム),TAMRON,TAMRON 28-200mm F/2.8-5.6 Di III RXD,Tamron 28-200mm F/2.8-5.6 Di III RXD Model A071 / A071S,,,,4960371006703
YQOZV14QXD000,レンズ(ズーム),TAMRON,Tamron 28-300mm F/4-7.1 Di III VC VXD,Tamron 28-300mm F/4-7.1 Di III VC VXD (Model A074) Model A074 / A074S,,,,4960371006925
G46OKG70DF000,レンズ(ズーム),TAMRON,Tamron 28-75mm F/2.8 Di III RXD,Tamron 28-75mm F/2.8 Di III RXD (Model A036) ソニーE用,,,,4960371006543
GQVEJR4XPF000,レンズ(ズーム),TAMRON,TAMRON 28-75mm F/2.8 Di III VXD G2,Tamron 28-75mm F/2.8 Di III VXD G2 ソニーE用 Model A063 / A063S,,,,4960371006796
UDCHT2SOUN000,レンズ(ズーム),TAMRON,TAMRON 35-100mm F/2.8 Di III VXD,Tamron 35-100mm F/2.8 Di III VXD ソニーE用 Model A078 / A078S,,,,4960371007021
QED3DSAGE9000,レンズ(ズーム),TAMRON,TAMRON 35-150mm F/2-2.8 Di III VXD,Tamron 35-150mm F/2-2.8 Di III VXD ソニーE用 Model A058 / A058S,,,,4960371006789
2B5JSHT6A5000,レンズ(ズーム),TAMRON,Tamron 50-300mm F/4.5-6.3 Di III VC VXD,Tamron 50-300mm F/4.5-6.3 Di III VC VXD (Model A069) Model-A069S,,,,4960371006918
IQSQMVB9H8000,レンズ(ズーム),TAMRON,TAMRON 50-400mm F/4.5-6.3 Di III VC VXD,Tamron 50-400mm F/4.5-6.3 Di III VC VXD ソニーE用 Model A067 / A067S,,,,4960371006819
8Q3JWTA3VP000,レンズ(ズーム),TAMRON,TAMRON 70-180mm F/2.8 Di III VC VXD G2,Tamron 70-180mm F/2.8 Di III VC VXD G2 ソニーE用 Model A065 / A065S,,,,4960371006871
1GXUSWT4OZ000,レンズ(ズーム),TAMRON,Tamron 70-180mm F/2.8 Di III VXD,Tamron 70-180mm F/2.8 Di III VXD (Model A056) ソニーE用,,,,4960371006680
4LYRDSLDN8000,レンズ(ズーム),TAMRON,TAMRON 70-300mm F/4.5-6.3 Di III RXD,Tamron 70-300mm F/4.5-6.3 Di III RXD SONY ソニーE用 Model A047 / A047S,,,,4960371006727
4LE8GFBGSE000,アクションカメラ(GoPro),GoPro,GoPro FUSION,GoPro Fusion CHDHZ-103-FW グレー,グレー,,,4936080893545
OMZKEMA4TL000,アクションカメラ(GoPro),GoPro,GoPro HERO,GoPro HERO CHDHB-501-RW グレー,グレー,,,4936080893613
1WMQ67NN8U000,アクションカメラ(GoPro),GoPro,GoPro HERO Session,GoPro HERO Session CHDHS-102-JP2 ブラック,ブラック,,,4936080892401
5F7UYU5CVQ000,アクションカメラ(GoPro),GoPro,GoPro HERO,GoPro HERO ブラック CHDHF-131-JP,ブラック,,,4595319442109
ZH2UZM5575000,アクションカメラ(GoPro),GoPro,GoPro HERO+ LCD,GoPro HERO+ LCD CHDHB-101-JP グレー,グレー,,,4936080891954
CVVB3F4D07000,アクションカメラ(GoPro),GoPro,GoPro HERO10 Black,GoPro HERO10 ブラック CHDHX-101-FW,ブラック,,,4936080897154
4SQN8VRZS9000,アクションカメラ(GoPro),GoPro,GoPro HERO10 Black,GoPro HERO10 ブラック CHDHX-102-FT,ブラック,,,4595319442093
HPF73C3XB8000,アクションカメラ(GoPro),GoPro,GoPro HERO10 Black,GoPro HERO10 ブラック 限定バンドル CHDRB-101-FW,ブラック,,,4936080101237
BFLUIYVPWA000,アクションカメラ(GoPro),GoPro,GoPro HERO11 Black,GoPro HERO11 BLACK Creator Edition CHDFB-111-JP ブラック,ブラック,,,4936080101152
4V00SCR8GU000,アクションカメラ(GoPro),GoPro,GoPro HERO11 Black,GoPro HERO11 ブラック CHDHX-111-FW,ブラック,,,4936080101169
PPXEFB0DOI000,アクションカメラ(GoPro),GoPro,GoPro HERO11 Black,GoPro HERO11 ブラック CHDHX-112-FW,ブラック,,,4595319442017
QRDDBE0L4F000,アクションカメラ(GoPro),GoPro,GoPro HERO11 Black,GoPro HERO11 ブラック アクセサリーセット CHDRB-111-FW,ブラック,,,4936080101299
QUIS6VAN0T000,アクションカメラ(GoPro),GoPro,GoPro HERO11 Black Mini,GoPro HERO11 ブラック ミニ CHDHF-111-FW,ブラック,,,4936080101206
LEDXNE39PQ000,アクションカメラ(GoPro),GoPro,GoPro HERO12 Black,GoPro HERO12 ブラック CHDHX-121-FW,ブラック,,,4595319442024
QQABUUGROJ000,アクションカメラ(GoPro),GoPro,GoPro HERO12 Black,GoPro HERO12 ブラック アクセサリーセット CHDRB-121-FW,ブラック,,,4595319442055
G0K103Z8NP000,アクションカメラ(GoPro),GoPro,GoPro HERO12 Black,GoPro HERO12 ブラック クリエイターエディション CHDFB-121-JP,ブラック,,,4595319442048
ZK5GVPEW8N000,アクションカメラ(GoPro),GoPro,GoPro HERO13 Black,GoPro HERO13 BLACK CREATOR EDITION CHDFB-131-JP ブラック,ブラック,,,4595319442154
N7C9MO91VY000,アクションカメラ(GoPro),GoPro,GoPro HERO13 Black,GoPro HERO13 ブラック CHDHX-131-FW,ブラック,,,4595319442147
334O45J1XQ000,アクションカメラ(GoPro),GoPro,GoPro HERO13 Black,GoPro HERO13 ブラック アクセサリーセット CHDRB-131-FW,ブラック,,,4595319442161
O9502KXS8S000,アクションカメラ(GoPro),GoPro,GoPro HERO13 Black,GoPro HERO13 ブラック ポーラーホワイト CHDHX-132-FW,ポーラーホワイト,,,4595319442321
H5NGSS40QS000,アクションカメラ(GoPro),GoPro,GoPro HERO4,GoPro HERO4 Black Edition Adventure CHDHX-401-JP シルバー,シルバー,,,4936080891220
IH1RE0QH4E000,アクションカメラ(GoPro),GoPro,GoPro HERO4 Silver,GoPro HERO4 Silver Edition Adventure CHDHY-401-JP シルバー,シルバー,,,4936080891268
FF5ZXOV84V000,アクションカメラ(GoPro),GoPro,GoPro HERO5 Black,GoPro HERO5 BLACK CHDHX-502 ブラック,ブラック,,,4936080893385
BTYFVVA81K000,アクションカメラ(GoPro),GoPro,GoPro HERO5 Session,GoPro HERO5 Session CHDHS-501-JP ブラック,ブラック,,,4936080892678
0XP68IXCAT000,アクションカメラ(GoPro),GoPro,GoPro HERO6 Black,GoPro HERO6 BLACK CHDHX-601-FW ブラック,ブラック,,,4936080893453
VQUQF0FSH6000,アクションカメラ(GoPro),GoPro,GoPro HERO7 Silver,GoPro HERO7 シルバー CHDHC-601-FW,シルバー,,,4936080893736
XS332T32PF000,アクションカメラ(GoPro),GoPro,GoPro HERO7 Black,GoPro HERO7 ブラック CHDHX-701-FW,ブラック,,,4936080893729
NY3RXDWYKY000,アクションカメラ(GoPro),GoPro,GoPro HERO7 White,GoPro HERO7 ホワイト CHDHB-601-FW,ホワイト,,,4936080893743
42ZY62BQMZ000,アクションカメラ(GoPro),GoPro,GoPro HERO8 Black,GoPro HERO8 ブラック CHDHX-801-FW,ブラック,,,4936080894801
VXJ9C8Z5WH000,アクションカメラ(GoPro),GoPro,GoPro HERO8 Black,GoPro HERO8 ブラック 限定ボックスセット CHDRB-801-FW,ブラック,,,4936080895419
SLXGWAWB25000,アクションカメラ(GoPro),GoPro,GoPro HERO9 Black,GoPro HERO9 ブラック CHDHX-901-FW,ブラック,,,4936080895983
62QT880OAD000,アクションカメラ(GoPro),GoPro,GoPro HERO9 Black,GoPro HERO9 ブラック 限定バンドル CHDRB-901-FW,ブラック,,,4936080896829
A4AG5Q6CMZ000,アクションカメラ(GoPro),GoPro,GoPro LITE HERO,GoPro LITE HERO ブラック CHDHF-132-JP,,,,4595319442475
UHR3Y2156D000,アクションカメラ(GoPro),GoPro,GoPro MAX,GoPro MAX グレー CHDHZ-201-FW,グレー,,,4936080894870
SW9CG3YCPG000,アクションカメラ(GoPro),GoPro,GoPro MAX,GoPro MAX ブラック CHDHZ-202-FX,,,,4936080896966
KKV9XMUHMW000,アクションカメラ(GoPro),GoPro,GoPro MAX2,GoPro MAX2 ブラック CHDHZ-311-FW,,,,4595319442468
X4D4CXEZ4V000,アクションカメラ(Insta360/360度),Insta360,Insta360 Ace Pro 2,Insta360 Ace Pro 2 ストリート撮影キット アークティックホワイト CINSBBGA-ACEPRO2128,アークティックホワイト,,,6977644767856
QXOM2A7BGF000,アクションカメラ(Insta360/360度),Insta360,Insta360 Ace Pro 2,Insta360 Ace Pro 2 ストリート撮影キット ミッドナイトブラック CINSBBGA-ACEPRO242,ミッドナイトブラック,,,6977644763636
ZCO4A4IBM4000,アクションカメラ(Insta360/360度),Insta360,Insta360 Ace Pro 2,Insta360 Ace Pro 2 ストリート撮影キット ミッドナイトブラック CINSBBGA-ACEPRO244,ミッドナイトブラック,,,6977644763629
7JBIB4CA8F000,アクションカメラ(Insta360/360度),Insta360,Insta360 Ace Pro 2,Insta360 Ace Pro 2 ストリート撮影キット ミッドナイトブラック CINSBBGA-ACEPRO246,ミッドナイトブラック,,,6977644763650
NU02N3FVHU000,アクションカメラ(Insta360/360度),Insta360,Insta360 Ace Pro 2,Insta360 Ace Pro 2 ストリート撮影キット ミッドナイトブラック CINSBBGA-ACEPRO248,ミッドナイトブラック,,,6977644763643
Z2XHM4Q5BQ000,アクションカメラ(Insta360/360度),Insta360,Insta360 Ace Pro 2,Insta360 Ace Pro 2 デュアルバッテリーキット ブラック CINSBBGA-DB,ブラック,,,6977644760888
AEY9WEGB2R000,アクションカメラ(Insta360/360度),Insta360,Insta360 Ace Pro 2,Insta360 Ace Pro 2 フルプロシューターキット ミッドナイトブラック CINSBBGA-ACEPRO2142,ミッドナイトブラック,,,6977644768945
MHYRLY2QTQ000,アクションカメラ(Insta360/360度),Insta360,Insta360 Ace Pro 2,Insta360 Ace Pro 2 ブラック CINSBBGA-SB,ブラック,,,6970357859733
IQ4K45YZF6000,アクションカメラ(Insta360/360度),Insta360,Insta360 Ace Pro 2,Insta360 Ace Pro 2 プロシューターキット ミッドナイトブラック CINSBBGA-ACEPRO2139,ミッドナイトブラック,,,6977644768860
7WP48WA87U000,アクションカメラ(Insta360/360度),Insta360,Insta360 Ace Pro 2,Insta360 Ace Pro 2 ポケットプリンターキット ミッドナイトブラック CINSBBGA-ACEPRO2141,ミッドナイトブラック,,,6977644768938
HJO4FEO43V000,アクションカメラ(Insta360/360度),Insta360,Insta360 Ace Pro,Insta360 Ace Pro ブラック CINSAAJA,ブラック,,,6970357856251
93N7VAST09000,アクションカメラ(Insta360/360度),Insta360,Insta360 Ace,Insta360 Ace ブラック CINSBAXA,ブラック,,,6970357854707
TEH5XD241O000,アクションカメラ(Insta360/360度),Insta360,Insta360 GO 2,Insta360 GO 2 ホワイト,ホワイト,,,
5V52VJ2560000,アクションカメラ(Insta360/360度),Insta360,Insta360 GO 3,Insta360 GO 3 128GB アークティックホワイト CINSABKA_GO306,アークティックホワイト,,,6970357855537
08MV3ZA13B000,アクションカメラ(Insta360/360度),Insta360,Insta360 GO 3,Insta360 GO 3 128GB ミッドナイトブラック CINSABKA_GO316,ミッドナイトブラック,,,6970357856992
7KRTJRHDRB000,アクションカメラ(Insta360/360度),Insta360,Insta360 GO 3,Insta360 GO 3 32GB ホワイト CINSABKA_GO305,アークティックホワイト,,,6970357855520
7YVP5Q4IF7000,アクションカメラ(Insta360/360度),Insta360,Insta360 GO 3,Insta360 GO 3 64GB アークティックホワイト CINSABKA_GO301,アークティックホワイト,,,6970357854776
WBB7DA9BIR000,アクションカメラ(Insta360/360度),Insta360,Insta360 GO 3,Insta360 GO 3 64GB ミッドナイトブラック CINSABKA_GO317,ミッドナイトブラック,,,6970357857005
JPQZXRSRMC000,アクションカメラ(Insta360/360度),Insta360,Insta360 GO 3S,Insta360 GO 3S 128GB アークティックホワイト CINSAATA-GO3S128W,アークティックホワイト,,,6970357857401
1H4CC4WIWJ000,アクションカメラ(Insta360/360度),Insta360,Insta360 GO 3S,Insta360 GO 3S 128GB ミッドナイトブラック CINSAATA-GO3S128K,ミッドナイトブラック,,,6970357857494
Q3OLXSR39V000,アクションカメラ(Insta360/360度),Insta360,Insta360 GO 3S,Insta360 GO 3S 64GB アークティックホワイト CINSAATA-GO3S64W,アークティックホワイト,,,6970357857425
I232QD8IXP000,アクションカメラ(Insta360/360度),Insta360,Insta360 GO 3S,Insta360 GO 3S 64GB ミッドナイトブラック CINSAATA-GO3S64K,ミッドナイトブラック,,,6970357857500
DLPJX469EU000,アクションカメラ(Insta360/360度),Insta360,Insta360 GO Ultra,Insta360 GO Ultra クリエイターキット アークティックホワイト CINSABEA-GOUltra05,アークティックホワイト,,,6977644765234
LCLW2HZJNU000,アクションカメラ(Insta360/360度),Insta360,Insta360 GO Ultra,Insta360 GO Ultra クリエイターキット ミッドナイトブラック CINSABEA-GOUltra06,ミッドナイトブラック,,,6977644765241
8YU49RIL46000,アクションカメラ(Insta360/360度),Insta360,Insta360 GO Ultra,Insta360 GO Ultra 標準キット アークティックホワイト CINSABEA-GOUltra01,アークティックホワイト,,,6977644761342
FFGNHQAI4G000,アクションカメラ(Insta360/360度),Insta360,Insta360 GO Ultra,Insta360 GO Ultra 標準キット ミッドナイトブラック CINSABEA-GOUltra02,ミッドナイトブラック,,,6977644761045
ORXXUD7VY2000,アクションカメラ(Insta360/360度),Insta360,Insta360 ONE R 1インチ版,Insta360 ONE R 1インチ版 ブラック CINAKGP/B,ブラック,,,4537694278263
QI64ZBL71V000,アクションカメラ(Insta360/360度),Insta360,Insta360 ONE R ツイン版,Insta360 ONE R ツイン版 ブラック CINAKGP/A,ブラック,,,4537694278256
VVZ4S549JS000,アクションカメラ(Insta360/360度),Insta360,Insta360 ONE RS 1インチ 360度版,Insta360 ONE RS 1インチ 360度版 ブラック CINRSGP/D,ブラック,,,6970357853243
30BXBEMMD6000,アクションカメラ(Insta360/360度),Insta360,Insta360 ONE RS 4K版,Insta360 ONE RS 4K版 ブラック CINRSGP/E,ブラック,,,6970357853335
AQNTQZHDIA000,アクションカメラ(Insta360/360度),Insta360,Insta360 ONE RS ツイン版,Insta360 ONE RS ツイン版 ブラック CINRSGP/A,ブラック,,,6970357852949
H6RGA158B9000,アクションカメラ(Insta360/360度),Insta360,Insta360 ONE X,Insta360 ONE X ブラック CINONEX/A,ブラック,,,6970357850693
4DZZ4P6154000,アクションカメラ(Insta360/360度),Insta360,Insta360 ONE X2,Insta360 ONE X2 ブラック CINOSXX/A,,,,4537694288347
XQT1H4S4OP000,アクションカメラ(Insta360/360度),Insta360,Insta360 X3,Insta360 X3 ブラック CINSAAQ/B,ブラック,,,6970357853922
IJEWTC3S7C000,アクションカメラ(Insta360/360度),Insta360,Insta360 X4 Air,Insta360 X4 Air アークティックホワイト CINSAAFA-SE17,アークティックホワイト,,,6977644767399
YXMDRJFRKX000,アクションカメラ(Insta360/360度),Insta360,Insta360 X4 Air,Insta360 X4 Air グラファイトブラック CINSAAFA-SE01,グラファイトブラック,,,6977644761922
MLOREO9N0U000,アクションカメラ(Insta360/360度),Insta360,Insta360 X4 Air,Insta360 X4 Air スターターキット グラファイトブラック CINSAAFA-SE03,グラファイトブラック,,,6977644764763
U47NA30KJW000,アクションカメラ(Insta360/360度),Insta360,Insta360 X4,Insta360 X4 ブラック CINSABMA,ブラック,,,6970357855506
0D0DV20G9X000,アクションカメラ(Insta360/360度),Insta360,Insta360 X5,Insta360 X5 エッセンシャルキット ブラック CINSAAHA-X504,ブラック,,,6977644763841
64G13J1W5O000,アクションカメラ(Insta360/360度),Insta360,Insta360 X5,Insta360 X5 サテンホワイト CINSAAHA-X532,サテンホワイト,,,6977644763612
1YLEIP4GNJ000,アクションカメラ(Insta360/360度),Insta360,Insta360 X5,Insta360 X5 ブラック CINSAAHA-X510,ブラック,,,6977644762387
XW5XSOV9YJ000,アクションカメラ(Insta360/360度),Insta360,Insta360 X5,Insta360 X5 モーターサイクルキット ブラック CINSAAHA-X502,ブラック,,,6977644761472
EIJSEGEDUL000,ビデオカメラ・その他,DJI,DJI Action 2,DJI Action 2 Dual-Screenコンボ ブラック 128GB AC1280,ブラック,,,6941565978431
41X2ZUXGY4000,ビデオカメラ・その他,DJI,DJI Action 2,DJI Action 2 Dual-Screenコンボ ブラック 32GB AC2DSC,ブラック,,,6941565920362
4YW2MHYEKO000,ビデオカメラ・その他,DJI,DJI Action 2 Powerコンボ,DJI Action 2 Powerコンボ ブラック D211027010／AC2POC,ブラック,,,6941565922281
O4A26QAJWK000,ビデオカメラ・その他,DJI,DJI Action 2,DJI Action 2 Powerコンボ ブラック 128GB AC1281,ブラック,,,6941565978424
4IBAJ21ZFW000,ビデオカメラ・その他,DJI,DJI Osmo 360,DJI Osmo 360 アドベンチャーコンボ ブラック OQA005,,,,6937224110519
EN407O8X7B000,ビデオカメラ・その他,DJI,DJI Osmo 360,DJI Osmo 360 スタンダードコンボ ブラック OQA004,,,,6937224110502
Z1C3CT4DJ3000,ビデオカメラ・その他,DJI,DJI Osmo Action 3,DJI Osmo Action 3 アドベンチャーコンボ ブラック AC2024,,,,6941565943750
VO1MUBXZ0R000,ビデオカメラ・その他,DJI,DJI Osmo Action 3,DJI Osmo Action 3 スタンダードコンボ ブラック AC2023,,,,6941565943743
Y4MCF4SWOM000,ビデオカメラ・その他,DJI,DJI Osmo Action 4,DJI Osmo Action 4 アドベンチャーコンボ ブラック CA2040,,,,6941565965080
MR90S3UYQO000,ビデオカメラ・その他,DJI,DJI Osmo Action 4,DJI Osmo Action 4 スタンダードコンボ ブラック CA2039,,,,6941565965073
QYPQHDN6QN000,ビデオカメラ・その他,DJI,DJI Osmo Action 5 Pro,DJI Osmo Action 5 Pro アドベンチャーコンボ ブラック OA5P02,,,,6941565981059
3D7AZL2P85000,ビデオカメラ・その他,DJI,DJI Osmo Action 5 Pro,DJI Osmo Action 5 Pro スタンダードコンボ ブラック OA5P01,,,,6941565981066
NF0S50UBZS000,ビデオカメラ・その他,DJI,DJI Osmo Action 6,DJI Osmo Action 6 アドベンチャーコンボ ブラック OA6J02,,,,6937224126107
PZ1SQJR4U4000,ビデオカメラ・その他,DJI,DJI Osmo Action 6,DJI Osmo Action 6 スタンダードコンボ ブラック OA6J01,,,,6937224126060
P6EUVEBS6G000,ビデオカメラ・その他,DJI,DJI Osmo Action,DJI Osmo Action ブラック OSMACT,,,,6958265186899
RYQZTZVT2T000,ビデオカメラ・その他,DJI,DJI Osmo Nano,DJI Osmo Nano スタンダードコンボ ブラック 128GB ONWA03,,,,6937224115453
BZ609THIV8000,ビデオカメラ・その他,DJI,DJI Osmo Nano,DJI Osmo Nano スタンダードコンボ ブラック 64GB ONWA04,,,,6937224115446
PN7K9T4L63000,ビデオカメラ・その他,DJI,DJI Osmo Pocket 3,DJI Osmo Pocket 3 クリエイターコンボ ブラック OP9913,,,,6941565969903
QN7DXCJ124000,ビデオカメラ・その他,DJI,DJI Osmo Pocket 3,DJI Osmo Pocket 3 ブラック OP9923,,,,6941565969873
JCOSS12YYG000,ビデオカメラ・その他,DJI,DJI Osmo Pocket 4,DJI Osmo Pocket 4 クリエイターコンボ ブラック OP4401,,,,6937224133082
JAJ2ALHFU2000,ビデオカメラ・その他,DJI,DJI Osmo Pocket 4,DJI Osmo Pocket 4 スタンダードコンボ ブラック OP4402,,,,6937224133099
P92Q9HYC1A000,ビデオカメラ・その他,DJI,DJI Osmo Pocket,DJI Osmo Pocket ブラック OSPKJP,,,,
8FN07OPFS6000,ビデオカメラ・その他,DJI,DJI Pocket 2 Creator コンボ,DJI Pocket 2 Creator コンボ ブラック D201020020／OP2CP2,ブラック,,,6941565903150
BGRUAPNKYH000,ビデオカメラ・その他,DJI,DJI Pocket 2,DJI Pocket 2 Exclusive Combo サンセットホワイト OP2CP4,サンセットホワイト,,,6941565914477
71RAP6TM1I000,ビデオカメラ・その他,DJI,DJI Pocket 2,DJI Pocket 2 ブラック D201020010／OP2CP1,ブラック,,,6941565906410
A0JMNBO8NI000,Apple Watch本体,Apple,Hermès Series 10,Apple Watch Hermès Series 10 42mm (GPS + Cellular) シルバーチタニウムケース キリム（オレンジ）シンプルトゥール,シルバー,,,
TCDEZXHF4Y000,Apple Watch本体,Apple,Hermès Series 10,Apple Watch Hermès Series 10 42mm (GPS + Cellular) シルバーチタニウムケース キリム（ブルー・アシエ）シンプルトゥール,シルバー,,,
CRPK4P8BVR000,Apple Watch本体,Apple,Hermès Series 10,Apple Watch Hermès Series 10 42mm (GPS + Cellular) シルバーチタニウムケース キリム（白）シンプルトゥール,シルバー,,,
06C9Z936W7000,Apple Watch本体,Apple,Hermès Series 10,Apple Watch Hermès Series 10 42mm (GPS + Cellular) シルバーチタニウムケース キリム（黒）シンプルトゥール,シルバー,,,
TSE3D4SFLM000,Apple Watch本体,Apple,Hermès Series 10,Apple Watch Hermès Series 10 42mm (GPS + Cellular) シルバーチタニウムケース グランH（サティネ） (L),シルバー,,,
LA1Q1IOV1L000,Apple Watch本体,Apple,Hermès Series 10,Apple Watch Hermès Series 10 42mm (GPS + Cellular) シルバーチタニウムケース グランH（サティネ） (M),シルバー,,,
JXI2UTL3PQ000,Apple Watch本体,Apple,Hermès Series 10,Apple Watch Hermès Series 10 42mm (GPS + Cellular) シルバーチタニウムケース ツイルジャンプアトラージュ（ルージュ・グルナ/ヴァーミリオン）シンプルトゥール,シルバー,,,
1DRWXOE0JQ000,Apple Watch本体,Apple,Hermès Series 10,Apple Watch Hermès Series 10 42mm (GPS + Cellular) シルバーチタニウムケース ツイルジャンプアトラージュ（黒/ゴールド）シンプルトゥール,シルバー,,,
R4XYP8C2X5000,Apple Watch本体,Apple,Hermès Series 10,Apple Watch Hermès Series 10 42mm (GPS + Cellular) シルバーチタニウムケース トルサド（ルージュ・グルナ）ドゥブルトゥール,シルバー,,,
L613F4LQLD000,Apple Watch本体,Apple,Hermès Series 10,Apple Watch Hermès Series 10 42mm (GPS + Cellular) シルバーチタニウムケース トルサド（ヴェール・モワイヤン）ドゥブルトゥール,シルバー,,,
3QIJH84E8P000,Apple Watch本体,Apple,Hermès Series 10,Apple Watch Hermès Series 10 42mm (GPS + Cellular) シルバーチタニウムケース トワルH（ゴールド/エクリュ）シンプルトゥール,シルバー,,,
WWFWBBINRS000,Apple Watch本体,Apple,Hermès Series 10,Apple Watch Hermès Series 10 42mm (GPS + Cellular) シルバーチタニウムケース トワルH（黒/エクリュ）シンプルトゥール,シルバー,,,
8NSN4W2093000,Apple Watch本体,Apple,Hermès Series 10,Apple Watch Hermès Series 10 46mm (GPS + Cellular) シルバーチタニウムケース キリム（オレンジ）シンプルトゥール,シルバー,,,
WM4ACAUNCK000,Apple Watch本体,Apple,Hermès Series 10,Apple Watch Hermès Series 10 46mm (GPS + Cellular) シルバーチタニウムケース キリム（サン）シンプルトゥール,シルバー,,,
A3X67J443B000,Apple Watch本体,Apple,Hermès Series 10,Apple Watch Hermès Series 10 46mm (GPS + Cellular) シルバーチタニウムケース キリム（ブルー・ドゥ・フランス）シンプルトゥール,シルバー,,,
FBYBYGJNF8000,Apple Watch本体,Apple,Hermès Series 10,Apple Watch Hermès Series 10 46mm (GPS + Cellular) シルバーチタニウムケース キリム（白）シンプルトゥール,シルバー,,,
EYIJOIHD4C000,Apple Watch本体,Apple,Hermès Series 10,Apple Watch Hermès Series 10 46mm (GPS + Cellular) シルバーチタニウムケース キリム（黒）シンプルトゥール,シルバー,,,
80H4TC34Z1000,Apple Watch本体,Apple,Hermès Series 10,Apple Watch Hermès Series 10 46mm (GPS + Cellular) シルバーチタニウムケース グランH（サティネ） (L),シルバー,,,
Q59ATZZ9CD000,Apple Watch本体,Apple,Hermès Series 10,Apple Watch Hermès Series 10 46mm (GPS + Cellular) シルバーチタニウムケース トルサド（ルージュ・グルナ）シンプルトゥール,シルバー,,,
5S8RBCQLDH000,Apple Watch本体,Apple,Hermès Series 10,Apple Watch Hermès Series 10 46mm (GPS + Cellular) シルバーチタニウムケース トワルH（黒/エクリュ）シンプルトゥール,シルバー,,,
VOC80Z4ELM000,Apple Watch本体,Apple,Hermès Series 11,Apple Watch Hermès Series 11 42mm (GPS + Cellular) シルバーチタニウムケース キリム（オレンジ）シンプルトゥール,シルバー,,,
6E041WVYOO000,Apple Watch本体,Apple,Hermès Series 11,Apple Watch Hermès Series 11 42mm (GPS + Cellular) シルバーチタニウムケース キリム（グレージュ）シンプルトゥール,シルバー,,,
Z6YL3HMVRJ000,Apple Watch本体,Apple,Hermès Series 11,Apple Watch Hermès Series 11 42mm (GPS + Cellular) シルバーチタニウムケース キリム（白）シンプルトゥール,シルバー,,,
OLQLD7LZLP000,Apple Watch本体,Apple,Hermès Series 11,Apple Watch Hermès Series 11 42mm (GPS + Cellular) シルバーチタニウムケース キリム（黒）シンプルトゥール,シルバー,,,
EVPA58SVO7000,Apple Watch本体,Apple,Hermès Series 11,Apple Watch Hermès Series 11 42mm (GPS + Cellular) シルバーチタニウムケース グランHファン（サティネ） (L),シルバー,,,
YIM4EBHHNW000,Apple Watch本体,Apple,Hermès Series 11,Apple Watch Hermès Series 11 42mm (GPS + Cellular) シルバーチタニウムケース グランHファン（サティネ） (M),シルバー,,,
KP3ZC6ZHNL000,Apple Watch本体,Apple,Hermès Series 11,Apple Watch Hermès Series 11 42mm (GPS + Cellular) シルバーチタニウムケース グランHファン（サティネ） (S),シルバー,,,
HVQKTL7QF7000,Apple Watch本体,Apple,Hermès Series 11,Apple Watch Hermès Series 11 42mm (GPS + Cellular) シルバーチタニウムケース グランH（サティネ） (L),シルバー,,,
U4CIKS9BCA000,Apple Watch本体,Apple,Hermès Series 11,Apple Watch Hermès Series 11 42mm (GPS + Cellular) シルバーチタニウムケース グランH（サティネ） (M),シルバー,,,
1S507YJR1W000,Apple Watch本体,Apple,Hermès Series 11,Apple Watch Hermès Series 11 42mm (GPS + Cellular) シルバーチタニウムケース グランH（サティネ） (S),シルバー,,,
BCV4VC3WAP000,Apple Watch本体,Apple,Hermès Series 11,Apple Watch Hermès Series 11 42mm (GPS + Cellular) シルバーチタニウムケース トワルH（エクリュ/エクリュ）ドゥブル・ジュ,シルバー,,,
PJTX4CKP8G000,Apple Watch本体,Apple,Hermès Series 11,Apple Watch Hermès Series 11 42mm (GPS + Cellular) シルバーチタニウムケース トワルH（ゴールド/エクリュ）シンプルトゥール,シルバー,,,
YDI6H90RI4000,Apple Watch本体,Apple,Hermès Series 11,Apple Watch Hermès Series 11 42mm (GPS + Cellular) シルバーチタニウムケース トワルH（黒/エクリュ）ドゥブル・ジュ,シルバー,,,
NTJ2YJAGKS000,Apple Watch本体,Apple,Hermès Series 11,Apple Watch Hermès Series 11 42mm (GPS + Cellular) シルバーチタニウムケース ネオ・トリコ（カピュシーヌ）,シルバー,,,
1H2FP3YH8W000,Apple Watch本体,Apple,Hermès Series 11,Apple Watch Hermès Series 11 42mm (GPS + Cellular) シルバーチタニウムケース ネオ・トリコ（ブルー・グリ）,シルバー,,,
JGG6BHLH0H000,Apple Watch本体,Apple,Hermès Series 11,Apple Watch Hermès Series 11 42mm (GPS + Cellular) シルバーチタニウムケース ネオ・トリコ（ブルー・ニュイ）,シルバー,,,
OMIYD5QBV4000,Apple Watch本体,Apple,Hermès Series 11,Apple Watch Hermès Series 11 42mm (GPS + Cellular) シルバーチタニウムケース フォーブルパーティ（ブルー・ニュイ） MGYJ4J/A,シルバー,,,
8TA4T7XFMD000,Apple Watch本体,Apple,Hermès Series 11,Apple Watch Hermès Series 11 46mm (GPS + Cellular) シルバーチタニウムケース キリム（オレンジ）シンプルトゥール,シルバー,,,
H660W7TA6T000,Apple Watch本体,Apple,Hermès Series 11,Apple Watch Hermès Series 11 46mm (GPS + Cellular) シルバーチタニウムケース キリム（グレージュ）シンプルトゥール,シルバー,,,
PWXJS4IHCU000,Apple Watch本体,Apple,Hermès Series 11,Apple Watch Hermès Series 11 46mm (GPS + Cellular) シルバーチタニウムケース キリム（ジョーヌ）シンプルトゥール,シルバー,,,
UNZFBQ4S5T000,Apple Watch本体,Apple,Hermès Series 11,Apple Watch Hermès Series 11 46mm (GPS + Cellular) シルバーチタニウムケース キリム（白）シンプルトゥール,シルバー,,,
S0UM6QHGQM000,Apple Watch本体,Apple,Hermès Series 11,Apple Watch Hermès Series 11 46mm (GPS + Cellular) シルバーチタニウムケース キリム（黒）シンプルトゥール,シルバー,,,
Z36EF34HBK000,Apple Watch本体,Apple,Hermès Series 11,Apple Watch Hermès Series 11 46mm (GPS + Cellular) シルバーチタニウムケース グランH（サティネ） (L),シルバー,,,
CKZJ352DPF000,Apple Watch本体,Apple,Hermès Series 11,Apple Watch Hermès Series 11 46mm (GPS + Cellular) シルバーチタニウムケース グランH（サティネ） (M),シルバー,,,
CY5OP1IISP000,Apple Watch本体,Apple,Hermès Series 11,Apple Watch Hermès Series 11 46mm (GPS + Cellular) シルバーチタニウムケース グランH（サティネ） (S),シルバー,,,
JVSBSDMFUM000,Apple Watch本体,Apple,Hermès Series 11,Apple Watch Hermès Series 11 46mm (GPS + Cellular) シルバーチタニウムケース トワルH（エクリュ/エクリュ）ドゥブル・ジュ,シルバー,,,
8ZQM08D9HB000,Apple Watch本体,Apple,Hermès Series 11,Apple Watch Hermès Series 11 46mm (GPS + Cellular) シルバーチタニウムケース トワルH（ゴールド/エクリュ）シンプルトゥール,シルバー,,,
0FH32BHGKK000,Apple Watch本体,Apple,Hermès Series 11,Apple Watch Hermès Series 11 46mm (GPS + Cellular) シルバーチタニウムケース トワルH（黒/エクリュ）ドゥブル・ジュ,シルバー,,,
VSD49KM4WY000,Apple Watch本体,Apple,Hermès Series 11,Apple Watch Hermès Series 11 46mm (GPS + Cellular) シルバーチタニウムケース ネオ・トリコ（アルジル）,シルバー,,,
YKLYOAIM3T000,Apple Watch本体,Apple,Hermès Series 11,Apple Watch Hermès Series 11 46mm (GPS + Cellular) シルバーチタニウムケース ネオ・トリコ（カピュシーヌ）,シルバー,,,
NIA609HU6P000,Apple Watch本体,Apple,Hermès Series 11,Apple Watch Hermès Series 11 46mm (GPS + Cellular) シルバーチタニウムケース ネオ・トリコ（ブルー・ニュイ）,シルバー,,,
EWNX4472ZR000,Apple Watch本体,Apple,Hermès Series 11,Apple Watch Hermès Series 11 46mm (GPS + Cellular) シルバーチタニウムケース フォーブルパーティ（ブルー・ニュイ） MGYL4J/A,シルバー,,,
SDKLMO6G37000,Apple Watch本体,Apple,Hermès Series 2,Apple Watch Hermès Series 2 38mm シルバーステンレススチールケース ヴォー・エプソン（ローズ・ジャイプール）シンプルトゥールレザーストラップ MNTV2J/A,シルバー,,,
1MZHSCQACK000,Apple Watch本体,Apple,Hermès Series 2,Apple Watch Hermès Series 2 38mm シルバーステンレススチールケース ヴォー・スウィフト（エトゥープ）ダブルバックル・カフレザーストラップ MNTW2J/A,シルバー,,,
Z5V1MBVENC000,Apple Watch本体,Apple,Hermès Series 2,Apple Watch Hermès Series 2 38mm シルバーステンレススチールケース ヴォー・スウィフト（エトゥープ）ドゥブルトゥールレザーストラップ MNTU2J/A,シルバー,,,
WF1I3S60OW000,Apple Watch本体,Apple,Hermès Series 2,Apple Watch Hermès Series 2 38mm シルバーステンレススチールケース ヴォー・バレニア（フォーヴ）シンプルトゥールレザーストラップ MNTP2J/A,シルバー,,,
U7IVEW41C4000,Apple Watch本体,Apple,Hermès Series 2,Apple Watch Hermès Series 2 38mm シルバーステンレススチールケース ヴォー・バレニア（フォーヴ）ダブルバックル・カフレザーストラップ MQ1P2J/A,シルバー,,,
TS68EFS5DA000,Apple Watch本体,Apple,Hermès Series 2,Apple Watch Hermès Series 2 38mm シルバーステンレススチールケース ヴォー・バレニア（フォーヴ）ドゥブルトゥールレザーストラップ MNTQ2J/A,シルバー,,,
3LQ4B3312C000,Apple Watch本体,Apple,Hermès Series 2,Apple Watch Hermès Series 2 42mm シルバーステンレススチールケース ヴォー・エプソン（フー）シンプルトゥールレザーストラップ MNUG2J/A,シルバー,,,
OKSQSFZHMN000,Apple Watch本体,Apple,Hermès Series 2,Apple Watch Hermès Series 2 42mm シルバーステンレススチールケース ヴォー・バレニア（フォーヴ）シンプルトゥールディプロイアントバックルレザーストラップ MNUH2J/A,シルバー,,,
6M4VYHZD7U000,Apple Watch本体,Apple,Hermès Series 2,Apple Watch Hermès Series 2 42mm シルバーステンレススチールケース ヴォー・バレニア（フォーヴ）シンプルトゥールレザーストラップ MNUF2J/A,シルバー,,,
HI6G7SWJVL000,Apple Watch本体,Apple,Hermès Series 3,Apple Watch Hermès Series 3 38mm (GPS + Cellular) シルバーステンレススチールケース ヴォー・ガラ（マリン）シンプルトゥールエプロンドールレザーストラップ MQMQ2J/A,シルバー,,,
ZH8W6U6LI0000,Apple Watch本体,Apple,Hermès Series 3,Apple Watch Hermès Series 3 38mm (GPS + Cellular) シルバーステンレススチールケース ヴォー・スウィフト（インディゴ）ドゥブルトゥールレザーストラップ MQMM2J/A,シルバー,,,
66LERDTI04000,Apple Watch本体,Apple,Hermès Series 3,Apple Watch Hermès Series 3 38mm (GPS + Cellular) シルバーステンレススチールケース ヴォー・バレニア（フォーヴ）シンプルトゥールレザーストラップ MQMP2J/A,シルバー,,,
K4FHSAYZMG000,Apple Watch本体,Apple,Hermès Series 3,Apple Watch Hermès Series 3 38mm (GPS + Cellular) シルバーステンレススチールケース ヴォー・バレニア（フォーヴ）ドゥブルトゥールレザーストラップ MQML2J/A,シルバー,,,
1OPMM9TCLO000,Apple Watch本体,Apple,Hermès Series 3,Apple Watch Hermès Series 3 42mm (GPS + Cellular) シルバーステンレススチールケース ヴォー・ガラ（マリン）シンプルトゥールエプロンドールレザーストラップ MQX72J/A,シルバー,,,
MNKJW4LEV7000,Apple Watch本体,Apple,Hermès Series 3,Apple Watch Hermès Series 3 42mm (GPS + Cellular) シルバーステンレススチールケース ヴォー・ガラ（黒）シンプルトゥールラリーレザーストラップ MQMW2J/A,シルバー,,,
M1Q7C4OT60000,Apple Watch本体,Apple,Hermès Series 3,Apple Watch Hermès Series 3 42mm (GPS + Cellular) シルバーステンレススチールケース ヴォー・スウィフト（インディゴ）シンプルトゥールレザーストラップ MQMT2J/A,シルバー,,,
I5S3VVH1EJ000,Apple Watch本体,Apple,Hermès Series 3,Apple Watch Hermès Series 3 42mm (GPS + Cellular) シルバーステンレススチールケース ヴォー・バレニア（エベーヌ）シンプルトゥールディプロイアントバックルレザーストラップ MQMV2J/A,シルバー,,,
KJFCHS24NZ000,Apple Watch本体,Apple,Hermès Series 3,Apple Watch Hermès Series 3 42mm (GPS + Cellular) シルバーステンレススチールケース ヴォー・バレニア（フォーヴ）シンプルトゥールディプロイアントバックルレザーストラップ MQMU2J/A,シルバー,,,
2SVGE8Y927000,Apple Watch本体,Apple,Hermès Series 3,Apple Watch Hermès Series 3 42mm (GPS + Cellular) シルバーステンレススチールケース ヴォー・バレニア（フォーヴ）シンプルトゥールレザーストラップ MQMR2J/A,シルバー,,,
5DNDI124GG000,Apple Watch本体,Apple,Hermès Series 4,Apple Watch Hermès Series 4 40mm (GPS + Cellular) シルバーステンレススチールケース ヴォー・スウィフト（インディゴ/クレ/オレンジ）ドゥブルトゥールレザーストラップ MU7L2J/A,シルバー,,,
ID9H05NQA7000,Apple Watch本体,Apple,Hermès Series 4,Apple Watch Hermès Series 4 40mm (GPS + Cellular) シルバーステンレススチールケース ヴォー・スウィフト（ブルーインディゴ）ドゥブルトゥールレザーストラップ MU722J/A,シルバー,,,
ADM49M6NC5000,Apple Watch本体,Apple,Hermès Series 4,Apple Watch Hermès Series 4 40mm (GPS + Cellular) シルバーステンレススチールケース ヴォー・スウィフト（ボルドー/ローズ・エクストレーム/ローズ・アザレ）シンプルトゥールレザーストラップ MU702J/A,シルバー,,,
W6RCW4AMZQ000,Apple Watch本体,Apple,Hermès Series 4,Apple Watch Hermès Series 4 40mm (GPS + Cellular) シルバーステンレススチールケース ヴォー・スウィフト（ボルドー/ローズ・エクストレーム/ローズ・アザレ）ドゥブルトゥールレザーストラップ MU732J/A,シルバー,,,
WNFMS2CC2I000,Apple Watch本体,Apple,Hermès Series 4,Apple Watch Hermès Series 4 40mm (GPS + Cellular) シルバーステンレススチールケース ヴォー・バレニア（フォーヴ）シンプルトゥールレザーストラップ MU6Y2J/A,シルバー,,,
W6ON4ZZJKS000,Apple Watch本体,Apple,Hermès Series 4,Apple Watch Hermès Series 4 40mm (GPS + Cellular) シルバーステンレススチールケース ヴォー・バレニア（フォーヴ）ドゥブルトゥールレザーストラップ MU712J/A,シルバー,,,
O9F7NAJ08B000,Apple Watch本体,Apple,Hermès Series 4,Apple Watch Hermès Series 4 44mm (GPS + Cellular) シルバーステンレススチールケース ヴォー・グレインバレニア（フォーヴ）シンプルトゥールラリーレザーストラップ MU9E2J/A,シルバー,,,
AAAP2G058K000,Apple Watch本体,Apple,Hermès Series 4,Apple Watch Hermès Series 4 44mm (GPS + Cellular) シルバーステンレススチールケース ヴォー・スウィフト（インディゴ/クレ/オレンジ）シンプルトゥールレザーストラップ MU782J/A,シルバー,,,
P2SI3LIWT4000,Apple Watch本体,Apple,Hermès Series 4,Apple Watch Hermès Series 4 44mm (GPS + Cellular) シルバーステンレススチールケース ヴォー・スウィフト（ブルーインディゴ）シンプルトゥールレザーストラップ MU772J/A,シルバー,,,
HYRYX1ON8H000,Apple Watch本体,Apple,Hermès Series 4,Apple Watch Hermès Series 4 44mm (GPS + Cellular) シルバーステンレススチールケース ヴォー・バレニア（エベンヌ）シンプルトゥールディプロイアントバックルレザーストラップ MU752J/A,シルバー,,,
4FIHMTTLQP000,Apple Watch本体,Apple,Hermès Series 4,Apple Watch Hermès Series 4 44mm (GPS + Cellular) シルバーステンレススチールケース ヴォー・バレニア（フォーヴ）シンプルトゥールディプロイアントバックルレザーストラップ MU742J/A,シルバー,,,
QHDM23LQFJ000,Apple Watch本体,Apple,Hermès Series 4,Apple Watch Hermès Series 4 44mm (GPS + Cellular) シルバーステンレススチールケース ヴォー・バレニア（フォーヴ）シンプルトゥールレザーストラップ MU762J/A,シルバー,,,
74KR2RCSCV000,Apple Watch本体,Apple,Hermès Series 5,Apple Watch Hermès Series 5 40mm (GPS + Cellular) シルバーステンレススチールケース ヴォー・エプソン（フー）シンプルトゥールレザーストラップ,シルバー,,,
M449A9PCPX000,Apple Watch本体,Apple,Hermès Series 5,Apple Watch Hermès Series 5 40mm (GPS + Cellular) シルバーステンレススチールケース ヴォー・スウィフト（アンクル/ベトン）ドゥブルトゥールレザーストラップ,シルバー,,,
ZZCAJRJ1NO000,Apple Watch本体,Apple,Hermès Series 5,Apple Watch Hermès Series 5 40mm (GPS + Cellular) シルバーステンレススチールケース ヴォー・スウィフト（エタン/ベトン）ドゥブルトゥールレザーストラップ,シルバー,,,
G1QW7NG454000,Apple Watch本体,Apple,Hermès Series 5,Apple Watch Hermès Series 5 40mm (GPS + Cellular) シルバーステンレススチールケース ヴォー・スウィフト（オレンジ）シンプルトゥールレザーストラップ,シルバー,,,
GC0QOCSNLS000,Apple Watch本体,Apple,Hermès Series 5,Apple Watch Hermès Series 5 40mm (GPS + Cellular) シルバーステンレススチールケース ヴォー・スウィフト（白）オールオーバープリント・ドゥブルトゥールレザーストラップ,シルバー,,,
I2UVEYV0JV000,Apple Watch本体,Apple,Hermès Series 5,Apple Watch Hermès Series 5 40mm (GPS + Cellular) シルバーステンレススチールケース ヴォー・スウィフト（黒/白/ゴールド）シンプルトゥールレザーストラップ,シルバー,,,
OIMBTPPLNE000,Apple Watch本体,Apple,Hermès Series 5,Apple Watch Hermès Series 5 40mm (GPS + Cellular) シルバーステンレススチールケース ヴォー・スウィフト（黒）オールオーバープリント・ドゥブルトゥールレザーストラップ,シルバー,,,
DHI0K0Q4OP000,Apple Watch本体,Apple,Hermès Series 5,Apple Watch Hermès Series 5 40mm (GPS + Cellular) シルバーステンレススチールケース ヴォー・スウィフト（黒）シンプルトゥールレザーストラップ,シルバー,,,
ATFHWZEICB000,Apple Watch本体,Apple,Hermès Series 5,Apple Watch Hermès Series 5 40mm (GPS + Cellular) シルバーステンレススチールケース ヴォー・スウィフト（黒）ドゥブルトゥールレザーストラップ,シルバー,,,
D4Z6MDCS9B000,Apple Watch本体,Apple,Hermès Series 5,Apple Watch Hermès Series 5 40mm (GPS + Cellular) スペースブラックステンレススチールケース ヴォー・スウィフト（黒）オールオーバープリント・ドゥブルトゥールレザーストラップ,スペースブラック,,,
63OTJDKGRM000,Apple Watch本体,Apple,Hermès Series 5,Apple Watch Hermès Series 5 44mm (GPS + Cellular) シルバーステンレススチールケース ヴォー・エプソン（フー）シンプルトゥールレザーストラップ,シルバー,,,
420WRFE3JB000,Apple Watch本体,Apple,Hermès Series 5,Apple Watch Hermès Series 5 44mm (GPS + Cellular) シルバーステンレススチールケース ヴォー・スウィフト（エタン/ベトン）シンプルトゥールレザーストラップ,シルバー,,,
NA9OO3HJVW000,Apple Watch本体,Apple,Hermès Series 5,Apple Watch Hermès Series 5 44mm (GPS + Cellular) シルバーステンレススチールケース ヴォー・スウィフト（オレンジ）シンプルトゥールレザーストラップ,シルバー,,,
25IS4RGB16000,Apple Watch本体,Apple,Hermès Series 5,Apple Watch Hermès Series 5 44mm (GPS + Cellular) シルバーステンレススチールケース ヴォー・スウィフト（黒/白/ゴールド）シンプルトゥールレザーストラップ,シルバー,,,
414L8KKFI4000,Apple Watch本体,Apple,Hermès Series 5,Apple Watch Hermès Series 5 44mm (GPS + Cellular) シルバーステンレススチールケース ヴォー・スウィフト（黒）シンプルトゥールレザーストラップ,シルバー,,,
AT7XK88D72000,Apple Watch本体,Apple,Hermès Series 5,Apple Watch Hermès Series 5 44mm (GPS + Cellular) シルバーステンレススチールケース ヴォー・バレニア（エベンヌ）シンプルトゥールディプロイアントバックルレザーストラップ,シルバー,,,
50WW26QDL8000,Apple Watch本体,Apple,Hermès Series 5,Apple Watch Hermès Series 5 44mm (GPS + Cellular) シルバーステンレススチールケース ヴォー・バレニア（フォーヴ）シンプルトゥールディプロイアントバックルレザーストラップ,シルバー,,,
6UIX8SQHIT000,Apple Watch本体,Apple,Hermès Series 5,Apple Watch Hermès Series 5 44mm (GPS + Cellular) スペースブラックステンレススチールケース ヴォー・ガラ（黒）シンプルトゥールラリーレザーストラップ,スペースブラック,,,
6FWE2N18S3000,Apple Watch本体,Apple,Hermès Series 6,Apple Watch Hermès Series 6 40mm (GPS + Cellular) シルバーステンレススチールケース ヴォー・スウィフト（オレンジ）シンプルトゥールレザーストラップ,シルバー,,,
H8KF0YXW9K000,Apple Watch本体,Apple,Hermès Series 6,Apple Watch Hermès Series 6 40mm (GPS + Cellular) シルバーステンレススチールケース ヴォー・スウィフト（ブルー・サフィール）アトラージュ・ドゥブルトゥールレザーストラップ,シルバー,,,
1V4KKMN8LA000,Apple Watch本体,Apple,Hermès Series 6,Apple Watch Hermès Series 6 40mm (GPS + Cellular) シルバーステンレススチールケース ヴォー・スウィフト（ローズ・メキシコ）アトラージュ・ドゥブルトゥールレザーストラップ,シルバー,,,
QRAWUBSRIB000,Apple Watch本体,Apple,Hermès Series 6,Apple Watch Hermès Series 6 40mm (GPS + Cellular) シルバーステンレススチールケース ヴォー・スウィフト（白）アトラージュ・ドゥブルトゥールレザーストラップ,シルバー,,,
4JH4RW1NDA000,Apple Watch本体,Apple,Hermès Series 6,Apple Watch Hermès Series 6 40mm (GPS + Cellular) シルバーステンレススチールケース ヴォー・バレニア（フォーヴ）アトラージュ・ドゥブルトゥールレザーストラップ,シルバー,,,
C1XF4BOE4M000,Apple Watch本体,Apple,Hermès Series 6,Apple Watch Hermès Series 6 40mm (GPS + Cellular) スペースブラックステンレススチールケース ヴォー・スウィフト（黒）アトラージュ・ドゥブルトゥールレザーストラップ,スペースブラック,,,
5QPSPP5JL4000,Apple Watch本体,Apple,Hermès Series 6,Apple Watch Hermès Series 6 44mm (GPS + Cellular) シルバーステンレススチールケース ヴォー・スウィフト（オレンジ）シンプルトゥールレザーストラップ,シルバー,,,
D44BFH22F6000,Apple Watch本体,Apple,Hermès Series 6,Apple Watch Hermès Series 6 44mm (GPS + Cellular) シルバーステンレススチールケース ヴォー・スウィフト（バンブー）シンプルトゥールレザーストラップ,シルバー,,,
QG9R2T74DI000,Apple Watch本体,Apple,Hermès Series 6,Apple Watch Hermès Series 6 44mm (GPS + Cellular) シルバーステンレススチールケース ヴォー・スウィフト（ルージュピマン）シンプルトゥールレザーストラップ,シルバー,,,
OCX8L36WAY000,Apple Watch本体,Apple,Hermès Series 6,Apple Watch Hermès Series 6 44mm (GPS + Cellular) シルバーステンレススチールケース ヴォー・スウィフト（黒）シンプルトゥールディプロイアントバックルレザーストラップ,シルバー,,,
5IK8Y48QH8000,Apple Watch本体,Apple,Hermès Series 6,Apple Watch Hermès Series 6 44mm (GPS + Cellular) シルバーステンレススチールケース ヴォー・バレニア（エベンヌ）シンプルトゥールディプロイアントバックルレザーストラップ,シルバー,,,
MN6F0LNA33000,Apple Watch本体,Apple,Hermès Series 6,Apple Watch Hermès Series 6 44mm (GPS + Cellular) シルバーステンレススチールケース ヴォー・バレニア（フォーヴ）アトラージュ・シンプルトゥールレザーストラップ,シルバー,,,
R9566TVWLR000,Apple Watch本体,Apple,Hermès Series 7,Apple Watch Hermès Series 7 41mm (GPS + Cellular) シルバーステンレススチールケース ゴールドシンプルトゥールレザーストラップ MKJ53J/A,シルバー,,,
C29U2XS575000,Apple Watch本体,Apple,Hermès Series 7,Apple Watch Hermès Series 7 41mm (GPS + Cellular) シルバーステンレススチールケース ジャンピング（カシス/マグノリア）シンプルトゥールストラップ,シルバー,,,
D2SD5CSVI5000,Apple Watch本体,Apple,Hermès Series 7,Apple Watch Hermès Series 7 41mm (GPS + Cellular) シルバーステンレススチールケース ヴォー・スウィフト（ゴールド）アトラージュ・ドゥブルトゥールレザーストラップ,シルバー,,,
ISV4YF4APQ000,Apple Watch本体,Apple,Hermès Series 7,Apple Watch Hermès Series 7 41mm (GPS + Cellular) シルバーステンレススチールケース （カシス）シンプルトゥールレザーストラップ,シルバー,,,
9DWEP492GW000,Apple Watch本体,Apple,Hermès Series 7,Apple Watch Hermès Series 7 41mm (GPS + Cellular) シルバーステンレススチールケース （ブルー・ラン）アトラージュ・ドゥブルトゥールレザーストラップ,シルバー,,,
4JCAJBNYX6000,Apple Watch本体,Apple,Hermès Series 7,Apple Watch Hermès Series 7 41mm (GPS + Cellular) シルバーステンレススチールケース （ルージュH）アトラージュ・ドゥブルトゥールレザーストラップ,シルバー,,,
1EVH8JBY1H000,Apple Watch本体,Apple,Hermès Series 7,Apple Watch Hermès Series 7 41mm (GPS + Cellular) シルバーステンレススチールケース （ルージュ・ドゥ・クール）アトラージュ・ドゥブルトゥールレザーストラップ,シルバー,,,
IZV86ETPXH000,Apple Watch本体,Apple,Hermès Series 7,Apple Watch Hermès Series 7 41mm (GPS + Cellular) シルバーステンレススチールケース （ルージュ・ドゥ・クール）シンプルトゥールレザーストラップ,シルバー,,,
MM0KYVNTJM000,Apple Watch本体,Apple,Hermès Series 7,Apple Watch Hermès Series 7 41mm (GPS + Cellular) スペースブラックステンレススチールケース （白）アトラージュ・ドゥブルトゥールレザーストラップ,スペースブラック,,,
Z1JM2B2K2Q000,Apple Watch本体,Apple,Hermès Series 7,Apple Watch Hermès Series 7 45mm (GPS + Cellular) シルバーステンレススチールケース ジャンピング（クラフト/オレンジ）シンプルトゥールストラップ,シルバー,,,
KLDYZ8Q0JI000,Apple Watch本体,Apple,Hermès Series 7,Apple Watch Hermès Series 7 45mm (GPS + Cellular) シルバーステンレススチールケース ジャンピング（クラフト/ライム）シンプルトゥールストラップ,シルバー,,,
HZ0RT35AOB000,Apple Watch本体,Apple,Hermès Series 7,Apple Watch Hermès Series 7 45mm (GPS + Cellular) シルバーステンレススチールケース ジャンピング（ブルー・ラン/ヴェール・ヴェロネーズ）シンプルトゥールストラップ,シルバー,,,
P4B45Z858M000,Apple Watch本体,Apple,Hermès Series 7,Apple Watch Hermès Series 7 45mm (GPS + Cellular) シルバーステンレススチールケース ヴォー・スウィフト（ネイビー）シンプルトゥールレザーストラップ,シルバー,,,
Z7FNX36POS000,Apple Watch本体,Apple,Hermès Series 7,Apple Watch Hermès Series 7 45mm (GPS + Cellular) シルバーステンレススチールケース ヴォー・スウィフト（白）シンプルトゥールレザーストラップ,シルバー,,,
4OFIXUQUNW000,Apple Watch本体,Apple,Hermès Series 7,Apple Watch Hermès Series 7 45mm (GPS + Cellular) シルバーステンレススチールケース ヴォー・スウィフト（黒）シンプルトゥールディプロイアントバックルレザーストラップ,シルバー,,,
PUOASXFT1H000,Apple Watch本体,Apple,Hermès Series 7,Apple Watch Hermès Series 7 45mm (GPS + Cellular) シルバーステンレススチールケース ヴォー・バレニア（エベンヌ）アトラージュ・シンプルトゥールレザーストラップ,シルバー,,,
4PWRVPT8I3000,Apple Watch本体,Apple,Hermès Series 7,Apple Watch Hermès Series 7 45mm (GPS + Cellular) シルバーステンレススチールケース ヴォー・バレニア（フォーヴ）シンプルトゥールディプロイアントバックルレザーストラップ,シルバー,,,
8L8920NIUJ000,Apple Watch本体,Apple,Hermès Series 7,Apple Watch Hermès Series 7 45mm (GPS + Cellular) シルバーステンレススチールケース （グリ・メイヤー）シンプルトゥールレザーストラップ,シルバー,,,
M4ON45K6Y1000,Apple Watch本体,Apple,Hermès Series 7,Apple Watch Hermès Series 7 45mm (GPS + Cellular) シルバーステンレススチールケース （ビスキュイ/ブルー・エレクトリック）サーキットH・シンプルトゥールレザーストラップ,シルバー,,,
ATZA0VRN45000,Apple Watch本体,Apple,Hermès Series 7,Apple Watch Hermès Series 7 45mm (GPS + Cellular) シルバーステンレススチールケース （ライム）シンプルトゥールレザーストラップ,シルバー,,,
15MKVZULQG000,Apple Watch本体,Apple,Hermès Series 7,Apple Watch Hermès Series 7 45mm (GPS + Cellular) シルバーステンレススチールケース （黒）アトラージュ・シンプルトゥールレザーストラップ,シルバー,,,
S4WBAIC6V8000,Apple Watch本体,Apple,Hermès Series 7,Apple Watch Hermès Series 7 45mm (GPS + Cellular) スペースブラックステンレススチールケース ジャンピング（黒/グリ・クレール）シンプルトゥールストラップ,スペースブラック,,,
NSHDK6750N000,Apple Watch本体,Apple,Hermès Series 7,Apple Watch Hermès Series 7 45mm (GPS + Cellular) スペースブラックステンレススチールケース （黒/ブルー・エレクトリック）サーキットH・シンプルトゥールレザーストラップ,スペースブラック,,,
R54VDVHH04000,Apple Watch本体,Apple,Hermès Series 8,Apple Watch Hermès Series 8 41mm (GPS + Cellular) シルバーステンレススチールケース カザック（ローズ・アザレ/黒）シンプルトゥールストラップ,シルバー,,,
A5ME427INU000,Apple Watch本体,Apple,Hermès Series 8,Apple Watch Hermès Series 8 41mm (GPS + Cellular) シルバーステンレススチールケース ジャンピング（ローズ・テキサス/ルージュ・ピマン）シンプルトゥールストラップ,シルバー,,,
S43C4YXJN5000,Apple Watch本体,Apple,Hermès Series 8,Apple Watch Hermès Series 8 41mm (GPS + Cellular) シルバーステンレススチールケース ヴォー・スウィフト（オレンジ/白）カザック・ドゥブルトゥールレザーストラップ,シルバー,,,
6WA5TFHBQN000,Apple Watch本体,Apple,Hermès Series 8,Apple Watch Hermès Series 8 41mm (GPS + Cellular) シルバーステンレススチールケース ヴォー・スウィフト（オレンジ）シンプルトゥールレザーストラップ,シルバー,,,
4HKD6X0SBH000,Apple Watch本体,Apple,Hermès Series 8,Apple Watch Hermès Series 8 41mm (GPS + Cellular) シルバーステンレススチールケース ヴォー・スウィフト（ゴールド）アトラージュ・ドゥブルトゥールレザーストラップ,シルバー,,,
LSDO83BCPL000,Apple Watch本体,Apple,Hermès Series 8,Apple Watch Hermès Series 8 41mm (GPS + Cellular) シルバーステンレススチールケース ヴォー・スウィフト（ネイビー）シンプルトゥールレザーストラップ,シルバー,,,
1570WEZ2JO000,Apple Watch本体,Apple,Hermès Series 8,Apple Watch Hermès Series 8 41mm (GPS + Cellular) シルバーステンレススチールケース ヴォー・スウィフト（バンブー）アトラージュ・ドゥブルトゥールレザーストラップ,シルバー,,,
7BVC8H8NGN000,Apple Watch本体,Apple,Hermès Series 8,Apple Watch Hermès Series 8 41mm (GPS + Cellular) シルバーステンレススチールケース ヴォー・スウィフト（バンブー）シンプルトゥールレザーストラップ,シルバー,,,
V1L1HWUEWG000,Apple Watch本体,Apple,Hermès Series 8,Apple Watch Hermès Series 8 41mm (GPS + Cellular) シルバーステンレススチールケース ヴォー・スウィフト（ベトン）アトラージュ・ドゥブルトゥールレザーストラップ,シルバー,,,
5K8OQY4YGS000,Apple Watch本体,Apple,Hermès Series 8,Apple Watch Hermès Series 8 41mm (GPS + Cellular) シルバーステンレススチールケース ヴォー・スウィフト（ローズ・アザレ）アトラージュ・ドゥブルトゥールレザーストラップ,シルバー,,,
XZ7XJKFYAS000,Apple Watch本体,Apple,Hermès Series 8,Apple Watch Hermès Series 8 41mm (GPS + Cellular) シルバーステンレススチールケース ヴォー・スウィフト（ローズ・アザレ）シンプルトゥールレザーストラップ,シルバー,,,
4FXP3F12Z4000,Apple Watch本体,Apple,Hermès Series 8,Apple Watch Hermès Series 8 41mm (GPS + Cellular) シルバーステンレススチールケース ヴォー・スウィフト（ローズ・テキサス）アトラージュ・ドゥブルトゥールレザーストラップ,シルバー,,,
NY2M70KSSE000,Apple Watch本体,Apple,Hermès Series 8,Apple Watch Hermès Series 8 41mm (GPS + Cellular) シルバーステンレススチールケース ヴォー・スウィフト（ローズ・テキサス）シンプルトゥールレザーストラップ,シルバー,,,
MRRGRW06HU000,Apple Watch本体,Apple,Hermès Series 8,Apple Watch Hermès Series 8 41mm (GPS + Cellular) シルバーステンレススチールケース ヴォー・スウィフト（ヴェール・ルソー）アトラージュ・ドゥブルトゥールレザーストラップ,シルバー,,,
GHSAG5DDHQ000,Apple Watch本体,Apple,Hermès Series 8,Apple Watch Hermès Series 8 41mm (GPS + Cellular) シルバーステンレススチールケース ヴォー・スウィフト（白）アトラージュ・ドゥブルトゥールレザーストラップ,シルバー,,,
J71T00424Q000,Apple Watch本体,Apple,Hermès Series 8,Apple Watch Hermès Series 8 41mm (GPS + Cellular) シルバーステンレススチールケース ヴォー・スウィフト（白）シンプルトゥールレザーストラップ,シルバー,,,
8HWWBKIQDQ000,Apple Watch本体,Apple,Hermès Series 8,Apple Watch Hermès Series 8 41mm (GPS + Cellular) シルバーステンレススチールケース ヴォー・スウィフト（黒）グルメットメタル・ドゥブルトゥールレザーストラップ,シルバー,,,
QUAB43IBD8000,Apple Watch本体,Apple,Hermès Series 8,Apple Watch Hermès Series 8 41mm (GPS + Cellular) シルバーステンレススチールケース ヴォー・スウィフト（黒）グルメット・ドゥブルトゥールレザーストラップ,シルバー,,,
MNOJIU604K000,Apple Watch本体,Apple,Hermès Series 8,Apple Watch Hermès Series 8 41mm (GPS + Cellular) シルバーステンレススチールケース ヴォー・スウィフト（黒）シンプルトゥールレザーストラップ,シルバー,,,
BU4RX7XYWW000,Apple Watch本体,Apple,Hermès Series 8,Apple Watch Hermès Series 8 41mm (GPS + Cellular) スペースブラックステンレススチールケース ヴォー・スウィフト（オレンジ）シンプルトゥールレザーストラップ,スペースブラック,,,
DK2VMUVKMO000,Apple Watch本体,Apple,Hermès Series 8,Apple Watch Hermès Series 8 41mm (GPS + Cellular) スペースブラックステンレススチールケース ヴォー・スウィフト（ゴールド）シンプルトゥールレザーストラップ,スペースブラック,,,
6JF974YKS5000,Apple Watch本体,Apple,Hermès Series 8,Apple Watch Hermès Series 8 41mm (GPS + Cellular) スペースブラックステンレススチールケース ヴォー・スウィフト（ネイビー）シンプルトゥールレザーストラップ,スペースブラック,,,
WB4FO3E9DI000,Apple Watch本体,Apple,Hermès Series 8,Apple Watch Hermès Series 8 41mm (GPS + Cellular) スペースブラックステンレススチールケース ヴォー・スウィフト（バンブー）シンプルトゥールレザーストラップ,スペースブラック,,,
P44GZ6JKTN000,Apple Watch本体,Apple,Hermès Series 8,Apple Watch Hermès Series 8 41mm (GPS + Cellular) スペースブラックステンレススチールケース ヴォー・スウィフト（ローズ・アザレ）シンプルトゥールレザーストラップ,スペースブラック,,,
58H2YTQ1BC000,Apple Watch本体,Apple,Hermès Series 8,Apple Watch Hermès Series 8 41mm (GPS + Cellular) スペースブラックステンレススチールケース ヴォー・スウィフト（白）シンプルトゥールレザーストラップ,スペースブラック,,,
3CHXU3EK9H000,Apple Watch本体,Apple,Hermès Series 8,Apple Watch Hermès Series 8 41mm (GPS + Cellular) スペースブラックステンレススチールケース ヴォー・スウィフト（黒）シンプルトゥールレザーストラップ MNJY3J/A,スペースブラック,,,
2VQGEUOWJK000,Apple Watch本体,Apple,Hermès Series 8,Apple Watch Hermès Series 8 45mm (GPS + Cellular) シルバーステンレススチールケース カザック（ルージュH/ブルー・サフィール）シンプルトゥールストラップ,シルバー,,,
EPJRDWTLOZ000,Apple Watch本体,Apple,Hermès Series 8,Apple Watch Hermès Series 8 45mm (GPS + Cellular) シルバーステンレススチールケース ジャンピング（ルージュ・セリエ/ブルー・サフィール）シンプルトゥールストラップ,シルバー,,,
64YNSYRT5P000,Apple Watch本体,Apple,Hermès Series 8,Apple Watch Hermès Series 8 45mm (GPS + Cellular) シルバーステンレススチールケース ヴォー・スウィフト（オレンジ）シンプルトゥールレザーストラップ,シルバー,,,
XXEPDA5ZRY000,Apple Watch本体,Apple,Hermès Series 8,Apple Watch Hermès Series 8 45mm (GPS + Cellular) シルバーステンレススチールケース ヴォー・スウィフト（グリ・メイヤー）Hディアゴナル・シンプルトゥールレザーストラップ,シルバー,,,
R504HJ4VOK000,Apple Watch本体,Apple,Hermès Series 8,Apple Watch Hermès Series 8 45mm (GPS + Cellular) シルバーステンレススチールケース ヴォー・スウィフト（ゴールド）Hディアゴナル・シンプルトゥールレザーストラップ,シルバー,,,
K7BG73X9Q7000,Apple Watch本体,Apple,Hermès Series 8,Apple Watch Hermès Series 8 45mm (GPS + Cellular) シルバーステンレススチールケース ヴォー・スウィフト（ゴールド）シンプルトゥールレザーストラップ MNL23J/A,シルバー,,,
WGQYLI72NR000,Apple Watch本体,Apple,Hermès Series 8,Apple Watch Hermès Series 8 45mm (GPS + Cellular) シルバーステンレススチールケース ヴォー・スウィフト（ネイビー）シンプルトゥールレザーストラップ,シルバー,,,
PUYBERZQB0000,Apple Watch本体,Apple,Hermès Series 8,Apple Watch Hermès Series 8 45mm (GPS + Cellular) シルバーステンレススチールケース ヴォー・スウィフト（バンブー）シンプルトゥールレザーストラップ,シルバー,,,
S2MLA5D4B0000,Apple Watch本体,Apple,Hermès Series 8,Apple Watch Hermès Series 8 45mm (GPS + Cellular) シルバーステンレススチールケース ヴォー・スウィフト（ヴェール・ルソー）シンプルトゥールレザーストラップ,シルバー,,,
2GOBVVIHW9000,Apple Watch本体,Apple,Hermès Series 8,Apple Watch Hermès Series 8 45mm (GPS + Cellular) シルバーステンレススチールケース ヴォー・スウィフト（白）シンプルトゥールレザーストラップ,シルバー,,,
Q7ATGBUMLG000,Apple Watch本体,Apple,Hermès Series 8,Apple Watch Hermès Series 8 45mm (GPS + Cellular) シルバーステンレススチールケース ヴォー・スウィフト（黒）シンプルトゥールディプロイアントバックルレザーストラップ,シルバー,,,
JUF1CDYFTX000,Apple Watch本体,Apple,Hermès Series 8,Apple Watch Hermès Series 8 45mm (GPS + Cellular) シルバーステンレススチールケース ヴォー・スウィフト（黒）シンプルトゥールレザーストラップ,シルバー,,,
PT0YOT75XP000,Apple Watch本体,Apple,Hermès Series 8,Apple Watch Hermès Series 8 45mm (GPS + Cellular) シルバーステンレススチールケース ヴォー・バレニア（エベンヌ）シンプルトゥールディプロイアントバックルレザーストラップ,シルバー,,,
Z3EU0WK605000,Apple Watch本体,Apple,Hermès Series 8,Apple Watch Hermès Series 8 45mm (GPS + Cellular) シルバーステンレススチールケース ヴォー・バレニア（フォーヴ）シンプルトゥールディプロイアントバックルレザーストラップ,シルバー,,,
URQCWF464U000,Apple Watch本体,Apple,Hermès Series 8,Apple Watch Hermès Series 8 45mm (GPS + Cellular) スペースブラックステンレススチールケース ヴォー・スウィフト（オレンジ）シンプルトゥールレザーストラップ,スペースブラック,,,
S317EVOC4O000,Apple Watch本体,Apple,Hermès Series 8,Apple Watch Hermès Series 8 45mm (GPS + Cellular) スペースブラックステンレススチールケース ヴォー・スウィフト（ゴールド）シンプルトゥールレザーストラップ,スペースブラック,,,
4BNPXN8518000,Apple Watch本体,Apple,Hermès Series 8,Apple Watch Hermès Series 8 45mm (GPS + Cellular) スペースブラックステンレススチールケース ヴォー・スウィフト（ネイビー）シンプルトゥールレザーストラップ,スペースブラック,,,
4S7WW0XRVJ000,Apple Watch本体,Apple,Hermès Series 8,Apple Watch Hermès Series 8 45mm (GPS + Cellular) スペースブラックステンレススチールケース ヴォー・スウィフト（バンブー）シンプルトゥールレザーストラップ,スペースブラック,,,
UNGJZHV8H1000,Apple Watch本体,Apple,Hermès Series 8,Apple Watch Hermès Series 8 45mm (GPS + Cellular) スペースブラックステンレススチールケース ヴォー・スウィフト（ブルー・ドゥ・フランス）Hディアゴナル・シンプルトゥールレザーストラップ,スペースブラック,,,
2MEWL3F0F1000,Apple Watch本体,Apple,Hermès Series 8,Apple Watch Hermès Series 8 45mm (GPS + Cellular) スペースブラックステンレススチールケース ヴォー・スウィフト（白）シンプルトゥールレザーストラップ,スペースブラック,,,
YGOZAWNZUD000,Apple Watch本体,Apple,Hermès Series 8,Apple Watch Hermès Series 8 45mm (GPS + Cellular) スペースブラックステンレススチールケース ヴォー・スウィフト（黒）シンプルトゥールレザーストラップ MNL53J/A,スペースブラック,,,
VA7HSS1TP0000,Apple Watch本体,Apple,Hermès Series 9,Apple Watch Hermès Series 9 41mm (GPS + Cellular) シルバーステンレススチールケース キリム（オレンジ）シンプルトゥールストラップ,シルバー,,,
43YSH404IS000,Apple Watch本体,Apple,Hermès Series 9,Apple Watch Hermès Series 9 41mm (GPS + Cellular) シルバーステンレススチールケース キリム（ネイビー）シンプルトゥールストラップ,シルバー,,,
4HD8XIB18E000,Apple Watch本体,Apple,Hermès Series 9,Apple Watch Hermès Series 9 41mm (GPS + Cellular) シルバーステンレススチールケース キリム（ブルーセレスト）シンプルトゥールストラップ,シルバー,,,
RMI0J71JLM000,Apple Watch本体,Apple,Hermès Series 9,Apple Watch Hermès Series 9 41mm (GPS + Cellular) シルバーステンレススチールケース キリム（ルージュH）シンプルトゥールストラップ,シルバー,,,
Z7K4IB3YWB000,Apple Watch本体,Apple,Hermès Series 9,Apple Watch Hermès Series 9 41mm (GPS + Cellular) シルバーステンレススチールケース キリム（白）シンプルトゥールストラップ,シルバー,,,
5ZBTWDK4F8000,Apple Watch本体,Apple,Hermès Series 9,Apple Watch Hermès Series 9 41mm (GPS + Cellular) シルバーステンレススチールケース キリム（黒）シンプルトゥールストラップ,シルバー,,,
IK663WESOS000,Apple Watch本体,Apple,Hermès Series 9,Apple Watch Hermès Series 9 41mm (GPS + Cellular) シルバーステンレススチールケース ツイルジャンプ（オレンジ/ローズ・メキシコ）シンプルトゥールストラップ,シルバー,,,
LMWT1FLAD4000,Apple Watch本体,Apple,Hermès Series 9,Apple Watch Hermès Series 9 41mm (GPS + Cellular) シルバーステンレススチールケース ツイルジャンプ（ネイビー/ルージュH）シンプルトゥールストラップ,シルバー,,,
BEX4JY5SPG000,Apple Watch本体,Apple,Hermès Series 9,Apple Watch Hermès Series 9 41mm (GPS + Cellular) シルバーステンレススチールケース ツイルジャンプ（ブルーセレスト/ブルー・ジーン）シンプルトゥールストラップ,シルバー,,,
L4XTR9SNMR000,Apple Watch本体,Apple,Hermès Series 9,Apple Watch Hermès Series 9 41mm (GPS + Cellular) シルバーステンレススチールケース ツイルジャンプ（黒/ゴールド）シンプルトゥールストラップ,シルバー,,,
2UK2C8EABB000,Apple Watch本体,Apple,Hermès Series 9,Apple Watch Hermès Series 9 41mm (GPS + Cellular) シルバーステンレススチールケース トリコ（オレンジ）シンプルトゥールストラップ,シルバー,,,
GG8HVC4KG5000,Apple Watch本体,Apple,Hermès Series 9,Apple Watch Hermès Series 9 41mm (GPS + Cellular) シルバーステンレススチールケース トワルH（ゴールド/エクリュ）シンプルトゥールストラップ,シルバー,,,
OAF7ZK2WGX000,Apple Watch本体,Apple,Hermès Series 9,Apple Watch Hermès Series 9 41mm (GPS + Cellular) シルバーステンレススチールケース トワルH（デニム/黒）シンプルトゥールストラップ,シルバー,,,
2ALTELV91L000,Apple Watch本体,Apple,Hermès Series 9,Apple Watch Hermès Series 9 41mm (GPS + Cellular) シルバーステンレススチールケース ブリドン（ネイビー）シンプルトゥールストラップ,シルバー,,,
URGWEDF27I000,Apple Watch本体,Apple,Hermès Series 9,Apple Watch Hermès Series 9 41mm (GPS + Cellular) シルバーステンレススチールケース ブリドン（ネイビー）ドゥブルトゥールストラップ,シルバー,,,
96F4LNEKIJ000,Apple Watch本体,Apple,Hermès Series 9,Apple Watch Hermès Series 9 41mm (GPS + Cellular) シルバーステンレススチールケース ブリドン（ルージュH）シンプルトゥールストラップ,シルバー,,,
V08EUYK7IE000,Apple Watch本体,Apple,Hermès Series 9,Apple Watch Hermès Series 9 41mm (GPS + Cellular) シルバーステンレススチールケース ブリドン（ルージュH）ドゥブルトゥールストラップ,シルバー,,,
ZMD62O56WU000,Apple Watch本体,Apple,Hermès Series 9,Apple Watch Hermès Series 9 45mm (GPS + Cellular) シルバーステンレススチールケース キリム（オレンジ）シンプルトゥールストラップ,シルバー,,,
KHMISCB9FB000,Apple Watch本体,Apple,Hermès Series 9,Apple Watch Hermès Series 9 45mm (GPS + Cellular) シルバーステンレススチールケース キリム（カーキ）シンプルトゥールストラップ,シルバー,,,
U4Y4ZC0WT1000,Apple Watch本体,Apple,Hermès Series 9,Apple Watch Hermès Series 9 45mm (GPS + Cellular) シルバーステンレススチールケース キリム（ネイビー）シンプルトゥールストラップ,シルバー,,,
CNT6N4QIHR000,Apple Watch本体,Apple,Hermès Series 9,Apple Watch Hermès Series 9 45mm (GPS + Cellular) シルバーステンレススチールケース キリム（ブルーセレスト）シンプルトゥールストラップ,シルバー,,,
N1FA1DIGY8000,Apple Watch本体,Apple,Hermès Series 9,Apple Watch Hermès Series 9 45mm (GPS + Cellular) シルバーステンレススチールケース キリム（ルージュH）シンプルトゥールストラップ,シルバー,,,
JZFC4MBNPM000,Apple Watch本体,Apple,Hermès Series 9,Apple Watch Hermès Series 9 45mm (GPS + Cellular) シルバーステンレススチールケース キリム（白）シンプルトゥールストラップ,シルバー,,,
F8OZMYXGNR000,Apple Watch本体,Apple,Hermès Series 9,Apple Watch Hermès Series 9 45mm (GPS + Cellular) シルバーステンレススチールケース キリム（黒）シンプルトゥールストラップ,シルバー,,,
4ZJ1G956ZR000,Apple Watch本体,Apple,Hermès Series 9,Apple Watch Hermès Series 9 45mm (GPS + Cellular) シルバーステンレススチールケース ツイルジャンプ（オレンジ/カーキ）シンプルトゥールストラップ,シルバー,,,
AZR58GH2PO000,Apple Watch本体,Apple,Hermès Series 9,Apple Watch Hermès Series 9 45mm (GPS + Cellular) シルバーステンレススチールケース ツイルジャンプ（ジョーヌドール/ブルー・ジーン）シンプルトゥールストラップ,シルバー,,,
NXHF3OXKSD000,Apple Watch本体,Apple,Hermès Series 9,Apple Watch Hermès Series 9 45mm (GPS + Cellular) シルバーステンレススチールケース ツイルジャンプ（ネイビー/ルージュH）シンプルトゥールストラップ,シルバー,,,
D4WQS9FAGG000,Apple Watch本体,Apple,Hermès Series 9,Apple Watch Hermès Series 9 45mm (GPS + Cellular) シルバーステンレススチールケース ツイルジャンプ（黒/ゴールド）シンプルトゥールストラップ,シルバー,,,
04ZVUE46X9000,Apple Watch本体,Apple,Hermès Series 9,Apple Watch Hermès Series 9 45mm (GPS + Cellular) シルバーステンレススチールケース トリコ（ブルー・ジーン）シンプルトゥールストラップ,シルバー,,,
RELGFLAFLE000,Apple Watch本体,Apple,Hermès Series 9,Apple Watch Hermès Series 9 45mm (GPS + Cellular) シルバーステンレススチールケース トリコ（ベージュ・ドゥ・ヴェマール）シンプルトゥールストラップ,シルバー,,,
AD1E0A2C2J000,Apple Watch本体,Apple,Hermès Series 9,Apple Watch Hermès Series 9 45mm (GPS + Cellular) シルバーステンレススチールケース トワルH（ゴールド/エクリュ）シンプルトゥールストラップ,シルバー,,,
9MG4P6O5SG000,Apple Watch本体,Apple,Hermès Series 9,Apple Watch Hermès Series 9 45mm (GPS + Cellular) シルバーステンレススチールケース トワルH（ヴェール/黒）シンプルトゥールストラップ,シルバー,,,
TNV9OLRV58000,Apple Watch本体,Apple,Hermès Series 9,Apple Watch Hermès Series 9 45mm (GPS + Cellular) シルバーステンレススチールケース ブリドン（カーキ）シンプルトゥールストラップ,シルバー,,,
YRQMKXICD1000,Apple Watch本体,Apple,Hermès Series 9,Apple Watch Hermès Series 9 45mm (GPS + Cellular) シルバーステンレススチールケース ブリドン（黒）シンプルトゥールストラップ,シルバー,,,
5TD96HA6S6000,Apple Watch本体,Apple,Hermès Ultra 2,Apple Watch Hermès Ultra 2 49mm (GPS + Cellular) ナチュラルチタニウムケース アンメール（ブルー・イドラ）,ナチュラル,,,
TY0H3PK4J9000,Apple Watch本体,Apple,Hermès Ultra 2,Apple Watch Hermès Ultra 2 49mm (GPS + Cellular) ナチュラルチタニウムケース アンメール（ブルー・ニュイ）,ナチュラル,,,
XSYYCSKYN9000,Apple Watch本体,Apple,Hermès Ultra 3,Apple Watch Hermès Ultra 3 49mm (GPS + Cellular) ナチュラルチタニウムケース アンメール（ブルー・グリ/ブルー・グラシエ）,ナチュラル,,,
3RO3PWZD3K000,Apple Watch本体,Apple,Hermès Ultra 3,Apple Watch Hermès Ultra 3 49mm (GPS + Cellular) ナチュラルチタニウムケース アンメール（黒/ブルー・ニュイ）,ナチュラル,,,
ABXRZXV04J000,Apple Watch本体,Apple,Hermès Ultra 3,Apple Watch Hermès Ultra 3 49mm (GPS + Cellular) ナチュラルチタニウムケース スキュブHダイビング（オランジュ・ネオン）,ナチュラル,,,
ZUGZK0F4G7000,Apple Watch本体,Apple,Hermès Ultra 3,Apple Watch Hermès Ultra 3 49mm (GPS + Cellular) ナチュラルチタニウムケース スキュブHダイビング（ブルー・ネオン）,ナチュラル,,,
9GAGX0TUIL000,Apple Watch本体,Apple,Hermès Ultra 3,Apple Watch Hermès Ultra 3 49mm (GPS + Cellular) ナチュラルチタニウムケース スキュブHダイビング（黒）,ナチュラル,,,
VK5LMO8KE4000,Apple Watch本体,Apple,Hermès 初代,Apple Watch Hermès 初代 38mm シルバーステンレススチールケース ボックスカーフ（黒）シンプルトゥールレザーストラップ MLCP2J/A,シルバー,,,
WPFO0XJ0AT000,Apple Watch本体,Apple,Hermès 初代,Apple Watch Hermès 初代 38mm シルバーステンレススチールケース ヴォー・スウィフト（エタン）ドゥブルトゥールレザーストラップ MLC32J/A,シルバー,,,
24I44VSMDP000,Apple Watch本体,Apple,Hermès 初代,Apple Watch Hermès 初代 38mm シルバーステンレススチールケース ヴォー・スウィフト（カピュシーヌ）シンプルトゥールレザーストラップ MLJG2J/A,シルバー,,,
EXSOAYOX7I000,Apple Watch本体,Apple,Hermès 初代,Apple Watch Hermès 初代 38mm シルバーステンレススチールケース ヴォー・スウィフト（カピュシーヌ）ドゥブルトゥールレザーストラップ MLC22J/A,シルバー,,,
L1N44XP5FI000,Apple Watch本体,Apple,Hermès 初代,Apple Watch Hermès 初代 38mm シルバーステンレススチールケース ヴォー・スウィフト（ブルー・ジーン）ドゥブルトゥールレザーストラップ MLC12J/A,シルバー,,,
4JJA8QA0X4000,Apple Watch本体,Apple,Hermès 初代,Apple Watch Hermès 初代 38mm シルバーステンレススチールケース ヴォー・バレニア（フォーヴ）シンプルトゥールレザーストラップ MLCN2J/A,シルバー,,,
7EI3UAENAG000,Apple Watch本体,Apple,Hermès 初代,Apple Watch Hermès 初代 38mm シルバーステンレススチールケース ヴォー・バレニア（フォーヴ）ドゥブルトゥールレザーストラップ MLC02J/A,シルバー,,,
J7V1CN884P000,Apple Watch本体,Apple,Hermès 初代,Apple Watch Hermès 初代 42mm シルバーステンレススチールケース ボックスカーフ（黒）シンプルトゥールレザーストラップ MLCD2J/A,シルバー,,,
ILCEHZ9TQC000,Apple Watch本体,Apple,Hermès 初代,Apple Watch Hermès 初代 42mm シルバーステンレススチールケース ヴォー・バレニア（フォーヴ）カフレザーストラップ MLCE2J/A,シルバー,,,
V3QNFAXX44000,Apple Watch本体,Apple,Hermès 初代,Apple Watch Hermès 初代 42mm シルバーステンレススチールケース ヴォー・バレニア（フォーヴ）シンプルトゥールレザーストラップ MLCC2J/A,シルバー,,,
7HA30DBFYN000,Apple Watch本体,Apple,Nike SE,Apple Watch Nike SE 40mm (GPS + Cellular) シルバーアルミニウムケース ピュアプラチナム/ブラックNikeスポーツバンド (レギュラー) MKR43J/A,シルバー,,,4549995259698
L36WHK4UXK000,Apple Watch本体,Apple,Nike SE,Apple Watch Nike SE 40mm (GPS + Cellular) スペースグレイアルミニウムケース アンスラサイト/ブラックNikeスポーツバンド (レギュラー) MG013J/A,スペースグレイ,,,4549995169553
0T0A4G5AJF000,Apple Watch本体,Apple,Nike SE,Apple Watch Nike SE 40mm (GPS) シルバーアルミニウムケース ピュアプラチナム/ブラックNikeスポーツバンド (レギュラー) MKQ23J/A,シルバー,,,4549995257168
J1Q7VM7FZW000,Apple Watch本体,Apple,Nike SE,Apple Watch Nike SE 40mm (GPS) スペースグレイアルミニウムケース アンスラサイト/ブラックNikeスポーツバンド (レギュラー) MKQ33J/A,スペースグレイ,,,4549995257205
R8RLHFPPQH000,Apple Watch本体,Apple,Nike SE,Apple Watch Nike SE 44mm (GPS + Cellular) シルバーアルミニウムケース ピュアプラチナム/ブラックNikeスポーツバンド (レギュラー) MKT63J/A,シルバー,,,4549995260496
CEUJ1S86FY000,Apple Watch本体,Apple,Nike SE,Apple Watch Nike SE 44mm (GPS + Cellular) スペースグレイアルミニウムケース アンスラサイト/ブラックNikeスポーツバンド (レギュラー) MKT73J/A,スペースグレイ,,,4549995260502
AEJ7QDJQLX000,Apple Watch本体,Apple,Nike SE,Apple Watch Nike SE 44mm (GPS) シルバーアルミニウムケース カーゴカーキNikeスポーツループ,シルバー,,,
15ZLMRCTN0000,Apple Watch本体,Apple,Nike SE,Apple Watch Nike SE 44mm (GPS) シルバーアルミニウムケース サミットホワイトNikeスポーツループ,シルバー,,,
XEQQE4W3AN000,Apple Watch本体,Apple,Nike SE,Apple Watch Nike SE 44mm (GPS) シルバーアルミニウムケース スプルースオーラ/ベイパーグリーンNikeスポーツバンド (S/M・M/L),シルバー,,,
YHWY4S8KKM000,Apple Watch本体,Apple,Nike SE,Apple Watch Nike SE 44mm (GPS) シルバーアルミニウムケース スプルースオーラNikeスポーツループ,シルバー,,,
PZS1Y9WFOL000,Apple Watch本体,Apple,Nike SE,Apple Watch Nike SE 44mm (GPS) シルバーアルミニウムケース ピュアプラチナム/ブラックNikeスポーツバンド (レギュラー) MKQ73J/A,シルバー,,,4549995257366
LS1A5C66UJ000,Apple Watch本体,Apple,Nike SE,Apple Watch Nike SE 44mm (GPS) シルバーアルミニウムケース ピンクオックスフォード/ローズウィスパーNikeスポーツバンド,シルバー,,,
4WP0U4VC4R000,Apple Watch本体,Apple,Nike SE,Apple Watch Nike SE 44mm (GPS) シルバーアルミニウムケース ブルーブラック/ブライトマンゴーNikeスポーツバンド (S/M・M/L),シルバー,,,
4D4PLUEF7J000,Apple Watch本体,Apple,Nike SE,Apple Watch Nike SE 44mm (GPS) シルバーアルミニウムケース プライドエディションNikeスポーツバンド (S/M・M/L),シルバー,,,
264HH6P7RZ000,Apple Watch本体,Apple,Nike SE,Apple Watch Nike SE 44mm (GPS) シルバーアルミニウムケース プライドエディションNikeスポーツループ,シルバー,,,
GU5KTJOQDU000,Apple Watch本体,Apple,Nike SE,Apple Watch Nike SE 44mm (GPS) シルバーアルミニウムケース マジックエンバー/クリムゾンブリスNikeスポーツバンド,シルバー,,,
P24XQD6YKN000,Apple Watch本体,Apple,Nike SE,Apple Watch Nike SE 44mm (GPS) シルバーアルミニウムケース ミッドナイトネイビー/ミスティックネイビーNikeスポーツバンド,シルバー,,,
VF56GHYB8R000,Apple Watch本体,Apple,Nike SE,Apple Watch Nike SE 44mm (GPS) スペースグレイアルミニウムケース アスタ/ライトシルバーNikeスポーツバンド (S/M・M/L),スペースグレイ,,,
Z4KVYLUAH4000,Apple Watch本体,Apple,Nike SE,Apple Watch Nike SE 44mm (GPS) スペースグレイアルミニウムケース アンスラサイト/ブラックNikeスポーツバンド (レギュラー) MYYK2J/A,スペースグレイ,,,4549995169461
LWSPR1QIMS000,Apple Watch本体,Apple,Nike SE,Apple Watch Nike SE 44mm (GPS) スペースグレイアルミニウムケース オブシディアンミスト/ブラックNikeスポーツバンド (S/M・M/L),スペースグレイ,,,
FBWEVQZ6ZC000,Apple Watch本体,Apple,Nike SE,Apple Watch Nike SE 44mm (GPS) スペースグレイアルミニウムケース オブシディアンミストNikeスポーツループ,スペースグレイ,,,
0US2UFPRH6000,Apple Watch本体,Apple,Nike SE,Apple Watch Nike SE 44mm (GPS) スペースグレイアルミニウムケース オリーブグレー/カーゴカーキNikeスポーツバンド,スペースグレイ,,,
XEHYA1A96L000,Apple Watch本体,Apple,Nike SE,Apple Watch Nike SE 44mm (GPS) スペースグレイアルミニウムケース カーゴカーキNikeスポーツループ,スペースグレイ,,,
4VFEUFPWBQ000,Apple Watch本体,Apple,Nike SE,Apple Watch Nike SE 44mm (GPS) スペースグレイアルミニウムケース パープルパルスNikeスポーツループ,スペースグレイ,,,
DRMK4Y8J7D000,Apple Watch本体,Apple,Nike SE,Apple Watch Nike SE 44mm (GPS) スペースグレイアルミニウムケース ピュアプラチナム/ブラックNikeスポーツバンド (レギュラー),スペースグレイ,,,
430RPGC8VN000,Apple Watch本体,Apple,Nike SE,Apple Watch Nike SE 44mm (GPS) スペースグレイアルミニウムケース ブラックNikeスポーツループ,スペースグレイ,,,
KZB5LBMY0U000,Apple Watch本体,Apple,Nike SE,Apple Watch Nike SE 44mm (GPS) スペースグレイアルミニウムケース ブルーブラック/ブライトマンゴーNikeスポーツバンド (レギュラー),スペースグレイ,,,
OZ8S5HTNTJ000,Apple Watch本体,Apple,Nike Series 2,Apple Watch Nike Series 2 38mm シルバーアルミニウムケース ピュアプラチナム/ホワイトNikeスポーツバンド MQ1L2J/A,シルバー,,,
DCVEL9YEEP000,Apple Watch本体,Apple,Nike Series 2,Apple Watch Nike Series 2 38mm シルバーアルミニウムケース フラットシルバー/ホワイトNikeスポーツバンド MNRY2J/A,シルバー,,,
NZ2IE53CUQ000,Apple Watch本体,Apple,Nike Series 2,Apple Watch Nike Series 2 38mm シルバーアルミニウムケース フラットシルバー/ボルトNikeスポーツバンド MNYT2J/A,シルバー,,,
TAL4BK6IHJ000,Apple Watch本体,Apple,Nike Series 2,Apple Watch Nike Series 2 38mm スペースグレイアルミニウムケース アンスラサイト/ブラックNikeスポーツバンド (S/M・M/L) MQ1K2J/A,スペースグレイ,,,
TCUUA1CCA1000,Apple Watch本体,Apple,Nike Series 2,Apple Watch Nike Series 2 38mm スペースグレイアルミニウムケース ブラック/クールグレーNikeスポーツバンド MP002J/A,スペースグレイ,,,
H58NVG47GN000,Apple Watch本体,Apple,Nike Series 2,Apple Watch Nike Series 2 38mm スペースグレイアルミニウムケース ブラック/ボルトNikeスポーツバンド MP0J2J/A,スペースグレイ,,,
DJYI209HCO000,Apple Watch本体,Apple,Nike Series 2,Apple Watch Nike Series 2 42mm シルバーアルミニウムケース ピュアプラチナム/ホワイトNikeスポーツバンド MQ1N2J/A,シルバー,,,
QRNTPCCY54000,Apple Watch本体,Apple,Nike Series 2,Apple Watch Nike Series 2 42mm シルバーアルミニウムケース フラットシルバー/ホワイトNikeスポーツバンド MNTA2J/A,シルバー,,,
6JJWDUOPNL000,Apple Watch本体,Apple,Nike Series 2,Apple Watch Nike Series 2 42mm シルバーアルミニウムケース フラットシルバー/ボルトNikeスポーツバンド MNYU2J/A,シルバー,,,
MFKZFE0XYD000,Apple Watch本体,Apple,Nike Series 2,Apple Watch Nike Series 2 42mm スペースグレイアルミニウムケース アンスラサイト/ブラックNikeスポーツバンド (S/M・M/L) MQ1M2J/A,スペースグレイ,,,
3ZK4ID0POC000,Apple Watch本体,Apple,Nike Series 2,Apple Watch Nike Series 2 42mm スペースグレイアルミニウムケース ブラック/クールグレーNikeスポーツバンド MP012J/A,スペースグレイ,,,
K9NE4C47X9000,Apple Watch本体,Apple,Nike Series 2,Apple Watch Nike Series 2 42mm スペースグレイアルミニウムケース ブラック/ボルトNikeスポーツバンド MP0L2J/A,スペースグレイ,,,
ZYR9B44BXZ000,Apple Watch本体,Apple,Nike Series 3,Apple Watch Nike Series 3 38mm (GPS + Cellular) シルバーアルミニウムケース ピュアプラチナム/ブラックNikeスポーツバンド (S/M・M/L) MQM72J/A,シルバー,,,
TCJA4GH9XE000,Apple Watch本体,Apple,Nike Series 3,Apple Watch Nike Series 3 38mm (GPS + Cellular) シルバーアルミニウムケース ブライトクリムゾン/ブラックNikeスポーツループ MQM92J/A,シルバー,,,
2RQLWM1DWI000,Apple Watch本体,Apple,Nike Series 3,Apple Watch Nike Series 3 38mm (GPS + Cellular) スペースグレイアルミニウムケース アンスラサイト/ブラックNikeスポーツバンド (S/M・M/L) MTGQ2J/A,スペースグレイ,,,4549995043143
8Y72C07SAM000,Apple Watch本体,Apple,Nike Series 3,Apple Watch Nike Series 3 38mm (GPS) シルバーアルミニウムケース ピュアプラチナム/ブラックNikeスポーツバンド (S/M・M/L) MQKX2J/A,シルバー,,,
UTMIW0W9XY000,Apple Watch本体,Apple,Nike Series 3,Apple Watch Nike Series 3 38mm (GPS) スペースグレイアルミニウムケース アンスラサイト/ブラックNikeスポーツバンド (S/M・M/L) MTF12J/A,スペースグレイ,,,4549995043440
IMXYKH0JGQ000,Apple Watch本体,Apple,Nike Series 3,Apple Watch Nike Series 3 42mm (GPS + Cellular) シルバーアルミニウムケース ピュアプラチナム/ブラックNikeスポーツバンド (S/M・M/L) MQME2J/A,シルバー,,,
ETVOKGPK86000,Apple Watch本体,Apple,Nike Series 3,Apple Watch Nike Series 3 42mm (GPS + Cellular) シルバーアルミニウムケース ブライトクリムゾン/ブラックNikeスポーツループ MQMG2J/A,シルバー,,,
36PWOXIRC5000,Apple Watch本体,Apple,Nike Series 3,Apple Watch Nike Series 3 42mm (GPS + Cellular) スペースグレイアルミニウムケース アンスラサイト/ブラックNikeスポーツバンド (S/M・M/L) MTH42J/A,スペースグレイ,,,4549995043174
WTP8BSNH9J000,Apple Watch本体,Apple,Nike Series 3,Apple Watch Nike Series 3 42mm (GPS) シルバーアルミニウムケース ピュアプラチナム/ブラックNikeスポーツバンド (S/M・M/L) MQL32J/A,シルバー,,,
F9JRJW220R000,Apple Watch本体,Apple,Nike Series 3,Apple Watch Nike Series 3 42mm (GPS) スペースグレイアルミニウムケース アンスラサイト/ブラックNikeスポーツバンド (S/M・M/L) MTF42J/A,スペースグレイ,,,4549995043563
8AKNFOZC0N000,Apple Watch本体,Apple,Nike Series 4,Apple Watch Nike Series 4 40mm (GPS + Cellular) シルバーアルミニウムケース ピュアプラチナム/ブラックNikeスポーツバンド (S/M・M/L) MTX62J/A,シルバー,,,4549995046670
924QTCHESP000,Apple Watch本体,Apple,Nike Series 4,Apple Watch Nike Series 4 40mm (GPS + Cellular) スペースグレイアルミニウムケース アンスラサイト/ブラックNikeスポーツバンド (S/M・M/L) MTXG2J/A,スペースグレイ,,,
7F2QTOQZ66000,Apple Watch本体,Apple,Nike Series 4,Apple Watch Nike Series 4 40mm (GPS + Cellular) スペースグレイアルミニウムケース ブラックNikeスポーツループ MTXH2J/A,スペースグレイ,,,
E137POD794000,Apple Watch本体,Apple,Nike Series 4,Apple Watch Nike Series 4 40mm (GPS) シルバーアルミニウムケース サミットホワイトNikeスポーツループ MU7F2J/A,シルバー,,,
1F0XQ66ROQ000,Apple Watch本体,Apple,Nike Series 4,Apple Watch Nike Series 4 40mm (GPS) シルバーアルミニウムケース ピュアプラチナム/ブラックNikeスポーツバンド (S/M・M/L) MU6H2J/A,シルバー,,,
LVUQWW05DW000,Apple Watch本体,Apple,Nike Series 4,Apple Watch Nike Series 4 40mm (GPS) スペースグレイアルミニウムケース アンスラサイト/ブラックNikeスポーツバンド (S/M・M/L) MU6J2J/A,スペースグレイ,,,
NELVCP1TNR000,Apple Watch本体,Apple,Nike Series 4,Apple Watch Nike Series 4 40mm (GPS) スペースグレイアルミニウムケース ブラックNikeスポーツループ MU7G2J/A,スペースグレイ,,,
YVMC772PSJ000,Apple Watch本体,Apple,Nike Series 4,Apple Watch Nike Series 4 44mm (GPS + Cellular) シルバーアルミニウムケース サミットホワイトNikeスポーツループ MTXJ2J/A,シルバー,,,4549995046717
FM2Z94IDIB000,Apple Watch本体,Apple,Nike Series 4,Apple Watch Nike Series 4 44mm (GPS + Cellular) スペースグレイアルミニウムケース アンスラサイト/ブラックNikeスポーツバンド (S/M・M/L) MTXM2J/A,スペースグレイ,,,
5GP0ODAN6Z000,Apple Watch本体,Apple,Nike Series 4,Apple Watch Nike Series 4 44mm (GPS + Cellular) スペースグレイアルミニウムケース ブラックNikeスポーツループ MTXL2J/A,スペースグレイ,,,
K7EQB51IHD000,Apple Watch本体,Apple,Nike Series 4,Apple Watch Nike Series 4 44mm (GPS) シルバーアルミニウムケース サミットホワイトNikeスポーツループ MU7H2J/A,シルバー,,,
91V60UCBRO000,Apple Watch本体,Apple,Nike Series 4,Apple Watch Nike Series 4 44mm (GPS) シルバーアルミニウムケース ピュアプラチナム/ブラックNikeスポーツバンド (S/M・M/L) MU6K2J/A,シルバー,,,
9N1KI87MOI000,Apple Watch本体,Apple,Nike Series 4,Apple Watch Nike Series 4 44mm (GPS) スペースグレイアルミニウムケース アンスラサイト/ブラックNikeスポーツバンド (S/M・M/L) MU6L2J/A,スペースグレイ,,,
K781WBQ6ME000,Apple Watch本体,Apple,Nike Series 4,Apple Watch Nike Series 4 44mm (GPS) スペースグレイアルミニウムケース ブラックNikeスポーツループ MU7J2J/A,スペースグレイ,,,
RTH1NNJ9XB000,Apple Watch本体,Apple,Nike Series 5,Apple Watch Nike Series 5 40mm (GPS + Cellular) シルバーアルミニウムケース アンスラサイト/ブラックNikeスポーツバンド (S/M・M/L),シルバー,,,
LOLPUWUXL7000,Apple Watch本体,Apple,Nike Series 5,Apple Watch Nike Series 5 40mm (GPS + Cellular) シルバーアルミニウムケース サミットホワイトNikeスポーツループ,シルバー,,,
P8PJEBDBL4000,Apple Watch本体,Apple,Nike Series 5,Apple Watch Nike Series 5 40mm (GPS + Cellular) シルバーアルミニウムケース デザートサンド/ブラックNikeスポーツバンド (S/M・M/L),シルバー,,,
OF2819BO09000,Apple Watch本体,Apple,Nike Series 5,Apple Watch Nike Series 5 40mm (GPS + Cellular) シルバーアルミニウムケース デザートサンド/ボルトNikeスポーツループ,シルバー,,,
2OYT6SA6NC000,Apple Watch本体,Apple,Nike Series 5,Apple Watch Nike Series 5 40mm (GPS + Cellular) シルバーアルミニウムケース ハイパークリムゾン/ネプチューングリーンNikeスポーツループ,シルバー,,,
7VZV3VYLNM000,Apple Watch本体,Apple,Nike Series 5,Apple Watch Nike Series 5 40mm (GPS + Cellular) シルバーアルミニウムケース ピンクブラスト/トゥルーベリーNikeスポーツループ,シルバー,,,
9RSJ33OC0A000,Apple Watch本体,Apple,Nike Series 5,Apple Watch Nike Series 5 40mm (GPS + Cellular) シルバーアルミニウムケース ブラック/ピンクブラストNikeスポーツバンド (S/M・M/L),シルバー,,,
I74XCSLV79000,Apple Watch本体,Apple,Nike Series 5,Apple Watch Nike Series 5 40mm (GPS + Cellular) シルバーアルミニウムケース ブラック/ライムブラストNikeスポーツバンド (S/M・M/L),シルバー,,,
8H3BFT4ZSU000,Apple Watch本体,Apple,Nike Series 5,Apple Watch Nike Series 5 40mm (GPS + Cellular) シルバーアルミニウムケース ブラックNikeスポーツループ,シルバー,,,
EM4EP04P47000,Apple Watch本体,Apple,Nike Series 5,Apple Watch Nike Series 5 40mm (GPS + Cellular) シルバーアルミニウムケース プライドエディションNikeスポーツバンド (S/M・M/L),シルバー,,,
A31JW88H6O000,Apple Watch本体,Apple,Nike Series 5,Apple Watch Nike Series 5 40mm (GPS + Cellular) シルバーアルミニウムケース ミッドナイトターコイズ/オーロラグリーンNikeスポーツバンド (S/M・M/L),シルバー,,,
KM2AIHP3FL000,Apple Watch本体,Apple,Nike Series 5,Apple Watch Nike Series 5 40mm (GPS + Cellular) シルバーアルミニウムケース ロイヤルパルス/ブラックNikeスポーツバンド (S/M・M/L),シルバー,,,
TF0AJ54DMZ000,Apple Watch本体,Apple,Nike Series 5,Apple Watch Nike Series 5 40mm (GPS + Cellular) シルバーアルミニウムケース ロイヤルパルス/ラバグローNikeスポーツループ,シルバー,,,
8UZAIP7NGG000,Apple Watch本体,Apple,Nike Series 5,Apple Watch Nike Series 5 40mm (GPS + Cellular) シルバーアルミニウムケース ワールドインディゴ/ライムブラストNikeスポーツループ,シルバー,,,
PTG5VJM394000,Apple Watch本体,Apple,Nike Series 5,Apple Watch Nike Series 5 40mm (GPS + Cellular) スペースグレイアルミニウムケース サミットホワイトNikeスポーツループ,スペースグレイ,,,
VS2FPER3JW000,Apple Watch本体,Apple,Nike Series 5,Apple Watch Nike Series 5 40mm (GPS + Cellular) スペースグレイアルミニウムケース デザートサンド/ブラックNikeスポーツバンド (S/M・M/L),スペースグレイ,,,
D6RJGO6684000,Apple Watch本体,Apple,Nike Series 5,Apple Watch Nike Series 5 40mm (GPS + Cellular) スペースグレイアルミニウムケース デザートサンド/ボルトNikeスポーツループ,スペースグレイ,,,
I7H6ABZIW5000,Apple Watch本体,Apple,Nike Series 5,Apple Watch Nike Series 5 40mm (GPS + Cellular) スペースグレイアルミニウムケース ハイパークリムゾン/ネプチューングリーンNikeスポーツループ,スペースグレイ,,,
1DNHHQKJU1000,Apple Watch本体,Apple,Nike Series 5,Apple Watch Nike Series 5 40mm (GPS + Cellular) スペースグレイアルミニウムケース ピュアプラチナム/ブラックNikeスポーツバンド (S/M・M/L),スペースグレイ,,,
5QC7TPVG5Q000,Apple Watch本体,Apple,Nike Series 5,Apple Watch Nike Series 5 40mm (GPS + Cellular) スペースグレイアルミニウムケース ピンクブラスト/トゥルーベリーNikeスポーツループ,スペースグレイ,,,
FZTSBW4MUU000,Apple Watch本体,Apple,Nike Series 5,Apple Watch Nike Series 5 40mm (GPS + Cellular) スペースグレイアルミニウムケース ブラック/ピンクブラストNikeスポーツバンド (S/M・M/L),スペースグレイ,,,
DY119D3NOZ000,Apple Watch本体,Apple,Nike Series 5,Apple Watch Nike Series 5 40mm (GPS + Cellular) スペースグレイアルミニウムケース ブラック/ライムブラストNikeスポーツバンド (S/M・M/L),スペースグレイ,,,
ITKQ147TXJ000,Apple Watch本体,Apple,Nike Series 5,Apple Watch Nike Series 5 40mm (GPS + Cellular) スペースグレイアルミニウムケース ブラックNikeスポーツループ,スペースグレイ,,,
CAHDW3CG6A000,Apple Watch本体,Apple,Nike Series 5,Apple Watch Nike Series 5 40mm (GPS + Cellular) スペースグレイアルミニウムケース プライドエディションNikeスポーツバンド (S/M・M/L),スペースグレイ,,,
ILDCI2HQC0000,Apple Watch本体,Apple,Nike Series 5,Apple Watch Nike Series 5 40mm (GPS + Cellular) スペースグレイアルミニウムケース ミッドナイトターコイズ/オーロラグリーンNikeスポーツバンド (S/M・M/L),スペースグレイ,,,
X2BKV2L11F000,Apple Watch本体,Apple,Nike Series 5,Apple Watch Nike Series 5 40mm (GPS + Cellular) スペースグレイアルミニウムケース ロイヤルパルス/ブラックNikeスポーツバンド (S/M・M/L),スペースグレイ,,,
NE9L0TW6WK000,Apple Watch本体,Apple,Nike Series 5,Apple Watch Nike Series 5 40mm (GPS + Cellular) スペースグレイアルミニウムケース ロイヤルパルス/ラバグローNikeスポーツループ,スペースグレイ,,,
LDFPM6R1K4000,Apple Watch本体,Apple,Nike Series 5,Apple Watch Nike Series 5 40mm (GPS + Cellular) スペースグレイアルミニウムケース ワールドインディゴ/ライムブラストNikeスポーツループ,スペースグレイ,,,
NZKYIA3QED000,Apple Watch本体,Apple,Nike Series 5,Apple Watch Nike Series 5 40mm (GPS) シルバーアルミニウムケース アンスラサイト/ブラックNikeスポーツバンド (S/M・M/L),シルバー,,,
D9844L1FPN000,Apple Watch本体,Apple,Nike Series 5,Apple Watch Nike Series 5 40mm (GPS) シルバーアルミニウムケース サミットホワイトNikeスポーツループ,シルバー,,,
6MSF380V5E000,Apple Watch本体,Apple,Nike Series 5,Apple Watch Nike Series 5 40mm (GPS) シルバーアルミニウムケース デザートサンド/ブラックNikeスポーツバンド (S/M・M/L),シルバー,,,
LGZFJ85ICV000,Apple Watch本体,Apple,Nike Series 5,Apple Watch Nike Series 5 40mm (GPS) シルバーアルミニウムケース デザートサンド/ボルトNikeスポーツループ,シルバー,,,
08W0HQHFH1000,Apple Watch本体,Apple,Nike Series 5,Apple Watch Nike Series 5 40mm (GPS) シルバーアルミニウムケース ハイパークリムゾン/ネプチューングリーンNikeスポーツループ,シルバー,,,
A2IXNX7LQA000,Apple Watch本体,Apple,Nike Series 5,Apple Watch Nike Series 5 40mm (GPS) シルバーアルミニウムケース ピュアプラチナム/ブラックNikeスポーツバンド (S/M・M/L) MX3R2J/A,シルバー,,,4549995104790
XCQFEEH751000,Apple Watch本体,Apple,Nike Series 5,Apple Watch Nike Series 5 40mm (GPS) シルバーアルミニウムケース ピンクブラスト/トゥルーベリーNikeスポーツループ,シルバー,,,
3MXI8R2DRO000,Apple Watch本体,Apple,Nike Series 5,Apple Watch Nike Series 5 40mm (GPS) シルバーアルミニウムケース ブラック/ピンクブラストNikeスポーツバンド (S/M・M/L),シルバー,,,
HQXYGUKZ7Y000,Apple Watch本体,Apple,Nike Series 5,Apple Watch Nike Series 5 40mm (GPS) シルバーアルミニウムケース ブラック/ライムブラストNikeスポーツバンド (S/M・M/L),シルバー,,,
DHP08NQE5Y000,Apple Watch本体,Apple,Nike Series 5,Apple Watch Nike Series 5 40mm (GPS) シルバーアルミニウムケース ブラックNikeスポーツループ,シルバー,,,
NYLBYP4NS0000,Apple Watch本体,Apple,Nike Series 5,Apple Watch Nike Series 5 40mm (GPS) シルバーアルミニウムケース プライドエディションNikeスポーツバンド (S/M・M/L),シルバー,,,
END0T4OSN4000,Apple Watch本体,Apple,Nike Series 5,Apple Watch Nike Series 5 40mm (GPS) シルバーアルミニウムケース ミッドナイトターコイズ/オーロラグリーンNikeスポーツバンド (S/M・M/L),シルバー,,,
KGO4C7QXX4000,Apple Watch本体,Apple,Nike Series 5,Apple Watch Nike Series 5 40mm (GPS) シルバーアルミニウムケース ロイヤルパルス/ブラックNikeスポーツバンド (S/M・M/L),シルバー,,,
A4DPGTXNHC000,Apple Watch本体,Apple,Nike Series 5,Apple Watch Nike Series 5 40mm (GPS) シルバーアルミニウムケース ロイヤルパルス/ラバグローNikeスポーツループ,シルバー,,,
4KA7346E2P000,Apple Watch本体,Apple,Nike Series 5,Apple Watch Nike Series 5 40mm (GPS) シルバーアルミニウムケース ワールドインディゴ/ライムブラストNikeスポーツループ,シルバー,,,
UPOI1EWFF0000,Apple Watch本体,Apple,Nike Series 5,Apple Watch Nike Series 5 40mm (GPS) スペースグレイアルミニウムケース アンスラサイト/ブラックNikeスポーツバンド (S/M・M/L) MX3T2J/A,スペースグレイ,,,4549995104837
YV753567FS000,Apple Watch本体,Apple,Nike Series 5,Apple Watch Nike Series 5 40mm (GPS) スペースグレイアルミニウムケース サミットホワイトNikeスポーツループ,スペースグレイ,,,
R4NPEH7OJI000,Apple Watch本体,Apple,Nike Series 5,Apple Watch Nike Series 5 40mm (GPS) スペースグレイアルミニウムケース デザートサンド/ブラックNikeスポーツバンド (S/M・M/L),スペースグレイ,,,
AZPI7KRVTX000,Apple Watch本体,Apple,Nike Series 5,Apple Watch Nike Series 5 40mm (GPS) スペースグレイアルミニウムケース デザートサンド/ボルトNikeスポーツループ,スペースグレイ,,,
NCEHCI1F0R000,Apple Watch本体,Apple,Nike Series 5,Apple Watch Nike Series 5 40mm (GPS) スペースグレイアルミニウムケース ハイパークリムゾン/ネプチューングリーンNikeスポーツループ,スペースグレイ,,,
E85JA9JBXD000,Apple Watch本体,Apple,Nike Series 5,Apple Watch Nike Series 5 40mm (GPS) スペースグレイアルミニウムケース ピュアプラチナム/ブラックNikeスポーツバンド (S/M・M/L),スペースグレイ,,,
DOEOSU1IR2000,Apple Watch本体,Apple,Nike Series 5,Apple Watch Nike Series 5 40mm (GPS) スペースグレイアルミニウムケース ピンクブラスト/トゥルーベリーNikeスポーツループ,スペースグレイ,,,
27G9RY2JIN000,Apple Watch本体,Apple,Nike Series 5,Apple Watch Nike Series 5 40mm (GPS) スペースグレイアルミニウムケース ブラック/ピンクブラストNikeスポーツバンド (S/M・M/L),スペースグレイ,,,
64NNM0S0WH000,Apple Watch本体,Apple,Nike Series 5,Apple Watch Nike Series 5 40mm (GPS) スペースグレイアルミニウムケース ブラック/ライムブラストNikeスポーツバンド (S/M・M/L),スペースグレイ,,,
WBG74PUZEH000,Apple Watch本体,Apple,Nike Series 5,Apple Watch Nike Series 5 40mm (GPS) スペースグレイアルミニウムケース ブラックNikeスポーツループ,スペースグレイ,,,
6ZR04V9QP0000,Apple Watch本体,Apple,Nike Series 5,Apple Watch Nike Series 5 40mm (GPS) スペースグレイアルミニウムケース プライドエディションNikeスポーツバンド (S/M・M/L),スペースグレイ,,,
K4AX7Q90MF000,Apple Watch本体,Apple,Nike Series 5,Apple Watch Nike Series 5 40mm (GPS) スペースグレイアルミニウムケース ミッドナイトターコイズ/オーロラグリーンNikeスポーツバンド (S/M・M/L),スペースグレイ,,,
W4JFFRPU8U000,Apple Watch本体,Apple,Nike Series 5,Apple Watch Nike Series 5 40mm (GPS) スペースグレイアルミニウムケース ロイヤルパルス/ブラックNikeスポーツバンド (S/M・M/L),スペースグレイ,,,
0C13PLOP07000,Apple Watch本体,Apple,Nike Series 5,Apple Watch Nike Series 5 40mm (GPS) スペースグレイアルミニウムケース ロイヤルパルス/ラバグローNikeスポーツループ,スペースグレイ,,,
VA70E65XMC000,Apple Watch本体,Apple,Nike Series 5,Apple Watch Nike Series 5 40mm (GPS) スペースグレイアルミニウムケース ワールドインディゴ/ライムブラストNikeスポーツループ,スペースグレイ,,,
4R45CPDC6Y000,Apple Watch本体,Apple,Nike Series 5,Apple Watch Nike Series 5 44mm (GPS + Cellular) シルバーアルミニウムケース アンスラサイト/ブラックNikeスポーツバンド (S/M・M/L),シルバー,,,
0RFMYM29ES000,Apple Watch本体,Apple,Nike Series 5,Apple Watch Nike Series 5 44mm (GPS + Cellular) シルバーアルミニウムケース サミットホワイトNikeスポーツループ,シルバー,,,
G07CSI9KF3000,Apple Watch本体,Apple,Nike Series 5,Apple Watch Nike Series 5 44mm (GPS + Cellular) シルバーアルミニウムケース デザートサンド/ブラックNikeスポーツバンド (S/M・M/L),シルバー,,,
D7RBI80ZRE000,Apple Watch本体,Apple,Nike Series 5,Apple Watch Nike Series 5 44mm (GPS + Cellular) シルバーアルミニウムケース デザートサンド/ボルトNikeスポーツループ,シルバー,,,
V9M23F3WT3000,Apple Watch本体,Apple,Nike Series 5,Apple Watch Nike Series 5 44mm (GPS + Cellular) シルバーアルミニウムケース ハイパークリムゾン/ネプチューングリーンNikeスポーツループ,シルバー,,,
OCQNLMTZLF000,Apple Watch本体,Apple,Nike Series 5,Apple Watch Nike Series 5 44mm (GPS + Cellular) シルバーアルミニウムケース ピンクブラスト/トゥルーベリーNikeスポーツループ,シルバー,,,
NE3QQ6BC52000,Apple Watch本体,Apple,Nike Series 5,Apple Watch Nike Series 5 44mm (GPS + Cellular) シルバーアルミニウムケース ブラック/ライムブラストNikeスポーツバンド (S/M・M/L),シルバー,,,
224RP59YFR000,Apple Watch本体,Apple,Nike Series 5,Apple Watch Nike Series 5 44mm (GPS + Cellular) シルバーアルミニウムケース プライドエディションNikeスポーツバンド (S/M・M/L),シルバー,,,
37FQHGO2BD000,Apple Watch本体,Apple,Nike Series 5,Apple Watch Nike Series 5 44mm (GPS + Cellular) シルバーアルミニウムケース ミッドナイトターコイズ/オーロラグリーンNikeスポーツバンド (S/M・M/L),シルバー,,,
YIX8G6XRWE000,Apple Watch本体,Apple,Nike Series 5,Apple Watch Nike Series 5 44mm (GPS + Cellular) シルバーアルミニウムケース ロイヤルパルス/ブラックNikeスポーツバンド (S/M・M/L),シルバー,,,
YXC05M5KEA000,Apple Watch本体,Apple,Nike Series 5,Apple Watch Nike Series 5 44mm (GPS + Cellular) シルバーアルミニウムケース ロイヤルパルス/ラバグローNikeスポーツループ,シルバー,,,
ZHV9PY4VO2000,Apple Watch本体,Apple,Nike Series 5,Apple Watch Nike Series 5 44mm (GPS + Cellular) シルバーアルミニウムケース ワールドインディゴ/ライムブラストNikeスポーツループ,シルバー,,,
9D67SB5LEW000,Apple Watch本体,Apple,Nike Series 5,Apple Watch Nike Series 5 44mm (GPS + Cellular) スペースグレイアルミニウムケース アンスラサイト/ブラックNikeスポーツバンド (S/M・M/L) MX3F2J/A,スペースグレイ,,,4549995104325
Z2DOYW6MVY000,Apple Watch本体,Apple,Nike Series 5,Apple Watch Nike Series 5 44mm (GPS + Cellular) スペースグレイアルミニウムケース サミットホワイトNikeスポーツループ,スペースグレイ,,,
F0JT44IY3A000,Apple Watch本体,Apple,Nike Series 5,Apple Watch Nike Series 5 44mm (GPS + Cellular) スペースグレイアルミニウムケース デザートサンド/ブラックNikeスポーツバンド (S/M・M/L),スペースグレイ,,,
08CDYD72Z4000,Apple Watch本体,Apple,Nike Series 5,Apple Watch Nike Series 5 44mm (GPS + Cellular) スペースグレイアルミニウムケース デザートサンド/ボルトNikeスポーツループ,スペースグレイ,,,
HY14R4CARU000,Apple Watch本体,Apple,Nike Series 5,Apple Watch Nike Series 5 44mm (GPS + Cellular) スペースグレイアルミニウムケース ハイパークリムゾン/ネプチューングリーンNikeスポーツループ,スペースグレイ,,,
I0DL4LW503000,Apple Watch本体,Apple,Nike Series 5,Apple Watch Nike Series 5 44mm (GPS + Cellular) スペースグレイアルミニウムケース ピュアプラチナム/ブラックNikeスポーツバンド (S/M・M/L),スペースグレイ,,,
UWI7RN5FOD000,Apple Watch本体,Apple,Nike Series 5,Apple Watch Nike Series 5 44mm (GPS + Cellular) スペースグレイアルミニウムケース ピンクブラスト/トゥルーベリーNikeスポーツループ,スペースグレイ,,,
VDIYMRTEZY000,Apple Watch本体,Apple,Nike Series 5,Apple Watch Nike Series 5 44mm (GPS + Cellular) スペースグレイアルミニウムケース ブラック/ライムブラストNikeスポーツバンド (S/M・M/L),スペースグレイ,,,
S96V9DUSRX000,Apple Watch本体,Apple,Nike Series 5,Apple Watch Nike Series 5 44mm (GPS + Cellular) スペースグレイアルミニウムケース プライドエディションNikeスポーツバンド (S/M・M/L),スペースグレイ,,,
K4ISB4UCX2000,Apple Watch本体,Apple,Nike Series 5,Apple Watch Nike Series 5 44mm (GPS + Cellular) スペースグレイアルミニウムケース ミッドナイトターコイズ/オーロラグリーンNikeスポーツバンド (S/M・M/L),スペースグレイ,,,
4F5C6UWNR3000,Apple Watch本体,Apple,Nike Series 5,Apple Watch Nike Series 5 44mm (GPS + Cellular) スペースグレイアルミニウムケース ロイヤルパルス/ブラックNikeスポーツバンド (S/M・M/L),スペースグレイ,,,
6883ET518W000,Apple Watch本体,Apple,Nike Series 5,Apple Watch Nike Series 5 44mm (GPS + Cellular) スペースグレイアルミニウムケース ロイヤルパルス/ラバグローNikeスポーツループ,スペースグレイ,,,
WQ1Q6SA6MO000,Apple Watch本体,Apple,Nike Series 5,Apple Watch Nike Series 5 44mm (GPS + Cellular) スペースグレイアルミニウムケース ワールドインディゴ/ライムブラストNikeスポーツループ,スペースグレイ,,,
M7KW0N3MLA000,Apple Watch本体,Apple,Nike Series 5,Apple Watch Nike Series 5 44mm (GPS) シルバーアルミニウムケース アンスラサイト/ブラックNikeスポーツバンド (S/M・M/L),シルバー,,,
WS0V79Z4TK000,Apple Watch本体,Apple,Nike Series 5,Apple Watch Nike Series 5 44mm (GPS) シルバーアルミニウムケース サミットホワイトNikeスポーツループ,シルバー,,,
YHSOU4JVBF000,Apple Watch本体,Apple,Nike Series 5,Apple Watch Nike Series 5 44mm (GPS) シルバーアルミニウムケース デザートサンド/ブラックNikeスポーツバンド (S/M・M/L),シルバー,,,
4B5TIPC8JF000,Apple Watch本体,Apple,Nike Series 5,Apple Watch Nike Series 5 44mm (GPS) シルバーアルミニウムケース デザートサンド/ボルトNikeスポーツループ,シルバー,,,
M1A9V7LSM0000,Apple Watch本体,Apple,Nike Series 5,Apple Watch Nike Series 5 44mm (GPS) シルバーアルミニウムケース ハイパークリムゾン/ネプチューングリーンNikeスポーツループ,シルバー,,,
20JYMY1W8C000,Apple Watch本体,Apple,Nike Series 5,Apple Watch Nike Series 5 44mm (GPS) シルバーアルミニウムケース ピュアプラチナム/ブラックNikeスポーツバンド (S/M・M/L) MX3V2J/A,シルバー,,,4549995104875
HWEFNL4G9Z000,Apple Watch本体,Apple,Nike Series 5,Apple Watch Nike Series 5 44mm (GPS) シルバーアルミニウムケース ピンクブラスト/トゥルーベリーNikeスポーツループ,シルバー,,,
X5S5WM62HI000,Apple Watch本体,Apple,Nike Series 5,Apple Watch Nike Series 5 44mm (GPS) シルバーアルミニウムケース ブラック/ライムブラストNikeスポーツバンド (S/M・M/L),シルバー,,,
ZTEM097U2Z000,Apple Watch本体,Apple,Nike Series 5,Apple Watch Nike Series 5 44mm (GPS) シルバーアルミニウムケース プライドエディションNikeスポーツバンド (S/M・M/L),シルバー,,,
UPBGJTZE45000,Apple Watch本体,Apple,Nike Series 5,Apple Watch Nike Series 5 44mm (GPS) シルバーアルミニウムケース ミッドナイトターコイズ/オーロラグリーンNikeスポーツバンド (S/M・M/L),シルバー,,,
AIJ0019ONO000,Apple Watch本体,Apple,Nike Series 5,Apple Watch Nike Series 5 44mm (GPS) シルバーアルミニウムケース ロイヤルパルス/ブラックNikeスポーツバンド (S/M・M/L),シルバー,,,
OZNI4RNVBT000,Apple Watch本体,Apple,Nike Series 5,Apple Watch Nike Series 5 44mm (GPS) シルバーアルミニウムケース ロイヤルパルス/ラバグローNikeスポーツループ,シルバー,,,
4N13SA6R46000,Apple Watch本体,Apple,Nike Series 5,Apple Watch Nike Series 5 44mm (GPS) シルバーアルミニウムケース ワールドインディゴ/ライムブラストNikeスポーツループ,シルバー,,,
GXNYY4WIR1000,Apple Watch本体,Apple,Nike Series 5,Apple Watch Nike Series 5 44mm (GPS) スペースグレイアルミニウムケース アンスラサイト/ブラックNikeスポーツバンド (S/M・M/L) MX3W2J/A,スペースグレイ,,,4549995104912
MJ91AD63WC000,Apple Watch本体,Apple,Nike Series 5,Apple Watch Nike Series 5 44mm (GPS) スペースグレイアルミニウムケース サミットホワイトNikeスポーツループ,スペースグレイ,,,
3KYM4IOHXB000,Apple Watch本体,Apple,Nike Series 5,Apple Watch Nike Series 5 44mm (GPS) スペースグレイアルミニウムケース デザートサンド/ブラックNikeスポーツバンド (S/M・M/L),スペースグレイ,,,
N62IB341JI000,Apple Watch本体,Apple,Nike Series 5,Apple Watch Nike Series 5 44mm (GPS) スペースグレイアルミニウムケース デザートサンド/ボルトNikeスポーツループ,スペースグレイ,,,
5EMVPP8V0G000,Apple Watch本体,Apple,Nike Series 5,Apple Watch Nike Series 5 44mm (GPS) スペースグレイアルミニウムケース ハイパークリムゾン/ネプチューングリーンNikeスポーツループ,スペースグレイ,,,
MJMP6OR3O0000,Apple Watch本体,Apple,Nike Series 5,Apple Watch Nike Series 5 44mm (GPS) スペースグレイアルミニウムケース ピュアプラチナム/ブラックNikeスポーツバンド (S/M・M/L),スペースグレイ,,,
3DV5LTMALF000,Apple Watch本体,Apple,Nike Series 5,Apple Watch Nike Series 5 44mm (GPS) スペースグレイアルミニウムケース ピンクブラスト/トゥルーベリーNikeスポーツループ,スペースグレイ,,,
HBMZ78PXXL000,Apple Watch本体,Apple,Nike Series 5,Apple Watch Nike Series 5 44mm (GPS) スペースグレイアルミニウムケース ブラック/ライムブラストNikeスポーツバンド (S/M・M/L),スペースグレイ,,,
PK0A74HNP0000,Apple Watch本体,Apple,Nike Series 5,Apple Watch Nike Series 5 44mm (GPS) スペースグレイアルミニウムケース プライドエディションNikeスポーツバンド (S/M・M/L),スペースグレイ,,,
J4G3E77U9J000,Apple Watch本体,Apple,Nike Series 5,Apple Watch Nike Series 5 44mm (GPS) スペースグレイアルミニウムケース ミッドナイトターコイズ/オーロラグリーンNikeスポーツバンド (S/M・M/L),スペースグレイ,,,
93W4JNTR3L000,Apple Watch本体,Apple,Nike Series 5,Apple Watch Nike Series 5 44mm (GPS) スペースグレイアルミニウムケース ロイヤルパルス/ブラックNikeスポーツバンド (S/M・M/L),スペースグレイ,,,
7M4KJN6ZV9000,Apple Watch本体,Apple,Nike Series 5,Apple Watch Nike Series 5 44mm (GPS) スペースグレイアルミニウムケース ロイヤルパルス/ラバグローNikeスポーツループ,スペースグレイ,,,
73EJC4KZC8000,Apple Watch本体,Apple,Nike Series 5,Apple Watch Nike Series 5 44mm (GPS) スペースグレイアルミニウムケース ワールドインディゴ/ライムブラストNikeスポーツループ,スペースグレイ,,,
WVH716QCNU000,Apple Watch本体,Apple,Nike Series 6,Apple Watch Nike Series 6 40mm (GPS + Cellular) シルバーアルミニウムケース ピュアプラチナム/ブラックNikeスポーツバンド (レギュラー),シルバー,,,4549995170177
SZKUUZS8VF000,Apple Watch本体,Apple,Nike Series 6,Apple Watch Nike Series 6 40mm (GPS + Cellular) スペースグレイアルミニウムケース アンスラサイト/ブラックNikeスポーツバンド (レギュラー),スペースグレイ,,,4549995170191
PMLXGJAX32000,Apple Watch本体,Apple,Nike Series 6,Apple Watch Nike Series 6 40mm (GPS) シルバーアルミニウムケース ピュアプラチナム/ブラックNikeスポーツバンド (レギュラー) M00T3J/A,シルバー,,,4549995176834
3MZJWZ0Q6N000,Apple Watch本体,Apple,Nike Series 6,Apple Watch Nike Series 6 40mm (GPS) スペースグレイアルミニウムケース アンスラサイト/ブラックNikeスポーツバンド (レギュラー) M00X3J/A,スペースグレイ,,,4549995176919
LT4DRX3TPO000,Apple Watch本体,Apple,Nike Series 6,Apple Watch Nike Series 6 44mm (GPS + Cellular) シルバーアルミニウムケース ピュアプラチナム/ブラックNikeスポーツバンド (レギュラー),シルバー,,,4549995170320
8MSV4TLCZK000,Apple Watch本体,Apple,Nike Series 6,Apple Watch Nike Series 6 44mm (GPS + Cellular) スペースグレイアルミニウムケース アンスラサイト/ブラックNikeスポーツバンド (レギュラー),スペースグレイ,,,4549995170344
JUTRIBJTDG000,Apple Watch本体,Apple,Nike Series 6,Apple Watch Nike Series 6 44mm (GPS) シルバーアルミニウムケース ピュアプラチナム/ブラックNikeスポーツバンド (レギュラー) MG293J/A,シルバー,,,4549995174465
ZVZUBW81BO000,Apple Watch本体,Apple,Nike Series 6,Apple Watch Nike Series 6 44mm (GPS) スペースグレイアルミニウムケース アンスラサイト/ブラックNikeスポーツバンド (レギュラー) MG173J/A,スペースグレイ,,,4549995173932
9D8SR800WY000,Apple Watch本体,Apple,Nike Series 7,Apple Watch Nike Series 7 41mm (GPS + Cellular) スターライトアルミニウムケース ピュアプラチナム/ブラックNikeスポーツバンド (レギュラー) MKJ33J/A,スターライト,,,4549995255195
HYW2FPPF0Q000,Apple Watch本体,Apple,Nike Series 7,Apple Watch Nike Series 7 41mm (GPS + Cellular) ミッドナイトアルミニウムケース アンスラサイト/ブラックNikeスポーツバンド (レギュラー) MKJ43J/A,ミッドナイト,,,4549995255232
U7JW75Z9J5000,Apple Watch本体,Apple,Nike Series 7,Apple Watch Nike Series 7 41mm (GPS) スターライトアルミニウムケース ピュアプラチナム/ブラックNikeスポーツバンド (レギュラー) MKN33J/A,スターライト,,,4549995257892
J7YN4P3W3Z000,Apple Watch本体,Apple,Nike Series 7,Apple Watch Nike Series 7 41mm (GPS) ミッドナイトアルミニウムケース アンスラサイト/ブラックNikeスポーツバンド (レギュラー) MKN43J/A,ミッドナイト,,,4549995257908
YBVAP296F4000,Apple Watch本体,Apple,Nike Series 7,Apple Watch Nike Series 7 45mm (GPS + Cellular) スターライトアルミニウムケース ピュアプラチナム/ブラックNikeスポーツバンド (レギュラー) MKL43J/A,スターライト,,,4549995255799
TS4G90XY4U000,Apple Watch本体,Apple,Nike Series 7,Apple Watch Nike Series 7 45mm (GPS + Cellular) ミッドナイトアルミニウムケース アンスラサイト/ブラックNikeスポーツバンド (レギュラー) MKL53J/A,ミッドナイト,,,4549995255836
87E5NWX4O7000,Apple Watch本体,Apple,Nike Series 7,Apple Watch Nike Series 7 45mm (GPS) スターライトアルミニウムケース ピュアプラチナム/ブラックNikeスポーツバンド (レギュラー) MKNA3J/A,スターライト,,,4549995257960
80NE9577OH000,Apple Watch本体,Apple,Nike Series 7,Apple Watch Nike Series 7 45mm (GPS) ミッドナイトアルミニウムケース アンスラサイト/ブラックNikeスポーツバンド (レギュラー) MKNC3J/A,ミッドナイト,,,4549995257977
O0HDHMBRKS000,Apple Watch本体,Apple,SE,Apple Watch SE 40mm (GPS + Cellular) ゴールドアルミニウムケース スターライトスポーツバンド (レギュラー) MKQX3J/A,ゴールド,,,4549995259650
PB1GS66NLE000,Apple Watch本体,Apple,SE,Apple Watch SE 40mm (GPS + Cellular) ゴールドアルミニウムケース ピンクサンドスポーツバンド (レギュラー) MYEH2J/A,ゴールド,,,4549995163582
OVLJNAAFG8000,Apple Watch本体,Apple,SE,Apple Watch SE 40mm (GPS + Cellular) ゴールドアルミニウムケース プラムスポーツループ MYEJ2J/A,ゴールド,,,4549995163599
JI2H5V0GR2000,Apple Watch本体,Apple,SE,Apple Watch SE 40mm (GPS + Cellular) ゴールドアルミニウムケース メイズ/ホワイトスポーツループ MKQY3J/A,ゴールド,,,4549995259667
2X378UJGTA000,Apple Watch本体,Apple,SE,Apple Watch SE 40mm (GPS + Cellular) シルバーアルミニウムケース アビスブルースポーツバンド (レギュラー) MKQV3J/A,シルバー,,,4549995259636
MASLDZR3IU000,Apple Watch本体,Apple,SE,Apple Watch SE 40mm (GPS + Cellular) シルバーアルミニウムケース ディープネイビースポーツループ MYEG2J/A,シルバー,,,4549995163575
NTIGPLFJVV000,Apple Watch本体,Apple,SE,Apple Watch SE 40mm (GPS + Cellular) シルバーアルミニウムケース ホワイトスポーツバンド (レギュラー) MYEF2J/A,シルバー,,,4549995163568
4HD0QI4ZT5000,Apple Watch本体,Apple,SE,Apple Watch SE 40mm (GPS + Cellular) スペースグレイアルミニウムケース チャコールスポーツループ MYEL2J/A,スペースグレイ,,,4549995163612
A4NGK242M6000,Apple Watch本体,Apple,SE,Apple Watch SE 40mm (GPS + Cellular) スペースグレイアルミニウムケース トルネード/グレイスポーツループ MKR33J/A,スペースグレイ,,,4549995259681
7ZW9N3R7N0000,Apple Watch本体,Apple,SE,Apple Watch SE 40mm (GPS + Cellular) スペースグレイアルミニウムケース ブラックスポーツバンド (レギュラー) MYEK2J/A,スペースグレイ,,,4549995163605
0KBEXCUJ74000,Apple Watch本体,Apple,SE,Apple Watch SE 40mm (GPS + Cellular) スペースグレイアルミニウムケース ミッドナイトスポーツバンド (レギュラー) MKR23J/A,スペースグレイ,,,4549995259674
B09JUW3PQY000,Apple Watch本体,Apple,SE,Apple Watch SE 40mm (GPS) ゴールドアルミニウムケース スターライトスポーツバンド (レギュラー) MKQ03J/A,ゴールド,,,4549995257083
XRVZ8R1ZE9000,Apple Watch本体,Apple,SE,Apple Watch SE 40mm (GPS) ゴールドアルミニウムケース ピンクサンドスポーツバンド (レギュラー) MYDN2J/A,ゴールド,,,4549995162516
TN04MGUJ9L000,Apple Watch本体,Apple,SE,Apple Watch SE 40mm (GPS) シルバーアルミニウムケース アビスブルースポーツバンド (レギュラー) MKNY3J/A,シルバー,,,4549995257045
U3X2H4AS15000,Apple Watch本体,Apple,SE,Apple Watch SE 40mm (GPS) シルバーアルミニウムケース ホワイトスポーツバンド (レギュラー) MYDM2J/A,シルバー,,,4549995162394
V27R8EQBKV000,Apple Watch本体,Apple,SE,Apple Watch SE 40mm (GPS) スペースグレイアルミニウムケース ブラックスポーツバンド (レギュラー) MYDP2J/A,スペースグレイ,,,4549995162639
W0VD1TUISF000,Apple Watch本体,Apple,SE,Apple Watch SE 40mm (GPS) スペースグレイアルミニウムケース ミッドナイトスポーツバンド (レギュラー) MKQ13J/A,スペースグレイ,,,4549995257120
6CI9ER4UMM000,Apple Watch本体,Apple,SE,Apple Watch SE 44mm (GPS + Cellular) ゴールドアルミニウムケース スターライトスポーツバンド (レギュラー) MKT13J/A,ゴールド,,,4549995260458
DZNMOHIMEO000,Apple Watch本体,Apple,SE,Apple Watch SE 44mm (GPS + Cellular) ゴールドアルミニウムケース ピンクサンドスポーツバンド (レギュラー) MYEX2J/A,ゴールド,,,4549995163643
OHKJ4VZ2PB000,Apple Watch本体,Apple,SE,Apple Watch SE 44mm (GPS + Cellular) ゴールドアルミニウムケース プラムスポーツループ MYEY2J/A,ゴールド,,,4549995163650
BJADWSNQ3O000,Apple Watch本体,Apple,SE,Apple Watch SE 44mm (GPS + Cellular) ゴールドアルミニウムケース メイズ/ホワイトスポーツループ MKT23J/A,ゴールド,,,4549995260465
RJQL4O456O000,Apple Watch本体,Apple,SE,Apple Watch SE 44mm (GPS + Cellular) シルバーアルミニウムケース アビスブルー/モスグリーンスポーツループ MKT03J/A,シルバー,,,4549995260441
1MJ7XGPSU5000,Apple Watch本体,Apple,SE,Apple Watch SE 44mm (GPS + Cellular) シルバーアルミニウムケース アビスブルースポーツバンド (レギュラー) MKRY3J/A,シルバー,,,4549995260434
HOA70BAO4X000,Apple Watch本体,Apple,SE,Apple Watch SE 44mm (GPS + Cellular) シルバーアルミニウムケース ディープネイビースポーツループ MYEW2J/A,シルバー,,,4549995163636
LBVESZUS4J000,Apple Watch本体,Apple,SE,Apple Watch SE 44mm (GPS + Cellular) シルバーアルミニウムケース ホワイトスポーツバンド (レギュラー) MYEV2J/A,シルバー,,,4549995163629
Q4ZREQ93K9000,Apple Watch本体,Apple,SE,Apple Watch SE 44mm (GPS + Cellular) スペースグレイアルミニウムケース チャコールスポーツループ MYF12J/A,スペースグレイ,,,4549995163674
HFPY9ZG4WY000,Apple Watch本体,Apple,SE,Apple Watch SE 44mm (GPS + Cellular) スペースグレイアルミニウムケース トルネード/グレイスポーツループ MKT53J/A,スペースグレイ,,,4549995260489
PCMVQSCF9M000,Apple Watch本体,Apple,SE,Apple Watch SE 44mm (GPS + Cellular) スペースグレイアルミニウムケース ブラックスポーツバンド (レギュラー) MYF02J/A,スペースグレイ,,,4549995163667
4WT8QJ4PII000,Apple Watch本体,Apple,SE,Apple Watch SE 44mm (GPS + Cellular) スペースグレイアルミニウムケース ミッドナイトスポーツバンド (レギュラー) MKT33J/A,スペースグレイ,,,4549995260472
FYXDAB82XM000,Apple Watch本体,Apple,SE,Apple Watch SE 44mm (GPS) ゴールドアルミニウムケース スターライトスポーツバンド (レギュラー) MKQ53J/A,ゴールド,,,4549995257281
TDQTO4HHKJ000,Apple Watch本体,Apple,SE,Apple Watch SE 44mm (GPS) ゴールドアルミニウムケース ピンクサンドスポーツバンド (レギュラー) MYDR2J/A,ゴールド,,,4549995162530
UBJS6JO772000,Apple Watch本体,Apple,SE,Apple Watch SE 44mm (GPS) シルバーアルミニウムケース アビスブルースポーツバンド (レギュラー) MKQ43J/A,シルバー,,,4549995257243
J4BZWDIMYQ000,Apple Watch本体,Apple,SE,Apple Watch SE 44mm (GPS) シルバーアルミニウムケース ホワイトスポーツバンド (レギュラー) MYDQ2J/A,シルバー,,,4549995162417
QSNBI3C4RC000,Apple Watch本体,Apple,SE,Apple Watch SE 44mm (GPS) スペースグレイアルミニウムケース ブラックスポーツバンド (レギュラー) MYDT2J/A,スペースグレイ,,,4549995162653
4I41UJZRS6000,Apple Watch本体,Apple,SE,Apple Watch SE 44mm (GPS) スペースグレイアルミニウムケース ミッドナイトスポーツバンド (レギュラー) MKQ63J/A,スペースグレイ,,,4549995257328
637QQU7T8B000,Apple Watch本体,Apple,SE2,Apple Watch SE2 40mm (GPS + Cellular) シルバーアルミニウムケース ホワイトスポーツバンド (レギュラー),シルバー,,,4549995339093
ZHG1AQK4FL000,Apple Watch本体,Apple,SE2,Apple Watch SE2 40mm (GPS + Cellular) スターライトアルミニウムケース スターライトスポーツバンド (M/L) MRG13J/A,スターライト,,,4549995399561
E658AP4YB7000,Apple Watch本体,Apple,SE2,Apple Watch SE2 40mm (GPS + Cellular) スターライトアルミニウムケース スターライトスポーツバンド (S/M) MRFX3J/A,スターライト,,,4549995399547
IA4JM2NRIK000,Apple Watch本体,Apple,SE2,Apple Watch SE2 40mm (GPS + Cellular) スターライトアルミニウムケース スターライトスポーツバンド (レギュラー),スターライト,,,4549995339017
U3UUBN30M2000,Apple Watch本体,Apple,SE2,Apple Watch SE2 40mm (GPS + Cellular) スターライトアルミニウムケース スターライトスポーツループ MRG43J/A,スターライト,,,4549995399585
DP489SA0VJ000,Apple Watch本体,Apple,SE2,Apple Watch SE2 40mm (GPS + Cellular) スターライトアルミニウムケース レイクグリーンスポーツループ MXGH3J/A,スターライト,,,4549995515633
O9E4DYU5EZ000,Apple Watch本体,Apple,SE2,Apple Watch SE2 40mm (GPS + Cellular) ミッドナイトアルミニウムケース インクスポーツループ MXGA3J/A,ミッドナイト,,,4549995515572
5OKYG84MOB000,Apple Watch本体,Apple,SE2,Apple Watch SE2 40mm (GPS + Cellular) ミッドナイトアルミニウムケース ミッドナイトスポーツバンド (M/L) MRGA3J/A,ミッドナイト,,,4549995399622
I4DAJ7LAVN000,Apple Watch本体,Apple,SE2,Apple Watch SE2 40mm (GPS + Cellular) ミッドナイトアルミニウムケース ミッドナイトスポーツバンド (S/M) MRG73J/A,ミッドナイト,,,4549995399608
S83LW241JT000,Apple Watch本体,Apple,SE2,Apple Watch SE2 40mm (GPS + Cellular) ミッドナイトアルミニウムケース ミッドナイトスポーツバンド (レギュラー),ミッドナイト,,,4549995339055
54PPEH9642000,Apple Watch本体,Apple,SE2,Apple Watch SE2 40mm (GPS + Cellular) ミッドナイトアルミニウムケース ミッドナイトスポーツループ MRGE3J/A,ミッドナイト,,,4549995399646
JU07OXASUX000,Apple Watch本体,Apple,SE2,Apple Watch SE2 40mm (GPS) シルバーアルミニウムケース ストームブルースポーツバンド (M/L) MRE23J/A,シルバー,,,4549995398786
ZEKP8SEMDD000,Apple Watch本体,Apple,SE2,Apple Watch SE2 40mm (GPS) シルバーアルミニウムケース ストームブルースポーツバンド (S/M) MRE13J/A,シルバー,,,4549995398748
RMS4ZJRE97000,Apple Watch本体,Apple,SE2,Apple Watch SE2 40mm (GPS) シルバーアルミニウムケース ホワイトスポーツバンド (レギュラー),シルバー,,,4549995338003
HI6B4K4KK2000,Apple Watch本体,Apple,SE2,Apple Watch SE2 40mm (GPS) スターライトアルミニウムケース スターライトスポーツバンド (M/L) MR9V3J/A,スターライト,,,4549995398540
GHUFGV7QGE000,Apple Watch本体,Apple,SE2,Apple Watch SE2 40mm (GPS) スターライトアルミニウムケース スターライトスポーツバンド (S/M) MR9U3J/A,スターライト,,,4549995398502
4432IGMUTO000,Apple Watch本体,Apple,SE2,Apple Watch SE2 40mm (GPS) スターライトアルミニウムケース スターライトスポーツバンド (レギュラー),スターライト,,,4549995337921
6VQS4EWM7F000,Apple Watch本体,Apple,SE2,Apple Watch SE2 40mm (GPS) スターライトアルミニウムケース スターライトスポーツループ MR9W3J/A,スターライト,,,4549995398588
N0RJ64L5WH000,Apple Watch本体,Apple,SE2,Apple Watch SE2 40mm (GPS) スターライトアルミニウムケース レイクグリーンスポーツループ MXEH3J/A,スターライト,,,4549995514902
KTS5TJDN0H000,Apple Watch本体,Apple,SE2,Apple Watch SE2 40mm (GPS) ミッドナイトアルミニウムケース インクスポーツループ MXEA3J/A,ミッドナイト,,,4549995514841
UWC2SYY4BR000,Apple Watch本体,Apple,SE2,Apple Watch SE2 40mm (GPS) ミッドナイトアルミニウムケース ミッドナイトスポーツバンド (M/L) MR9Y3J/A,ミッドナイト,,,4549995398663
OND1ETV37T000,Apple Watch本体,Apple,SE2,Apple Watch SE2 40mm (GPS) ミッドナイトアルミニウムケース ミッドナイトスポーツバンド (S/M) MR9X3J/A,ミッドナイト,,,4549995398625
P4CI5YZMA7000,Apple Watch本体,Apple,SE2,Apple Watch SE2 40mm (GPS) ミッドナイトアルミニウムケース ミッドナイトスポーツバンド (レギュラー),ミッドナイト,,,4549995337969
4VV08VHTR3000,Apple Watch本体,Apple,SE2,Apple Watch SE2 40mm (GPS) ミッドナイトアルミニウムケース ミッドナイトスポーツループ MRE03J/A,ミッドナイト,,,4549995398700
20EQKBZJ33000,Apple Watch本体,Apple,SE2,Apple Watch SE2 44mm (GPS + Cellular) シルバーアルミニウムケース ホワイトスポーツバンド (レギュラー),シルバー,,,4549995339215
45OMB814NL000,Apple Watch本体,Apple,SE2,Apple Watch SE2 44mm (GPS + Cellular) スターライトアルミニウムケース スターライトスポーツバンド (M/L) MRGX3J/A,スターライト,,,4549995399745
Z2W5QS0O42000,Apple Watch本体,Apple,SE2,Apple Watch SE2 44mm (GPS + Cellular) スターライトアルミニウムケース スターライトスポーツバンド (S/M) MRGU3J/A,スターライト,,,4549995399721
K9CO4MEL91000,Apple Watch本体,Apple,SE2,Apple Watch SE2 44mm (GPS + Cellular) スターライトアルミニウムケース スターライトスポーツバンド (レギュラー),スターライト,,,4549995339130
SNSTTL342K000,Apple Watch本体,Apple,SE2,Apple Watch SE2 44mm (GPS + Cellular) スターライトアルミニウムケース スターライトスポーツループ MRH23J/A,スターライト,,,4549995399769
1GI43XX7Q6000,Apple Watch本体,Apple,SE2,Apple Watch SE2 44mm (GPS + Cellular) スターライトアルミニウムケース レイクグリーンスポーツループ MXGV3J/A,スターライト,,,4549995515749
3HV7BBB7HK000,Apple Watch本体,Apple,SE2,Apple Watch SE2 44mm (GPS + Cellular) ミッドナイトアルミニウムケース インクスポーツループ MXGN3J/A,ミッドナイト,,,4549995515688
TYFFXWHAJH000,Apple Watch本体,Apple,SE2,Apple Watch SE2 44mm (GPS + Cellular) ミッドナイトアルミニウムケース ミッドナイトスポーツバンド (M/L) MRH83J/A,ミッドナイト,,,4549995399806
6Q1LEVIYEZ000,Apple Watch本体,Apple,SE2,Apple Watch SE2 44mm (GPS + Cellular) ミッドナイトアルミニウムケース ミッドナイトスポーツバンド (S/M) MRH53J/A,ミッドナイト,,,4549995399783
5O3FP1C0IL000,Apple Watch本体,Apple,SE2,Apple Watch SE2 44mm (GPS + Cellular) ミッドナイトアルミニウムケース ミッドナイトスポーツバンド (レギュラー),ミッドナイト,,,4549995339178
TJ226O6O0K000,Apple Watch本体,Apple,SE2,Apple Watch SE2 44mm (GPS + Cellular) ミッドナイトアルミニウムケース ミッドナイトスポーツループ MRHC3J/A,ミッドナイト,,,4549995399820
VP6ME81NUA000,Apple Watch本体,Apple,SE2,Apple Watch SE2 44mm (GPS) シルバーアルミニウムケース ホワイトスポーツバンド (レギュラー),シルバー,,,4549995338126
N6U4XQJ97Y000,Apple Watch本体,Apple,SE2,Apple Watch SE2 44mm (GPS) スターライトアルミニウムケース スターライトスポーツバンド (M/L) MRE53J/A,スターライト,,,4549995398908
665KNIZBYY000,Apple Watch本体,Apple,SE2,Apple Watch SE2 44mm (GPS) スターライトアルミニウムケース スターライトスポーツバンド (S/M) MRE43J/A,スターライト,,,4549995398861
41VR7XEVPM000,Apple Watch本体,Apple,SE2,Apple Watch SE2 44mm (GPS) スターライトアルミニウムケース スターライトスポーツバンド (レギュラー),スターライト,,,4549995338041
BP4L7H9BM0000,Apple Watch本体,Apple,SE2,Apple Watch SE2 44mm (GPS) スターライトアルミニウムケース スターライトスポーツループ MRE63J/A,スターライト,,,4549995398946
OZVKD43FGW000,Apple Watch本体,Apple,SE2,Apple Watch SE2 44mm (GPS) スターライトアルミニウムケース レイクグリーンスポーツループ MXEW3J/A,スターライト,,,4549995514995
GBI63ANWS0000,Apple Watch本体,Apple,SE2,Apple Watch SE2 44mm (GPS) ミッドナイトアルミニウムケース インクスポーツループ MXEP3J/A,ミッドナイト,,,4549995514933
F40ULVUAEJ000,Apple Watch本体,Apple,SE2,Apple Watch SE2 44mm (GPS) ミッドナイトアルミニウムケース ミッドナイトスポーツバンド (M/L) MRE93J/A,ミッドナイト,,,4549995399028
68AP1RA9R4000,Apple Watch本体,Apple,SE2,Apple Watch SE2 44mm (GPS) ミッドナイトアルミニウムケース ミッドナイトスポーツバンド (S/M) MRE73J/A,ミッドナイト,,,4549995398984
XAZ8CT4Q61000,Apple Watch本体,Apple,SE2,Apple Watch SE2 44mm (GPS) ミッドナイトアルミニウムケース ミッドナイトスポーツバンド (レギュラー),ミッドナイト,,,4549995338089
K4IGM044R8000,Apple Watch本体,Apple,SE2,Apple Watch SE2 44mm (GPS) ミッドナイトアルミニウムケース ミッドナイトスポーツループ MREA3J/A,ミッドナイト,,,4549995399066
L9ZSXC6NQ1000,Apple Watch本体,Apple,SE3,Apple Watch SE3 40mm (GPS + Cellular) スターライトアルミニウムケース スターライトスポーツバンド (M/L) MEP74J/A,スターライト,,,4549995618808
4TUNQ8X05V000,Apple Watch本体,Apple,SE3,Apple Watch SE3 40mm (GPS + Cellular) スターライトアルミニウムケース スターライトスポーツバンド (S/M) MEP64J/A,スターライト,,,4549995618761
LROVJ9XA1X000,Apple Watch本体,Apple,SE3,Apple Watch SE3 40mm (GPS + Cellular) ミッドナイトアルミニウムケース ミッドナイトスポーツバンド (M/L) MEPC4J/A,ミッドナイト,,,4549995618921
OYRAU9KYCC000,Apple Watch本体,Apple,SE3,Apple Watch SE3 40mm (GPS + Cellular) ミッドナイトアルミニウムケース ミッドナイトスポーツバンド (S/M) MEP94J/A,ミッドナイト,,,4549995618884
648RP7N87S000,Apple Watch本体,Apple,SE3,Apple Watch SE3 40mm (GPS) スターライトアルミニウムケース スターライトスポーツバンド (M/L) MEH54J/A,スターライト,,,4549995615395
NPQET7Q4HB000,Apple Watch本体,Apple,SE3,Apple Watch SE3 40mm (GPS) スターライトアルミニウムケース スターライトスポーツバンド (S/M) MEH34J/A,スターライト,,,4549995615388
DJ3HS3JDF8000,Apple Watch本体,Apple,SE3,Apple Watch SE3 40mm (GPS) ミッドナイトアルミニウムケース ミッドナイトスポーツバンド (M/L) MEHC4J/A,ミッドナイト,,,4549995615425
OPRGSP4JR1000,Apple Watch本体,Apple,SE3,Apple Watch SE3 40mm (GPS) ミッドナイトアルミニウムケース ミッドナイトスポーツバンド (S/M) MEH94J/A,ミッドナイト,,,4549995615418
KRWZZG2GSD000,Apple Watch本体,Apple,SE3,Apple Watch SE3 44mm (GPS + Cellular) スターライトアルミニウムケース スターライトスポーツバンド (M/L) MEPF4J/A,スターライト,,,4549995619041
NSOMC1T4T7000,Apple Watch本体,Apple,SE3,Apple Watch SE3 44mm (GPS + Cellular) スターライトアルミニウムケース スターライトスポーツバンド (S/M) MEPE4J/A,スターライト,,,4549995619003
ZPJKBILXIZ000,Apple Watch本体,Apple,SE3,Apple Watch SE3 44mm (GPS + Cellular) ミッドナイトアルミニウムケース ミッドナイトスポーツバンド (M/L) MEPJ4J/A,ミッドナイト,,,4549995619164
Y0MD40IPP4000,Apple Watch本体,Apple,SE3,Apple Watch SE3 44mm (GPS + Cellular) ミッドナイトアルミニウムケース ミッドナイトスポーツバンド (S/M) MEPH4J/A,ミッドナイト,,,4549995619126
H4FSCAH4E7000,Apple Watch本体,Apple,SE3,Apple Watch SE3 44mm (GPS) スターライトアルミニウムケース スターライトスポーツバンド (M/L) MEHJ4J/A,スターライト,,,4549995615456
38Y2T2PSI8000,Apple Watch本体,Apple,SE3,Apple Watch SE3 44mm (GPS) スターライトアルミニウムケース スターライトスポーツバンド (S/M) MEHG4J/A,スターライト,,,4549995615449
IQ7B6RPTZF000,Apple Watch本体,Apple,SE3,Apple Watch SE3 44mm (GPS) ミッドナイトアルミニウムケース ミッドナイトスポーツバンド (M/L) MEHQ4J/A,ミッドナイト,,,4549995615487
GMV8G18XNT000,Apple Watch本体,Apple,SE3,Apple Watch SE3 44mm (GPS) ミッドナイトアルミニウムケース ミッドナイトスポーツバンド (S/M) MEHN4J/A,ミッドナイト,,,4549995615470
688EYT25TH000,Apple Watch本体,Apple,Series 1,Apple Watch Series 1 38mm ゴールドアルミニウムケース コンクリートスポーツバンド MNNJ2J/A,ゴールド,,,
2OD9WSAGWR000,Apple Watch本体,Apple,Series 1,Apple Watch Series 1 38mm ゴールドアルミニウムケース ミッドナイトブルースポーツバンド MQ102J/A,ゴールド,,,
8VKGUECM8W000,Apple Watch本体,Apple,Series 1,Apple Watch Series 1 38mm シルバーアルミニウムケース ホワイトスポーツバンド (S/M・M/L) MNNG2J/A,シルバー,,,
3F955X1Y3K000,Apple Watch本体,Apple,Series 1,Apple Watch Series 1 38mm スペースグレイアルミニウムケース ブラックスポーツバンド (S/M・M/L) MP022J/A,スペースグレイ,,,4547597970874
PWG5XA9M2F000,Apple Watch本体,Apple,Series 1,Apple Watch Series 1 38mm ローズゴールドアルミニウムケース ピンクサンドスポーツバンド (S/M・M/L) MNNH2J/A,ローズゴールド,,,
U3JGKB7YE1000,Apple Watch本体,Apple,Series 1,Apple Watch Series 1 42mm ゴールドアルミニウムケース ココアスポーツバンド MNNN2J/A,ゴールド,,,
VBC1NQJ4PR000,Apple Watch本体,Apple,Series 1,Apple Watch Series 1 42mm ゴールドアルミニウムケース ミッドナイトブルースポーツバンド MQ122J/A,ゴールド,,,
RFFVZTQZI3000,Apple Watch本体,Apple,Series 1,Apple Watch Series 1 42mm シルバーアルミニウムケース ホワイトスポーツバンド (S/M・M/L) MNNL2J/A,シルバー,,,
M44W1Z00XJ000,Apple Watch本体,Apple,Series 1,Apple Watch Series 1 42mm スペースグレイアルミニウムケース ブラックスポーツバンド (S/M・M/L) MP032J/A,スペースグレイ,,,4547597970683
PY9ERU4IT6000,Apple Watch本体,Apple,Series 1,Apple Watch Series 1 42mm ローズゴールドアルミニウムケース ピンクサンドスポーツバンド (S/M・M/L) MQ112J/A,ローズゴールド,,,
943ZGQIQIH000,Apple Watch本体,Apple,Series 1,Apple Watch Series 1 42mm ローズゴールドアルミニウムケース ミッドナイトブルースポーツバンド MNNM2J/A,ローズゴールド,,,
WMCPJP77HM000,Apple Watch本体,Apple,Series 10,Apple Watch Series 10 42mm (GPS + Cellular) ゴールドチタニウムケース ゴールドミラネーゼループ MX083J/A,ゴールド,,,4549995501605
7TE7YCPFP7000,Apple Watch本体,Apple,Series 10,Apple Watch Series 10 42mm (GPS + Cellular) ゴールドチタニウムケース スターライトスポーツバンド (M/L) MX073J/A,ゴールド,,,4549995501599
Z4QLASK82W000,Apple Watch本体,Apple,Series 10,Apple Watch Series 10 42mm (GPS + Cellular) ゴールドチタニウムケース スターライトスポーツバンド (S/M) MX063J/A,ゴールド,,,4549995501582
K6JI6XS8WM000,Apple Watch本体,Apple,Series 10,Apple Watch Series 10 42mm (GPS + Cellular) シルバーアルミニウムケース デニムスポーツバンド (M/L) MWX43J/A,シルバー,,,4549995501261
KZ1LBLXDWR000,Apple Watch本体,Apple,Series 10,Apple Watch Series 10 42mm (GPS + Cellular) シルバーアルミニウムケース デニムスポーツバンド (S/M) MWX33J/A,シルバー,,,4549995501254
VD1LLRBVJR000,Apple Watch本体,Apple,Series 10,Apple Watch Series 10 42mm (GPS + Cellular) シルバーアルミニウムケース ブルークラウドスポーツループ MWX53J/A,シルバー,,,4549995501278
4R01RU4WJ7000,Apple Watch本体,Apple,Series 10,Apple Watch Series 10 42mm (GPS + Cellular) ジェットブラックアルミニウムケース インクスポーツループ MWX83J/A,ジェットブラック,,,4549995501308
VHU8X31K0L000,Apple Watch本体,Apple,Series 10,Apple Watch Series 10 42mm (GPS + Cellular) ジェットブラックアルミニウムケース ブラックスポーツバンド (M/L) MWX73J/A,ジェットブラック,,,4549995501292
60GPZ4LHU9000,Apple Watch本体,Apple,Series 10,Apple Watch Series 10 42mm (GPS + Cellular) ジェットブラックアルミニウムケース ブラックスポーツバンド (S/M) MWX63J/A,ジェットブラック,,,4549995501285
ZY60963V8G000,Apple Watch本体,Apple,Series 10,Apple Watch Series 10 42mm (GPS + Cellular) スレートチタニウムケース スレートミラネーゼループ MX053J/A,スレート,,,4549995501575
VGKYGA6PJ0000,Apple Watch本体,Apple,Series 10,Apple Watch Series 10 42mm (GPS + Cellular) スレートチタニウムケース ブラックスポーツバンド (M/L) MWXH3J/A,スレート,,,4549995501384
ET436QZ4F3000,Apple Watch本体,Apple,Series 10,Apple Watch Series 10 42mm (GPS + Cellular) スレートチタニウムケース ブラックスポーツバンド (S/M) MWXG3J/A,スレート,,,4549995501377
MT8PV9IH2X000,Apple Watch本体,Apple,Series 10,Apple Watch Series 10 42mm (GPS + Cellular) ナチュラルチタニウムケース ストーングレイスポーツバンド (M/L) MWXE3J/A,ナチュラル,,,4549995501353
WB6O10NMNN000,Apple Watch本体,Apple,Series 10,Apple Watch Series 10 42mm (GPS + Cellular) ナチュラルチタニウムケース ストーングレイスポーツバンド (S/M) MWXD3J/A,ナチュラル,,,4549995501346
6U7IGFMKZQ000,Apple Watch本体,Apple,Series 10,Apple Watch Series 10 42mm (GPS + Cellular) ナチュラルチタニウムケース ナチュラルミラネーゼループ MWXF3J/A,ナチュラル,,,4549995501360
U75KT4CBFK000,Apple Watch本体,Apple,Series 10,Apple Watch Series 10 42mm (GPS + Cellular) ローズゴールドアルミニウムケース プラムスポーツループ MWXC3J/A,ローズゴールド,,,4549995501339
N2A7RDEZKN000,Apple Watch本体,Apple,Series 10,Apple Watch Series 10 42mm (GPS + Cellular) ローズゴールドアルミニウムケース ライトブラッシュスポーツバンド (M/L) MWXA3J/A,ローズゴールド,,,4549995501322
EBVXSIW5O4000,Apple Watch本体,Apple,Series 10,Apple Watch Series 10 42mm (GPS + Cellular) ローズゴールドアルミニウムケース ライトブラッシュスポーツバンド (S/M) MWX93J/A,ローズゴールド,,,4549995501315
M7MNIS88D4000,Apple Watch本体,Apple,Series 10,Apple Watch Series 10 42mm (GPS) シルバーアルミニウムケース デニムスポーツバンド (M/L) MWWC3J/A,シルバー,,,4549995501025
M9ZS9JNBJP000,Apple Watch本体,Apple,Series 10,Apple Watch Series 10 42mm (GPS) シルバーアルミニウムケース デニムスポーツバンド (S/M) MWWA3J/A,シルバー,,,4549995501018
414RCGWDYT000,Apple Watch本体,Apple,Series 10,Apple Watch Series 10 42mm (GPS) シルバーアルミニウムケース ブルークラウドスポーツループ MWWD3J/A,シルバー,,,4549995501032
1H5TPVKQT0000,Apple Watch本体,Apple,Series 10,Apple Watch Series 10 42mm (GPS) ジェットブラックアルミニウムケース インクスポーツループ MWWG3J/A,ジェットブラック,,,4549995501063
VS1UVKLBIH000,Apple Watch本体,Apple,Series 10,Apple Watch Series 10 42mm (GPS) ジェットブラックアルミニウムケース ブラックスポーツバンド (M/L) MWWF3J/A,ジェットブラック,,,4549995501056
FEAHRB304M000,Apple Watch本体,Apple,Series 10,Apple Watch Series 10 42mm (GPS) ジェットブラックアルミニウムケース ブラックスポーツバンド (S/M) MWWE3J/A,ジェットブラック,,,4549995501049
G734CGSJMO000,Apple Watch本体,Apple,Series 10,Apple Watch Series 10 42mm (GPS) ローズゴールドアルミニウムケース プラムスポーツループ MWWK3J/A,ローズゴールド,,,4549995501094
N1D3XAW0UQ000,Apple Watch本体,Apple,Series 10,Apple Watch Series 10 42mm (GPS) ローズゴールドアルミニウムケース ライトブラッシュスポーツバンド (M/L) MWWJ3J/A,ローズゴールド,,,4549995501087
9ZLMRGUZ56000,Apple Watch本体,Apple,Series 10,Apple Watch Series 10 42mm (GPS) ローズゴールドアルミニウムケース ライトブラッシュスポーツバンド (S/M) MWWH3J/A,ローズゴールド,,,4549995501070
BX9TL7D114000,Apple Watch本体,Apple,Series 10,Apple Watch Series 10 46mm (GPS + Cellular) ゴールドチタニウムケース ゴールドミラネーゼループ (M/L) MX003J/A,ゴールド,,,4549995501568
XL0DU4EZN4000,Apple Watch本体,Apple,Series 10,Apple Watch Series 10 46mm (GPS + Cellular) ゴールドチタニウムケース ゴールドミラネーゼループ (S/M) MC7T4J/A,ゴールド,,,4549995551099
2Q801DMDY6000,Apple Watch本体,Apple,Series 10,Apple Watch Series 10 46mm (GPS + Cellular) ゴールドチタニウムケース スターライトスポーツバンド (M/L) MWYY3J/A,ゴールド,,,4549995501551
4B97EDUBR2000,Apple Watch本体,Apple,Series 10,Apple Watch Series 10 46mm (GPS + Cellular) ゴールドチタニウムケース スターライトスポーツバンド (S/M) MWYX3J/A,ゴールド,,,4549995501544
HF63TR6I68000,Apple Watch本体,Apple,Series 10,Apple Watch Series 10 46mm (GPS + Cellular) シルバーアルミニウムケース デニムスポーツバンド (M/L) MWY13J/A,シルバー,,,4549995501407
I40TWHYQLG000,Apple Watch本体,Apple,Series 10,Apple Watch Series 10 46mm (GPS + Cellular) シルバーアルミニウムケース デニムスポーツバンド (S/M) MWY03J/A,シルバー,,,4549995501391
WP069ALQRX000,Apple Watch本体,Apple,Series 10,Apple Watch Series 10 46mm (GPS + Cellular) シルバーアルミニウムケース ブルークラウドスポーツループ MWY23J/A,シルバー,,,4549995501414
4K4W84K9NY000,Apple Watch本体,Apple,Series 10,Apple Watch Series 10 46mm (GPS + Cellular) ジェットブラックアルミニウムケース インクスポーツループ MWY53J/A,ジェットブラック,,,4549995501445
UYDTNZT9NR000,Apple Watch本体,Apple,Series 10,Apple Watch Series 10 46mm (GPS + Cellular) ジェットブラックアルミニウムケース ブラックスポーツバンド (M/L) MWY43J/A,ジェットブラック,,,4549995501438
IEA5I2L6L7000,Apple Watch本体,Apple,Series 10,Apple Watch Series 10 46mm (GPS + Cellular) ジェットブラックアルミニウムケース ブラックスポーツバンド (S/M) MWY33J/A,ジェットブラック,,,4549995501421
9JNIC8AHA7000,Apple Watch本体,Apple,Series 10,Apple Watch Series 10 46mm (GPS + Cellular) スレートチタニウムケース スレートミラネーゼループ (M/L) MWYW3J/A,スレート,,,4549995501537
7ILLJXW32C000,Apple Watch本体,Apple,Series 10,Apple Watch Series 10 46mm (GPS + Cellular) スレートチタニウムケース スレートミラネーゼループ (S/M) MC7R4J/A,スレート,,,4549995551051
9STW3877UF000,Apple Watch本体,Apple,Series 10,Apple Watch Series 10 46mm (GPS + Cellular) スレートチタニウムケース ブラックスポーツバンド (M/L) MWYE3J/A,スレート,,,4549995501520
GNVQEFWKOW000,Apple Watch本体,Apple,Series 10,Apple Watch Series 10 46mm (GPS + Cellular) スレートチタニウムケース ブラックスポーツバンド (S/M) MWYD3J/A,スレート,,,4549995501513
HYE3JFOATP000,Apple Watch本体,Apple,Series 10,Apple Watch Series 10 46mm (GPS + Cellular) ナチュラルチタニウムケース ストーングレイスポーツバンド (M/L) MWYA3J/A,ナチュラル,,,4549995501490
0T2X4DEUHG000,Apple Watch本体,Apple,Series 10,Apple Watch Series 10 46mm (GPS + Cellular) ナチュラルチタニウムケース ストーングレイスポーツバンド (S/M) MWY93J/A,ナチュラル,,,4549995501483
TDOOJPIXNH000,Apple Watch本体,Apple,Series 10,Apple Watch Series 10 46mm (GPS + Cellular) ナチュラルチタニウムケース ナチュラルミラネーゼループ (M/L) MWYC3J/A,ナチュラル,,,4549995501506
P8PKJQI4YD000,Apple Watch本体,Apple,Series 10,Apple Watch Series 10 46mm (GPS + Cellular) ナチュラルチタニウムケース ナチュラルミラネーゼループ (S/M) MC7Q4J/A,ナチュラル,,,4549995551013
PTSMR9PG41000,Apple Watch本体,Apple,Series 10,Apple Watch Series 10 46mm (GPS + Cellular) ローズゴールドアルミニウムケース プラムスポーツループ MWY83J/A,ローズゴールド,,,4549995501476
JSIR9UH4XG000,Apple Watch本体,Apple,Series 10,Apple Watch Series 10 46mm (GPS + Cellular) ローズゴールドアルミニウムケース ライトブラッシュスポーツバンド (M/L) MWY73J/A,ローズゴールド,,,4549995501469
I28VUWLFF9000,Apple Watch本体,Apple,Series 10,Apple Watch Series 10 46mm (GPS + Cellular) ローズゴールドアルミニウムケース ライトブラッシュスポーツバンド (S/M) MWY63J/A,ローズゴールド,,,4549995501452
DFHSUMTR04000,Apple Watch本体,Apple,Series 10,Apple Watch Series 10 46mm (GPS) シルバーアルミニウムケース デニムスポーツバンド (M/L) MWWM3J/A,シルバー,,,4549995501117
FORT1RSLMV000,Apple Watch本体,Apple,Series 10,Apple Watch Series 10 46mm (GPS) シルバーアルミニウムケース デニムスポーツバンド (S/M) MWWL3J/A,シルバー,,,4549995501100
PEKHZMM6XI000,Apple Watch本体,Apple,Series 10,Apple Watch Series 10 46mm (GPS) シルバーアルミニウムケース ブルークラウドスポーツループ MWWN3J/A,シルバー,,,4549995501124
E8ZC3HJVBT000,Apple Watch本体,Apple,Series 10,Apple Watch Series 10 46mm (GPS) ジェットブラックアルミニウムケース インクスポーツループ MWWR3J/A,ジェットブラック,,,4549995501155
2WY47A2YWB000,Apple Watch本体,Apple,Series 10,Apple Watch Series 10 46mm (GPS) ジェットブラックアルミニウムケース ブラックスポーツバンド (M/L) MWWQ3J/A,ジェットブラック,,,4549995501148
J2LWSX3RAI000,Apple Watch本体,Apple,Series 10,Apple Watch Series 10 46mm (GPS) ジェットブラックアルミニウムケース ブラックスポーツバンド (S/M) MWWP3J/A,ジェットブラック,,,4549995501131
EFHNYU9GAM000,Apple Watch本体,Apple,Series 10,Apple Watch Series 10 46mm (GPS) ローズゴールドアルミニウムケース プラムスポーツループ MWWV3J/A,ローズゴールド,,,4549995501186
0NG69UKDSB000,Apple Watch本体,Apple,Series 10,Apple Watch Series 10 46mm (GPS) ローズゴールドアルミニウムケース ライトブラッシュスポーツバンド (M/L) MWWU3J/A,ローズゴールド,,,4549995501179
F55W802HHR000,Apple Watch本体,Apple,Series 10,Apple Watch Series 10 46mm (GPS) ローズゴールドアルミニウムケース ライトブラッシュスポーツバンド (S/M) MWWT3J/A,ローズゴールド,,,4549995501162
4TMD3S2EC0000,Apple Watch本体,Apple,Series 11,Apple Watch Series 11 42mm (GPS + Cellular) ゴールドチタニウムケース ゴールドミラネーゼループ MF8Y4J/A,ゴールド,,,4549995626278
6S6TFJLQOV000,Apple Watch本体,Apple,Series 11,Apple Watch Series 11 42mm (GPS + Cellular) ゴールドチタニウムケース ライトブラッシュスポーツバンド (M/L) MF8X4J/A,ゴールド,,,4549995626254
6BO48135PE000,Apple Watch本体,Apple,Series 11,Apple Watch Series 11 42mm (GPS + Cellular) ゴールドチタニウムケース ライトブラッシュスポーツバンド (S/M) MF8W4J/A,ゴールド,,,4549995626230
Y2HF24C8Z1000,Apple Watch本体,Apple,Series 11,Apple Watch Series 11 42mm (GPS + Cellular) シルバーアルミニウムケース パープルフォグスポーツバンド (M/L) MF8J4J/A,シルバー,,,4549995626032
AMWMREYC86000,Apple Watch本体,Apple,Series 11,Apple Watch Series 11 42mm (GPS + Cellular) シルバーアルミニウムケース パープルフォグスポーツバンド (S/M) MF8H4J/A,シルバー,,,4549995626018
M797BKVS0Q000,Apple Watch本体,Apple,Series 11,Apple Watch Series 11 42mm (GPS + Cellular) ジェットブラックアルミニウムケース ブラックスポーツバンド (M/L) MF854J/A,ジェットブラック,,,4549995625851
M24XDVGY4N000,Apple Watch本体,Apple,Series 11,Apple Watch Series 11 42mm (GPS + Cellular) ジェットブラックアルミニウムケース ブラックスポーツバンド (S/M) MF834J/A,ジェットブラック,,,4549995625837
MXYCQ2TTK7000,Apple Watch本体,Apple,Series 11,Apple Watch Series 11 42mm (GPS + Cellular) スペースグレイアルミニウムケース ブラックスポーツバンド (M/L) MF8C4J/A,スペースグレイ,,,4549995625912
GOLHOY8MQJ000,Apple Watch本体,Apple,Series 11,Apple Watch Series 11 42mm (GPS + Cellular) スペースグレイアルミニウムケース ブラックスポーツバンド (S/M) MF8A4J/A,スペースグレイ,,,4549995625899
FTI3QK48G6000,Apple Watch本体,Apple,Series 11,Apple Watch Series 11 42mm (GPS + Cellular) スレートチタニウムケース スレートミラネーゼループ MF8U4J/A,スレート,,,4549995626193
N5RHXF0JT3000,Apple Watch本体,Apple,Series 11,Apple Watch Series 11 42mm (GPS + Cellular) スレートチタニウムケース ブラックスポーツバンド (M/L) MF8T4J/A,スレート,,,4549995626179
9AE9IULPRS000,Apple Watch本体,Apple,Series 11,Apple Watch Series 11 42mm (GPS + Cellular) スレートチタニウムケース ブラックスポーツバンド (S/M) MF8R4J/A,スレート,,,4549995626155
BKGCDVUXDA000,Apple Watch本体,Apple,Series 11,Apple Watch Series 11 42mm (GPS + Cellular) ナチュラルチタニウムケース ストーングレイスポーツバンド (M/L) MF8N4J/A,ナチュラル,,,4549995626094
2MZSRT6LPV000,Apple Watch本体,Apple,Series 11,Apple Watch Series 11 42mm (GPS + Cellular) ナチュラルチタニウムケース ストーングレイスポーツバンド (S/M) MF8M4J/A,ナチュラル,,,4549995626070
YOLTHO4YO6000,Apple Watch本体,Apple,Series 11,Apple Watch Series 11 42mm (GPS + Cellular) ナチュラルチタニウムケース ナチュラルミラネーゼループ MF8P4J/A,ナチュラル,,,4549995626117
VDF5OOVWWV000,Apple Watch本体,Apple,Series 11,Apple Watch Series 11 42mm (GPS + Cellular) ローズゴールドアルミニウムケース ライトブラッシュスポーツバンド (M/L) MF8F4J/A,ローズゴールド,,,4549995625974
A2CPDK7X3O000,Apple Watch本体,Apple,Series 11,Apple Watch Series 11 42mm (GPS + Cellular) ローズゴールドアルミニウムケース ライトブラッシュスポーツバンド (S/M) MF8E4J/A,ローズゴールド,,,4549995625950
30THR6UT1Q000,Apple Watch本体,Apple,Series 11,Apple Watch Series 11 42mm (GPS) シルバーアルミニウムケース パープルフォグスポーツバンド (M/L) MEU74J/A,シルバー,,,4549995622904
UJ1J58PBZQ000,Apple Watch本体,Apple,Series 11,Apple Watch Series 11 42mm (GPS) シルバーアルミニウムケース パープルフォグスポーツバンド (S/M) MEU64J/A,シルバー,,,4549995622881
9TT265C26O000,Apple Watch本体,Apple,Series 11,Apple Watch Series 11 42mm (GPS) ジェットブラックアルミニウムケース ブラックスポーツバンド (M/L) MEQU4J/A,ジェットブラック,,,4549995622720
7HVQ4DEG14000,Apple Watch本体,Apple,Series 11,Apple Watch Series 11 42mm (GPS) ジェットブラックアルミニウムケース ブラックスポーツバンド (S/M) MEQT4J/A,ジェットブラック,,,4549995623345
PV6BMSI7ZW000,Apple Watch本体,Apple,Series 11,Apple Watch Series 11 42mm (GPS) スペースグレイアルミニウムケース ブラックスポーツバンド (M/L) MEQX4J/A,スペースグレイ,,,4549995622782
ERH3H4WYG5000,Apple Watch本体,Apple,Series 11,Apple Watch Series 11 42mm (GPS) スペースグレイアルミニウムケース ブラックスポーツバンド (S/M) MEQW4J/A,スペースグレイ,,,4549995622768
RQOXLH4A25000,Apple Watch本体,Apple,Series 11,Apple Watch Series 11 42mm (GPS) ローズゴールドアルミニウムケース ライトブラッシュスポーツバンド (M/L) MEU44J/A,ローズゴールド,,,4549995622843
8T7ZAGE5AR000,Apple Watch本体,Apple,Series 11,Apple Watch Series 11 42mm (GPS) ローズゴールドアルミニウムケース ライトブラッシュスポーツバンド (S/M) MEU04J/A,ローズゴールド,,,4549995622829
8IOFLDLC9O000,Apple Watch本体,Apple,Series 11,Apple Watch Series 11 46mm (GPS + Cellular) ゴールドチタニウムケース ゴールドミラネーゼループ (M/L) MFD84J/A,ゴールド,,,4549995627091
4FSDYLM68W000,Apple Watch本体,Apple,Series 11,Apple Watch Series 11 46mm (GPS + Cellular) ゴールドチタニウムケース ゴールドミラネーゼループ (S/M) MFD74J/A,ゴールド,,,4549995627077
FR37NITMI4000,Apple Watch本体,Apple,Series 11,Apple Watch Series 11 46mm (GPS + Cellular) ゴールドチタニウムケース ライトブラッシュスポーツバンド (M/L) MFD64J/A,ゴールド,,,4549995627053
DQ60I85P3W000,Apple Watch本体,Apple,Series 11,Apple Watch Series 11 46mm (GPS + Cellular) ゴールドチタニウムケース ライトブラッシュスポーツバンド (S/M) MFD54J/A,ゴールド,,,4549995627039
0F9GM52F4Q000,Apple Watch本体,Apple,Series 11,Apple Watch Series 11 46mm (GPS + Cellular) シルバーアルミニウムケース パープルフォグスポーツバンド (M/L) MFCR4J/A,シルバー,,,4549995626834
PNQ19VNUMJ000,Apple Watch本体,Apple,Series 11,Apple Watch Series 11 46mm (GPS + Cellular) シルバーアルミニウムケース パープルフォグスポーツバンド (S/M) MFCP4J/A,シルバー,,,4549995626810
928CBL1WIY000,Apple Watch本体,Apple,Series 11,Apple Watch Series 11 46mm (GPS + Cellular) ジェットブラックアルミニウムケース ブラックスポーツバンド (M/L) MFC44J/A,ジェットブラック,,,4549995626636
8JJHOQ0QPT000,Apple Watch本体,Apple,Series 11,Apple Watch Series 11 46mm (GPS + Cellular) ジェットブラックアルミニウムケース ブラックスポーツバンド (S/M) MFC24J/A,ジェットブラック,,,4549995626599
URB1J8YZC8000,Apple Watch本体,Apple,Series 11,Apple Watch Series 11 46mm (GPS + Cellular) スペースグレイアルミニウムケース ブラックスポーツバンド (M/L) MFCA4J/A,スペースグレイ,,,4549995626711
RRM7Z9I7KZ000,Apple Watch本体,Apple,Series 11,Apple Watch Series 11 46mm (GPS + Cellular) スペースグレイアルミニウムケース ブラックスポーツバンド (S/M) MFC94J/A,スペースグレイ,,,4549995626698
B0YF517LNU000,Apple Watch本体,Apple,Series 11,Apple Watch Series 11 46mm (GPS + Cellular) スレートチタニウムケース スレートミラネーゼループ (M/L) MFD44J/A,スレート,,,4549995627015
ROZMVKDKT6000,Apple Watch本体,Apple,Series 11,Apple Watch Series 11 46mm (GPS + Cellular) スレートチタニウムケース スレートミラネーゼループ (S/M) MFD34J/A,スレート,,,4549995626995
UNR9VAK628000,Apple Watch本体,Apple,Series 11,Apple Watch Series 11 46mm (GPS + Cellular) スレートチタニウムケース ブラックスポーツバンド (M/L) MFD24J/A,スレート,,,4549995626971
HTUD7HWQ7M000,Apple Watch本体,Apple,Series 11,Apple Watch Series 11 46mm (GPS + Cellular) スレートチタニウムケース ブラックスポーツバンド (S/M) MFD14J/A,スレート,,,4549995626957
SN3GOFSJ9H000,Apple Watch本体,Apple,Series 11,Apple Watch Series 11 46mm (GPS + Cellular) ナチュラルチタニウムケース ストーングレイスポーツバンド (M/L) MFCX4J/A,ナチュラル,,,4549995626896
JGNN7US6EF000,Apple Watch本体,Apple,Series 11,Apple Watch Series 11 46mm (GPS + Cellular) ナチュラルチタニウムケース ストーングレイスポーツバンド (S/M) MFCW4J/A,ナチュラル,,,4549995626872
ANX4V24L4G000,Apple Watch本体,Apple,Series 11,Apple Watch Series 11 46mm (GPS + Cellular) ナチュラルチタニウムケース ナチュラルミラネーゼループ (M/L) MFD04J/A,ナチュラル,,,4549995626933
6N1V1VPWL7000,Apple Watch本体,Apple,Series 11,Apple Watch Series 11 46mm (GPS + Cellular) ナチュラルチタニウムケース ナチュラルミラネーゼループ (S/M) MFCY4J/A,ナチュラル,,,4549995626919
3N1WMR31XE000,Apple Watch本体,Apple,Series 11,Apple Watch Series 11 46mm (GPS + Cellular) ローズゴールドアルミニウムケース ライトブラッシュスポーツバンド (M/L) MFCJ4J/A,ローズゴールド,,,4549995626773
2440FGMUHK000,Apple Watch本体,Apple,Series 11,Apple Watch Series 11 46mm (GPS + Cellular) ローズゴールドアルミニウムケース ライトブラッシュスポーツバンド (S/M) MFCG4J/A,ローズゴールド,,,4549995626759
WMEK5JKTJB000,Apple Watch本体,Apple,Series 11,Apple Watch Series 11 46mm (GPS) シルバーアルミニウムケース パープルフォグスポーツバンド (M/L) MEVA4J/A,シルバー,,,4549995623147
R8NHAXOQOO000,Apple Watch本体,Apple,Series 11,Apple Watch Series 11 46mm (GPS) シルバーアルミニウムケース パープルフォグスポーツバンド (S/M) MEV94J/A,シルバー,,,4549995623123
LVY82ML3B4000,Apple Watch本体,Apple,Series 11,Apple Watch Series 11 46mm (GPS) ジェットブラックアルミニウムケース ブラックスポーツバンド (M/L) MEUX4J/A,ジェットブラック,,,4549995622966
C1QB48WT9S000,Apple Watch本体,Apple,Series 11,Apple Watch Series 11 46mm (GPS) ジェットブラックアルミニウムケース ブラックスポーツバンド (S/M) MEUW4J/A,ジェットブラック,,,4549995622942
E4UBMM60YA000,Apple Watch本体,Apple,Series 11,Apple Watch Series 11 46mm (GPS) スペースグレイアルミニウムケース ブラックスポーツバンド (M/L) MEV44J/A,スペースグレイ,,,4549995623024
NOLNCNZZAM000,Apple Watch本体,Apple,Series 11,Apple Watch Series 11 46mm (GPS) スペースグレイアルミニウムケース ブラックスポーツバンド (S/M) MEV04J/A,スペースグレイ,,,4549995623000
5OK9JBVLZ0000,Apple Watch本体,Apple,Series 11,Apple Watch Series 11 46mm (GPS) ローズゴールドアルミニウムケース ライトブラッシュスポーツバンド (M/L) MEV74J/A,ローズゴールド,,,4549995623086
Z5P8EINBM4000,Apple Watch本体,Apple,Series 11,Apple Watch Series 11 46mm (GPS) ローズゴールドアルミニウムケース ライトブラッシュスポーツバンド (S/M) MEV64J/A,ローズゴールド,,,4549995623062
2RLRGQPQ6Y000,Apple Watch本体,Apple,Series 2,Apple Watch Series 2 38mm ゴールドアルミニウムケース イエロー/ライトグレイウーブンナイロンバンド MNRW2J/A,ゴールド,,,
142NBWCOY2000,Apple Watch本体,Apple,Series 2,Apple Watch Series 2 38mm ゴールドアルミニウムケース コンクリートスポーツバンド MNRV2J/A,ゴールド,,,
DJMC5TVIUF000,Apple Watch本体,Apple,Series 2,Apple Watch Series 2 38mm ゴールドアルミニウムケース ミッドナイトブルースポーツバンド MQ1G2J/A,ゴールド,,,
XFZV0ZVCMW000,Apple Watch本体,Apple,Series 2,Apple Watch Series 2 38mm シルバーアルミニウムケース パールウーブンナイロンバンド MNRR2J/A,シルバー,,,4547597967140
CXFYDMSSFZ000,Apple Watch本体,Apple,Series 2,Apple Watch Series 2 38mm シルバーアルミニウムケース ホワイトスポーツバンド (S/M・M/L) MNRQ2J/A,シルバー,,,
T9W4XAOVLJ000,Apple Watch本体,Apple,Series 2,Apple Watch Series 2 38mm シルバーステンレススチールケース サドルブラウンクラシックバックル MNTF2J/A,シルバー,,,
59RW9D48KO000,Apple Watch本体,Apple,Series 2,Apple Watch Series 2 38mm シルバーステンレススチールケース シルバーミラネーゼループ MNTE2J/A,シルバー,,,
W4AVYPB2YF000,Apple Watch本体,Apple,Series 2,Apple Watch Series 2 38mm シルバーステンレススチールケース シルバーリンクブレスレット MNTD2J/A,シルバー,,,
WO8L2V2OE4000,Apple Watch本体,Apple,Series 2,Apple Watch Series 2 38mm シルバーステンレススチールケース ホワイトスポーツバンド (S/M・M/L) MNTC2J/A,シルバー,,,
J3XFV9FFB0000,Apple Watch本体,Apple,Series 2,Apple Watch Series 2 38mm シルバーステンレススチールケース ミッドナイトブルーモダンバックル (L) MNTJ2J/A,シルバー,,,
W4UOPTRKPM000,Apple Watch本体,Apple,Series 2,Apple Watch Series 2 38mm スペースグレイアルミニウムケース ブラックウーブンナイロンバンド MP0F2J/A,スペースグレイ,,,
SII71FWYR7000,Apple Watch本体,Apple,Series 2,Apple Watch Series 2 38mm スペースグレイアルミニウムケース ブラックスポーツバンド (S/M・M/L) MP0E2J/A,スペースグレイ,,,
VZ72P9K4GQ000,Apple Watch本体,Apple,Series 2,Apple Watch Series 2 38mm スペースブラックステンレススチールケース スペースブラックミラネーゼループ MNTM2J/A,スペースブラック,,,
S42O38D4A2000,Apple Watch本体,Apple,Series 2,Apple Watch Series 2 38mm スペースブラックステンレススチールケース スペースブラックリンクブレスレット MNTL2J/A,スペースブラック,,,
8RT0JS7CWW000,Apple Watch本体,Apple,Series 2,Apple Watch Series 2 38mm スペースブラックステンレススチールケース ブラックスポーツバンド (S/M・M/L) MP4D2J/A,スペースブラック,,,
CYBUDPJTYG000,Apple Watch本体,Apple,Series 2,Apple Watch Series 2 38mm ローズゴールドアルミニウムケース ピンクサンドスポーツバンド (S/M・M/L) MNRT2J/A,ローズゴールド,,,
XY0NRW6S8P000,Apple Watch本体,Apple,Series 2,Apple Watch Series 2 38mm ローズゴールドアルミニウムケース ライトピンク/ミッドナイトブルーウーブンナイロンバンド MNRU2J/A,ローズゴールド,,,
ZKUS1L1KUW000,Apple Watch本体,Apple,Series 2,Apple Watch Series 2 42mm ゴールドアルミニウムケース ココアスポーツバンド MNT72J/A,ゴールド,,,
KCXSJDRXLL000,Apple Watch本体,Apple,Series 2,Apple Watch Series 2 42mm ゴールドアルミニウムケース トーステッドコーヒー/キャラメルウーブンナイロンバンド MNT82J/A,ゴールド,,,
0PRKL552VJ000,Apple Watch本体,Apple,Series 2,Apple Watch Series 2 42mm ゴールドアルミニウムケース ミッドナイトブルースポーツバンド MQ1J2J/A,ゴールド,,,
CMRERQJTS7000,Apple Watch本体,Apple,Series 2,Apple Watch Series 2 42mm シルバーアルミニウムケース パールウーブンナイロンバンド MNT32J/A,シルバー,,,
1QZ729QSMG000,Apple Watch本体,Apple,Series 2,Apple Watch Series 2 42mm シルバーアルミニウムケース ホワイトスポーツバンド (S/M・M/L) MNT22J/A,シルバー,,,
W95MYYD0U3000,Apple Watch本体,Apple,Series 2,Apple Watch Series 2 42mm シルバーステンレススチールケース サドルブラウンクラシックバックル MNU12J/A,シルバー,,,
0DB0NKT6LX000,Apple Watch本体,Apple,Series 2,Apple Watch Series 2 42mm シルバーステンレススチールケース シルバーミラネーゼループ MNU02J/A,シルバー,,,
5DNBPEM8FE000,Apple Watch本体,Apple,Series 2,Apple Watch Series 2 42mm シルバーステンレススチールケース シルバーリンクブレスレット MNTY2J/A,シルバー,,,
49NZDOSYJ8000,Apple Watch本体,Apple,Series 2,Apple Watch Series 2 42mm シルバーステンレススチールケース ホワイトスポーツバンド (S/M・M/L) MNTX2J/A,シルバー,,,
OLX6VP7V82000,Apple Watch本体,Apple,Series 2,Apple Watch Series 2 42mm シルバーステンレススチールケース ミッドナイトブルーレザーループ (L) MNU62J/A,シルバー,,,
UXMEWHWAXS000,Apple Watch本体,Apple,Series 2,Apple Watch Series 2 42mm スペースグレイアルミニウムケース ブラックウーブンナイロンバンド MP0H2J/A,スペースグレイ,,,
NL6LHRI9W4000,Apple Watch本体,Apple,Series 2,Apple Watch Series 2 42mm スペースグレイアルミニウムケース ブラックスポーツバンド (S/M・M/L) MP0G2J/A,スペースグレイ,,,
57V4TDKKSP000,Apple Watch本体,Apple,Series 2,Apple Watch Series 2 42mm スペースブラックステンレススチールケース スペースブラックミラネーゼループ MNU92J/A,スペースブラック,,,
F0WRIESG6G000,Apple Watch本体,Apple,Series 2,Apple Watch Series 2 42mm スペースブラックステンレススチールケース スペースブラックリンクブレスレット MNU82J/A,スペースブラック,,,
V25FY3RK53000,Apple Watch本体,Apple,Series 2,Apple Watch Series 2 42mm スペースブラックステンレススチールケース ブラックスポーツバンド (S/M・M/L) MP4E2J/A,スペースブラック,,,
0KF1Y4QYM3000,Apple Watch本体,Apple,Series 2,Apple Watch Series 2 42mm ローズゴールドアルミニウムケース スペースオレンジ/アントラシットウーブンナイロンバンド MNT62J/A,ローズゴールド,,,
PT6BYDO9VI000,Apple Watch本体,Apple,Series 2,Apple Watch Series 2 42mm ローズゴールドアルミニウムケース ピンクサンドスポーツバンド (S/M・M/L) MQ1H2J/A,ローズゴールド,,,
DHQPS097NH000,Apple Watch本体,Apple,Series 2,Apple Watch Series 2 42mm ローズゴールドアルミニウムケース ミッドナイトブルースポーツバンド MNT42J/A,ローズゴールド,,,
D4VW0Z1P13000,Apple Watch本体,Apple,Series 2 Edition,Apple Watch Series 2 Edition 38mm ホワイトセラミックケース クラウドスポーツバンド MNTN2J/A,ホワイト,,,
SBL6CDXH5J000,Apple Watch本体,Apple,Series 2 Edition,Apple Watch Series 2 Edition 42mm ホワイトセラミックケース クラウドスポーツバンド MNUC2J/A,ホワイト,,,
4YXBVH4E4D000,Apple Watch本体,Apple,Series 3,Apple Watch Series 3 38mm (GPS + Cellular) ゴールドアルミニウムケース ピンクサンドスポーツバンド (S/M・M/L) MQKH2J/A,ゴールド,,,
7NPM63R41W000,Apple Watch本体,Apple,Series 3,Apple Watch Series 3 38mm (GPS + Cellular) ゴールドアルミニウムケース ピンクサンドスポーツループ MQKL2J/A,ゴールド,,,4547597996423
8T4MII0H4R000,Apple Watch本体,Apple,Series 3,Apple Watch Series 3 38mm (GPS + Cellular) シルバーアルミニウムケース ホワイトスポーツバンド (S/M・M/L) MTGN2J/A,シルバー,,,4549995043129
GDFKVN03TQ000,Apple Watch本体,Apple,Series 3,Apple Watch Series 3 38mm (GPS + Cellular) シルバーステンレススチールケース ソフトホワイトスポーツバンド (S/M・M/L) MQLV2J/A,シルバー,,,
UZREF41YYQ000,Apple Watch本体,Apple,Series 3,Apple Watch Series 3 38mm (GPS + Cellular) シルバーステンレススチールケース ミラネーゼループ MR1N2J/A,シルバー,,,
MRIEAY8XRM000,Apple Watch本体,Apple,Series 3,Apple Watch Series 3 38mm (GPS + Cellular) スペースグレイアルミニウムケース グレイスポーツバンド MR2Y2J/A,スペースグレイ,,,4549995007602
WL89KYTD3V000,Apple Watch本体,Apple,Series 3,Apple Watch Series 3 38mm (GPS + Cellular) スペースグレイアルミニウムケース ブラックスポーツバンド (S/M・M/L) MTGP2J/A,スペースグレイ,,,4549995043136
QAIWZ9HA6U000,Apple Watch本体,Apple,Series 3,Apple Watch Series 3 38mm (GPS + Cellular) スペースブラックステンレススチールケース スペースブラックミラネーゼループ MR1Q2J/A,スペースブラック,,,4549995001365
35CSKUQ3EV000,Apple Watch本体,Apple,Series 3,Apple Watch Series 3 38mm (GPS) ゴールドアルミニウムケース ピンクサンドスポーツバンド (S/M・M/L) MQKW2J/A,ゴールド,,,
S20L4XU25J000,Apple Watch本体,Apple,Series 3,Apple Watch Series 3 38mm (GPS) シルバーアルミニウムケース ホワイトスポーツバンド (S/M・M/L) MTEY2J/A,シルバー,,,4549995043365
C6WULQPN1W000,Apple Watch本体,Apple,Series 3,Apple Watch Series 3 38mm (GPS) スペースグレイアルミニウムケース ブラックスポーツバンド (S/M・M/L) MTF02J/A,スペースグレイ,,,4549995043402
FY9Q59AXTI000,Apple Watch本体,Apple,Series 3,Apple Watch Series 3 42mm (GPS + Cellular) ゴールドアルミニウムケース ピンクサンドスポーツバンド (S/M・M/L) MQKP2J/A,ゴールド,,,
YBJW2996YW000,Apple Watch本体,Apple,Series 3,Apple Watch Series 3 42mm (GPS + Cellular) ゴールドアルミニウムケース ピンクサンドスポーツループ MQKT2J/A,ゴールド,,,
DVVL44RZQR000,Apple Watch本体,Apple,Series 3,Apple Watch Series 3 42mm (GPS + Cellular) シルバーアルミニウムケース シーシェルスポーツループ MQKQ2J/A,シルバー,,,4547597996461
KKG2DMXQ3B000,Apple Watch本体,Apple,Series 3,Apple Watch Series 3 42mm (GPS + Cellular) シルバーアルミニウムケース ホワイトスポーツバンド (S/M・M/L) MTH12J/A,シルバー,,,4549995043150
8TB7E8WKL8000,Apple Watch本体,Apple,Series 3,Apple Watch Series 3 42mm (GPS + Cellular) シルバーステンレススチールケース ソフトホワイトスポーツバンド (S/M・M/L) MQLY2J/A,シルバー,,,
43D2RP9T6U000,Apple Watch本体,Apple,Series 3,Apple Watch Series 3 42mm (GPS + Cellular) シルバーステンレススチールケース ミラネーゼループ MR1U2J/A,シルバー,,,
OMPE31TCKT000,Apple Watch本体,Apple,Series 3,Apple Watch Series 3 42mm (GPS + Cellular) スペースグレイアルミニウムケース ブラックスポーツバンド (S/M・M/L) MTH22J/A,スペースグレイ,,,4549995043167
ZKCKQ18SRH000,Apple Watch本体,Apple,Series 3,Apple Watch Series 3 42mm (GPS + Cellular) スペースブラックステンレススチールケース スペースブラックミラネーゼループ MR1V2J/A,スペースブラック,,,
EJRTUCYGX1000,Apple Watch本体,Apple,Series 3,Apple Watch Series 3 42mm (GPS + Cellular) スペースブラックステンレススチールケース ブラックスポーツバンド (S/M・M/L) MQM02J/A,スペースブラック,,,4547597996539
BTWB9XVU0K000,Apple Watch本体,Apple,Series 3,Apple Watch Series 3 42mm (GPS) ゴールドアルミニウムケース ピンクサンドスポーツバンド (S/M・M/L) MQL22J/A,ゴールド,,,
WFEPW2PF77000,Apple Watch本体,Apple,Series 3,Apple Watch Series 3 42mm (GPS) シルバーアルミニウムケース ホワイトスポーツバンド (S/M・M/L) MTF22J/A,シルバー,,,4549995043488
FMPXL5OOXC000,Apple Watch本体,Apple,Series 3,Apple Watch Series 3 42mm (GPS) スペースグレイアルミニウムケース ブラックスポーツバンド (S/M・M/L) MTF32J/A,スペースグレイ,,,4549995043525
IFX2EQSSND000,Apple Watch本体,Apple,Series 3 Edition,Apple Watch Series 3 Edition 38mm (GPS + Cellular) グレイセラミックケース グレイ/ブラックスポーツバンド MQM42J/A,グレイ,,,
JQJO29YBNE000,Apple Watch本体,Apple,Series 3 Edition,Apple Watch Series 3 Edition 38mm (GPS + Cellular) ホワイトセラミックケース ソフトホワイト/ペブルスポーツバンド MQM32J/A,ホワイト,,,
NIJQNRI088000,Apple Watch本体,Apple,Series 3 Edition,Apple Watch Series 3 Edition 42mm (GPS + Cellular) グレイセラミックケース グレイ/ブラックスポーツバンド MQM62J/A,グレイ,,,
YI0JEEH74Q000,Apple Watch本体,Apple,Series 3 Edition,Apple Watch Series 3 Edition 42mm (GPS + Cellular) ホワイトセラミックケース ソフトホワイト/ペブルスポーツバンド MQM52J/A,ホワイト,,,
4HTILLODZP000,Apple Watch本体,Apple,Series 4,Apple Watch Series 4 40mm (GPS + Cellular) ゴールドアルミニウムケース ピンクサンドスポーツバンド (S/M・M/L) MTVG2J/A,ゴールド,,,
42BV3LQ3ZR000,Apple Watch本体,Apple,Series 4,Apple Watch Series 4 40mm (GPS + Cellular) ゴールドアルミニウムケース ピンクサンドスポーツループ MTVH2J/A,ゴールド,,,4549995046489
WHQRMI76QY000,Apple Watch本体,Apple,Series 4,Apple Watch Series 4 40mm (GPS + Cellular) ゴールドステンレススチールケース ゴールドミラネーゼループ MTVQ2J/A,ゴールド,,,
47AOGB8TU8000,Apple Watch本体,Apple,Series 4,Apple Watch Series 4 40mm (GPS + Cellular) ゴールドステンレススチールケース ストーンスポーツバンド (S/M・M/L) MTVN2J/A,ゴールド,,,
WDIOPDJ34K000,Apple Watch本体,Apple,Series 4,Apple Watch Series 4 40mm (GPS + Cellular) シルバーアルミニウムケース シーシェルスポーツループ MTVC2J/A,シルバー,,,4549995046441
SNSZNIHVXN000,Apple Watch本体,Apple,Series 4,Apple Watch Series 4 40mm (GPS + Cellular) シルバーアルミニウムケース ホワイトスポーツバンド (S/M・M/L) MTVA2J/A,シルバー,,,
9WEWO4488P000,Apple Watch本体,Apple,Series 4,Apple Watch Series 4 40mm (GPS + Cellular) シルバーステンレススチールケース ストーンスポーツバンド (S/M・M/L),シルバー,,,
S29XTH5Z4U000,Apple Watch本体,Apple,Series 4,Apple Watch Series 4 40mm (GPS + Cellular) シルバーステンレススチールケース ホワイトスポーツバンド (S/M・M/L) MTVJ2J/A,シルバー,,,
MSV1MKNPZB000,Apple Watch本体,Apple,Series 4,Apple Watch Series 4 40mm (GPS + Cellular) シルバーステンレススチールケース ミラネーゼループ MTVK2J/A,シルバー,,,4549995046502
R1JHPSL0ZR000,Apple Watch本体,Apple,Series 4,Apple Watch Series 4 40mm (GPS + Cellular) スペースグレイアルミニウムケース ブラックスポーツバンド (S/M・M/L) MTVD2J/A,スペースグレイ,,,
P9ISQ4JTL5000,Apple Watch本体,Apple,Series 4,Apple Watch Series 4 40mm (GPS + Cellular) スペースグレイアルミニウムケース ブラックスポーツループ MTVF2J/A,スペースグレイ,,,4549995046465
0UXLR8S8FI000,Apple Watch本体,Apple,Series 4,Apple Watch Series 4 40mm (GPS + Cellular) スペースブラックステンレススチールケース スペースブラックミラネーゼループ MTVM2J/A,スペースブラック,,,
VDIOIN2WMM000,Apple Watch本体,Apple,Series 4,Apple Watch Series 4 40mm (GPS + Cellular) スペースブラックステンレススチールケース ブラックスポーツバンド (S/M・M/L) MTVL2J/A,スペースブラック,,,
4612T2VV6U000,Apple Watch本体,Apple,Series 4,Apple Watch Series 4 40mm (GPS) ゴールドアルミニウムケース ピンクサンドスポーツバンド (S/M・M/L) MU682J/A,ゴールド,,,
LOFB1HSI35000,Apple Watch本体,Apple,Series 4,Apple Watch Series 4 40mm (GPS) ゴールドアルミニウムケース ピンクサンドスポーツループ MU692J/A,ゴールド,,,
TY6UH191G7000,Apple Watch本体,Apple,Series 4,Apple Watch Series 4 40mm (GPS) シルバーアルミニウムケース シーシェルスポーツループ MU652J/A,シルバー,,,
YJEZOYBPQA000,Apple Watch本体,Apple,Series 4,Apple Watch Series 4 40mm (GPS) シルバーアルミニウムケース ホワイトスポーツバンド (S/M・M/L) MU642J/A,シルバー,,,
3E83P7KZKE000,Apple Watch本体,Apple,Series 4,Apple Watch Series 4 40mm (GPS) スペースグレイアルミニウムケース ブラックスポーツバンド (S/M・M/L) MU662J/A,スペースグレイ,,,
SVAKRUUUBS000,Apple Watch本体,Apple,Series 4,Apple Watch Series 4 40mm (GPS) スペースグレイアルミニウムケース ブラックスポーツループ MU672J/A,スペースグレイ,,,
T5H6VLLRQS000,Apple Watch本体,Apple,Series 4,Apple Watch Series 4 44mm (GPS + Cellular) ゴールドアルミニウムケース ピンクサンドスポーツバンド (S/M・M/L) MTVW2J/A,ゴールド,,,4549995046595
WHHDC2YB78000,Apple Watch本体,Apple,Series 4,Apple Watch Series 4 44mm (GPS + Cellular) ゴールドアルミニウムケース ピンクサンドスポーツループ MTVX2J/A,ゴールド,,,4549995046601
RBG17GWOKN000,Apple Watch本体,Apple,Series 4,Apple Watch Series 4 44mm (GPS + Cellular) ゴールドステンレススチールケース ゴールドミラネーゼループ MTX52J/A,ゴールド,,,
3COTWZL2O2000,Apple Watch本体,Apple,Series 4,Apple Watch Series 4 44mm (GPS + Cellular) ゴールドステンレススチールケース ストーンスポーツバンド (S/M・M/L) MTX42J/A,ゴールド,,,
56GPE2Q5O9000,Apple Watch本体,Apple,Series 4,Apple Watch Series 4 44mm (GPS + Cellular) シルバーアルミニウムケース シーシェルスポーツループ MTVT2J/A,シルバー,,,4549995046564
LL1OI8N6MQ000,Apple Watch本体,Apple,Series 4,Apple Watch Series 4 44mm (GPS + Cellular) シルバーアルミニウムケース ホワイトスポーツバンド (S/M・M/L) MTVR2J/A,シルバー,,,
72U3W7GOHU000,Apple Watch本体,Apple,Series 4,Apple Watch Series 4 44mm (GPS + Cellular) シルバーステンレススチールケース ゴールドミラネーゼループ,シルバー,,,
J5NQKPBV9I000,Apple Watch本体,Apple,Series 4,Apple Watch Series 4 44mm (GPS + Cellular) シルバーステンレススチールケース ストーンスポーツバンド (S/M・M/L),シルバー,,,
U3WZANZPT0000,Apple Watch本体,Apple,Series 4,Apple Watch Series 4 44mm (GPS + Cellular) シルバーステンレススチールケース ホワイトスポーツバンド (S/M・M/L) MTX02J/A,シルバー,,,
0HC2K43JHS000,Apple Watch本体,Apple,Series 4,Apple Watch Series 4 44mm (GPS + Cellular) シルバーステンレススチールケース ミラネーゼループ MTX12J/A,シルバー,,,4549995046625
3A233TXMSI000,Apple Watch本体,Apple,Series 4,Apple Watch Series 4 44mm (GPS + Cellular) スペースグレイアルミニウムケース ブラックスポーツバンド (S/M・M/L) MTVU2J/A,スペースグレイ,,,
4LIUW5FDV3000,Apple Watch本体,Apple,Series 4,Apple Watch Series 4 44mm (GPS + Cellular) スペースグレイアルミニウムケース ブラックスポーツループ MTVV2J/A,スペースグレイ,,,4549995046588
GM5R898C3L000,Apple Watch本体,Apple,Series 4,Apple Watch Series 4 44mm (GPS + Cellular) スペースブラックステンレススチールケース スペースブラックミラネーゼループ MTX32J/A,スペースブラック,,,
4IDIRDOGVM000,Apple Watch本体,Apple,Series 4,Apple Watch Series 4 44mm (GPS + Cellular) スペースブラックステンレススチールケース ブラックスポーツバンド (S/M・M/L) MTX22J/A,スペースブラック,,,
AGY2XL4UCL000,Apple Watch本体,Apple,Series 4,Apple Watch Series 4 44mm (GPS) ゴールドアルミニウムケース ピンクサンドスポーツバンド (S/M・M/L) MU6F2J/A,ゴールド,,,4549995045529
VR8A583YQ0000,Apple Watch本体,Apple,Series 4,Apple Watch Series 4 44mm (GPS) ゴールドアルミニウムケース ピンクサンドスポーツループ MU6G2J/A,ゴールド,,,
OLFOYQHX6P000,Apple Watch本体,Apple,Series 4,Apple Watch Series 4 44mm (GPS) シルバーアルミニウムケース シーシェルスポーツループ MU6C2J/A,シルバー,,,
99EXY2VUJC000,Apple Watch本体,Apple,Series 4,Apple Watch Series 4 44mm (GPS) シルバーアルミニウムケース ホワイトスポーツバンド (S/M・M/L) MU6A2J/A,シルバー,,,
GFYJB3M43C000,Apple Watch本体,Apple,Series 4,Apple Watch Series 4 44mm (GPS) スペースグレイアルミニウムケース ブラックスポーツバンド (S/M・M/L) MU6D2J/A,スペースグレイ,,,
KHN8SDNJ49000,Apple Watch本体,Apple,Series 4,Apple Watch Series 4 44mm (GPS) スペースグレイアルミニウムケース ブラックスポーツループ MU6E2J/A,スペースグレイ,,,
6RSN3N9ZN2000,Apple Watch本体,Apple,Series 5,Apple Watch Series 5 40mm (GPS + Cellular) ゴールドアルミニウムケース ピンクサンドスポーツバンド (S/M・M/L) MWX22J/A,ゴールド,,,4549995100808
UFM914EMS8000,Apple Watch本体,Apple,Series 5,Apple Watch Series 5 40mm (GPS + Cellular) ゴールドステンレススチールケース ゴールドミラネーゼループ MWX72J/A,ゴールド,,,
BI0LDPM34B000,Apple Watch本体,Apple,Series 5,Apple Watch Series 5 40mm (GPS + Cellular) ゴールドステンレススチールケース ストーンスポーツバンド (S/M・M/L) MWX62J/A,ゴールド,,,
CSZJH9O2V9000,Apple Watch本体,Apple,Series 5,Apple Watch Series 5 40mm (GPS + Cellular) シルバーアルミニウムケース ホワイトスポーツバンド (S/M・M/L) MWX12J/A,シルバー,,,
B38GK9JRNT000,Apple Watch本体,Apple,Series 5,Apple Watch Series 5 40mm (GPS + Cellular) シルバーステンレススチールケース (PRODUCT)REDスポーツバンド (S/M・M/L),シルバー,,,
A45N8TPB6B000,Apple Watch本体,Apple,Series 5,Apple Watch Series 5 40mm (GPS + Cellular) シルバーステンレススチールケース (PRODUCT)REDスポーツループ,シルバー,,,
26K8KIWRE0000,Apple Watch本体,Apple,Series 5,Apple Watch Series 5 40mm (GPS + Cellular) シルバーステンレススチールケース アラスカンブルースポーツバンド (S/M・M/L),シルバー,,,
ANELTO2C7E000,Apple Watch本体,Apple,Series 5,Apple Watch Series 5 40mm (GPS + Cellular) シルバーステンレススチールケース アラスカンブルースポーツループ,シルバー,,,
XIQ9YVNNEM000,Apple Watch本体,Apple,Series 5,Apple Watch Series 5 40mm (GPS + Cellular) シルバーステンレススチールケース アンカーグレイスポーツループ,シルバー,,,
M2IIHSEASO000,Apple Watch本体,Apple,Series 5,Apple Watch Series 5 40mm (GPS + Cellular) シルバーステンレススチールケース カクタススポーツバンド (S/M・M/L),シルバー,,,
DOPNXPEQPY000,Apple Watch本体,Apple,Series 5,Apple Watch Series 5 40mm (GPS + Cellular) シルバーステンレススチールケース カーキスポーツバンド (S/M・M/L),シルバー,,,
8O6AGAP9X0000,Apple Watch本体,Apple,Series 5,Apple Watch Series 5 40mm (GPS + Cellular) シルバーステンレススチールケース カーキスポーツループ,シルバー,,,
LI4OATDJO2000,Apple Watch本体,Apple,Series 5,Apple Watch Series 5 40mm (GPS + Cellular) シルバーステンレススチールケース キャメルスポーツループ,シルバー,,,
NQIBDUIUGV000,Apple Watch本体,Apple,Series 5,Apple Watch Series 5 40mm (GPS + Cellular) シルバーステンレススチールケース グレープフルーツスポーツバンド (S/M・M/L),シルバー,,,
RDRH5T4736000,Apple Watch本体,Apple,Series 5,Apple Watch Series 5 40mm (GPS + Cellular) シルバーステンレススチールケース コースタルグレースポーツバンド (S/M・M/L),シルバー,,,
GJGSBOMLP3000,Apple Watch本体,Apple,Series 5,Apple Watch Series 5 40mm (GPS + Cellular) シルバーステンレススチールケース ゴールドミラネーゼループ,シルバー,,,
S1CLACNJOT000,Apple Watch本体,Apple,Series 5,Apple Watch Series 5 40mm (GPS + Cellular) シルバーステンレススチールケース サドルブラウンモダンバックル (L),シルバー,,,
JBC1C7W3NF000,Apple Watch本体,Apple,Series 5,Apple Watch Series 5 40mm (GPS + Cellular) シルバーステンレススチールケース サドルブラウンモダンバックル (M),シルバー,,,
4O2RY8QTUL000,Apple Watch本体,Apple,Series 5,Apple Watch Series 5 40mm (GPS + Cellular) シルバーステンレススチールケース サドルブラウンモダンバックル (S),シルバー,,,
GH17LRJHJT000,Apple Watch本体,Apple,Series 5,Apple Watch Series 5 40mm (GPS + Cellular) シルバーステンレススチールケース サンシャインスポーツループ,シルバー,,,
1TNA06BHKE000,Apple Watch本体,Apple,Series 5,Apple Watch Series 5 40mm (GPS + Cellular) シルバーステンレススチールケース サーフブルースポーツバンド (S/M・M/L),シルバー,,,
B283QU4UQA000,Apple Watch本体,Apple,Series 5,Apple Watch Series 5 40mm (GPS + Cellular) シルバーステンレススチールケース サーフブルースポーツループ,シルバー,,,
RQ5LUEECLK000,Apple Watch本体,Apple,Series 5,Apple Watch Series 5 40mm (GPS + Cellular) シルバーステンレススチールケース シーフォームスポーツバンド (S/M・M/L),シルバー,,,
UVPCD90C0C000,Apple Watch本体,Apple,Series 5,Apple Watch Series 5 40mm (GPS + Cellular) シルバーステンレススチールケース ストーンスポーツバンド (S/M・M/L),シルバー,,,
S3QUUZU3QE000,Apple Watch本体,Apple,Series 5,Apple Watch Series 5 40mm (GPS + Cellular) シルバーステンレススチールケース スペースブラックミラネーゼループ,シルバー,,,
BZVO4ZL4P8000,Apple Watch本体,Apple,Series 5,Apple Watch Series 5 40mm (GPS + Cellular) シルバーステンレススチールケース ディープシーブルーモダンバックル (L),シルバー,,,
IFRBFPDB3N000,Apple Watch本体,Apple,Series 5,Apple Watch Series 5 40mm (GPS + Cellular) シルバーステンレススチールケース ディープシーブルーモダンバックル (M),シルバー,,,
8FUQYG25QB000,Apple Watch本体,Apple,Series 5,Apple Watch Series 5 40mm (GPS + Cellular) シルバーステンレススチールケース ディープシーブルーモダンバックル (S),シルバー,,,
6QDRBX4EJI000,Apple Watch本体,Apple,Series 5,Apple Watch Series 5 40mm (GPS + Cellular) シルバーステンレススチールケース ネオンピンクスポーツループ,シルバー,,,
J9BFPUBRF7000,Apple Watch本体,Apple,Series 5,Apple Watch Series 5 40mm (GPS + Cellular) シルバーステンレススチールケース ネオンライムスポーツループ,シルバー,,,
CSH7VG4S8P000,Apple Watch本体,Apple,Series 5,Apple Watch Series 5 40mm (GPS + Cellular) シルバーステンレススチールケース ビタミンCスポーツバンド (S/M・M/L),シルバー,,,
344CAMI5GH000,Apple Watch本体,Apple,Series 5,Apple Watch Series 5 40mm (GPS + Cellular) シルバーステンレススチールケース ビタミンCスポーツループ,シルバー,,,
V0BFPBUMT0000,Apple Watch本体,Apple,Series 5,Apple Watch Series 5 40mm (GPS + Cellular) シルバーステンレススチールケース ピンクサンドスポーツバンド (S/M・M/L),シルバー,,,
D5WE3BZ7VC000,Apple Watch本体,Apple,Series 5,Apple Watch Series 5 40mm (GPS + Cellular) シルバーステンレススチールケース ブラックスポーツバンド (S/M・M/L),シルバー,,,
K3AKYAXVXT000,Apple Watch本体,Apple,Series 5,Apple Watch Series 5 40mm (GPS + Cellular) シルバーステンレススチールケース ブラックモダンバックル (L),シルバー,,,
RRCRAD5I9U000,Apple Watch本体,Apple,Series 5,Apple Watch Series 5 40mm (GPS + Cellular) シルバーステンレススチールケース ブラックモダンバックル (M),シルバー,,,
B0GZHQR4V1000,Apple Watch本体,Apple,Series 5,Apple Watch Series 5 40mm (GPS + Cellular) シルバーステンレススチールケース ブラックモダンバックル (S),シルバー,,,
GLSN9K2ZZ5000,Apple Watch本体,Apple,Series 5,Apple Watch Series 5 40mm (GPS + Cellular) シルバーステンレススチールケース プライドエディションスポーツバンド (S/M・M/L),シルバー,,,
2UBZG1U3B4000,Apple Watch本体,Apple,Series 5,Apple Watch Series 5 40mm (GPS + Cellular) シルバーステンレススチールケース プライドエディションスポーツループ,シルバー,,,
DWXFOGPWOB000,Apple Watch本体,Apple,Series 5,Apple Watch Series 5 40mm (GPS + Cellular) シルバーステンレススチールケース ポメグラネットスポーツループ,シルバー,,,
4WPX08FTZU000,Apple Watch本体,Apple,Series 5,Apple Watch Series 5 40mm (GPS + Cellular) シルバーステンレススチールケース ミッドナイトブルースポーツループ,シルバー,,,
T5JWBSFDQU000,Apple Watch本体,Apple,Series 5,Apple Watch Series 5 40mm (GPS + Cellular) シルバーステンレススチールケース ラズベリーモダンバックル (L),シルバー,,,
OTR67IE4ID000,Apple Watch本体,Apple,Series 5,Apple Watch Series 5 40mm (GPS + Cellular) シルバーステンレススチールケース ラズベリーモダンバックル (M),シルバー,,,
VRQGTATBMP000,Apple Watch本体,Apple,Series 5,Apple Watch Series 5 40mm (GPS + Cellular) シルバーステンレススチールケース ラズベリーモダンバックル (S),シルバー,,,
0A84C7B4QI000,Apple Watch本体,Apple,Series 5,Apple Watch Series 5 40mm (GPS + Cellular) シルバーステンレススチールケース リネンブルースポーツバンド (S/M・M/L),シルバー,,,
S3JLS45X3N000,Apple Watch本体,Apple,Series 5,Apple Watch Series 5 40mm (GPS + Cellular) シルバーステンレススチールケース レモンクリームスポーツバンド (S/M・M/L),シルバー,,,
OEUM0T0607000,Apple Watch本体,Apple,Series 5,Apple Watch Series 5 40mm (GPS + Cellular) スペースグレイアルミニウムケース ブラックスポーツバンド (S/M・M/L) MWX32J/A,スペースグレイ,,,4549995100815
MCHVNIRR0T000,Apple Watch本体,Apple,Series 5,Apple Watch Series 5 40mm (GPS + Cellular) スペースブラックステンレススチールケース スペースブラックミラネーゼループ MWX92J/A,スペースブラック,,,
R8DUN39VOX000,Apple Watch本体,Apple,Series 5,Apple Watch Series 5 40mm (GPS + Cellular) スペースブラックステンレススチールケース ブラックスポーツバンド (S/M・M/L) MWX82J/A,スペースブラック,,,
BUZWR1LGF0000,Apple Watch本体,Apple,Series 5,Apple Watch Series 5 40mm (GPS) ゴールドアルミニウムケース ピンクサンドスポーツバンド (S/M・M/L) MWV72J/A,ゴールド,,,4549995097931
3OWR7HYNXA000,Apple Watch本体,Apple,Series 5,Apple Watch Series 5 40mm (GPS) シルバーアルミニウムケース ホワイトスポーツバンド (S/M・M/L) MWV62J/A,シルバー,,,4549995097924
P45QGOI4UF000,Apple Watch本体,Apple,Series 5,Apple Watch Series 5 40mm (GPS) スペースグレイアルミニウムケース ブラックスポーツバンド (S/M・M/L) MWV82J/A,スペースグレイ,,,4549995097948
ES6TWXFFVU000,Apple Watch本体,Apple,Series 5,Apple Watch Series 5 44mm (GPS + Cellular) ゴールドアルミニウムケース ピンクサンドスポーツバンド (S/M・M/L) MWWD2J/A,ゴールド,,,
KA51S3OFAZ000,Apple Watch本体,Apple,Series 5,Apple Watch Series 5 44mm (GPS + Cellular) ゴールドステンレススチールケース ストーンスポーツバンド (S/M・M/L) MWWH2J/A,ゴールド,,,4549995100747
U8WZYZRWE8000,Apple Watch本体,Apple,Series 5,Apple Watch Series 5 44mm (GPS + Cellular) シルバーアルミニウムケース ホワイトスポーツバンド (S/M・M/L) MWWC2J/A,シルバー,,,
C1KC3TD4C1000,Apple Watch本体,Apple,Series 5,Apple Watch Series 5 44mm (GPS + Cellular) シルバーステンレススチールケース (PRODUCT)REDスポーツバンド (S/M・M/L),シルバー,,,
L8UCUDXI11000,Apple Watch本体,Apple,Series 5,Apple Watch Series 5 44mm (GPS + Cellular) シルバーステンレススチールケース (PRODUCT)REDスポーツループ,シルバー,,,
S4XBHG2S44000,Apple Watch本体,Apple,Series 5,Apple Watch Series 5 44mm (GPS + Cellular) シルバーステンレススチールケース アラスカンブルースポーツバンド (S/M・M/L),シルバー,,,
FLCTMKTFH4000,Apple Watch本体,Apple,Series 5,Apple Watch Series 5 44mm (GPS + Cellular) シルバーステンレススチールケース アラスカンブルースポーツループ,シルバー,,,
0CHW24HNDF000,Apple Watch本体,Apple,Series 5,Apple Watch Series 5 44mm (GPS + Cellular) シルバーステンレススチールケース アンカーグレイスポーツループ,シルバー,,,
94YP215SDO000,Apple Watch本体,Apple,Series 5,Apple Watch Series 5 44mm (GPS + Cellular) シルバーステンレススチールケース アンカーグレイスポーツループ (XL),シルバー,,,
8MOVIJ8HC7000,Apple Watch本体,Apple,Series 5,Apple Watch Series 5 44mm (GPS + Cellular) シルバーステンレススチールケース カクタススポーツバンド (S/M・M/L),シルバー,,,
TAGR8YQIM1000,Apple Watch本体,Apple,Series 5,Apple Watch Series 5 44mm (GPS + Cellular) シルバーステンレススチールケース カーキスポーツバンド (S/M・M/L),シルバー,,,
S6R8ZU7MOM000,Apple Watch本体,Apple,Series 5,Apple Watch Series 5 44mm (GPS + Cellular) シルバーステンレススチールケース カーキスポーツループ,シルバー,,,
DOJ64JP4Z8000,Apple Watch本体,Apple,Series 5,Apple Watch Series 5 44mm (GPS + Cellular) シルバーステンレススチールケース キャメルスポーツループ,シルバー,,,
154EMT3E0R000,Apple Watch本体,Apple,Series 5,Apple Watch Series 5 44mm (GPS + Cellular) シルバーステンレススチールケース クレメンタインスポーツバンド (S/M・M/L),シルバー,,,
RDRICTKAC1000,Apple Watch本体,Apple,Series 5,Apple Watch Series 5 44mm (GPS + Cellular) シルバーステンレススチールケース グレープフルーツスポーツバンド (S/M・M/L),シルバー,,,
5KV4LWT4F6000,Apple Watch本体,Apple,Series 5,Apple Watch Series 5 44mm (GPS + Cellular) シルバーステンレススチールケース ゴールドミラネーゼループ,シルバー,,,
1K4G5XKY3D000,Apple Watch本体,Apple,Series 5,Apple Watch Series 5 44mm (GPS + Cellular) シルバーステンレススチールケース サドルブラウンレザーループ (L),シルバー,,,
IVD4DWCEVM000,Apple Watch本体,Apple,Series 5,Apple Watch Series 5 44mm (GPS + Cellular) シルバーステンレススチールケース サドルブラウンレザーループ (M),シルバー,,,
VNRRJX9LSV000,Apple Watch本体,Apple,Series 5,Apple Watch Series 5 44mm (GPS + Cellular) シルバーステンレススチールケース サンシャインスポーツループ,シルバー,,,
CH5JHRLLI6000,Apple Watch本体,Apple,Series 5,Apple Watch Series 5 44mm (GPS + Cellular) シルバーステンレススチールケース サーフブルースポーツループ,シルバー,,,
23G4HCA57X000,Apple Watch本体,Apple,Series 5,Apple Watch Series 5 44mm (GPS + Cellular) シルバーステンレススチールケース ストーンスポーツバンド (S/M・M/L),シルバー,,,
6KV8J47RL4000,Apple Watch本体,Apple,Series 5,Apple Watch Series 5 44mm (GPS + Cellular) シルバーステンレススチールケース スペースブラックミラネーゼループ,シルバー,,,
AD6BQ30EN5000,Apple Watch本体,Apple,Series 5,Apple Watch Series 5 44mm (GPS + Cellular) シルバーステンレススチールケース ネオンライムスポーツループ,シルバー,,,
S32UFEP537000,Apple Watch本体,Apple,Series 5,Apple Watch Series 5 44mm (GPS + Cellular) シルバーステンレススチールケース パイングリーンスポーツバンド (S/M・M/L),シルバー,,,
APUQRV08F2000,Apple Watch本体,Apple,Series 5,Apple Watch Series 5 44mm (GPS + Cellular) シルバーステンレススチールケース ビタミンCスポーツループ,シルバー,,,
6PDHDVDODW000,Apple Watch本体,Apple,Series 5,Apple Watch Series 5 44mm (GPS + Cellular) シルバーステンレススチールケース ピンクサンドスポーツバンド (S/M・M/L),シルバー,,,
3LAP4A90YE000,Apple Watch本体,Apple,Series 5,Apple Watch Series 5 44mm (GPS + Cellular) シルバーステンレススチールケース ピーコックレザーループ (L),シルバー,,,
JOH7JUZBUH000,Apple Watch本体,Apple,Series 5,Apple Watch Series 5 44mm (GPS + Cellular) シルバーステンレススチールケース ピーコックレザーループ (M),シルバー,,,
GK774GAZZO000,Apple Watch本体,Apple,Series 5,Apple Watch Series 5 44mm (GPS + Cellular) シルバーステンレススチールケース ブラックスポーツバンド (M/L),シルバー,,,
1DSF3UY9N3000,Apple Watch本体,Apple,Series 5,Apple Watch Series 5 44mm (GPS + Cellular) シルバーステンレススチールケース ブラックスポーツバンド (S/M・M/L),シルバー,,,
FPW1T7CDUF000,Apple Watch本体,Apple,Series 5,Apple Watch Series 5 44mm (GPS + Cellular) シルバーステンレススチールケース ブラックレザーループ (L),シルバー,,,
MQLSFBL14W000,Apple Watch本体,Apple,Series 5,Apple Watch Series 5 44mm (GPS + Cellular) シルバーステンレススチールケース ブラックレザーループ (M),シルバー,,,
TNW2Q864MP000,Apple Watch本体,Apple,Series 5,Apple Watch Series 5 44mm (GPS + Cellular) シルバーステンレススチールケース プライドエディションスポーツバンド (S/M・M/L),シルバー,,,
WV8SSRX0EI000,Apple Watch本体,Apple,Series 5,Apple Watch Series 5 44mm (GPS + Cellular) シルバーステンレススチールケース ベリルスポーツバンド (S/M・M/L),シルバー,,,
EI86M3JDZE000,Apple Watch本体,Apple,Series 5,Apple Watch Series 5 44mm (GPS + Cellular) シルバーステンレススチールケース ポメグラネットスポーツループ,シルバー,,,
1GF7F8R8W9000,Apple Watch本体,Apple,Series 5,Apple Watch Series 5 44mm (GPS + Cellular) シルバーステンレススチールケース マイヤーレモンレザーループ (L),シルバー,,,
TOQQBXLU6O000,Apple Watch本体,Apple,Series 5,Apple Watch Series 5 44mm (GPS + Cellular) シルバーステンレススチールケース マイヤーレモンレザーループ (M),シルバー,,,
HYIGSB8KMX000,Apple Watch本体,Apple,Series 5,Apple Watch Series 5 44mm (GPS + Cellular) シルバーステンレススチールケース ミッドナイトブルースポーツループ,シルバー,,,
SYR10SVEU9000,Apple Watch本体,Apple,Series 5,Apple Watch Series 5 44mm (GPS + Cellular) スペースグレイアルミニウムケース ブラックスポーツバンド (S/M・M/L) MWWE2J/A,スペースグレイ,,,4549995100716
OA6X1RVEV0000,Apple Watch本体,Apple,Series 5,Apple Watch Series 5 44mm (GPS + Cellular) スペースブラックステンレススチールケース スペースブラックミラネーゼループ MWWL2J/A,スペースブラック,,,4549995100778
DCRD2H4PPY000,Apple Watch本体,Apple,Series 5,Apple Watch Series 5 44mm (GPS + Cellular) スペースブラックステンレススチールケース ブラックスポーツバンド (S/M・M/L) MWWK2J/A,スペースブラック,,,4549995100761
QA0UJ0QIKU000,Apple Watch本体,Apple,Series 5,Apple Watch Series 5 44mm (GPS) ゴールドアルミニウムケース ピンクサンドスポーツバンド (S/M・M/L) MWVE2J/A,ゴールド,,,4549995097856
7G83F7A4XH000,Apple Watch本体,Apple,Series 5,Apple Watch Series 5 44mm (GPS) シルバーアルミニウムケース ホワイトスポーツバンド (S/M・M/L) MWVD2J/A,シルバー,,,4549995097849
AQNCFSA1DR000,Apple Watch本体,Apple,Series 5,Apple Watch Series 5 44mm (GPS) スペースグレイアルミニウムケース ブラックスポーツバンド (S/M・M/L) MWVF2J/A,スペースグレイ,,,4549995097863
GZWH1HB3HH000,Apple Watch本体,Apple,Series 5 Edition,Apple Watch Series 5 Edition 40mm (GPS + Cellular) スペースブラックチタニウムケース (PRODUCT)REDスポーツループ,スペースブラック,,,
B9X0O4W03R000,Apple Watch本体,Apple,Series 5 Edition,Apple Watch Series 5 Edition 40mm (GPS + Cellular) スペースブラックチタニウムケース アラスカンブルースポーツループ,スペースブラック,,,
8YZ9HUEZQ4000,Apple Watch本体,Apple,Series 5 Edition,Apple Watch Series 5 Edition 40mm (GPS + Cellular) スペースブラックチタニウムケース アンカーグレイスポーツループ,スペースブラック,,,
NRGRNZ5ONT000,Apple Watch本体,Apple,Series 5 Edition,Apple Watch Series 5 Edition 40mm (GPS + Cellular) スペースブラックチタニウムケース カーキスポーツループ,スペースブラック,,,
GDO58OCSYO000,Apple Watch本体,Apple,Series 5 Edition,Apple Watch Series 5 Edition 40mm (GPS + Cellular) スペースブラックチタニウムケース キャメルスポーツループ,スペースブラック,,,
SZ2DKGR5QL000,Apple Watch本体,Apple,Series 5 Edition,Apple Watch Series 5 Edition 40mm (GPS + Cellular) スペースブラックチタニウムケース サンシャインスポーツループ,スペースブラック,,,
X97MKTDQIZ000,Apple Watch本体,Apple,Series 5 Edition,Apple Watch Series 5 Edition 40mm (GPS + Cellular) スペースブラックチタニウムケース サーフブルースポーツループ,スペースブラック,,,
QBT8HNG1D3000,Apple Watch本体,Apple,Series 5 Edition,Apple Watch Series 5 Edition 40mm (GPS + Cellular) スペースブラックチタニウムケース ネオンピンクスポーツループ,スペースブラック,,,
PAKKIHYVM8000,Apple Watch本体,Apple,Series 5 Edition,Apple Watch Series 5 Edition 40mm (GPS + Cellular) スペースブラックチタニウムケース ネオンライムスポーツループ,スペースブラック,,,
ASTMZH1UJ1000,Apple Watch本体,Apple,Series 5 Edition,Apple Watch Series 5 Edition 40mm (GPS + Cellular) スペースブラックチタニウムケース ビタミンCスポーツループ,スペースブラック,,,
B24T2FNJV0000,Apple Watch本体,Apple,Series 5 Edition,Apple Watch Series 5 Edition 40mm (GPS + Cellular) スペースブラックチタニウムケース プライドエディションスポーツループ,スペースブラック,,,
34SCCY8DIR000,Apple Watch本体,Apple,Series 5 Edition,Apple Watch Series 5 Edition 40mm (GPS + Cellular) スペースブラックチタニウムケース ポメグラネットスポーツループ,スペースブラック,,,
04XTLJJZIC000,Apple Watch本体,Apple,Series 5 Edition,Apple Watch Series 5 Edition 40mm (GPS + Cellular) スペースブラックチタニウムケース ミッドナイトブルースポーツループ,スペースブラック,,,
RJL4FIG59K000,Apple Watch本体,Apple,Series 5 Edition,Apple Watch Series 5 Edition 40mm (GPS + Cellular) ナチュラルチタニウムケース (PRODUCT)REDスポーツループ,ナチュラル,,,
OKMQVJACBJ000,Apple Watch本体,Apple,Series 5 Edition,Apple Watch Series 5 Edition 40mm (GPS + Cellular) ナチュラルチタニウムケース アラスカンブルースポーツループ,ナチュラル,,,
LLP582HTXU000,Apple Watch本体,Apple,Series 5 Edition,Apple Watch Series 5 Edition 40mm (GPS + Cellular) ナチュラルチタニウムケース アンカーグレイスポーツループ,ナチュラル,,,
DAZS2JCW2G000,Apple Watch本体,Apple,Series 5 Edition,Apple Watch Series 5 Edition 40mm (GPS + Cellular) ナチュラルチタニウムケース カーキスポーツループ,ナチュラル,,,
P064T2DGTU000,Apple Watch本体,Apple,Series 5 Edition,Apple Watch Series 5 Edition 40mm (GPS + Cellular) ナチュラルチタニウムケース キャメルスポーツループ,ナチュラル,,,
8EKP0GXG0H000,Apple Watch本体,Apple,Series 5 Edition,Apple Watch Series 5 Edition 40mm (GPS + Cellular) ナチュラルチタニウムケース サンシャインスポーツループ,ナチュラル,,,
W5KE41ZN4N000,Apple Watch本体,Apple,Series 5 Edition,Apple Watch Series 5 Edition 40mm (GPS + Cellular) ナチュラルチタニウムケース サーフブルースポーツループ,ナチュラル,,,
KWBPORS7XD000,Apple Watch本体,Apple,Series 5 Edition,Apple Watch Series 5 Edition 40mm (GPS + Cellular) ナチュラルチタニウムケース ネオンピンクスポーツループ,ナチュラル,,,
E4BGPOG91M000,Apple Watch本体,Apple,Series 5 Edition,Apple Watch Series 5 Edition 40mm (GPS + Cellular) ナチュラルチタニウムケース ネオンライムスポーツループ,ナチュラル,,,
AUMQYIJB1E000,Apple Watch本体,Apple,Series 5 Edition,Apple Watch Series 5 Edition 40mm (GPS + Cellular) ナチュラルチタニウムケース ビタミンCスポーツループ,ナチュラル,,,
CKNAP2XTCN000,Apple Watch本体,Apple,Series 5 Edition,Apple Watch Series 5 Edition 40mm (GPS + Cellular) ナチュラルチタニウムケース プライドエディションスポーツループ,ナチュラル,,,
QN0Z20OIUR000,Apple Watch本体,Apple,Series 5 Edition,Apple Watch Series 5 Edition 40mm (GPS + Cellular) ナチュラルチタニウムケース ポメグラネットスポーツループ,ナチュラル,,,
7261GDX9ZG000,Apple Watch本体,Apple,Series 5 Edition,Apple Watch Series 5 Edition 40mm (GPS + Cellular) ナチュラルチタニウムケース ミッドナイトブルースポーツループ,ナチュラル,,,
B1NY2S42S4000,Apple Watch本体,Apple,Series 5 Edition,Apple Watch Series 5 Edition 40mm (GPS + Cellular) ホワイトセラミックケース ソフトホワイトスポーツバンド (S/M・M/L),ホワイト,,,
VHPXU680V4000,Apple Watch本体,Apple,Series 5 Edition,Apple Watch Series 5 Edition 44mm (GPS + Cellular) スペースブラックチタニウムケース (PRODUCT)REDスポーツループ,スペースブラック,,,
4S8AU6B483000,Apple Watch本体,Apple,Series 5 Edition,Apple Watch Series 5 Edition 44mm (GPS + Cellular) スペースブラックチタニウムケース アラスカンブルースポーツループ,スペースブラック,,,
H2V4B27YSU000,Apple Watch本体,Apple,Series 5 Edition,Apple Watch Series 5 Edition 44mm (GPS + Cellular) スペースブラックチタニウムケース アンカーグレイスポーツループ,スペースブラック,,,
9FFHJ40QQD000,Apple Watch本体,Apple,Series 5 Edition,Apple Watch Series 5 Edition 44mm (GPS + Cellular) スペースブラックチタニウムケース アンカーグレイスポーツループ (XL),スペースブラック,,,
6HBJ818Y81000,Apple Watch本体,Apple,Series 5 Edition,Apple Watch Series 5 Edition 44mm (GPS + Cellular) スペースブラックチタニウムケース カーキスポーツループ,スペースブラック,,,
QG1O78JBCT000,Apple Watch本体,Apple,Series 5 Edition,Apple Watch Series 5 Edition 44mm (GPS + Cellular) スペースブラックチタニウムケース キャメルスポーツループ,スペースブラック,,,
USLSF94PH0000,Apple Watch本体,Apple,Series 5 Edition,Apple Watch Series 5 Edition 44mm (GPS + Cellular) スペースブラックチタニウムケース サドルブラウンレザーループ (L),スペースブラック,,,
3HYDOJLVOG000,Apple Watch本体,Apple,Series 5 Edition,Apple Watch Series 5 Edition 44mm (GPS + Cellular) スペースブラックチタニウムケース サドルブラウンレザーループ (M),スペースブラック,,,
HGYYOLZN14000,Apple Watch本体,Apple,Series 5 Edition,Apple Watch Series 5 Edition 44mm (GPS + Cellular) スペースブラックチタニウムケース サンシャインスポーツループ,スペースブラック,,,
JDOBE6XTX3000,Apple Watch本体,Apple,Series 5 Edition,Apple Watch Series 5 Edition 44mm (GPS + Cellular) スペースブラックチタニウムケース サーフブルースポーツループ,スペースブラック,,,
IC3DX87YQ3000,Apple Watch本体,Apple,Series 5 Edition,Apple Watch Series 5 Edition 44mm (GPS + Cellular) スペースブラックチタニウムケース ネオンライムスポーツループ,スペースブラック,,,
F653N6VSZ5000,Apple Watch本体,Apple,Series 5 Edition,Apple Watch Series 5 Edition 44mm (GPS + Cellular) スペースブラックチタニウムケース ビタミンCスポーツループ,スペースブラック,,,
E4JJJ8ZLHU000,Apple Watch本体,Apple,Series 5 Edition,Apple Watch Series 5 Edition 44mm (GPS + Cellular) スペースブラックチタニウムケース ブラックレザーループ (L),スペースブラック,,,
ESKA955U06000,Apple Watch本体,Apple,Series 5 Edition,Apple Watch Series 5 Edition 44mm (GPS + Cellular) スペースブラックチタニウムケース ブラックレザーループ (M),スペースブラック,,,
ISH2AFRNMP000,Apple Watch本体,Apple,Series 5 Edition,Apple Watch Series 5 Edition 44mm (GPS + Cellular) スペースブラックチタニウムケース ポメグラネットスポーツループ,スペースブラック,,,
47K1TG3H5P000,Apple Watch本体,Apple,Series 5 Edition,Apple Watch Series 5 Edition 44mm (GPS + Cellular) スペースブラックチタニウムケース マイヤーレモンレザーループ (L),スペースブラック,,,
3G25MMD7NT000,Apple Watch本体,Apple,Series 5 Edition,Apple Watch Series 5 Edition 44mm (GPS + Cellular) スペースブラックチタニウムケース マイヤーレモンレザーループ (M),スペースブラック,,,
RKHWQ8Q7L5000,Apple Watch本体,Apple,Series 5 Edition,Apple Watch Series 5 Edition 44mm (GPS + Cellular) スペースブラックチタニウムケース ミッドナイトブルースポーツループ,スペースブラック,,,
I5WFVL9NIL000,Apple Watch本体,Apple,Series 5 Edition,Apple Watch Series 5 Edition 44mm (GPS + Cellular) ナチュラルチタニウムケース (PRODUCT)REDスポーツループ,ナチュラル,,,
ACX83G4OKQ000,Apple Watch本体,Apple,Series 5 Edition,Apple Watch Series 5 Edition 44mm (GPS + Cellular) ナチュラルチタニウムケース アラスカンブルースポーツループ,ナチュラル,,,
FP0MECQN51000,Apple Watch本体,Apple,Series 5 Edition,Apple Watch Series 5 Edition 44mm (GPS + Cellular) ナチュラルチタニウムケース アンカーグレイスポーツループ,ナチュラル,,,
74ELJIAMZZ000,Apple Watch本体,Apple,Series 5 Edition,Apple Watch Series 5 Edition 44mm (GPS + Cellular) ナチュラルチタニウムケース アンカーグレイスポーツループ (XL),ナチュラル,,,
242HVXTDPP000,Apple Watch本体,Apple,Series 5 Edition,Apple Watch Series 5 Edition 44mm (GPS + Cellular) ナチュラルチタニウムケース カーキスポーツループ,ナチュラル,,,
SOO302VE4K000,Apple Watch本体,Apple,Series 5 Edition,Apple Watch Series 5 Edition 44mm (GPS + Cellular) ナチュラルチタニウムケース キャメルスポーツループ,ナチュラル,,,
QEKBSY2IIN000,Apple Watch本体,Apple,Series 5 Edition,Apple Watch Series 5 Edition 44mm (GPS + Cellular) ナチュラルチタニウムケース サドルブラウンレザーループ (L),ナチュラル,,,
I5N47EIO7U000,Apple Watch本体,Apple,Series 5 Edition,Apple Watch Series 5 Edition 44mm (GPS + Cellular) ナチュラルチタニウムケース サドルブラウンレザーループ (M),ナチュラル,,,
XMQOQUJPY9000,Apple Watch本体,Apple,Series 5 Edition,Apple Watch Series 5 Edition 44mm (GPS + Cellular) ナチュラルチタニウムケース サンシャインスポーツループ,ナチュラル,,,
64HDDREBQM000,Apple Watch本体,Apple,Series 5 Edition,Apple Watch Series 5 Edition 44mm (GPS + Cellular) ナチュラルチタニウムケース サーフブルースポーツループ,ナチュラル,,,
3866KH59PM000,Apple Watch本体,Apple,Series 5 Edition,Apple Watch Series 5 Edition 44mm (GPS + Cellular) ナチュラルチタニウムケース ネオンライムスポーツループ,ナチュラル,,,
OTCJGH57VS000,Apple Watch本体,Apple,Series 5 Edition,Apple Watch Series 5 Edition 44mm (GPS + Cellular) ナチュラルチタニウムケース ビタミンCスポーツループ,ナチュラル,,,
FC5DF475G0000,Apple Watch本体,Apple,Series 5 Edition,Apple Watch Series 5 Edition 44mm (GPS + Cellular) ナチュラルチタニウムケース ピーコックレザーループ (L),ナチュラル,,,
VALXKNZIES000,Apple Watch本体,Apple,Series 5 Edition,Apple Watch Series 5 Edition 44mm (GPS + Cellular) ナチュラルチタニウムケース ピーコックレザーループ (M),ナチュラル,,,
F24FOIOJFB000,Apple Watch本体,Apple,Series 5 Edition,Apple Watch Series 5 Edition 44mm (GPS + Cellular) ナチュラルチタニウムケース ブラックレザーループ (L),ナチュラル,,,
GWDAFN4QZD000,Apple Watch本体,Apple,Series 5 Edition,Apple Watch Series 5 Edition 44mm (GPS + Cellular) ナチュラルチタニウムケース ブラックレザーループ (M),ナチュラル,,,
KQUDZKYI5O000,Apple Watch本体,Apple,Series 5 Edition,Apple Watch Series 5 Edition 44mm (GPS + Cellular) ナチュラルチタニウムケース ポメグラネットスポーツループ,ナチュラル,,,
GIQNNL0DCN000,Apple Watch本体,Apple,Series 5 Edition,Apple Watch Series 5 Edition 44mm (GPS + Cellular) ナチュラルチタニウムケース マイヤーレモンレザーループ (L),ナチュラル,,,
0M8CF6VH6E000,Apple Watch本体,Apple,Series 5 Edition,Apple Watch Series 5 Edition 44mm (GPS + Cellular) ナチュラルチタニウムケース マイヤーレモンレザーループ (M),ナチュラル,,,
P3Q9X14ZVA000,Apple Watch本体,Apple,Series 5 Edition,Apple Watch Series 5 Edition 44mm (GPS + Cellular) ナチュラルチタニウムケース ミッドナイトブルースポーツループ,ナチュラル,,,
JZBIMWWTGQ000,Apple Watch本体,Apple,Series 5 Edition,Apple Watch Series 5 Edition 44mm (GPS + Cellular) ホワイトセラミックケース ソフトホワイトスポーツバンド (S/M・M/L),ホワイト,,,
5RYFYFMJS4000,Apple Watch本体,Apple,Series 6,Apple Watch Series 6 40mm (GPS + Cellular) グラファイトステンレススチールケース グラファイトミラネーゼループ,グラファイト,,,4549995170153
3E5DR7YAR4000,Apple Watch本体,Apple,Series 6,Apple Watch Series 6 40mm (GPS + Cellular) グラファイトステンレススチールケース ブラックスポーツバンド (レギュラー),グラファイト,,,4549995170146
WC15GV24P9000,Apple Watch本体,Apple,Series 6,Apple Watch Series 6 40mm (GPS + Cellular) ゴールドアルミニウムケース ピンクサンドスポーツバンド (レギュラー),ゴールド,,,4549995170061
T4NT09VIVE000,Apple Watch本体,Apple,Series 6,Apple Watch Series 6 40mm (GPS + Cellular) ゴールドステンレススチールケース キプロスグリーンスポーツバンド (レギュラー),ゴールド,,,4549995170122
4GNCJ1A2LH000,Apple Watch本体,Apple,Series 6,Apple Watch Series 6 40mm (GPS + Cellular) ゴールドステンレススチールケース ゴールドミラネーゼループ,ゴールド,,,4549995170139
IZXEWDNYH3000,Apple Watch本体,Apple,Series 6,Apple Watch Series 6 40mm (GPS + Cellular) ゴールドステンレススチールケース ディープネイビースポーツバンド (S/M・M/L),ゴールド,,,4549995245554
5T7WI6BNBT000,Apple Watch本体,Apple,Series 6,Apple Watch Series 6 40mm (GPS + Cellular) シルバーアルミニウムケース ホワイトスポーツバンド (レギュラー),シルバー,,,4549995170054
ZRU8H4GDQO000,Apple Watch本体,Apple,Series 6,Apple Watch Series 6 40mm (GPS + Cellular) シルバーステンレススチールケース シルバーミラネーゼループ,シルバー,,,4549995170115
RXWTJQIZIH000,Apple Watch本体,Apple,Series 6,Apple Watch Series 6 40mm (GPS + Cellular) シルバーステンレススチールケース ホワイトスポーツバンド (レギュラー),シルバー,,,4549995170108
4RUWBPH3QL000,Apple Watch本体,Apple,Series 6,Apple Watch Series 6 40mm (GPS + Cellular) スペースグレイアルミニウムケース ブラックスポーツバンド (レギュラー),スペースグレイ,,,4549995170078
AUONGHR4KP000,Apple Watch本体,Apple,Series 6,Apple Watch Series 6 40mm (GPS + Cellular) ブルーアルミニウムケース ディープネイビースポーツバンド (レギュラー),ブルー,,,4549995170085
XAEP1OEN2U000,Apple Watch本体,Apple,Series 6,Apple Watch Series 6 40mm (GPS + Cellular) レッドアルミニウムケース (PRODUCT)REDスポーツバンド (S/M・M/L) M06R3J/A,レッド,,,
GNVQPIPNWG000,Apple Watch本体,Apple,Series 6,Apple Watch Series 6 40mm (GPS) ゴールドアルミニウムケース ピンクサンドスポーツバンド (レギュラー) MG123J/A,ゴールド,,,4549995173802
IA8BBCGD7D000,Apple Watch本体,Apple,Series 6,Apple Watch Series 6 40mm (GPS) シルバーアルミニウムケース ホワイトスポーツバンド (レギュラー) MG283J/A,シルバー,,,4549995174458
0H9ED4OKPH000,Apple Watch本体,Apple,Series 6,Apple Watch Series 6 40mm (GPS) スペースグレイアルミニウムケース ブラックスポーツバンド (レギュラー) MG133J/A,スペースグレイ,,,4549995173840
5QQ8KSY7F9000,Apple Watch本体,Apple,Series 6,Apple Watch Series 6 40mm (GPS) ブルーアルミニウムケース ディープネイビースポーツバンド (レギュラー),ブルー,,,4549995173871
FMODC339JV000,Apple Watch本体,Apple,Series 6,Apple Watch Series 6 40mm (GPS) レッドアルミニウムケース (PRODUCT)REDスポーツバンド (S/M・M/L) M00A3J/A,レッド,,,
VT6NLQLIHN000,Apple Watch本体,Apple,Series 6,Apple Watch Series 6 44mm (GPS + Cellular) グラファイトステンレススチールケース グラファイトミラネーゼループ,グラファイト,,,4549995170306
YO4906W20U000,Apple Watch本体,Apple,Series 6,Apple Watch Series 6 44mm (GPS + Cellular) グラファイトステンレススチールケース ブラックスポーツバンド (レギュラー),グラファイト,,,4549995170290
BPJWKW4ODE000,Apple Watch本体,Apple,Series 6,Apple Watch Series 6 44mm (GPS + Cellular) ゴールドアルミニウムケース ピンクサンドスポーツバンド (レギュラー),ゴールド,,,4549995174915
M3CZ4E2TI5000,Apple Watch本体,Apple,Series 6,Apple Watch Series 6 44mm (GPS + Cellular) ゴールドステンレススチールケース キプロスグリーンスポーツバンド (レギュラー),ゴールド,,,4549995170276
774ETX00QU000,Apple Watch本体,Apple,Series 6,Apple Watch Series 6 44mm (GPS + Cellular) ゴールドステンレススチールケース ゴールドミラネーゼループ,ゴールド,,,4549995170283
3CKO2GBNMG000,Apple Watch本体,Apple,Series 6,Apple Watch Series 6 44mm (GPS + Cellular) ゴールドステンレススチールケース ディープネイビースポーツバンド (S/M・M/L),ゴールド,,,4549995245592
HVSMFZ5M0B000,Apple Watch本体,Apple,Series 6,Apple Watch Series 6 44mm (GPS + Cellular) シルバーアルミニウムケース ホワイトスポーツバンド (レギュラー),シルバー,,,4549995174878
SPHUC2UP01000,Apple Watch本体,Apple,Series 6,Apple Watch Series 6 44mm (GPS + Cellular) シルバーステンレススチールケース シルバーミラネーゼループ,シルバー,,,4549995170269
B0OYYX12DW000,Apple Watch本体,Apple,Series 6,Apple Watch Series 6 44mm (GPS + Cellular) シルバーステンレススチールケース ホワイトスポーツバンド (レギュラー),シルバー,,,4549995170252
5TUCXFOLZY000,Apple Watch本体,Apple,Series 6,Apple Watch Series 6 44mm (GPS + Cellular) スペースグレイアルミニウムケース ブラックスポーツバンド (レギュラー),スペースグレイ,,,4549995174953
2ZQ4QZM9QS000,Apple Watch本体,Apple,Series 6,Apple Watch Series 6 44mm (GPS + Cellular) ブルーアルミニウムケース ディープネイビースポーツバンド (レギュラー),ブルー,,,4549995170238
XYQ0K9JARY000,Apple Watch本体,Apple,Series 6,Apple Watch Series 6 44mm (GPS + Cellular) レッドアルミニウムケース (PRODUCT)REDスポーツバンド (S/M・M/L) M09C3J/A,レッド,,,
L82G8B1NG7000,Apple Watch本体,Apple,Series 6,Apple Watch Series 6 44mm (GPS) ゴールドアルミニウムケース ピンクサンドスポーツバンド (レギュラー) M00E3J/A,ゴールド,,,4549995176636
5638RRPMVK000,Apple Watch本体,Apple,Series 6,Apple Watch Series 6 44mm (GPS) シルバーアルミニウムケース ホワイトスポーツバンド (レギュラー) M00D3J/A,シルバー,,,4549995176599
P2CTEXVWK3000,Apple Watch本体,Apple,Series 6,Apple Watch Series 6 44mm (GPS) スペースグレイアルミニウムケース ブラックスポーツバンド (レギュラー) M00H3J/A,スペースグレイ,,,4549995176674
L67KR4QF37000,Apple Watch本体,Apple,Series 6,Apple Watch Series 6 44mm (GPS) ブルーアルミニウムケース ディープネイビースポーツバンド (レギュラー),ブルー,,,4549995176711
JAUMML62MG000,Apple Watch本体,Apple,Series 6,Apple Watch Series 6 44mm (GPS) レッドアルミニウムケース (PRODUCT)REDスポーツバンド (S/M・M/L) M00M3J/A,レッド,,,
FO4AKKTHQ4000,Apple Watch本体,Apple,Series 6 Edition,Apple Watch Series 6 Edition 40mm (GPS + Cellular) スペースブラックチタニウムケース ダークグレイスポーツバンド,スペースブラック,,,
42GR9VGV84000,Apple Watch本体,Apple,Series 6 Edition,Apple Watch Series 6 Edition 44mm (GPS + Cellular) スペースブラックチタニウムケース ダークグレイスポーツバンド,スペースブラック,,,
WTV69FXIHA000,Apple Watch本体,Apple,Series 6 Edition,Apple Watch Series 6 Edition 44mm (GPS + Cellular) ナチュラルチタニウムケース アトランティックブルーブレイデッドソロループ (サイズ4),ナチュラル,,,
82BETXAINW000,Apple Watch本体,Apple,Series 6 Edition,Apple Watch Series 6 Edition 44mm (GPS + Cellular) ナチュラルチタニウムケース サドルブラウンレザーループ (L),ナチュラル,,,
AWW4TRKWWU000,Apple Watch本体,Apple,Series 6 Edition,Apple Watch Series 6 Edition 44mm (GPS + Cellular) ナチュラルチタニウムケース バルティックブルーレザーリンク (S/M),ナチュラル,,,
QWTSSCEB1T000,Apple Watch本体,Apple,Series 6 Edition,Apple Watch Series 6 Edition 44mm (GPS + Cellular) ナチュラルチタニウムケース ブラックレザーループ (M),ナチュラル,,,
T9FEMTXKBL000,Apple Watch本体,Apple,Series 7,Apple Watch Series 7 41mm (GPS + Cellular) グラファイトステンレススチールケース アビスブルースポーツバンド (レギュラー) MKJ13J/A,グラファイト,,,4549995255119
FSHXR3THAJ000,Apple Watch本体,Apple,Series 7,Apple Watch Series 7 41mm (GPS + Cellular) グラファイトステンレススチールケース グラファイトミラネーゼループ MKJ23J/A,グラファイト,,,4549995255157
E7P347EE2R000,Apple Watch本体,Apple,Series 7,Apple Watch Series 7 41mm (GPS + Cellular) グラファイトステンレススチールケース ミッドナイトスポーツバンド (レギュラー) MNC23J/A,グラファイト,,,4549995331356
FXUT6FBUJ6000,Apple Watch本体,Apple,Series 7,Apple Watch Series 7 41mm (GPS + Cellular) グリーンアルミニウムケース クローバースポーツバンド (レギュラー) MKHT3J/A,グリーン,,,4549995254839
F7BULOZJ5R000,Apple Watch本体,Apple,Series 7,Apple Watch Series 7 41mm (GPS + Cellular) ゴールドステンレススチールケース アビスブルースポーツバンド (レギュラー) MN9K3J/A,ゴールド,,,4549995329780
CGUNE9D52G000,Apple Watch本体,Apple,Series 7,Apple Watch Series 7 41mm (GPS + Cellular) ゴールドステンレススチールケース ゴールドミラネーゼループ MKJ03J/A,ゴールド,,,4549995255072
MKEJSORXYJ000,Apple Watch本体,Apple,Series 7,Apple Watch Series 7 41mm (GPS + Cellular) ゴールドステンレススチールケース ダークチェリースポーツバンド (レギュラー) MKHY3J/A,ゴールド,,,4549995255034
O7UJO0NZSD000,Apple Watch本体,Apple,Series 7,Apple Watch Series 7 41mm (GPS + Cellular) シルバーステンレススチールケース シルバーミラネーゼループ MKHX3J/A,シルバー,,,4549995254990
SOTO0A19ZQ000,Apple Watch本体,Apple,Series 7,Apple Watch Series 7 41mm (GPS + Cellular) シルバーステンレススチールケース スターライトスポーツバンド (レギュラー) MKHW3J/A,シルバー,,,4549995254952
GLMMZ41NCC000,Apple Watch本体,Apple,Series 7,Apple Watch Series 7 41mm (GPS + Cellular) スターライトアルミニウムケース スターライトスポーツバンド (レギュラー) MKHR3J/A,スターライト,,,4549995254792
37REOH42AM000,Apple Watch本体,Apple,Series 7,Apple Watch Series 7 41mm (GPS + Cellular) ブルーアルミニウムケース アビスブルースポーツバンド (レギュラー) MKHU3J/A,ブルー,,,4549995254877
GMXZ3X2GYN000,Apple Watch本体,Apple,Series 7,Apple Watch Series 7 41mm (GPS + Cellular) ミッドナイトアルミニウムケース ミッドナイトスポーツバンド (レギュラー) MKHQ3J/A,ミッドナイト,,,4549995254754
YHCG47WS6K000,Apple Watch本体,Apple,Series 7,Apple Watch Series 7 41mm (GPS + Cellular) レッドアルミニウムケース (PRODUCT)REDスポーツバンド (レギュラー) MKHV3J/A,レッド,,,4549995254914
6W5NVPCNR4000,Apple Watch本体,Apple,Series 7,Apple Watch Series 7 41mm (GPS) グリーンアルミニウムケース クローバースポーツバンド (レギュラー) MKN03J/A,グリーン,,,4549995257861
XT672ITWAO000,Apple Watch本体,Apple,Series 7,Apple Watch Series 7 41mm (GPS) スターライトアルミニウムケース スターライトスポーツバンド (レギュラー) MKMY3J/A,スターライト,,,4549995257854
9D8U8XR4E1000,Apple Watch本体,Apple,Series 7,Apple Watch Series 7 41mm (GPS) ブルーアルミニウムケース アビスブルースポーツバンド (レギュラー) MKN13J/A,ブルー,,,4549995257878
PNWT043OH3000,Apple Watch本体,Apple,Series 7,Apple Watch Series 7 41mm (GPS) ミッドナイトアルミニウムケース ミッドナイトスポーツバンド (レギュラー) MKMX3J/A,ミッドナイト,,,4549995257847
QBVHOA2K51000,Apple Watch本体,Apple,Series 7,Apple Watch Series 7 41mm (GPS) レッドアルミニウムケース (PRODUCT)REDスポーツバンド (レギュラー) MKN23J/A,レッド,,,4549995257885
36LOVXLZOM000,Apple Watch本体,Apple,Series 7,Apple Watch Series 7 45mm (GPS + Cellular) グラファイトステンレススチールケース アビスブルースポーツバンド (レギュラー) MKL23J/A,グラファイト,,,4549995255713
EQX0PKR4J8000,Apple Watch本体,Apple,Series 7,Apple Watch Series 7 45mm (GPS + Cellular) グラファイトステンレススチールケース グラファイトミラネーゼループ MKL33J/A,グラファイト,,,4549995255751
9LUIIWCYMG000,Apple Watch本体,Apple,Series 7,Apple Watch Series 7 45mm (GPS + Cellular) グラファイトステンレススチールケース ミッドナイトスポーツバンド (レギュラー) MNAX3J/A,グラファイト,,,4549995331271
X3IKBU2UYV000,Apple Watch本体,Apple,Series 7,Apple Watch Series 7 45mm (GPS + Cellular) グリーンアルミニウムケース クローバースポーツバンド (レギュラー) MKJR3J/A,グリーン,,,4549995255430
H1PBKCJWE3000,Apple Watch本体,Apple,Series 7,Apple Watch Series 7 45mm (GPS + Cellular) ゴールドステンレススチールケース アビスブルースポーツバンド (レギュラー) MN9M3J/A,ゴールド,,,4549995329742
L67BZ4X54F000,Apple Watch本体,Apple,Series 7,Apple Watch Series 7 45mm (GPS + Cellular) ゴールドステンレススチールケース ゴールドミラネーゼループ MKJY3J/A,ゴールド,,,4549995255676
SUAS7WHV6Q000,Apple Watch本体,Apple,Series 7,Apple Watch Series 7 45mm (GPS + Cellular) ゴールドステンレススチールケース ダークチェリースポーツバンド (レギュラー) MKJX3J/A,ゴールド,,,4549995255638
E0VR4EL5PG000,Apple Watch本体,Apple,Series 7,Apple Watch Series 7 45mm (GPS + Cellular) シルバーステンレススチールケース シルバーミラネーゼループ MKJW3J/A,シルバー,,,4549995255591
ZG7VE26UXA000,Apple Watch本体,Apple,Series 7,Apple Watch Series 7 45mm (GPS + Cellular) シルバーステンレススチールケース スターライトスポーツバンド (レギュラー) MKJV3J/A,シルバー,,,4549995255553
QJG34FSQDK000,Apple Watch本体,Apple,Series 7,Apple Watch Series 7 45mm (GPS + Cellular) スターライトアルミニウムケース スターライトスポーツバンド (レギュラー) MKJQ3J/A,スターライト,,,4549995255393
WT4YJKOENZ000,Apple Watch本体,Apple,Series 7,Apple Watch Series 7 45mm (GPS + Cellular) ブルーアルミニウムケース アビスブルースポーツバンド (レギュラー) MKJT3J/A,ブルー,,,4549995255478
R9345M8F6L000,Apple Watch本体,Apple,Series 7,Apple Watch Series 7 45mm (GPS + Cellular) ミッドナイトアルミニウムケース ミッドナイトスポーツバンド (レギュラー) MKJP3J/A,ミッドナイト,,,4549995255355
YPXMBKHJK4000,Apple Watch本体,Apple,Series 7,Apple Watch Series 7 45mm (GPS + Cellular) レッドアルミニウムケース (PRODUCT)REDスポーツバンド (レギュラー) MKJU3J/A,レッド,,,4549995255515
4N9TMVPP5A000,Apple Watch本体,Apple,Series 7,Apple Watch Series 7 45mm (GPS) グリーンアルミニウムケース クローバースポーツバンド (レギュラー) MKN73J/A,グリーン,,,4549995257939
3NJZGS15X0000,Apple Watch本体,Apple,Series 7,Apple Watch Series 7 45mm (GPS) スターライトアルミニウムケース スターライトスポーツバンド (レギュラー) MKN63J/A,スターライト,,,4549995257922
6B64ABYW6V000,Apple Watch本体,Apple,Series 7,Apple Watch Series 7 45mm (GPS) ブルーアルミニウムケース アビスブルースポーツバンド (レギュラー) MKN83J/A,ブルー,,,4549995257946
JGJS3JW437000,Apple Watch本体,Apple,Series 7,Apple Watch Series 7 45mm (GPS) ミッドナイトアルミニウムケース ミッドナイトスポーツバンド (レギュラー) MKN53J/A,ミッドナイト,,,4549995257915
491WB8R6J7000,Apple Watch本体,Apple,Series 7,Apple Watch Series 7 45mm (GPS) レッドアルミニウムケース (PRODUCT)REDスポーツバンド (レギュラー) MKN93J/A,レッド,,,4549995257953
6UKJBJRCKM000,Apple Watch本体,Apple,Series 7 Edition,Apple Watch Series 7 Edition 41mm (GPS + Cellular) スペースブラックチタニウムケース ダークグレイスポーツバンド,スペースブラック,,,
KDEQ03TK8M000,Apple Watch本体,Apple,Series 7 Edition,Apple Watch Series 7 Edition 45mm (GPS + Cellular) スペースブラックチタニウムケース ダークグレイスポーツバンド,スペースブラック,,,
DK621JPSF9000,Apple Watch本体,Apple,Series 7 Edition,Apple Watch Series 7 Edition 45mm (GPS + Cellular) ナチュラルチタニウムケース アビスブルーブレイデッドソロループ (サイズ4),ナチュラル,,,
0EAMOKYEWE000,Apple Watch本体,Apple,Series 7 Edition,Apple Watch Series 7 Edition 45mm (GPS + Cellular) ナチュラルチタニウムケース ゴールデンブラウンレザーリンク (S/M),ナチュラル,,,
TXN58UXHX8000,Apple Watch本体,Apple,Series 7 Edition,Apple Watch Series 7 Edition 45mm (GPS + Cellular) ナチュラルチタニウムケース セコイアグリーンレザーリンク (S/M),ナチュラル,,,
M1KQL5BFOF000,Apple Watch本体,Apple,Series 7 Edition,Apple Watch Series 7 Edition 45mm (GPS + Cellular) ナチュラルチタニウムケース ブルーフォグスポーツバンド (S/M・M/L),ナチュラル,,,
ZTZR840XMO000,Apple Watch本体,Apple,Series 8,Apple Watch Series 8 41mm (GPS + Cellular) グラファイトステンレススチールケース グラファイトミラネーゼループ MNJM3J/A,グラファイト,,,4549995340051
Z4O5NB2LLK000,Apple Watch本体,Apple,Series 8,Apple Watch Series 8 41mm (GPS + Cellular) グラファイトステンレススチールケース ミッドナイトスポーツバンド (レギュラー) MNJJ3J/A,グラファイト,,,4549995340044
3WW462747S000,Apple Watch本体,Apple,Series 8,Apple Watch Series 8 41mm (GPS + Cellular) ゴールドステンレススチールケース ゴールドミラネーゼループ MNJF3J/A,ゴールド,,,4549995340037
GLNOCAL6H7000,Apple Watch本体,Apple,Series 8,Apple Watch Series 8 41mm (GPS + Cellular) ゴールドステンレススチールケース スターライトスポーツバンド (レギュラー) MNJC3J/A,ゴールド,,,4549995340020
4O7USPB4PO000,Apple Watch本体,Apple,Series 8,Apple Watch Series 8 41mm (GPS + Cellular) シルバーアルミニウムケース ホワイトスポーツバンド (レギュラー) MP4A3J/A,シルバー,,,4549995347814
LF6P9GY5MH000,Apple Watch本体,Apple,Series 8,Apple Watch Series 8 41mm (GPS + Cellular) シルバーステンレススチールケース シルバーミラネーゼループ MNJ83J/A,シルバー,,,4549995340013
MYHUWPJFJN000,Apple Watch本体,Apple,Series 8,Apple Watch Series 8 41mm (GPS + Cellular) シルバーステンレススチールケース ホワイトスポーツバンド (レギュラー) MNJ53J/A,シルバー,,,4549995340006
JBV5S5WUA7000,Apple Watch本体,Apple,Series 8,Apple Watch Series 8 41mm (GPS + Cellular) スターライトアルミニウムケース スターライトスポーツバンド (レギュラー) MNHY3J/A,スターライト,,,4549995339987
61J0DRFMF7000,Apple Watch本体,Apple,Series 8,Apple Watch Series 8 41mm (GPS + Cellular) ミッドナイトアルミニウムケース ミッドナイトスポーツバンド (レギュラー) MNHV3J/A,ミッドナイト,,,4549995339970
OE48SLFGHV000,Apple Watch本体,Apple,Series 8,Apple Watch Series 8 41mm (GPS + Cellular) レッドアルミニウムケース (PRODUCT)REDスポーツバンド (レギュラー) MNJ23J/A,レッド,,,4549995339994
NPMN728VDT000,Apple Watch本体,Apple,Series 8,Apple Watch Series 8 41mm (GPS) シルバーアルミニウムケース ホワイトスポーツバンド (レギュラー) MP6K3J/A,シルバー,,,4549995348538
TTSMR8P4S1000,Apple Watch本体,Apple,Series 8,Apple Watch Series 8 41mm (GPS) スターライトアルミニウムケース スターライトスポーツバンド (レギュラー) MNP63J/A,スターライト,,,4549995337426
5HIZ2DUWSP000,Apple Watch本体,Apple,Series 8,Apple Watch Series 8 41mm (GPS) ミッドナイトアルミニウムケース ミッドナイトスポーツバンド (レギュラー) MNP53J/A,ミッドナイト,,,4549995337389
JTLCJK2R1V000,Apple Watch本体,Apple,Series 8,Apple Watch Series 8 41mm (GPS) レッドアルミニウムケース (PRODUCT)REDスポーツバンド (レギュラー) MNP73J/A,レッド,,,4549995337464
0BBR716QUK000,Apple Watch本体,Apple,Series 8,Apple Watch Series 8 45mm (GPS + Cellular) グラファイトステンレススチールケース グラファイトミラネーゼループ MNKX3J/A,グラファイト,,,4549995340167
VSYQ4873DW000,Apple Watch本体,Apple,Series 8,Apple Watch Series 8 45mm (GPS + Cellular) グラファイトステンレススチールケース ミッドナイトスポーツバンド (レギュラー) MNKU3J/A,グラファイト,,,4549995340150
45LFTLCI2Z000,Apple Watch本体,Apple,Series 8,Apple Watch Series 8 45mm (GPS + Cellular) ゴールドステンレススチールケース ゴールドミラネーゼループ MNKQ3J/A,ゴールド,,,4549995340143
0JA840CAY3000,Apple Watch本体,Apple,Series 8,Apple Watch Series 8 45mm (GPS + Cellular) ゴールドステンレススチールケース スターライトスポーツバンド (レギュラー) MNKM3J/A,ゴールド,,,4549995340136
C4I90SQ185000,Apple Watch本体,Apple,Series 8,Apple Watch Series 8 45mm (GPS + Cellular) シルバーアルミニウムケース ホワイトスポーツバンド (レギュラー) MP4J3J/A,シルバー,,,4549995347838
RIA50XX07M000,Apple Watch本体,Apple,Series 8,Apple Watch Series 8 45mm (GPS + Cellular) シルバーステンレススチールケース シルバーミラネーゼループ MNKJ3J/A,シルバー,,,4549995340129
NZ6X4L03YH000,Apple Watch本体,Apple,Series 8,Apple Watch Series 8 45mm (GPS + Cellular) シルバーステンレススチールケース ホワイトスポーツバンド (レギュラー) MNKE3J/A,シルバー,,,4549995340112
WT2DO5969H000,Apple Watch本体,Apple,Series 8,Apple Watch Series 8 45mm (GPS + Cellular) スターライトアルミニウムケース スターライトスポーツバンド (レギュラー) MNK73J/A,スターライト,,,4549995340099
QKHWY2LOIG000,Apple Watch本体,Apple,Series 8,Apple Watch Series 8 45mm (GPS + Cellular) ミッドナイトアルミニウムケース ミッドナイトスポーツバンド (レギュラー) MNK43J/A,ミッドナイト,,,4549995340082
GZ5IMIZ8ZJ000,Apple Watch本体,Apple,Series 8,Apple Watch Series 8 45mm (GPS + Cellular) レッドアルミニウムケース (PRODUCT)REDスポーツバンド (レギュラー) MNKA3J/A,レッド,,,4549995340105
C4IA7VGNCW000,Apple Watch本体,Apple,Series 8,Apple Watch Series 8 45mm (GPS) シルバーアルミニウムケース ホワイトスポーツバンド (レギュラー) MP6N3J/A,シルバー,,,4549995348576
MO25FJRE36000,Apple Watch本体,Apple,Series 8,Apple Watch Series 8 45mm (GPS) スターライトアルミニウムケース スターライトスポーツバンド (レギュラー) MNP23J/A,スターライト,,,4549995337303
XZ6IH1GMEH000,Apple Watch本体,Apple,Series 8,Apple Watch Series 8 45mm (GPS) ミッドナイトアルミニウムケース ミッドナイトスポーツバンド (レギュラー) MNP13J/A,ミッドナイト,,,4549995337266
I2B0VV8OUM000,Apple Watch本体,Apple,Series 8,Apple Watch Series 8 45mm (GPS) レッドアルミニウムケース (PRODUCT)REDスポーツバンド (レギュラー) MNP43J/A,レッド,,,4549995337341
K7LXJTTQ4L000,Apple Watch本体,Apple,Series 9,Apple Watch Series 9 41mm (GPS + Cellular) グラファイトステンレススチールケース グラファイトミラネーゼループ MRJA3J/A,グラファイト,,,4549995401738
9BH18VR1UZ000,Apple Watch本体,Apple,Series 9,Apple Watch Series 9 41mm (GPS + Cellular) グラファイトステンレススチールケース ミッドナイトスポーツバンド (M/L) MRJ93J/A,グラファイト,,,4549995401691
36U8XLHLIF000,Apple Watch本体,Apple,Series 9,Apple Watch Series 9 41mm (GPS + Cellular) グラファイトステンレススチールケース ミッドナイトスポーツバンド (S/M) MRJ83J/A,グラファイト,,,4549995401684
H6S4V4141Q000,Apple Watch本体,Apple,Series 9,Apple Watch Series 9 41mm (GPS + Cellular) ゴールドステンレススチールケース クレイスポーツバンド (M/L) MRJ63J/A,ゴールド,,,4549995401523
CNMQP69XXY000,Apple Watch本体,Apple,Series 9,Apple Watch Series 9 41mm (GPS + Cellular) ゴールドステンレススチールケース クレイスポーツバンド (S/M) MRJ53J/A,ゴールド,,,4549995401578
J1CCPBLTD4000,Apple Watch本体,Apple,Series 9,Apple Watch Series 9 41mm (GPS + Cellular) ゴールドステンレススチールケース ゴールドミラネーゼループ MRJ73J/A,ゴールド,,,4549995401646
OBCSY28TJO000,Apple Watch本体,Apple,Series 9,Apple Watch Series 9 41mm (GPS + Cellular) シルバーアルミニウムケース ウインターブルースポーツループ MRHX3J/A,シルバー,,,4549995401677
AYC2ULZH4N000,Apple Watch本体,Apple,Series 9,Apple Watch Series 9 41mm (GPS + Cellular) シルバーアルミニウムケース ストームブルースポーツバンド (M/L) MRHW3J/A,シルバー,,,4549995401639
XAM5C4FONH000,Apple Watch本体,Apple,Series 9,Apple Watch Series 9 41mm (GPS + Cellular) シルバーアルミニウムケース ストームブルースポーツバンド (S/M) MRHV3J/A,シルバー,,,4549995401455
KKP9VVQHWM000,Apple Watch本体,Apple,Series 9,Apple Watch Series 9 41mm (GPS + Cellular) シルバーステンレススチールケース シルバーミラネーゼループ MRJ43J/A,シルバー,,,4549995401561
XP48AHYMWP000,Apple Watch本体,Apple,Series 9,Apple Watch Series 9 41mm (GPS + Cellular) シルバーステンレススチールケース ストームブルースポーツバンド (M/L) MRJ33J/A,シルバー,,,4549995401479
Y6CCP2KT48000,Apple Watch本体,Apple,Series 9,Apple Watch Series 9 41mm (GPS + Cellular) シルバーステンレススチールケース ストームブルースポーツバンド (S/M) MRJ23J/A,シルバー,,,4549995401462
QUUBI3XKFS000,Apple Watch本体,Apple,Series 9,Apple Watch Series 9 41mm (GPS + Cellular) スターライトアルミニウムケース スターライトスポーツバンド (M/L) MRHP3J/A,スターライト,,,4549995401332
FFNYSYURK2000,Apple Watch本体,Apple,Series 9,Apple Watch Series 9 41mm (GPS + Cellular) スターライトアルミニウムケース スターライトスポーツバンド (S/M) MRHN3J/A,スターライト,,,4549995401493
PLGKTBIUA4000,Apple Watch本体,Apple,Series 9,Apple Watch Series 9 41mm (GPS + Cellular) スターライトアルミニウムケース スターライトスポーツループ MRHQ3J/A,スターライト,,,4549995401363
X09PFZVVC7000,Apple Watch本体,Apple,Series 9,Apple Watch Series 9 41mm (GPS + Cellular) ピンクアルミニウムケース ライトピンクスポーツバンド (M/L) MRJ03J/A,ピンク,,,4549995401509
S8F2WSVE22000,Apple Watch本体,Apple,Series 9,Apple Watch Series 9 41mm (GPS + Cellular) ピンクアルミニウムケース ライトピンクスポーツバンド (S/M) MRHY3J/A,ピンク,,,4549995401721
ACSKTM7ZTU000,Apple Watch本体,Apple,Series 9,Apple Watch Series 9 41mm (GPS + Cellular) ピンクアルミニウムケース ライトピンクスポーツループ MRJ13J/A,ピンク,,,4549995401448
Q79NIT0JHC000,Apple Watch本体,Apple,Series 9,Apple Watch Series 9 41mm (GPS + Cellular) ミッドナイトアルミニウムケース ミッドナイトスポーツバンド (M/L) MRHT3J/A,ミッドナイト,,,4549995401431
6PB47FTHRT000,Apple Watch本体,Apple,Series 9,Apple Watch Series 9 41mm (GPS + Cellular) ミッドナイトアルミニウムケース ミッドナイトスポーツバンド (S/M) MRHR3J/A,ミッドナイト,,,4549995401394
353BPCJBB8000,Apple Watch本体,Apple,Series 9,Apple Watch Series 9 41mm (GPS + Cellular) ミッドナイトアルミニウムケース ミッドナイトスポーツループ MRHU3J/A,ミッドナイト,,,4549995401622
N535LG768X000,Apple Watch本体,Apple,Series 9,Apple Watch Series 9 41mm (GPS + Cellular) レッドアルミニウムケース (PRODUCT)REDスポーツバンド (M/L) MRY83J/A,レッド,,,4549995420951
RBGKFA2P48000,Apple Watch本体,Apple,Series 9,Apple Watch Series 9 41mm (GPS + Cellular) レッドアルミニウムケース (PRODUCT)REDスポーツバンド (S/M) MRY63J/A,レッド,,,4549995420944
JLDHB29CFY000,Apple Watch本体,Apple,Series 9,Apple Watch Series 9 41mm (GPS) シルバーアルミニウムケース ウインターブルースポーツループ MR923J/A,シルバー,,,4549995400960
QS13CDSS7C000,Apple Watch本体,Apple,Series 9,Apple Watch Series 9 41mm (GPS) シルバーアルミニウムケース ストームブルースポーツバンド (M/L) MR913J/A,シルバー,,,4549995401066
HFDBP1OAPJ000,Apple Watch本体,Apple,Series 9,Apple Watch Series 9 41mm (GPS) シルバーアルミニウムケース ストームブルースポーツバンド (S/M) MR903J/A,シルバー,,,4549995400861
04LNX9UUCR000,Apple Watch本体,Apple,Series 9,Apple Watch Series 9 41mm (GPS) スターライトアルミニウムケース スターライトスポーツバンド (M/L) MR8U3J/A,スターライト,,,4549995400823
FQ5G8916BP000,Apple Watch本体,Apple,Series 9,Apple Watch Series 9 41mm (GPS) スターライトアルミニウムケース スターライトスポーツバンド (S/M) MR8T3J/A,スターライト,,,4549995400793
4N4MRID11B000,Apple Watch本体,Apple,Series 9,Apple Watch Series 9 41mm (GPS) スターライトアルミニウムケース スターライトスポーツループ MR8V3J/A,スターライト,,,4549995400830
KMC84SU0U0000,Apple Watch本体,Apple,Series 9,Apple Watch Series 9 41mm (GPS) ピンクアルミニウムケース ライトピンクスポーツバンド (M/L) MR943J/A,ピンク,,,4549995401004
4J8HRTMZHA000,Apple Watch本体,Apple,Series 9,Apple Watch Series 9 41mm (GPS) ピンクアルミニウムケース ライトピンクスポーツバンド (S/M) MR933J/A,ピンク,,,4549995400946
XN0SQM4LBH000,Apple Watch本体,Apple,Series 9,Apple Watch Series 9 41mm (GPS) ピンクアルミニウムケース ライトピンクスポーツループ MR953J/A,ピンク,,,4549995401042
GSD3H5X480000,Apple Watch本体,Apple,Series 9,Apple Watch Series 9 41mm (GPS) ミッドナイトアルミニウムケース ミッドナイトスポーツバンド (M/L) MR8X3J/A,ミッドナイト,,,4549995400915
IXN8CPYEI9000,Apple Watch本体,Apple,Series 9,Apple Watch Series 9 41mm (GPS) ミッドナイトアルミニウムケース ミッドナイトスポーツバンド (S/M) MR8W3J/A,ミッドナイト,,,4549995400892
ODF4ANSYE5000,Apple Watch本体,Apple,Series 9,Apple Watch Series 9 41mm (GPS) ミッドナイトアルミニウムケース ミッドナイトスポーツループ MR8Y3J/A,ミッドナイト,,,4549995400922
XX9F77M78M000,Apple Watch本体,Apple,Series 9,Apple Watch Series 9 41mm (GPS) レッドアルミニウムケース (PRODUCT)REDスポーツバンド (M/L) MRXH3J/A,レッド,,,4549995420487
HNC52VZPZP000,Apple Watch本体,Apple,Series 9,Apple Watch Series 9 41mm (GPS) レッドアルミニウムケース (PRODUCT)REDスポーツバンド (S/M) MRXG3J/A,レッド,,,4549995420470
GMCKENB288000,Apple Watch本体,Apple,Series 9,Apple Watch Series 9 45mm (GPS + Cellular) グラファイトステンレススチールケース グラファイトミラネーゼループ MRMX3J/A,グラファイト,,,4549995401424
AHUXVWGM4H000,Apple Watch本体,Apple,Series 9,Apple Watch Series 9 45mm (GPS + Cellular) グラファイトステンレススチールケース ミッドナイトスポーツバンド (M/L) MRMW3J/A,グラファイト,,,4549995401387
KE2IJV57G5000,Apple Watch本体,Apple,Series 9,Apple Watch Series 9 45mm (GPS + Cellular) グラファイトステンレススチールケース ミッドナイトスポーツバンド (S/M) MRMV3J/A,グラファイト,,,4549995401356
U5W4P3SGFM000,Apple Watch本体,Apple,Series 9,Apple Watch Series 9 45mm (GPS + Cellular) ゴールドステンレススチールケース クレイスポーツバンド (M/L) MRMT3J/A,ゴールド,,,4549995401288
QH71X6LCV9000,Apple Watch本体,Apple,Series 9,Apple Watch Series 9 45mm (GPS + Cellular) ゴールドステンレススチールケース クレイスポーツバンド (S/M) MRMR3J/A,ゴールド,,,4549995401769
OXWBDQC8K9000,Apple Watch本体,Apple,Series 9,Apple Watch Series 9 45mm (GPS + Cellular) ゴールドステンレススチールケース ゴールドミラネーゼループ MRMU3J/A,ゴールド,,,4549995401325
RQCDJXRV6P000,Apple Watch本体,Apple,Series 9,Apple Watch Series 9 45mm (GPS + Cellular) シルバーアルミニウムケース ウインターブルースポーツループ MRMJ3J/A,シルバー,,,4549995401417
ZSQY6QLCYA000,Apple Watch本体,Apple,Series 9,Apple Watch Series 9 45mm (GPS + Cellular) シルバーアルミニウムケース ストームブルースポーツバンド (M/L) MRMH3J/A,シルバー,,,4549995401370
J3GVMBBZSA000,Apple Watch本体,Apple,Series 9,Apple Watch Series 9 45mm (GPS + Cellular) シルバーアルミニウムケース ストームブルースポーツバンド (S/M) MRMG3J/A,シルバー,,,4549995401318
GGH48UZPQN000,Apple Watch本体,Apple,Series 9,Apple Watch Series 9 45mm (GPS + Cellular) シルバーステンレススチールケース シルバーミラネーゼループ MRMQ3J/A,シルバー,,,4549995401745
01NS1D375O000,Apple Watch本体,Apple,Series 9,Apple Watch Series 9 45mm (GPS + Cellular) シルバーステンレススチールケース ストームブルースポーツバンド (M/L) MRMP3J/A,シルバー,,,4549995401707
469I42A74L000,Apple Watch本体,Apple,Series 9,Apple Watch Series 9 45mm (GPS + Cellular) シルバーステンレススチールケース ストームブルースポーツバンド (S/M) MRMN3J/A,シルバー,,,4549995401653
4JKX9GOXGZ000,Apple Watch本体,Apple,Series 9,Apple Watch Series 9 45mm (GPS + Cellular) スターライトアルミニウムケース スターライトスポーツバンド (M/L) MRM93J/A,スターライト,,,4549995401264
AD8JI3G43T000,Apple Watch本体,Apple,Series 9,Apple Watch Series 9 45mm (GPS + Cellular) スターライトアルミニウムケース スターライトスポーツバンド (S/M) MRM83J/A,スターライト,,,4549995401257
C44DN55N5A000,Apple Watch本体,Apple,Series 9,Apple Watch Series 9 45mm (GPS + Cellular) スターライトアルミニウムケース スターライトスポーツループ MRMA3J/A,スターライト,,,4549995401271
WON2KEEF6X000,Apple Watch本体,Apple,Series 9,Apple Watch Series 9 45mm (GPS + Cellular) ピンクアルミニウムケース ライトピンクスポーツバンド (M/L) MRML3J/A,ピンク,,,4549995401530
3LA4JRU4QT000,Apple Watch本体,Apple,Series 9,Apple Watch Series 9 45mm (GPS + Cellular) ピンクアルミニウムケース ライトピンクスポーツバンド (S/M) MRMK3J/A,ピンク,,,4549995401516
L7OLDYAVX7000,Apple Watch本体,Apple,Series 9,Apple Watch Series 9 45mm (GPS + Cellular) ピンクアルミニウムケース ライトピンクスポーツループ MRMM3J/A,ピンク,,,4549995401592
C4ZJ424E0G000,Apple Watch本体,Apple,Series 9,Apple Watch Series 9 45mm (GPS + Cellular) ミッドナイトアルミニウムケース ミッドナイトスポーツバンド (M/L) MRMD3J/A,ミッドナイト,,,4549995401349
PAEGZDF69B000,Apple Watch本体,Apple,Series 9,Apple Watch Series 9 45mm (GPS + Cellular) ミッドナイトアルミニウムケース ミッドナイトスポーツバンド (S/M) MRMC3J/A,ミッドナイト,,,4549995401295
S63WXYJN9N000,Apple Watch本体,Apple,Series 9,Apple Watch Series 9 45mm (GPS + Cellular) ミッドナイトアルミニウムケース ミッドナイトスポーツループ MRMF3J/A,ミッドナイト,,,4549995401400
HRS1PCCL6G000,Apple Watch本体,Apple,Series 9,Apple Watch Series 9 45mm (GPS + Cellular) レッドアルミニウムケース (PRODUCT)REDスポーツバンド (M/L) MRYG3J/A,レッド,,,4549995420982
3CGOSTJ540000,Apple Watch本体,Apple,Series 9,Apple Watch Series 9 45mm (GPS + Cellular) レッドアルミニウムケース (PRODUCT)REDスポーツバンド (S/M) MRYE3J/A,レッド,,,4549995420975
QSAOG03590000,Apple Watch本体,Apple,Series 9,Apple Watch Series 9 45mm (GPS) シルバーアルミニウムケース ウインターブルースポーツループ MR9F3J/A,シルバー,,,4549995400779
8HPJQMNYD6000,Apple Watch本体,Apple,Series 9,Apple Watch Series 9 45mm (GPS) シルバーアルミニウムケース ストームブルースポーツバンド (M/L) MR9E3J/A,シルバー,,,4549995400762
2CXMCAJLO0000,Apple Watch本体,Apple,Series 9,Apple Watch Series 9 45mm (GPS) シルバーアルミニウムケース ストームブルースポーツバンド (S/M) MR9D3J/A,シルバー,,,4549995401028
V9XZUV2CZI000,Apple Watch本体,Apple,Series 9,Apple Watch Series 9 45mm (GPS) スターライトアルミニウムケース スターライトスポーツバンド (M/L) MR973J/A,スターライト,,,4549995400854
L0HF5Z4CTJ000,Apple Watch本体,Apple,Series 9,Apple Watch Series 9 45mm (GPS) スターライトアルミニウムケース スターライトスポーツバンド (S/M) MR963J/A,スターライト,,,4549995401059
HD4IP667MM000,Apple Watch本体,Apple,Series 9,Apple Watch Series 9 45mm (GPS) スターライトアルミニウムケース スターライトスポーツループ MR983J/A,スターライト,,,4549995400878
WCVYT2KZKX000,Apple Watch本体,Apple,Series 9,Apple Watch Series 9 45mm (GPS) ピンクアルミニウムケース ライトピンクスポーツバンド (M/L) MR9H3J/A,ピンク,,,4549995400984
U3KJZJHQ59000,Apple Watch本体,Apple,Series 9,Apple Watch Series 9 45mm (GPS) ピンクアルミニウムケース ライトピンクスポーツバンド (S/M) MR9G3J/A,ピンク,,,4549995400977
UFIPPOMDBT000,Apple Watch本体,Apple,Series 9,Apple Watch Series 9 45mm (GPS) ピンクアルミニウムケース ライトピンクスポーツループ MR9J3J/A,ピンク,,,4549995400786
3TMKHBQUL2000,Apple Watch本体,Apple,Series 9,Apple Watch Series 9 45mm (GPS) ミッドナイトアルミニウムケース ミッドナイトスポーツバンド (M/L) MR9A3J/A,ミッドナイト,,,4549995400939
A3D47C7Y2U000,Apple Watch本体,Apple,Series 9,Apple Watch Series 9 45mm (GPS) ミッドナイトアルミニウムケース ミッドナイトスポーツバンド (S/M) MR993J/A,ミッドナイト,,,4549995400908
RFCB449FL3000,Apple Watch本体,Apple,Series 9,Apple Watch Series 9 45mm (GPS) ミッドナイトアルミニウムケース ミッドナイトスポーツループ MR9C3J/A,ミッドナイト,,,4549995400953
HAD1ML3NCS000,Apple Watch本体,Apple,Series 9,Apple Watch Series 9 45mm (GPS) レッドアルミニウムケース (PRODUCT)REDスポーツバンド (M/L) MRXK3J/A,レッド,,,4549995420500
NGQUJ3IV1R000,Apple Watch本体,Apple,Series 9,Apple Watch Series 9 45mm (GPS) レッドアルミニウムケース (PRODUCT)REDスポーツバンド (S/M) MRXJ3J/A,レッド,,,4549995420494
MX7CFNC36Z000,Apple Watch本体,Apple,Ultra 2,Apple Watch Ultra 2 49mm (GPS + Cellular) ナチュラルチタニウムケース タンアルパインループ (L) MX4H3J/A,ナチュラル,,,4549995505320
53A4MGEALL000,Apple Watch本体,Apple,Ultra 2,Apple Watch Ultra 2 49mm (GPS + Cellular) ナチュラルチタニウムケース タンアルパインループ (M) MX4F3J/A,ナチュラル,,,4549995505313
RWZINP5FTU000,Apple Watch本体,Apple,Ultra 2,Apple Watch Ultra 2 49mm (GPS + Cellular) ナチュラルチタニウムケース タンアルパインループ (S) MX4E3J/A,ナチュラル,,,4549995505306
L84KOS28LU000,Apple Watch本体,Apple,Ultra 2,Apple Watch Ultra 2 49mm (GPS + Cellular) ナチュラルチタニウムケース ナチュラルチタニウムミラネーゼループ (L) MX5T3J/A,ナチュラル,,,4549995506372
0GFC77FFQW000,Apple Watch本体,Apple,Ultra 2,Apple Watch Ultra 2 49mm (GPS + Cellular) ナチュラルチタニウムケース ナチュラルチタニウムミラネーゼループ (M) MX5R3J/A,ナチュラル,,,4549995506334
82CA2AD7KZ000,Apple Watch本体,Apple,Ultra 2,Apple Watch Ultra 2 49mm (GPS + Cellular) ナチュラルチタニウムケース ナチュラルチタニウムミラネーゼループ (S) MX4M3J/A,ナチュラル,,,4549995505351
A5UXC16BJT000,Apple Watch本体,Apple,Ultra 2,Apple Watch Ultra 2 49mm (GPS + Cellular) ナチュラルチタニウムケース ネイビーオーシャンバンド MX4D3J/A,ナチュラル,,,4549995505290
0QXLBCO3WU000,Apple Watch本体,Apple,Ultra 2,Apple Watch Ultra 2 49mm (GPS + Cellular) ナチュラルチタニウムケース ブルー/ブラックトレイルループ (M/L) MRF63J/A,ナチュラル,,,4549995400533
Q9LS4J4VYD000,Apple Watch本体,Apple,Ultra 2,Apple Watch Ultra 2 49mm (GPS + Cellular) ナチュラルチタニウムケース ブルー/ブラックトレイルループ (S/M) MRF53J/A,ナチュラル,,,4549995400618
L33XUIAGD7000,Apple Watch本体,Apple,Ultra 2,Apple Watch Ultra 2 49mm (GPS + Cellular) ナチュラルチタニウムケース ブルートレイルループ (M/L) MX4L3J/A,ナチュラル,,,4549995505344
OYP7X8JT40000,Apple Watch本体,Apple,Ultra 2,Apple Watch Ultra 2 49mm (GPS + Cellular) ナチュラルチタニウムケース ブルートレイルループ (S/M) MX4J3J/A,ナチュラル,,,4549995505337
AM2T362CG7000,Apple Watch本体,Apple,Ultra 2,Apple Watch Ultra 2 49mm (GPS + Cellular) ブラックチタニウムケース ダークグリーンアルパインループ (L) MX4T3J/A,ブラック,,,4549995505399
VAEHDY4VEG000,Apple Watch本体,Apple,Ultra 2,Apple Watch Ultra 2 49mm (GPS + Cellular) ブラックチタニウムケース ダークグリーンアルパインループ (M) MX4R3J/A,ブラック,,,4549995505382
P2GWJ4TQSX000,Apple Watch本体,Apple,Ultra 2,Apple Watch Ultra 2 49mm (GPS + Cellular) ブラックチタニウムケース ダークグリーンアルパインループ (S) MX4Q3J/A,ブラック,,,4549995505375
92AUUY5Q9E000,Apple Watch本体,Apple,Ultra 2,Apple Watch Ultra 2 49mm (GPS + Cellular) ブラックチタニウムケース ブラックオーシャンバンド MX4P3J/A,ブラック,,,4549995505368
E2X8QU5H0S000,Apple Watch本体,Apple,Ultra 2,Apple Watch Ultra 2 49mm (GPS + Cellular) ブラックチタニウムケース ブラックチタニウムミラネーゼループ (L) MX5V3J/A,ブラック,,,4549995506457
TSM74FC9FD000,Apple Watch本体,Apple,Ultra 2,Apple Watch Ultra 2 49mm (GPS + Cellular) ブラックチタニウムケース ブラックチタニウムミラネーゼループ (M) MX5U3J/A,ブラック,,,4549995506419
HP2JELKXMD000,Apple Watch本体,Apple,Ultra 2,Apple Watch Ultra 2 49mm (GPS + Cellular) ブラックチタニウムケース ブラックチタニウムミラネーゼループ (S) MX4W3J/A,ブラック,,,4549995505429
PG2BMN4NYV000,Apple Watch本体,Apple,Ultra 2,Apple Watch Ultra 2 49mm (GPS + Cellular) ブラックチタニウムケース ブラックトレイルループ (M/L) MX4V3J/A,ブラック,,,4549995505412
E2DL10ZH0B000,Apple Watch本体,Apple,Ultra 2,Apple Watch Ultra 2 49mm (GPS + Cellular) ブラックチタニウムケース ブラックトレイルループ (S/M) MX4U3J/A,ブラック,,,4549995505405
EWO4ZHIPRX000,Apple Watch本体,Apple,Ultra 3,Apple Watch Ultra 3 49mm (GPS + Cellular) ナチュラルチタニウムケース アンカーブルーオーシャンバンド MEWH4J/A,ナチュラル,,,4549995627190
Y4D4GK411N000,Apple Watch本体,Apple,Ultra 3,Apple Watch Ultra 3 49mm (GPS + Cellular) ナチュラルチタニウムケース ナチュラルチタニウムミラネーゼループ (L) MF0E4J/A,ナチュラル,,,4549995627275
PPS98XST9A000,Apple Watch本体,Apple,Ultra 3,Apple Watch Ultra 3 49mm (GPS + Cellular) ナチュラルチタニウムケース ナチュラルチタニウムミラネーゼループ (M) MEWY4J/A,ナチュラル,,,4549995627268
SMNXNMUKOF000,Apple Watch本体,Apple,Ultra 3,Apple Watch Ultra 3 49mm (GPS + Cellular) ナチュラルチタニウムケース ナチュラルチタニウムミラネーゼループ (S) MEWW4J/A,ナチュラル,,,4549995627251
UCAKID8WTU000,Apple Watch本体,Apple,Ultra 3,Apple Watch Ultra 3 49mm (GPS + Cellular) ナチュラルチタニウムケース ブルー/ブライトブルートレイルループ (M/L) MEWU4J/A,ナチュラル,,,4549995627244
1ZM00UHTEZ000,Apple Watch本体,Apple,Ultra 3,Apple Watch Ultra 3 49mm (GPS + Cellular) ナチュラルチタニウムケース ブルー/ブライトブルートレイルループ (S/M) MEWR4J/A,ナチュラル,,,4549995627237
TYJZ2LL4N8000,Apple Watch本体,Apple,Ultra 3,Apple Watch Ultra 3 49mm (GPS + Cellular) ナチュラルチタニウムケース ライトブルーアルパインループ (L) MEWP4J/A,ナチュラル,,,4549995627220
89SG4HDBP3000,Apple Watch本体,Apple,Ultra 3,Apple Watch Ultra 3 49mm (GPS + Cellular) ナチュラルチタニウムケース ライトブルーアルパインループ (M) MEWM4J/A,ナチュラル,,,4549995627213
M2GWJTL9M9000,Apple Watch本体,Apple,Ultra 3,Apple Watch Ultra 3 49mm (GPS + Cellular) ナチュラルチタニウムケース ライトブルーアルパインループ (S) MEWK4J/A,ナチュラル,,,4549995627206
V6PCO4JS7X000,Apple Watch本体,Apple,Ultra 3,Apple Watch Ultra 3 49mm (GPS + Cellular) ブラックチタニウムケース ブラック/チャコールトレイルループ (M/L) MF1H4J/A,ブラック,,,4549995627336
GEOBHT5QG9000,Apple Watch本体,Apple,Ultra 3,Apple Watch Ultra 3 49mm (GPS + Cellular) ブラックチタニウムケース ブラック/チャコールトレイルループ (S/M) MF1D4J/A,ブラック,,,4549995627329
JEWRO34IGI000,Apple Watch本体,Apple,Ultra 3,Apple Watch Ultra 3 49mm (GPS + Cellular) ブラックチタニウムケース ブラックアルパインループ (L) MF0X4J/A,ブラック,,,4549995627312
2H1WNZJMNB000,Apple Watch本体,Apple,Ultra 3,Apple Watch Ultra 3 49mm (GPS + Cellular) ブラックチタニウムケース ブラックアルパインループ (M) MF0V4J/A,ブラック,,,4549995627305
E99FSV58G9000,Apple Watch本体,Apple,Ultra 3,Apple Watch Ultra 3 49mm (GPS + Cellular) ブラックチタニウムケース ブラックアルパインループ (S) MF0Q4J/A,ブラック,,,4549995627299
2V3VC9VRI5000,Apple Watch本体,Apple,Ultra 3,Apple Watch Ultra 3 49mm (GPS + Cellular) ブラックチタニウムケース ブラックオーシャンバンド MF0J4J/A,ブラック,,,4549995627282
IQDP2Y1SKA000,Apple Watch本体,Apple,Ultra 3,Apple Watch Ultra 3 49mm (GPS + Cellular) ブラックチタニウムケース ブラックチタニウムミラネーゼループ (L) MF1T4J/A,ブラック,,,4549995627367
JN4T6Z22J5000,Apple Watch本体,Apple,Ultra 3,Apple Watch Ultra 3 49mm (GPS + Cellular) ブラックチタニウムケース ブラックチタニウムミラネーゼループ (M) MF1Q4J/A,ブラック,,,4549995627350
3N968TBRJW000,Apple Watch本体,Apple,Ultra 3,Apple Watch Ultra 3 49mm (GPS + Cellular) ブラックチタニウムケース ブラックチタニウムミラネーゼループ (S) MF1N4J/A,ブラック,,,4549995627343
FS4E4LB9F0000,Apple Watch本体,Apple,Ultra,Apple Watch Ultra 49mm (GPS + Cellular) ナチュラルチタニウムケース イエロー/ベージュトレイルループ (M/L) MQFU3J/A,ナチュラル,,,4549995365658
4FI6PY9J4Q000,Apple Watch本体,Apple,Ultra,Apple Watch Ultra 49mm (GPS + Cellular) ナチュラルチタニウムケース イエロー/ベージュトレイルループ (S/M) MNHK3J/A,ナチュラル,,,4549995336993
OD79JWM8B4000,Apple Watch本体,Apple,Ultra,Apple Watch Ultra 49mm (GPS + Cellular) ナチュラルチタニウムケース イエローオーシャンバンド MNHG3J/A,ナチュラル,,,4549995336870
429CNOHM06000,Apple Watch本体,Apple,Ultra,Apple Watch Ultra 49mm (GPS + Cellular) ナチュラルチタニウムケース オレンジアルパインループ (L) MQFM3J/A,ナチュラル,,,4549995365412
DONWIOFLSI000,Apple Watch本体,Apple,Ultra,Apple Watch Ultra 49mm (GPS + Cellular) ナチュラルチタニウムケース オレンジアルパインループ (M) MQFL3J/A,ナチュラル,,,4549995365375
BE0GM72Y8R000,Apple Watch本体,Apple,Ultra,Apple Watch Ultra 49mm (GPS + Cellular) ナチュラルチタニウムケース オレンジアルパインループ (S) MNHH3J/A,ナチュラル,,,4549995336917
U8UMOF5X8F000,Apple Watch本体,Apple,Ultra,Apple Watch Ultra 49mm (GPS + Cellular) ナチュラルチタニウムケース グリーンアルパインループ (L) MQFP3J/A,ナチュラル,,,4549995365498
LM4T2RC8ZW000,Apple Watch本体,Apple,Ultra,Apple Watch Ultra 49mm (GPS + Cellular) ナチュラルチタニウムケース グリーンアルパインループ (M) MQFN3J/A,ナチュラル,,,4549995365450
PD7U3UQRGJ000,Apple Watch本体,Apple,Ultra,Apple Watch Ultra 49mm (GPS + Cellular) ナチュラルチタニウムケース グリーンアルパインループ (S) MNHJ3J/A,ナチュラル,,,4549995336955
8KAM3OOE45000,Apple Watch本体,Apple,Ultra,Apple Watch Ultra 49mm (GPS + Cellular) ナチュラルチタニウムケース スターライトアルパインループ (L) MQFT3J/A,ナチュラル,,,4549995365610
8HPFJX1LJM000,Apple Watch本体,Apple,Ultra,Apple Watch Ultra 49mm (GPS + Cellular) ナチュラルチタニウムケース スターライトアルパインループ (M) MQFR3J/A,ナチュラル,,,4549995365573
1H43PL2SQ6000,Apple Watch本体,Apple,Ultra,Apple Watch Ultra 49mm (GPS + Cellular) ナチュラルチタニウムケース スターライトアルパインループ (S) MQFQ3J/A,ナチュラル,,,4549995365535
7HQND82RRM000,Apple Watch本体,Apple,Ultra,Apple Watch Ultra 49mm (GPS + Cellular) ナチュラルチタニウムケース ブラック/グレイトレイルループ (M/L) MQFX3J/A,ナチュラル,,,4549995365771
H08RKA6Z5E000,Apple Watch本体,Apple,Ultra,Apple Watch Ultra 49mm (GPS + Cellular) ナチュラルチタニウムケース ブラック/グレイトレイルループ (S/M) MQFW3J/A,ナチュラル,,,4549995365733
OTEBJ02KIK000,Apple Watch本体,Apple,Ultra,Apple Watch Ultra 49mm (GPS + Cellular) ナチュラルチタニウムケース ブルー/グレイトレイルループ (M/L) MQFV3J/A,ナチュラル,,,4549995365696
Z8A44LZJUW000,Apple Watch本体,Apple,Ultra,Apple Watch Ultra 49mm (GPS + Cellular) ナチュラルチタニウムケース ブルー/グレイトレイルループ (S/M) MNHL3J/A,ナチュラル,,,4549995337037
RGZC7OPDUH000,Apple Watch本体,Apple,Ultra,Apple Watch Ultra 49mm (GPS + Cellular) ナチュラルチタニウムケース ホワイトオーシャンバンド MNHF3J/A,ナチュラル,,,4549995336832
8GHAZ90LEJ000,Apple Watch本体,Apple,Ultra,Apple Watch Ultra 49mm (GPS + Cellular) ナチュラルチタニウムケース ミッドナイトオーシャンバンド MQFK3J/A,ナチュラル,,,4549995365337
C11SL1GSRO000,Apple Watch本体,Apple,初代,Apple Watch 初代 38mm ゴールドアルミニウムケース アンティークホワイトスポーツバンド MLCJ2J/A,ゴールド,,,
E1W6QQCXUC000,Apple Watch本体,Apple,初代,Apple Watch 初代 38mm ゴールドアルミニウムケース ゴールド/レッドウーブンナイロンバンド MMF52J/A,ゴールド,,,
W8N1CBVB1O000,Apple Watch本体,Apple,初代,Apple Watch 初代 38mm シルバーアルミニウムケース アプリコットスポーツバンド MMF12J/A,シルバー,,,
43K9FI9YZH000,Apple Watch本体,Apple,初代,Apple Watch 初代 38mm シルバーアルミニウムケース イエロースポーツバンド MMF02J/A,シルバー,,,
EPGPU58PO2000,Apple Watch本体,Apple,初代,Apple Watch 初代 38mm シルバーアルミニウムケース オレンジスポーツバンド MLCF2J/A,シルバー,,,
GJDAXYKZRS000,Apple Watch本体,Apple,初代,Apple Watch 初代 38mm シルバーアルミニウムケース グリーンスポーツバンド MJ2U2J/A,シルバー,,,
73PNKAXRMM000,Apple Watch本体,Apple,初代,Apple Watch 初代 38mm シルバーアルミニウムケース ピンクウーブンナイロンバンド MMF32J/A,シルバー,,,
SS0PIIM2PN000,Apple Watch本体,Apple,初代,Apple Watch 初代 38mm シルバーアルミニウムケース ピンクスポーツバンド MJ2W2J/A,シルバー,,,
IUIG47L43J000,Apple Watch本体,Apple,初代,Apple Watch 初代 38mm シルバーアルミニウムケース ブルースポーツバンド MJ2V2J/A,シルバー,,,
CMPTGPJFJF000,Apple Watch本体,Apple,初代,Apple Watch 初代 38mm シルバーアルミニウムケース ホワイトスポーツバンド (S/M・M/L) MJ2T2J/A,シルバー,,,
VAU896RDLZ000,Apple Watch本体,Apple,初代,Apple Watch 初代 38mm シルバーアルミニウムケース ロイヤルブルースポーツバンド MMF22J/A,シルバー,,,
4DRWF45ERL000,Apple Watch本体,Apple,初代,Apple Watch 初代 38mm シルバーステンレススチールケース (PRODUCT)REDスポーツバンド (S/M・M/L) MLLD2J/A,シルバー,,,
EZC43IROYK000,Apple Watch本体,Apple,初代,Apple Watch 初代 38mm シルバーステンレススチールケース サドルブラウンクラシックバックル MLCL2J/A,シルバー,,,
YL0SORKM6D000,Apple Watch本体,Apple,初代,Apple Watch 初代 38mm シルバーステンレススチールケース ソフトピンクモダンバックル MJ362J/A,シルバー,,,
3VQPDFKJMJ000,Apple Watch本体,Apple,初代,Apple Watch 初代 38mm シルバーステンレススチールケース パールウーブンナイロンバンド MMFH2J/A,シルバー,,,
C1UR4BA4ZU000,Apple Watch本体,Apple,初代,Apple Watch 初代 38mm シルバーステンレススチールケース ブラウンモダンバックル MJ3A2J/A,シルバー,,,
49MYWVXXAV000,Apple Watch本体,Apple,初代,Apple Watch 初代 38mm シルバーステンレススチールケース ブラッククラシックバックル MLE62J/A,シルバー,,,
ZSAY7YVAOS000,Apple Watch本体,Apple,初代,Apple Watch 初代 38mm シルバーステンレススチールケース ブラックスポーツバンド (S/M・M/L) MJ2Y2J/A,シルバー,,,
ZMKKRRQ4BN000,Apple Watch本体,Apple,初代,Apple Watch 初代 38mm シルバーステンレススチールケース ブラックモダンバックル (S) MJYK2J/A,シルバー,,,
EDYRVQPLJS000,Apple Watch本体,Apple,初代,Apple Watch 初代 38mm シルバーステンレススチールケース ブルージェイモダンバックル MMF92J/A,シルバー,,,
6H2EC7SCTH000,Apple Watch本体,Apple,初代,Apple Watch 初代 38mm シルバーステンレススチールケース ホワイトスポーツバンド (S/M・M/L) MJ302J/A,シルバー,,,
0QSV364KLI000,Apple Watch本体,Apple,初代,Apple Watch 初代 38mm シルバーステンレススチールケース マリーゴールドモダンバックル MMFD2J/A,シルバー,,,
RS72OY44R0000,Apple Watch本体,Apple,初代,Apple Watch 初代 38mm シルバーステンレススチールケース ミッドナイトブルーモダンバックル (S) MJ332J/A,シルバー,,,
BJTGK8RASO000,Apple Watch本体,Apple,初代,Apple Watch 初代 38mm シルバーステンレススチールケース ミラネーゼループ MJ322J/A,シルバー,,,
8NS2A2Z68Z000,Apple Watch本体,Apple,初代,Apple Watch 初代 38mm シルバーステンレススチールケース リンクブレスレット MJ3E2J/A,シルバー,,,
S86VB26WC3000,Apple Watch本体,Apple,初代,Apple Watch 初代 38mm シルバーステンレススチールケース レッドクラシックバックル MMF82J/A,シルバー,,,
R41Z7AAVBC000,Apple Watch本体,Apple,初代,Apple Watch 初代 38mm スペースグレイアルミニウムケース ブラックウーブンナイロンバンド MMF62J/A,スペースグレイ,,,
KG6Z4S24ZT000,Apple Watch本体,Apple,初代,Apple Watch 初代 38mm スペースグレイアルミニウムケース ブラックスポーツバンド (S/M・M/L) MJ2X2J/A,スペースグレイ,,,
7OYBOB1HJH000,Apple Watch本体,Apple,初代,Apple Watch 初代 38mm スペースブラックステンレススチールケース スペースブラックミラネーゼループ MMFK2J/A,スペースブラック,,,
4SN1WIR02K000,Apple Watch本体,Apple,初代,Apple Watch 初代 38mm スペースブラックステンレススチールケース スペースブラックリンクブレスレット MJ3F2J/A,スペースブラック,,,
FAI9T326M0000,Apple Watch本体,Apple,初代,Apple Watch 初代 38mm スペースブラックステンレススチールケース ブラックスポーツバンド (S/M・M/L) MLCK2J/A,スペースブラック,,,
FTVWKS30Q2000,Apple Watch本体,Apple,初代,Apple Watch 初代 38mm ローズゴールドアルミニウムケース ラベンダースポーツバンド MLCH2J/A,ローズゴールド,,,
JR3M7CL0OI000,Apple Watch本体,Apple,初代,Apple Watch 初代 38mm ローズゴールドアルミニウムケース ロイヤルブルーウーブンナイロンバンド MMF42J/A,ローズゴールド,,,
RHE20JL9GA000,Apple Watch本体,Apple,初代,Apple Watch 初代 42mm ゴールドアルミニウムケース ゴールド/ロイヤルブルーウーブンナイロンバンド MMFQ2J/A,ゴールド,,,
S48XDETE7W000,Apple Watch本体,Apple,初代,Apple Watch 初代 42mm ゴールドアルミニウムケース ミッドナイトブルースポーツバンド MLC72J/A,ゴールド,,,
HISMUJN5MV000,Apple Watch本体,Apple,初代,Apple Watch 初代 42mm シルバーアルミニウムケース アプリコットスポーツバンド MMFL2J/A,シルバー,,,
Y6C46P4LG8000,Apple Watch本体,Apple,初代,Apple Watch 初代 42mm シルバーアルミニウムケース イエロースポーツバンド MMFE2J/A,シルバー,,,
E5ELTYPU6S000,Apple Watch本体,Apple,初代,Apple Watch 初代 42mm シルバーアルミニウムケース オレンジスポーツバンド MLC42J/A,シルバー,,,
U4SQOFGR6Q000,Apple Watch本体,Apple,初代,Apple Watch 初代 42mm シルバーアルミニウムケース グリーンスポーツバンド MJ3P2J/A,シルバー,,,
H4T1WOZYA2000,Apple Watch本体,Apple,初代,Apple Watch 初代 42mm シルバーアルミニウムケース スキューバブルーウーブンナイロンバンド MMFN2J/A,シルバー,,,
I016YVGVZA000,Apple Watch本体,Apple,初代,Apple Watch 初代 42mm シルバーアルミニウムケース ピンクスポーツバンド MJ3R2J/A,シルバー,,,
37FVZUVXTX000,Apple Watch本体,Apple,初代,Apple Watch 初代 42mm シルバーアルミニウムケース ブルースポーツバンド MJ3Q2J/A,シルバー,,,
0LA7OD90D4000,Apple Watch本体,Apple,初代,Apple Watch 初代 42mm シルバーアルミニウムケース ホワイトスポーツバンド (S/M・M/L) MJ3N2J/A,シルバー,,,
C5QJM5KDTE000,Apple Watch本体,Apple,初代,Apple Watch 初代 42mm シルバーアルミニウムケース ロイヤルブルースポーツバンド MMFM2J/A,シルバー,,,
OQ5BHKVICE000,Apple Watch本体,Apple,初代,Apple Watch 初代 42mm シルバーステンレススチールケース (PRODUCT)REDスポーツバンド (S/M・M/L) MLLE2J/A,シルバー,,,
VLA2VE4XPK000,Apple Watch本体,Apple,初代,Apple Watch 初代 42mm シルバーステンレススチールケース サドルブラウンクラシックバックル MMFT2J/A,シルバー,,,
SAVU250S9R000,Apple Watch本体,Apple,初代,Apple Watch 初代 42mm シルバーステンレススチールケース ストームグレイレザーループ MMFX2J/A,シルバー,,,
INB9KENM4F000,Apple Watch本体,Apple,初代,Apple Watch 初代 42mm シルバーステンレススチールケース ストーンレザーループ MJ432J/A,シルバー,,,
I6P4FV4EP2000,Apple Watch本体,Apple,初代,Apple Watch 初代 42mm シルバーステンレススチールケース パールウーブンナイロンバンド MMG02J/A,シルバー,,,
MZA513G11E000,Apple Watch本体,Apple,初代,Apple Watch 初代 42mm シルバーステンレススチールケース ブライトブルーレザーループ MJ452J/A,シルバー,,,
FT99BGF404000,Apple Watch本体,Apple,初代,Apple Watch 初代 42mm シルバーステンレススチールケース ブラッククラシックバックル MLFA2J/A,シルバー,,,
K44SCUQNVZ000,Apple Watch本体,Apple,初代,Apple Watch 初代 42mm シルバーステンレススチールケース ブラックスポーツバンド (S/M・M/L) MJ3U2J/A,シルバー,,,
LW95Z6F9JE000,Apple Watch本体,Apple,初代,Apple Watch 初代 42mm シルバーステンレススチールケース ブラックレザーループ (M) MJYN2J/A,シルバー,,,
901V2PUVYK000,Apple Watch本体,Apple,初代,Apple Watch 初代 42mm シルバーステンレススチールケース ホワイトスポーツバンド (S/M・M/L) MJ3V2J/A,シルバー,,,
X1YUUSXEY6000,Apple Watch本体,Apple,初代,Apple Watch 初代 42mm シルバーステンレススチールケース ホワイトレザーループ MMFV2J/A,シルバー,,,
IUQF17JG88000,Apple Watch本体,Apple,初代,Apple Watch 初代 42mm シルバーステンレススチールケース マリンブルークラシックバックル MMFU2J/A,シルバー,,,
BHNWUS39Z8000,Apple Watch本体,Apple,初代,Apple Watch 初代 42mm シルバーステンレススチールケース ミッドナイトブルーレザーループ (M) MLFC2J/A,シルバー,,,
UF03ZWM8FU000,Apple Watch本体,Apple,初代,Apple Watch 初代 42mm シルバーステンレススチールケース ミラネーゼループ MJ3Y2J/A,シルバー,,,
RGG59343ID000,Apple Watch本体,Apple,初代,Apple Watch 初代 42mm シルバーステンレススチールケース ライトブラウンレザーループ MJ402J/A,シルバー,,,
L07FOEJPE8000,Apple Watch本体,Apple,初代,Apple Watch 初代 42mm シルバーステンレススチールケース リンクブレスレット MJ472J/A,シルバー,,,
7C4NRIIGC5000,Apple Watch本体,Apple,初代,Apple Watch 初代 42mm スペースグレイアルミニウムケース ブラックウーブンナイロンバンド MMFR2J/A,スペースグレイ,,,
D5OPU1G45O000,Apple Watch本体,Apple,初代,Apple Watch 初代 42mm スペースグレイアルミニウムケース ブラックスポーツバンド (S/M・M/L) MJ3T2J/A,スペースグレイ,,,
J9DZX9A532000,Apple Watch本体,Apple,初代,Apple Watch 初代 42mm スペースブラックステンレススチールケース スペースブラックミラネーゼループ MMG22J/A,スペースブラック,,,
UEHHG11NRR000,Apple Watch本体,Apple,初代,Apple Watch 初代 42mm スペースブラックステンレススチールケース スペースブラックリンクブレスレット MJ482J/A,スペースブラック,,,
134EIKCBMM000,Apple Watch本体,Apple,初代,Apple Watch 初代 42mm スペースブラックステンレススチールケース ブラックスポーツバンド (S/M・M/L) MLC82J/A,スペースブラック,,,
CPVIBTSK1E000,Apple Watch本体,Apple,初代,Apple Watch 初代 42mm ローズゴールドアルミニウムケース ストーンスポーツバンド (S/M・M/L) MLC62J/A,ローズゴールド,,,
LPLTD56PNP000,Apple Watch本体,Apple,初代,Apple Watch 初代 42mm ローズゴールドアルミニウムケース ロイヤルブルーウーブンナイロンバンド MMFP2J/A,ローズゴールド,,,
UNAE5UL3GF000,Apple Watch本体,Apple,初代 Edition,Apple Watch 初代 Edition 38mm 18Kイエローゴールドケース ブライトレッドモダンバックル MJ3G2J/A,ゴールド,,,
2CZ82G2KFW000,Apple Watch本体,Apple,初代 Edition,Apple Watch 初代 Edition 38mm 18Kイエローゴールドケース ブラックスポーツバンド (S/M・M/L) MKL52J/A,ゴールド,,,
EWX1BCS2QM000,Apple Watch本体,Apple,初代 Edition,Apple Watch 初代 Edition 38mm 18Kローズゴールドケース ホワイトスポーツバンド (S/M・M/L) MJ8P2J/A,ローズゴールド,,,
LHX8TWQJ1G000,Apple Watch本体,Apple,初代 Edition,Apple Watch 初代 Edition 38mm 18Kローズゴールドケース ローズグレイモダンバックル MJ3K2J/A,ローズゴールド,,,
VWGPN0B2TV000,Apple Watch本体,Apple,初代 Edition,Apple Watch 初代 Edition 42mm 18Kイエローゴールドケース ブラッククラシックバックル MLFH2J/A,ゴールド,,,
JJ9HXY3YKK000,Apple Watch本体,Apple,初代 Edition,Apple Watch 初代 Edition 42mm 18Kイエローゴールドケース ブラックスポーツバンド (S/M・M/L) MJ8Q2J/A,ゴールド,,,
RJEWA74JOL000,Apple Watch本体,Apple,初代 Edition,Apple Watch 初代 Edition 42mm 18Kイエローゴールドケース ミッドナイトブルークラシックバックル MJVT2J/A,ゴールド,,,
A40YE0Y84W000,Apple Watch本体,Apple,初代 Edition,Apple Watch 初代 Edition 42mm 18Kローズゴールドケース ホワイトスポーツバンド (S/M・M/L) MJ4A2J/A,ローズゴールド,,,
2JWGIW8PBL000,Apple Watch本体,Apple,初代 Edition,Apple Watch 初代 Edition 42mm 18Kローズゴールドケース ミッドナイトブルークラシックバックル MLE52J/A,ローズゴールド,,,
